	(2S,3R)-2-amino-3-hydroxy-4-(4-nitrophenyl)butanoic acid	(2S,6R)-diamino-(5R,7)-dihydroxy-heptanoic acid	(4S)-5,5,5-trichloroleucine	(E)-4-methylhex-2-enoic acid	(S,E)-2-amino-4-decenoic acid	1-(1,1-dimethylallyl)-tryptophan	1-aminocyclopropane-1-carboxylic acid	1-pyrroline-5-carboxylic acid	10,14-dimethyloctadecanoic acid	2,3-diaminobutyric acid	2,3-diaminopropionic acid	2,3-dihydroxy-para-aminobenzoic acid	2,3-dihydroxybenzoic acid	2,3-dihydroxyhexadecanoic acid	2,4-diaminobutyric acid	2,4-dihydroxypentanoic acid	2-(1-methylcyclopropyl)-D-glycine	2-amino-3,5-dimethyl-4-hexenoic Acid	2-amino-3-hydroxycyclopent-2-enone	2-amino-6-hydroxy-4-methyl-8-oxodecanoic acid	2-aminoadipic acid	2-aminobutyric acid	2-aminoisobutyric acid	2-carboxy-6-hydroxyoctahydroindole	2-chlorobenzoic acid	2-ketoglutaric acid	2-ketoisocaproic acid	2-ketoisovaleric acid	2-methylserine	2-sulfamoylacetic acid	2R-hydroxy-3-methylpentanoic acid	2R-hydroxyisovaleric acid	2S,3S-diaminobutyric acid	2S-amino-8-oxodecanoic acid	2S-amino-9,10-epoxy-8-oxodecanoic acid	2S-aminodecanoic acid	2S-aminododecanoic acid	2S-aminooctanoic acid	2S-hydroxyisocaproic acid	2S-hydroxyisovaleric acid	2S-methyl-3-oxobutyrine	3,3-dihomophenylalanine	3,4-dehydrolysine	3,4-dihydroxybenzoic acid	3,5-dihydroxyphenylglycine	3-(2-nitrocyclopropylalanine)	3-(3-pyridyl)-alanine	3-amino-2,4-dihydroxybenzoic acid	3-amino-4-hydroxybenzoic acid	3-amino-6-hydroxy-2-piperidone	3-aminoisobutyric acid	3-hydroxy-4-methylproline	3-hydroxy-O-methyl-5-methyltyrosine	3-hydroxy-para-aminobenzoic acid	3-hydroxyasparagine	3-hydroxyaspartic acid	3-hydroxyglutamine	3-hydroxykynurenine	3-hydroxyleucine	3-hydroxypicolinic acid	3-hydroxyquinaldic acid	3-hydroxytyrosine	3-hydroxyvaline	3-methoxyanthranilic acid	3-methoxyaspartic acid	3-methylasparagine	3-nitrotyrosine	3R-hydroxy-2,4-diaminobutyric acid	3R-hydroxyasparagine	3R-hydroxyaspartic acid	3R-hydroxyglutamine	3R-hydroxyhomotyrosine	3R-methylbeta-alanine	3R-methylglutamic acid	3S-cyclohex-2-enylalanine	3S-hydroxy-4R-methyloctanoic acid	3S-hydroxy-4S-methylproline	3S-hydroxyasparagine	3S-hydroxyleucine	3S-methyl-D-aspartic acid branched	3S-methylaspartic acid	3S-methylaspartic acid branched	3S-methylleucine	3S-methylproline	4,5-dehydroarginine	4-acetamidopyrrole-2-carboxylic acid	4-amino-2-hydroxy-3-isopropoxybenzoic acid	4-aminobutyric acid	4-hydroxy-3-nitrobenzoic acid	4-hydroxy-D-kynurenine	4-hydroxybenzoic acid	4-hydroxyglutamine	4-hydroxyphenylglycine	4-hydroxyphenylpyruvic acid	4-methoxytryptophan	4-methylproline	4-nitrotryptophan	4R-E-butenyl-4R-methylthreonine	4R-hydroxyproline	4R-methylproline	4R-propylproline	4S,5-dihydroxy-2S-aminopentanoic acid	4S-acetyl-5S-methylproline	4S-hydroxylysine	4S-methylazetidine-2S-carboxylic acid	4S-methylproline	4S-propenylproline	5,5-dimethylpipecolic acid	5-aminolevulinic acid	5-chloroanthranilic acid	5-chlorotryptophan	5-methoxytyrosine	5-methylorsellinic acid	5S-methylproline	6,7-dichlorotryptophan	6-chloro-4-hydroxy-1-methyl-indole-3-carboxylic acid	6-chloro-4-hydroxyindole-3-carboxylic acid	6-chlorotryptophan	6-hydroxy-tetrahydro-isoquinoline-3-carboxylic acid	6-methylsalicylic acid	6S-methyl-pipecolic acid	An acid hydrazine polyene (intermediate 14)	D-alanine	D-aspartic acid branched	D-glutamic acid branched	D-isovaline	D-leucine	D-lysergic acid	D-phenyllactic acid	D-serine	N-formylglycine	N-hydroxyvaline	N-methylphenylalanine	N-methyltyrosine	N1-methoxytryptophan	N5-acetyl-N5-hydroxyornithine	N5-cis-anhydromevalonyl-N5-hydroxyornithine	N5-formyl-N5-hydroxyornithine	N5-hydroxyornithine	N5-trans-anhydromevalonyl-N5-hydroxyornithine	N6-hydroxylysine	O-dimethylallyl-L-tyrosine	O-methyltyrosine	R-3-hydroxy-3-methylproline	R-aza-beta-tyrosine	R-beta-hydroxyphenylalanine	R-beta-hydroxytyrosine	R-beta-methylphenylalanine	R-beta-methyltryptophan	R-beta-phenylalanine	R-beta-tyrosine	S-adenosylmethionine	S-beta-hydroxycyclohex-2S-enylalanine	S-beta-hydroxyenduracididine	acetic acid	alanine	alaninol	allo-isoleucine	allo-threonine	anthranilic acid	arginine	argininol	asparagine	aspartic acid	aspartic acid branched	azetidine-2-carboxylic acid	benzoic acid	benzoxazolinate	beta-alanine	beta-hydroxy-3-hydroxy-O-methyl-5-methyltyrosine	beta-hydroxy-gamma-methyl-hexadecanoic acid	beta-hydroxyphenylalanine	beta-hydroxytyrosine	beta-lysine	beta-methylphenylalanine	betaine	butyric acid	caffeic acid	capreomycidine	cinnamic acid	citrulline	colletorin D acid	coumaric acid	cysteic acid	cysteine	cysteine branched	dehydrophenylalanine	dehydrotryptophan	dehydrovaline	dihydrolysergic acid	dimethylsulfoniopropionic acid	enduracididine	fatty acid	fumaric acid	glutamic acid	glutamine	glycine	graminine	grifolic acid	guanidinoacetic acid	histidine	homoserine	homotyrosine	indole pyruvic acid	isoleucine	isovaline	kynurenine	lactic acid	leucine	leucinol	linoleic acid	lysine	malic acid	malonamate	meta-tyrosine	methionine	methylglutaconyl hydroxyornithine	nicotinic acid	norcoronamic acid	ochratoxin beta	ornithine	p-hydroxymandelate	para-aminobenzoic acid	phenylalanine	phenylalaninol	phenylglycine	phenyllactic acid	phenylpyruvic acid	pipecolic acid	piperazic acid	piperonylic acid	proline	pyrrole-2-carboxylic acid	pyruvic acid	quinoxaline-2-carboxylic acid	salicylic acid	serine	succinic semialdehyde	succinyl-hydrazinoacetic acid	threonine	trans-2-crotylglycine	trans-2-hexenoic acid	tricarballylic acid	tryptophan	tyrosine	ustethylinic acid	valine	valine isocyanide	valinol
(2S,3R)-2-amino-3-hydroxy-4-(4-nitrophenyl)butanoic acid	6.0245314	-1.5859214	0.5184153	2.7336173	3.9400575	2.1401877	1.5010931	-1.4362831	1.5015103	-2.604286	-2.3693867	-1.063764	-0.030433	0.43579802	-4.4563785	1.8246363	-1.4340835	-0.1364096	-0.8919485	5.0350566	-1.0929857	-0.32130232	-0.8406809	1.4664502	1.8994001	1.0480411	1.0551523	0.9570792	1.0179734	0.010155125	2.0571153	-1.0997427	-1.4596984	4.9947724	4.6947527	2.1039033	-0.21521157	-2.7924097	1.320355	4.7454047	2.9221954	0.6182198	-1.5990708	-0.4199828	-3.5619016	-2.823742	-2.5956433	2.770524	-0.05300514	1.1936375	1.6961805	-1.484477	5.845702	-2.1687932	-4.375415	-3.8477135	-1.517054	0.69637835	-0.46518853	2.1554468	2.0282307	-0.40501365	-6.4750237	-2.1861327	-2.0886612	-2.327153	0.24656849	-4.9646444	-2.1240368	-4.378934	-1.6900221	-0.42828324	-2.046607	0.74741656	0.9156124	1.1494602	-0.12652066	-4.927715	-2.4351335	-3.1354365	-1.0801065	-2.6491122	-0.36052424	4.742269	-1.1681496	0.8342123	0.75556904	-0.0969363	-0.029071553	2.072894	1.3067087	1.6123115	-3.8648322	-2.2367277	1.4686731	-0.84125745	-1.1236513	-1.5239855	1.1638023	-0.27674472	0.65128165	-4.7201724	-0.56403106	0.2769535	-0.9572569	-2.6004858	-2.6846383	-2.819942	-0.6455745	4.2835994	0.16831575	-1.2488847	-0.009102044	-5.283747	1.3997587	-3.935902	-2.693185	1.1929106	-0.16655004	1.4420542	1.7636414	0.5487526	-1.5594903	1.490712	-1.6187037	3.0851715	-1.2532232	-1.0131009	-2.2351954	-2.7032003	-2.2525508	1.4109415	0.8764469	-0.11695147	0.5823734	-0.54803705	2.5548341	0.9788217	2.0887096	3.5260355	-3.4068263	6.0245304	-0.49171692	2.7844849	0.46831292	-2.7668746	-1.5677395	-0.6602341	0.46947238	-0.85378146	-0.8238782	-1.7794915	1.8091295	-2.2554135	3.9193819	0.6499026	3.4425032	-2.151641	2.2340817	-0.7258329	0.068903685	-1.1453606	-5.5539646	-3.3188357	1.7371553	-5.9433765	1.6017349	4.726164	-1.3741903	-3.6859891	1.6328127	-3.6371644	-1.7268107	-0.32656175	2.2200747	-3.957716	2.4515738	-0.02881708	0.34854794	0.2611277	-0.14918035	-0.18883379	0.92340606	-0.40720773	-5.8545375	-5.6660805	0.43435815	-0.6909376	-0.1535363	-2.1339805	-0.3301282	-0.72081524	4.9610786	3.1333303	-4.487514	-0.27219346	-4.327367	-6.19835	0.4908035	-0.7486735	-3.9122696	-1.7572151	-1.0870123	1.7739679	-1.0321982	0.58481807	0.7535455	1.511515	-2.5893145	0.9424362	1.8148699	-2.8434098	-2.193996	0.5982271	-0.14129487	2.761046	-2.1087344	1.8056842	-1.6579102	-0.37356108	-0.44337884	-0.476258	-1.1369504	0.09638415	0.72112423	-1.2981751	-0.14360915	-3.056142	0.16963695	-0.19675834	1.5217252	-2.013212	1.4726007	-0.77479345	2.709685	1.0386796	-1.0536841	1.9248646	-3.3752713	1.4665238	0.6269865	-1.5554494	1.645741	0.15354396	1.6303277	0.5939279	-2.0195355	-2.157971	1.6713712
(2S,6R)-diamino-(5R,7)-dihydroxy-heptanoic acid	-1.5859214	11.627284	0.019223986	-2.2215648	0.19229123	1.0491846	-0.046167586	3.2892115	-0.8844247	-4.8915906	-1.6787959	-1.795981	-6.394458	5.243414	-2.701272	-1.7727324	0.04683189	-0.15850893	-2.2283077	0.18625388	-1.1729863	0.44446895	0.52669847	-3.9216545	0.08563415	0.32463524	0.81916064	1.3772918	-1.9921805	0.55483997	-0.029347954	-0.020500103	-4.7890267	8.636359	-0.31970084	0.053132165	3.2451887	4.147244	0.58338916	-0.11939554	0.75119424	2.9694011	-2.370439	0.2887284	-0.16330639	4.2175684	-0.053159017	-0.1690188	2.4863207	4.462613	-1.0686259	-1.5792924	-1.964343	11.545466	-0.46269435	0.99485034	-1.1624941	0.2567566	-0.8293784	0.23006429	0.4358983	-2.7440515	-2.303878	-4.008976	1.7460641	1.6879649	1.7034906	0.8103829	-1.5813248	2.2986598	-1.3470345	-1.7739892	-3.5540242	1.244984	1.2293463	-0.31348228	-1.30144	-0.15499897	1.4845327	-0.55150247	1.3233129	-6.0543795	-1.3643882	-0.022168497	-1.8436394	-1.2945911	11.627283	-0.21930958	0.34159127	-1.0309865	0.25833896	3.3885589	-1.2466865	1.7506843	-0.85335076	-0.70954585	-2.5192666	-2.5170548	1.9299588	-0.6033963	3.876025	-1.0666806	0.19801417	-0.53830993	1.3323752	-1.1204692	-0.052538317	-1.3701777	-2.4422174	-1.9786737	2.1500602	-2.4592767	-1.4114405	-3.527736	-0.97180164	0.22069186	-2.328733	-1.9061016	-0.3670536	0.1028299	-0.38606408	4.543626	-0.052312657	-0.15806223	-1.4532274	-1.8489513	-1.6204538	5.860457	-2.8668604	3.4620347	-0.35580614	-4.679455	1.7636102	0.9294816	-2.1893353	2.7256696	-3.906239	-1.3928891	-2.8763938	-1.101543	-1.7179828	-1.5551045	-1.2495904	-0.35208175	2.741469	-1.602201	2.9027002	1.0365802	-2.4459696	1.7708275	-1.5401118	-3.471587	0.21598035	-0.31975693	3.154457	-0.13981085	-4.211559	-0.07265206	-3.1266732	0.31141147	2.7287529	-0.0023971852	-0.091364674	0.45080584	0.32846576	-4.6495457	4.356666	-0.514398	-1.051368	-4.3677893	-1.6123116	-3.42016	-2.15364	-1.3072985	-0.5607123	-5.242559	-3.0997257	-0.20596962	4.2415667	-0.74374026	0.72289544	-0.8675053	-1.2505515	5.1197596	-1.6694701	-0.34643337	-2.1426082	-1.8890517	-0.03318752	-0.87159395	0.6265984	-1.0200053	-0.27900362	-1.3966831	-0.80743635	-0.35549453	-2.5338383	-3.0684059	-1.0666796	3.1896527	-2.6197617	-0.13227709	1.8346224	-1.0532826	-1.3934804	-0.469311	0.19328652	-1.7453287	-1.4904253	-0.33859032	0.25713336	0.6811062	-1.817877	0.9504559	-0.041137066	8.596662	-1.1523523	-6.1311784	-1.582028	-1.9817934	-0.6728647	-1.0539844	-2.7394824	-0.5993756	2.5774271	0.49479178	-1.1220573	-2.1065788	-0.8149439	-3.7732227	-0.18360443	-1.2180763	-0.34026393	1.9748023	-0.73934484	-2.8692613	-4.042784	-1.2191452	1.3678801	-3.1345482	-0.72916204	0.24837099	1.8590572	0.6745327	-1.5892197	-0.69606674	-0.849919	7.576548	1.76442
(4S)-5,5,5-trichloroleucine	0.5184153	0.019223986	11.070973	5.7467284	1.5803853	-1.6514342	3.488014	3.0784981	7.061881	-2.878134	-5.3536463	2.8252928	-5.225388	6.090392	-4.116101	4.3949103	0.039730266	4.445397	6.078741	3.290166	2.4857657	0.13187118	2.6383011	6.9525905	4.6408954	6.7829866	8.142525	9.441063	0.08049047	5.5338326	5.1830754	4.2607083	-1.796168	4.6594987	4.838961	0.2714309	4.280115	1.7617553	9.167337	4.1119566	3.69792	2.5046613	-0.46773446	2.0779264	-2.0702195	0.46884257	-0.74426234	4.1110935	11.070972	-1.0173616	-0.08366975	0.704257	1.169989	1.0367093	1.2860023	2.6024399	1.787281	1.6883261	3.2145388	1.6667242	1.605018	-1.9477174	-1.4268469	1.8718914	0.6299937	-1.1501024	1.3407981	0.48934278	-0.44371262	0.81833005	-0.39076826	1.0850114	4.1694713	4.753075	0.52594715	6.416084	0.9297622	0.095444456	-0.74760485	-0.0058188364	1.4207113	0.514936	-0.267927	1.345316	3.0701103	4.957912	2.0759616	3.9095197	5.405991	5.118827	6.3478823	3.7741132	-0.38073158	5.8129	0.96439236	-1.2700496	3.1516595	-1.0032233	2.1286976	-0.4383872	1.9374053	5.5811396	4.6098423	1.071009	3.1375782	1.2222849	2.9723465	2.8745987	5.239983	5.4750023	0.7625886	-0.3762237	5.5749373	-2.3982158	4.4197044	0.80201674	0.85025245	1.5597423	-1.0643822	1.9113941	3.1878273	6.0869966	1.8725176	2.8505485	2.3213093	3.1406593	-0.3415112	2.5622087	1.0885333	5.345457	-0.9393232	0.45007113	2.9817774	0.84717166	0.4639391	-1.9195414	-0.030297078	-4.649801	-3.6689267	0.5492893	-3.1863406	1.926931	-0.27455607	4.6782475	4.607515	-0.13494629	2.8540885	1.8832761	1.1037707	2.4434242	2.5087807	3.2306	0.6116952	0.8344432	4.5673966	-0.77350396	-2.0733252	-1.047027	-2.6202185	3.2789252	-1.0322465	3.1888158	-1.4533005	1.5850365	7.7181845	-5.282233	3.6677685	1.2426353	3.688736	0.2315443	4.722129	-2.406751	-0.8088598	-0.109684244	2.4526842	-1.2034711	5.6957116	3.026105	2.4323225	7.430327	-2.4990654	3.3948193	3.8087683	2.0804365	-2.8170774	-2.5779035	2.3391674	1.984155	1.6595044	2.2091887	3.5152802	-1.6252921	5.1583424	1.446444	-1.3721981	-1.6161803	-2.3733804	-1.8394954	3.712183	-0.048776764	-1.649187	0.31638837	-0.63921845	3.5642269	-1.9123272	3.2926493	1.2200799	3.3828914	-2.7143483	2.5344024	2.6161096	-0.7295576	8.736558	0.31574327	2.0208237	1.7596829	1.4656715	-2.804374	0.36430362	3.9820561	-3.2799747	2.4653318	1.9857256	-1.1221081	2.0269773	0.62968886	4.0833297	5.471368	0.061078332	4.1736608	5.8227706	-0.43539423	6.0267987	8.485362	0.8038275	-1.2748437	-5.988774	6.7404013	4.1180224	-3.2236927	-0.4865752	3.250721	3.7447858	0.27740723	-1.6094875	5.3916636	-1.0174505	2.0462658	1.8861482
(E)-4-methylhex-2-enoic acid	2.7336173	-2.2215648	5.7467284	7.8277755	1.2492695	0.3003792	2.0261295	2.7454996	6.060881	-0.47573382	-1.2707312	3.7430687	-4.2060666	2.156195	-3.1560185	2.383287	-0.8593667	4.510691	1.4400791	2.7249844	2.3365543	0.15047891	1.3140434	7.1956053	2.4747622	7.2214875	1.7901195	-0.31912395	0.06258781	3.4916167	3.7389102	0.70634556	0.3269991	-0.31878462	0.13274081	0.610846	2.6840975	-0.2563759	1.9854065	4.3514304	4.523069	0.94787526	1.0461608	0.48050335	-1.8847699	-0.4718302	0.72064185	3.0045547	2.0067036	-1.9237797	-0.7636329	1.2004466	1.1935594	3.7627974	-0.7710736	2.1700268	1.4878343	0.8776328	3.5545835	0.03307616	-0.15813538	-0.6209649	-3.9499972	4.3175116	1.2453997	-0.3779745	-1.7691708	0.8469277	1.555736	1.3561062	-1.6611218	1.6312566	1.2735113	-1.1769835	1.4376283	4.767993	3.0260618	0.48380005	-0.38915277	1.932787	-0.10903304	3.3184805	0.81498957	0.040188555	0.30924195	5.2007313	3.7375638	4.1724143	3.7813756	5.226105	5.2953434	4.978096	0.047810297	3.173008	4.194889	0.49408013	4.9498343	-3.8003647	3.043984	-0.85085446	1.8778535	1.8781896	4.2163053	1.2151619	-1.268173	0.36701623	1.4015704	4.023924	5.168476	2.1081336	-1.0172029	1.2529941	5.512231	4.088229	5.0825605	1.0283496	0.09720077	0.41933185	0.38965598	1.78606	2.1354735	4.8045473	0.050099842	3.4048607	1.8190104	1.874044	-2.0154052	1.7778736	2.0197203	-0.5806513	0.10815731	2.206505	4.1567693	3.0732553	3.6199822	-1.0244645	4.138755	-5.20796	-3.5429628	2.818463	-1.7953943	1.7999686	0.81100935	5.238034	5.3388877	-2.182619	-1.8252873	1.9486175	5.323699	3.2289717	2.1566997	2.6189542	0.45373476	1.6049027	1.1262081	0.14837898	-0.5240808	-0.7440356	0.8562908	0.3860257	-0.44113076	0.59976625	-2.5227535	1.0667323	7.8277745	5.079761	3.0925221	4.3369946	1.3060677	-0.37060884	6.485965	1.0284597	-0.3069515	4.496635	2.117379	7.6965246	-0.504481	4.643975	-1.1490788	2.8452263	0.51202744	3.768027	3.0862887	-0.8318165	-2.537896	-1.5633557	-1.0755018	-1.367068	-0.92276764	2.7023256	6.2899666	1.4230304	3.5101771	4.5971074	-1.1052818	-0.7837537	-2.2890813	-3.7586663	3.9301312	0.57160413	-1.4250891	-0.88030714	-0.3143287	2.4332247	-2.3365197	0.6192651	2.158658	2.8671596	-1.5644372	0.8096603	4.248627	1.4070133	0.55596805	2.8852844	0.69792664	0.4876379	4.313856	-3.914829	2.305849	3.0405061	-0.10819555	2.2634494	4.1995716	-0.4754238	0.86774355	3.5310922	2.0673575	1.657744	0.997117	2.6980886	6.8081617	-0.9664016	5.5930567	2.8476388	0.7922838	-1.6643226	-3.140568	7.119682	2.952321	0.47969675	-1.0232369	6.402433	2.3289652	0.8693307	-1.5832059	5.679341	-1.6728452	2.5542252	0.7357717
(S,E)-2-amino-4-decenoic acid	3.9400575	0.19229123	1.5803853	1.2492695	6.7411084	-3.3177614	0.2699626	-0.7364731	1.6247414	6.048481	6.0534587	2.5970743	1.0116228	3.3010755	-0.24169543	0.09093026	-1.1147208	-0.4614081	-2.2292283	3.1738243	1.0651122	-1.8329976	-0.3724462	-0.4968019	-0.023917302	1.5955514	2.8006268	3.4148185	-1.8131696	3.7898128	1.768553	-0.4188607	6.7411075	1.5744716	1.1256436	1.8803468	1.0886514	-0.43995756	-0.108005546	2.5075507	1.9109458	2.2339084	-1.1894473	3.0132754	-2.217722	-1.3426936	0.35657534	4.016236	1.3703399	-1.789471	1.9143138	1.3275088	4.620516	-0.24441382	-1.9288108	-5.2444673	-2.576407	-0.4777288	-0.13153788	3.6057572	4.5629687	2.5403457	-4.7649984	-1.5370277	-0.3183345	-1.2253375	-0.9839264	1.1710608	0.08229589	-3.1931956	-1.8179543	-0.7501358	0.015911063	0.06755364	-0.25603512	3.643358	1.2853755	-1.5985489	-0.9824937	0.91238344	-0.98375	-4.37585	-1.6046343	2.9164987	-2.118943	1.146562	0.42973626	0.4544674	2.844567	0.45245567	2.4004066	1.7800174	-3.4017515	3.1429577	0.91888654	-1.3471665	0.18481147	-3.989039	0.44738278	-0.77923363	3.533009	-0.3535119	0.063456684	-1.4815506	1.4887582	1.3959743	0.13231865	0.49636537	4.661919	-0.08699798	-1.2762094	-0.46996063	2.25392	2.626742	1.7682788	0.1501684	0.80394876	-0.5318813	0.30816785	2.4775336	0.87157553	3.0348904	0.099628	3.702795	0.09625714	2.4052823	0.6312916	1.4309064	-1.7175871	6.060897	3.6513746	-0.7072345	1.0854136	1.4324889	-1.2386	-1.6930803	0.5823584	-1.730187	0.628044	1.4550753	-4.369458	4.19572	0.04586209	2.5802953	-0.84170574	1.0501953	-0.83091503	-0.56040686	1.0966974	-0.20179015	-1.0154266	-1.4822927	0.39151698	-2.4259586	2.1807146	-1.2342584	-1.0465455	-2.25613	-0.4923347	-0.056495793	-1.305828	1.251743	-2.010276	-2.260319	0.4367908	1.3990017	1.6845329	-1.553327	-0.1200181	-1.7727118	1.0344702	-2.9183936	-0.61598057	0.35200572	0.94852823	0.75085557	1.1110861	2.6394315	0.66884065	1.8639327	-1.801237	3.6502829	1.8361412	0.8384039	-1.2396284	-0.48695412	-0.20252346	-1.4573704	-0.80916977	2.148708	1.4762226	-0.34958562	2.8517652	2.739716	-0.6562633	-2.6623135	-1.1504655	-0.14216271	3.8420727	2.7864547	-1.0342078	-0.06705339	-0.65850466	3.0870495	-3.213805	1.3964369	1.3836505	1.0365249	-2.3559487	0.5024686	3.5694804	-3.7336671	2.7197459	5.5919256	-0.6325005	-0.2252824	-0.7951357	3.3744454	-1.7044171	0.5411572	-3.0143535	1.1111866	0.39020097	0.34239003	1.4064105	0.5016475	1.4729644	3.0520895	2.917441	-0.39565465	1.0918728	0.48262042	3.8130887	2.6886811	1.7619916	2.7790275	-3.327853	0.41588426	4.2257633	-0.6854866	1.1869959	2.7141554	1.8586496	1.073612	-0.46335477	2.6416557	-3.2029908	-0.4763427	0.76275647
1-(1,1-dimethylallyl)-tryptophan	2.1401877	1.0491846	-1.6514342	0.3003792	-3.3177614	7.7518806	-1.8149644	-1.3088642	0.14033438	2.2323017	-2.7113807	-0.32619265	-5.3271656	-0.4502262	-0.481258	0.7026585	1.4061806	1.0126994	1.1257753	-1.9604069	0.19515301	2.9190116	-0.953434	-2.808725	-0.73681957	0.37485933	2.7999578	-0.7459831	-2.026505	-0.6103523	-0.08009119	-2.1242142	1.1506724	4.3975196	4.958552	-0.40945542	-1.4076502	-1.6028924	0.02368414	-0.29949018	0.9646543	-1.3411673	-1.2172362	-2.1248703	0.115062565	-2.0480611	-0.97319293	0.5739362	0.46627226	-0.6925156	3.0206194	-2.3889604	-2.5499082	-0.84704113	-3.8928633	-3.7592418	-2.2996848	7.7518797	-1.0436984	-3.831105	-1.8789066	-3.629639	-5.2354293	0.2496191	-3.0154004	1.8929268	-1.6844933	-2.6679945	-3.6293468	-0.98835534	-1.1626495	-0.0663214	1.380882	1.5433004	-1.3374696	-0.8358393	-1.2355552	-5.154532	-1.9902155	-1.0277718	1.4475439	-4.1898956	-1.2525308	0.8444534	-4.0711694	4.4056826	-0.15379453	-0.6157823	2.7815	3.7822013	-0.6759468	1.0479363	-3.1656928	0.016493076	1.0814015	-1.7145485	1.5549599	-1.4789727	-0.26222628	-1.855735	-1.585241	-2.1824188	-1.0665623	4.227438	-1.2922469	-2.0133593	-0.23079647	-1.1343701	0.044657513	-2.198749	-0.069750346	-3.4810715	-1.1256094	-3.0079243	1.1382945	-2.2721846	-0.38792947	0.4058502	-2.979112	4.563279	-0.69997245	-1.0146577	-0.28753442	-1.3760937	-0.3580849	-0.64369786	-3.5819864	3.8000624	0.38884702	-1.0613021	-3.8712533	-0.3761391	-1.9018772	1.1133021	-3.2902107	-0.03172004	-1.3502637	-1.1607766	-1.5230057	-1.5464768	0.9694052	2.4256365	4.0023565	3.4868853	-2.0749397	-2.1181793	0.34433627	4.9441595	5.494447	0.30623987	0.53903	0.66790116	-1.0091869	1.6586765	-0.08047203	-1.3170217	-2.964832	-0.6138383	-2.959998	-2.332863	3.6897936	0.6032419	-4.498291	-2.820705	-2.9824538	-5.122863	2.1234846	5.9705772	0.9752302	-4.608548	-1.4563155	-2.2904527	-1.7977728	0.11984741	1.1438475	3.2912965	-2.5396132	1.2437632	-1.4201978	-1.2720636	3.0806699	-0.42018488	1.2547901	-0.4076624	-1.5835226	-1.250839	0.73200524	-2.5884297	3.167206	0.89359856	0.91674113	1.5357428	-1.8618304	-0.61286134	-2.5825853	-1.3598983	-5.085527	-3.741378	0.6791604	3.0572793	-3.7389715	-0.89299005	0.56052804	0.16676033	-0.9947092	-1.3133787	-0.64347386	-1.3235836	-0.558359	3.0953593	-1.8186593	5.1624303	-2.1851315	-2.279046	-1.5304605	-1.3598588	-2.104898	-6.5675673	-2.0516527	2.1994953	-0.44230303	2.6478074	0.16715248	-1.0579022	3.714013	-1.0441928	1.9131986	-3.5330815	-1.3708973	-0.648248	-0.19993635	-1.8614274	-1.3830523	-1.3201226	0.0937735	-4.6951785	-3.1311712	-3.2652042	1.6547147	-4.2930326	0.5404138	0.51412654	5.498373	1.878637	-0.3121798	1.2997038	-2.3857923	-2.475377	3.0122163
1-aminocyclopropane-1-carboxylic acid	1.5010931	-0.046167586	3.488014	2.0261295	0.2699626	-1.8149644	7.1297584	0.26490086	0.90078884	-3.8240469	-3.0006416	0.47107053	0.1793017	2.9239848	-3.0489857	0.08129827	-2.0011451	1.3924763	1.0272837	4.221491	1.4678127	0.8419663	1.7352785	0.7561252	2.8203719	0.24507065	1.382808	-0.28049383	-1.8952603	0.13772242	2.5355515	-0.22416116	-3.69697	0.89819026	1.7555954	3.0145926	1.8269384	2.3958194	1.968173	-0.16536568	1.0988799	3.8138564	-0.73831165	-0.05332564	-1.1145335	0.052706555	1.902641	1.8108696	3.0417185	-1.1993142	2.3213704	-0.31458527	1.3877863	3.6069171	-1.8349676	-1.1302899	-0.9415879	-0.79601026	0.94511545	0.6790699	2.0201306	1.4691936	-3.5382912	3.9807353	3.964325	0.8627222	-1.831162	3.684078	-1.498825	-2.0627344	-1.024007	0.37581325	-0.14949006	-0.36409265	-0.3316269	2.8189626	-0.17665216	-1.7641143	-1.2835475	0.5786181	-0.67044544	3.4389281	-0.3911783	0.23467281	-1.4700226	1.0827998	3.8309422	3.4942882	3.028813	0.9197216	5.6123176	1.4726603	0.96880716	1.3742514	0.421678	1.9394497	-0.21665418	-4.073853	1.4122262	-0.3241274	1.8680341	-0.85777295	0.27041233	-0.34120774	1.2616606	1.4446526	1.6540606	0.15754572	6.192406	0.28029782	-0.2770458	2.0196981	2.1613636	3.22637	7.1297574	-1.1749691	-0.9983444	1.8736342	5.2908688	0.41186923	1.772185	1.6801951	5.730004	-0.65752137	0.7550196	3.9714506	-2.2662349	1.0134059	-2.0269241	0.049582183	6.4669914	-0.25167614	0.68761724	4.631487	0.5700419	-0.28446352	-1.5060322	-5.2761693	-3.8652537	-1.660733	1.3995067	1.1751295	-0.38464266	-1.1497548	4.641538	-0.9557788	-1.3786405	0.46867397	-0.21839657	1.6083797	2.0889578	-1.0934178	0.3741721	1.4796326	0.3841814	2.757564	2.1386006	-0.63182944	-1.3576158	0.40887207	0.033803005	0.27082735	-2.0853665	-0.4524521	1.5817972	1.920695	1.187983	-1.0767951	0.5219091	-1.8076705	2.669557	-2.543835	-0.27694967	3.163435	2.8023791	-3.0370116	-2.451838	1.1340803	3.7009454	1.6984608	0.7681022	1.1047231	1.1605914	1.463733	-0.7148997	-2.8402598	-0.039839577	1.111108	-1.7642391	1.848998	0.23945223	-0.79553914	1.2062767	3.0995734	-2.084411	-1.9636623	-0.6443662	5.4391866	1.6971916	0.19183034	-1.2522392	-1.4780741	0.35591274	1.781319	-1.3156804	2.1533082	0.673269	3.9242318	-1.6051316	1.0561023	2.2821937	-3.1107602	-0.8443617	2.2457514	1.978342	1.1230316	-0.9963672	-4.1270156	-1.3889403	5.142829	-0.9044448	3.0436473	2.3758864	-0.2320019	0.7869791	2.7202659	1.4199508	1.4158643	1.7257257	-2.8125505	3.279063	1.2109954	2.0403469	2.505285	-0.71787065	-2.883188	-2.0018265	2.2544405	-2.102281	-2.0186584	-0.24412625	2.3659103	2.5000985	0.27339622	-0.8702772	0.8820295	-1.7344681	2.8941693	1.9197488
1-pyrroline-5-carboxylic acid	-1.4362831	3.2892115	3.0784981	2.7454996	-0.7364731	-1.3088642	0.26490086	6.7399635	3.5796208	-1.6604191	-2.0675704	1.2820066	-5.635536	0.21886018	-1.4386042	0.080342986	2.4190474	-0.74909925	0.11277931	0.81569195	2.4655683	0.2662725	-0.4484862	4.1417522	-0.17350455	3.5544496	-0.636743	-1.7730477	-2.2470129	1.1268202	0.65901	-1.1868371	-1.5298892	1.131285	1.3362112	1.6474235	1.9184356	4.7429175	0.9477225	-0.46617708	1.5271219	1.0295802	-2.099276	0.71366715	-1.1329905	-1.0139562	0.5017771	0.12808806	2.9168134	2.1171148	-0.6652415	2.5749688	1.6117371	0.62155205	4.644921	0.38553852	1.7239844	-0.7836165	0.7914564	-2.5525596	-0.25174454	0.21571453	-4.0322	-0.8678355	3.4262147	6.7399626	0.68494815	1.3103968	2.1276004	2.4596355	2.4299219	1.6776215	-1.2176641	2.1887255	0.7707211	0.783223	0.7678383	4.587809	-1.3768975	-1.2163144	3.7813966	1.5558913	0.6164872	0.26106536	4.8923893	2.307711	0.9541634	1.3509231	2.2086804	1.909263	2.3841252	2.5717719	-0.78935415	-0.4976634	1.4351529	2.064492	2.127029	-4.6526875	2.4866211	0.14584179	3.5142143	1.6819355	1.2815909	0.042591866	1.9572865	1.947741	0.07157551	2.3635886	-0.016645607	0.0355953	-0.15015174	-1.0381274	2.4563978	-2.2711508	1.6549019	-2.1565263	-2.5182407	-0.25635356	2.0042765	-0.20804848	5.4217367	2.9284966	2.1950288	0.86315185	0.60020393	-1.2403433	-0.9751621	3.0136447	-2.758038	1.7590436	-0.76311535	-3.3570368	1.7807847	1.1296449	0.42623046	-1.7806522	2.7522483	-3.2144651	-0.4917026	1.5324275	-2.2042239	-0.8394529	0.63309675	2.3489964	2.2348704	0.42884773	4.1810155	-0.19936335	-0.8652617	3.8068218	1.0066367	-0.20509186	0.23767449	-0.92152035	1.3875262	-0.97955644	0.16220658	-0.3220948	-3.5101402	2.973202	-0.055098236	0.72386736	4.320505	0.8336012	4.605696	-2.906819	1.5104481	-2.2307665	-0.22798257	5.920572	1.7057822	-2.0469575	-0.5400654	-2.5232246	1.2981509	-0.42574102	-2.743582	1.5637127	1.5065149	0.5306777	-0.42407802	1.2838073	0.14784674	3.9233847	-2.172478	-2.4917188	-0.3545844	0.80451185	1.26824	-0.36809167	0.70973057	-0.35828876	1.7068256	2.2849312	1.8882598	1.1343365	-2.6143763	-0.7497986	0.3303969	2.6442873	4.7753716	0.35833684	0.57520145	0.61519206	-1.8948581	-0.11433115	1.85625	-0.096469246	-0.83495593	1.1629813	-1.3263726	-3.0929325	-1.3606495	1.4085943	3.1525676	-0.54065406	2.0527437	-4.88535	-0.5223319	0.78008914	0.9187494	2.6783864	-1.0079583	-0.70662487	2.6087604	-0.34274888	-1.7849536	-1.7711828	0.5509551	-1.4667997	2.579107	1.1898948	2.2549913	2.5452461	-2.5226154	-4.655687	-1.9288633	3.3411481	-1.3316216	-4.8199058	0.71694577	2.042445	0.23291671	1.7059811	-0.2586104	2.4390354	-1.0721571	0.33568928	2.4425173
10,14-dimethyloctadecanoic acid	1.5015103	-0.8844247	7.061881	6.060881	1.6247414	0.14033438	0.90078884	3.5796208	7.943458	-1.4150296	-2.802229	3.3566144	0.2084812	3.8457086	-2.4703407	5.062199	0.67782164	3.2783575	3.582914	3.108128	4.011999	0.23400228	1.9509686	7.223189	1.0185615	7.16384	3.070512	1.6006405	0.48472437	5.3217163	3.3658643	1.0051756	-0.49453363	-0.92613715	1.0044652	1.062918	3.8571894	-0.17749836	4.398	3.0270538	5.239278	0.8289261	1.5594419	4.9878807	-1.8550025	0.2758559	0.44843954	3.5625556	2.8971136	0.6970157	-0.43299702	2.6955929	1.7665536	0.49284095	-0.5213039	-4.6188216	2.1230052	0.54640824	3.389255	2.811516	2.6474748	0.57263166	-2.4949136	-0.023767952	-2.1765008	-1.1682369	-0.6783651	-0.091400735	-0.34932837	-3.4296732	1.4293177	0.6340536	2.6529548	-0.56092423	1.0151672	4.672341	2.949104	0.6893328	1.2277353	0.27161366	0.7300364	5.600505	1.3035157	2.7623565	1.3620319	5.6314907	2.1273186	4.49607	4.5070353	6.2687616	6.185221	4.7301893	-1.1521939	2.2631845	2.2355378	-1.309513	5.3617597	-3.319924	3.2829363	2.4844496	0.6785231	0.35803324	4.9139066	2.1138103	3.1083496	0.86117715	3.5397632	3.1592963	3.3041477	3.2371795	0.4864994	-0.43806738	5.442045	-2.1192982	4.536092	2.812012	2.5154448	0.30259687	0.6715337	1.8310548	2.0155146	6.0824685	-0.51182	3.1316533	0.081816025	0.95994043	-0.20173465	3.8044648	1.1220988	3.7816136	2.5216901	-5.095435	3.0949798	2.7331662	0.7339154	2.7302608	1.3030027	0.4682852	-2.4308898	1.2820941	-3.3660712	1.3961437	-0.26141384	2.390213	4.919833	0.71768695	-1.0400258	2.533457	0.20779452	2.6935835	1.875985	2.4736521	1.5569885	5.3905215	2.2868876	-1.6712805	-2.145687	-1.2339597	-2.8765259	3.9836984	2.0163884	1.4292109	-2.1865108	-0.91407144	7.943457	-3.4155118	3.2065632	1.9453568	2.2787838	-1.7633278	6.565712	-0.17337869	-2.103073	1.1295094	1.8973013	7.232152	3.1725955	4.0271497	1.5622307	3.8412628	-2.1764452	2.6101072	3.9852946	-2.933791	-1.0077409	1.7064158	-1.7331493	-0.15650333	0.11237883	3.595343	4.935756	-0.510289	6.119845	6.116338	-2.6089308	-0.8278964	-2.1451037	-3.170936	3.1950502	3.8022826	-2.8914378	-0.6914676	-0.7243487	2.5665033	-2.3630357	0.60090864	1.151932	3.1557083	-2.5040147	-1.0234301	4.5628304	-1.0485762	0.6995313	4.197789	2.097273	1.4061648	1.8672932	-0.2449267	0.8714616	4.1659846	2.0591977	2.0545123	5.039496	-0.2198713	1.2413396	2.099595	2.4338696	1.9306916	1.386244	3.678899	6.1320395	-1.145959	6.478066	4.8444314	2.7275512	-0.806306	-4.302672	7.126938	7.6909413	-1.7523179	0.063944675	5.9033685	2.9291086	0.76146066	-1.9524319	5.402091	-2.2872493	3.9182081	0.6683856
2,3-diaminobutyric acid	-2.604286	-4.8915906	-2.878134	-0.47573382	6.048481	2.2323017	-3.8240469	-1.6604191	-1.4150296	8.78067	7.216023	5.417404	-9.588181	0.1673266	1.4124076	-1.4598897	-3.3919168	-3.853141	0.12564366	-1.190069	1.5505294	-0.53728837	-1.3240368	-2.8747208	0.41694155	0.18040304	-0.027514867	-1.2203249	-3.8119776	-4.112578	-4.3366094	-3.0879514	8.780669	-3.1733935	0.95565057	3.0664544	-4.04899	-4.9169497	-1.92522	2.0773041	0.93955034	0.27962875	-0.0316659	-1.3802239	-2.318212	-3.7448287	-2.057152	-4.6455708	-4.9280324	-3.4099946	1.2597964	-3.9822621	2.742015	2.0411909	-5.531563	-3.3424072	-3.2224016	-0.44459814	-4.5340905	-8.160553	-6.7326303	2.5147476	-7.794147	-5.588377	-1.6659485	-2.1660151	2.2928467	3.1898458	-3.987069	-4.000426	-4.0980844	-1.5807346	-1.0322689	-6.244916	-4.305636	-4.2068934	1.1478093	-4.757519	-5.8938932	1.5413588	0.19292545	-6.708845	-4.2753305	0.16172902	-4.786319	-1.0932404	-1.8649118	-0.76284194	4.339891	-2.6035357	1.0671744	-2.0966508	-4.582518	0.73000604	-3.3982856	3.1726856	-5.1125784	-8.084002	-0.33321768	-3.7483807	-1.1213897	-2.673671	-0.14728905	-2.969243	-3.4314413	-4.686573	-1.5927539	-2.7930315	-4.768354	-3.5703328	0.18628973	-6.810919	-2.711102	-0.64278346	-3.5898192	-5.346262	-2.9306774	-4.3296375	-3.913796	-6.5176477	0.7559293	-2.133925	-2.2690394	4.0590816	1.890433	-0.9047139	0.9996572	0.6810331	-3.200692	0.22833051	-6.1362495	-7.1834335	-2.4609454	-0.5466846	-0.37084833	-3.9762974	-2.9720497	-6.115096	-4.293315	-0.57618463	-4.0440664	4.662998	-0.53938615	2.6203399	-3.4431024	-6.643681	-6.4061503	1.6084089	1.7620659	0.09857681	0.70869756	-3.6708581	-2.0792644	0.12963966	-0.1592983	-3.7678266	-6.859959	-6.634463	-9.551916	-1.4795372	-1.9082069	4.3478055	-4.5453415	-3.9569423	-0.7346994	-2.4232259	1.5272352	-1.3551722	-1.4723314	-5.9054885	-3.075381	-4.4231753	0.32637158	1.3952987	-2.691856	2.929167	0.929681	-0.16941306	-5.4361057	1.7259395	-2.174829	1.6411651	-1.8050947	-0.7589492	-3.9404376	-5.951113	-3.1340332	-4.8072934	-7.9922676	-0.71216893	1.8791325	-4.7157664	1.557402	1.9306316	-2.255393	-2.3665354	-3.3856237	-0.7389941	3.2180693	4.7086997	-3.7998984	2.836921	-0.1882451	3.1370373	-5.02013	-0.811633	-1.6548395	-4.1258416	-3.7939234	-6.2256527	3.4691553	-4.044096	-1.3333285	5.190109	-0.712287	-5.565317	-0.29028472	-6.936024	-4.699411	-0.259023	-3.0328028	0.70090294	-1.5921285	-3.2836883	-5.688998	-4.3318067	1.1067322	-1.1792573	0.46651715	-4.094197	2.2681544	-3.0449536	3.9829996	-3.2826073	-6.8790054	-7.931421	-3.6551633	-1.2404019	-2.421686	-7.7869606	-3.6166697	-3.5121593	-1.7953182	-0.035675567	-1.586296	0.20863608	-5.367881	-1.2212962	-4.6745076
2,3-diaminopropionic acid	-2.3693867	-1.6787959	-5.3536463	-1.2707312	6.0534587	-2.7113807	-3.0006416	-2.0675704	-2.802229	7.216023	7.8313236	4.9448905	-11.137197	-3.0751524	2.6842554	-0.49986133	-4.8385744	-1.8782363	-2.609122	1.3058397	1.9240336	-2.4072778	-0.6752619	-6.175414	1.5193683	-2.461847	-2.6241276	-2.2061117	-3.6939702	-4.481701	-4.3356047	-2.6022043	7.8313227	-2.13579	0.15853421	-2.5458083	-4.483525	-5.558708	-2.470528	1.4544817	0.0643612	0.27154747	-1.6579335	-1.8374866	-2.0709262	-5.504285	-2.599309	-5.4340587	-4.664456	-4.1531973	0.7218961	-2.6913314	2.9109023	1.5190133	-6.201708	-5.4470267	-3.2132976	-4.9629555	-0.43437576	-6.9833903	-7.899189	2.602909	-6.6122026	-3.2991657	-4.2144995	-4.4598594	1.2488748	4.065176	-2.5803216	-5.127651	-2.426182	-1.2026882	-3.4505336	-5.7181497	-2.634053	-4.5559654	1.2836382	-5.558824	-5.758384	0.83217466	-3.6325457	-6.0494394	-4.642335	1.0156115	-2.2832353	-2.6312752	-0.9652307	-0.34681556	-1.8019587	-2.9188519	-3.3422542	-5.5017366	-4.3263288	-0.68491584	-4.392945	-0.22085634	-4.4252234	-6.5557876	-0.7416556	-3.3012946	-1.9706482	-2.3790689	-1.0967106	-2.9507825	-1.4717499	-5.350148	-1.7175596	-1.709609	-4.619159	-3.5488904	0.20386977	-6.7693067	-1.2179681	-2.3488145	-3.7840886	-3.9010618	-0.52027833	-2.975939	-3.8835504	-7.120389	-0.44849977	-0.64783496	-0.9575486	3.982843	1.2035254	0.63446176	0.528123	-1.0583005	-1.605419	1.4565338	-4.8900065	-5.034518	-2.3345814	-3.921058	-0.5982468	-3.0352087	-4.773837	-5.124469	-6.358823	-0.96686316	-4.665683	4.707631	-2.5711665	2.66271	-3.955254	-1.7860924	-4.7384467	-3.0489488	-2.8017588	2.0119352	0.40235412	-4.3267612	-2.4648552	-2.8182755	-1.2346123	-3.3437302	-5.486886	-5.1703496	-8.367755	-1.8006079	-1.9065083	1.9766216	-6.4313917	-5.4217277	-1.7351032	-1.2389187	0.07651084	-4.612408	-1.8023254	-4.0132117	-3.102023	-4.4491844	0.094796754	0.21039043	-3.5968745	2.837815	0.5867629	-0.15990359	-2.1082187	1.8299013	-2.410006	0.88106334	-1.1222284	-3.9607105	-4.2515416	-7.409877	-2.457565	-5.2757974	-7.0199018	-1.2929101	2.3000615	-2.9873853	-2.8761494	1.4897257	-2.7721412	-1.7865396	-3.6572404	-4.480856	3.057405	4.185991	-2.774676	2.2410803	-2.6431088	3.0231671	-5.6256623	-1.6183119	-1.4635422	-3.0470583	-3.9593534	-5.364282	3.6148636	-3.7045765	0.14928728	5.0475755	-3.271797	-3.6766598	-1.3662754	-7.2502723	-4.5752997	-2.7586184	-2.4333253	1.6123047	-2.5802016	-3.6557107	-4.597114	-4.8347373	-1.118039	-1.3113236	0.46926913	-6.7382083	-2.4362082	-3.0611799	3.356949	-2.9693427	-6.923466	-8.734878	-1.4370677	-2.2130556	-6.7081976	-7.4360294	-2.6837714	-5.9303927	-5.02022	-0.045203462	-1.3270886	-1.3876283	-5.2453294	0.08618252	-4.1160808
2,3-dihydroxy-para-aminobenzoic acid	-1.063764	-1.795981	2.8252928	3.7430687	2.5970743	-0.32619265	0.47107053	1.2820066	3.3566144	5.417404	4.9448905	8.01862	-1.3922696	3.0861375	1.4648582	4.36243	-1.8010447	2.3246574	4.5541534	1.0619785	1.9907775	0.9025569	1.0292504	3.8821192	1.1891699	4.172436	2.2695181	0.9462915	-1.5738361	3.3104556	2.12593	0.4460872	5.10223	-0.6702144	0.74342364	1.9220169	0.4751861	-0.5376355	2.851011	3.0238714	3.5128078	2.7330306	1.0961437	0.8814669	-2.4738	-1.0735297	-0.4945797	4.405798	-0.38875788	-0.46999878	1.9453349	1.1818043	0.91003543	8.018619	-0.58353776	-1.5100385	4.7111244	0.50362957	2.6345503	0.43334976	0.65545857	0.31687394	0.5489601	7.5756073	-0.24021167	-1.7627048	0.69474876	5.0288334	-3.3318448	-3.1378088	4.6767917	1.4535234	3.0970447	-1.4212106	0.91095567	3.4445956	1.3257941	-2.2062159	-0.8828101	0.20058765	-0.25010645	5.1857724	0.06762233	3.7610743	-0.12672932	5.599449	5.523536	3.4259605	4.7176332	2.4801342	3.0074544	1.6132885	-1.60855	2.1410224	0.3394577	4.112525	1.4537191	-1.4128225	2.130549	0.8647537	4.1054378	-1.3091404	2.6864135	0.51093656	0.9707546	1.1266683	3.444792	0.2964346	4.429861	2.9999595	0.26939967	-0.8629349	2.6723685	4.5191164	3.6773155	6.2922606	6.213124	-1.045703	-1.2774708	-1.7727182	1.1125643	2.4866946	-0.02660028	3.754332	2.856926	1.8426669	0.6986678	2.7437143	0.5813482	1.9058447	-0.9836613	-3.3874145	3.150139	1.6701844	-0.62433815	-1.2113746	3.8936734	-1.7445043	-3.1551604	1.5713954	-3.097887	2.0601778	-0.54029465	0.9238665	4.3956804	-2.6073775	-2.234587	1.7583466	-0.17979795	2.5559027	2.024069	1.4747895	0.35492593	-0.13738565	1.3629622	-1.6512988	-4.409401	-1.8579062	-3.2154586	0.029949367	3.311272	2.6612482	-3.9185388	-0.8374281	4.3308787	5.521197	3.0801659	5.755712	2.6009853	-1.2821656	4.304253	-1.1796584	0.42031777	0.45326403	1.4757966	5.533272	5.354329	2.3205886	-1.2872864	2.4879913	-1.978258	2.3358347	3.4204695	-0.6380102	-0.7512002	-0.18912454	0.07222548	0.68564886	0.8005654	2.5494952	3.7663789	-0.5279098	1.8723508	4.1824613	-0.02019831	-1.1838768	-3.3977156	-1.5982099	3.2017562	4.7269707	-2.2815306	5.1225758	-0.92168325	1.7943522	0.021532554	0.45681822	1.4096057	1.6142796	-0.93301857	-1.2065252	3.9267075	-1.5807288	1.4828634	3.4522214	-0.17433524	2.7477865	2.4453285	-5.696245	0.1161841	3.8401747	1.3637784	2.0436022	5.777819	-1.7077925	-0.8427261	0.28032747	2.8527162	0.46916205	1.2622275	0.09207132	4.3035464	1.6926124	3.0007286	3.4232461	-0.09239663	-5.1014314	-3.2982764	4.2624397	0.038790688	-3.0025585	-0.9118867	0.8969295	3.5566845	0.31419876	-2.0561028	2.9028716	-1.6321336	0.8959559	-1.5647497
2,3-dihydroxybenzoic acid	-0.030433	-6.394458	-5.225388	-4.2060666	1.0116228	-5.3271656	0.1793017	-5.635536	0.2084812	-9.588181	-11.137197	-1.3922696	4.980373	1.0530298	-10.304164	2.4263413	-2.3496428	-6.8719316	-4.4198804	-2.7245703	-4.7363153	-2.3260934	-1.4805422	-6.126483	-5.524186	-1.8495185	0.20260915	-4.2400856	-5.1373916	-0.2397352	-2.7440164	-5.613638	-6.9673696	-4.1954436	-8.911172	-5.1550107	-0.69932973	-9.210534	-2.5824974	-1.5295367	-0.71864367	0.34185055	-8.391069	4.1685214	-7.6506658	0.66957206	-7.152062	2.8713002	-0.6414255	-6.8338647	-2.740287	-6.9480247	0.3499997	-0.7030396	-5.1046114	-8.323532	-8.402266	-3.6516488	-6.6809607	1.1785314	-0.8052284	-1.681064	-7.2949057	3.6616032	-6.435239	-4.3074217	-8.808076	-7.4830265	-2.3465292	-5.1051183	-7.167953	-6.5550256	-1.7708696	-1.6320847	0.3206302	-1.8387244	-0.1687599	-3.605533	-5.8247747	-4.7220154	-1.7574034	-5.923693	-3.559352	-3.1336749	-6.8699512	2.6200018	-1.2703849	-1.08886	0.9070199	0.6464048	0.84646434	-3.8871248	-6.365963	-0.41364965	-7.0724435	-8.398617	-8.6768465	-6.2127347	-2.2860963	-8.988987	-2.78359	-7.4895887	-6.38173	-5.702076	-6.0370016	-5.2090073	-8.925381	-4.027545	-0.19636405	-2.601063	-8.003039	-4.049713	-1.9587429	-7.650355	-3.63573	-4.6993413	-4.3003426	-8.978012	-2.8873174	3.5756192	-2.812114	-1.6991441	-4.3634257	-5.03028	-6.00145	0.19895482	-5.2152147	-3.1451826	-1.5638471	-6.273655	-8.488976	-0.735661	0.14060885	1.0350744	-8.386619	-6.2855234	-1.9898909	-7.325569	-7.350734	-2.027164	-9.74987	-7.4274063	-4.06142	-3.0022259	-0.97021604	-5.136335	-7.351779	-1.8778903	-4.731339	-4.83231	-8.545256	-0.2648002	-0.66393846	-4.8411703	-0.44708163	-6.6791196	-10.857192	-4.7875104	-9.887346	-0.9056849	-5.3792872	-6.930882	-8.163991	-6.5967793	-5.018989	-7.0575166	1.3815787	-7.2689166	-4.152783	-5.0600185	-0.7231638	-10.009401	-3.9813852	-3.9449518	-3.0129902	-5.642887	-1.4665493	1.4057852	-2.031783	0.73764956	-3.1706166	-0.49127156	1.45284	-4.0185885	-10.480311	-5.510036	-0.16402325	-6.76748	-6.9905972	-1.0162246	0.3147409	-6.512095	1.3714378	-0.467239	-8.077341	-8.010728	-8.67327	-11.084954	0.05898028	-1.6373128	-5.9127803	-7.8731585	-6.232751	0.23627146	-7.240482	0.32806757	-4.567967	-0.24805444	-7.279985	2.9956617	2.4680958	-7.671232	-4.3132315	2.156715	-0.53789085	-6.550381	-4.1242266	4.980372	-6.4779696	-0.22591452	-7.280682	0.16766033	-0.011587625	-6.4411125	3.487729	-3.6801636	3.1048408	-1.2573857	-1.0250368	-6.8633814	-1.0426304	-7.298579	-3.1472178	-2.1647263	0.14940344	2.093663	-10.677744	2.0152235	-4.045531	-8.60884	-8.47652	-1.4998153	1.4938458	-5.124973	-5.505627	-2.7554646	-7.9396667	-4.207946	1.7739776
2,3-dihydroxyhexadecanoic acid	0.43579802	5.243414	6.090392	2.156195	3.3010755	-0.4502262	2.9239848	0.21886018	3.8457086	0.1673266	-3.0751524	3.0861375	1.0530298	9.374218	-2.612862	3.8164892	-1.3465216	4.6017766	7.3942575	2.6548157	2.040658	1.4906603	1.5039474	1.3711258	1.7850035	3.8209522	5.289549	3.912231	-0.29577002	6.359738	3.4329422	1.7764667	-0.8871918	1.1030473	1.3146521	0.16391888	1.3662803	0.35112557	3.9868107	2.9563518	2.8771095	1.6887347	4.216932	6.4086084	-2.6248455	1.3061538	3.0228546	6.1494265	6.0604105	-0.6239989	0.7111596	1.1149201	2.8383968	6.4087243	-1.7703716	0.19082521	-0.20306002	1.8892933	1.2219124	-0.26765484	2.9045804	1.2374619	-0.791752	3.2261467	3.7195182	-1.0693018	3.2021704	1.7453572	-0.743103	0.12552252	0.4505632	1.1966138	6.1139216	0.7825931	0.057435643	5.202076	2.261311	-1.044283	-1.8469386	2.5021381	0.84237957	5.9534636	1.7628688	1.3281578	-0.73776615	5.2903423	6.3441443	3.6105986	4.078575	2.0670013	5.6618047	3.177834	-1.7629708	5.8342233	1.4544389	-0.9150697	2.9228816	-3.7900858	0.9404279	-1.5517381	3.085555	7.9417467	2.2112255	2.7464597	1.6564199	-0.12658314	0.88730514	0.50419295	5.1729064	7.250201	0.21132314	1.7872378	3.8526585	-1.6777935	4.4609146	1.3642063	1.0505593	0.4378043	2.739696	1.4952165	3.4336126	3.9179335	0.5239927	3.899025	3.0184984	1.1398765	-0.55614144	3.0020669	2.4607542	3.9485073	1.7214532	-1.6295667	2.905308	3.071135	-2.0321321	3.2067242	-1.764318	3.1415243	-1.5203633	0.38033202	-1.5395855	2.8958607	-0.29947093	3.147262	0.14349712	-3.9936068	-0.7794313	4.2236643	1.230918	0.87550664	2.991135	5.6254215	0.33729786	3.8922915	5.185038	-0.27518123	-3.578407	-0.79212856	-4.4680853	2.6115482	0.06417973	2.5471246	-3.036679	0.7674646	2.393447	-2.6762586	4.973828	1.2009051	4.8627596	-1.4547861	6.1773396	-1.510599	-0.3822583	0.5071739	1.5270725	4.2230787	9.374217	3.9749837	1.3973485	4.3629766	0.8210406	3.63408	6.370719	1.7381035	1.2471752	1.61654	-1.3939335	1.7336817	0.5257561	2.8382676	4.6512175	-1.3259832	3.9529748	5.1562805	-3.3368852	-2.530947	-4.1778126	-2.827886	4.408622	2.4923239	-2.5330288	-0.96394104	-0.54891574	4.145685	-1.5939577	1.6501213	0.3500219	2.4950492	-2.61215	-0.3235896	4.7653327	-1.7332783	4.1526184	4.3724604	0.51647264	5.432526	1.2307014	0.29622716	1.1667433	4.0547943	0.4593776	1.3312386	6.3168902	-0.32392484	0.4075342	0.16757043	4.130793	5.2351823	-0.1722194	2.8489285	4.408189	-1.4615537	3.2462256	7.842315	2.3208349	-0.33177435	-4.783742	4.0496793	4.8300805	-3.4459715	-1.0048181	3.519782	6.7275767	0.37138402	-1.2729006	3.5876224	-2.7527323	4.3130884	0.797546
2,4-diaminobutyric acid	-4.4563785	-2.701272	-4.116101	-3.1560185	-0.24169543	-0.481258	-3.0489857	-1.4386042	-2.4703407	1.4124076	2.6842554	1.4648582	-10.304164	-2.612862	4.5048885	-3.0078466	0.7441063	-2.288148	-3.4089613	-2.779863	-1.8975025	-2.638895	-2.3862066	-4.423754	-3.5785728	-2.8263245	-2.8352396	-4.6328564	-5.7400045	-4.22262	-3.7964406	-3.9971936	0.88383794	1.412075	1.779933	-3.721346	-0.9012521	-4.8896184	-4.8396597	-1.0966885	-3.2274973	-0.71539915	1.1705489	-4.1064234	-3.305383	-4.36577	-1.4266326	-5.0322733	-3.9284406	-1.5744761	-1.6841418	-4.685711	-0.8642918	-0.6414518	-4.547569	-4.901384	-3.0909343	-0.42534608	-3.0143368	-6.302644	-1.9766796	1.3689526	-5.7262335	-3.280631	-4.1259003	-5.960051	-1.400298	4.17988	-2.7555034	-3.8607104	-3.7006524	-2.1630363	-4.2031527	-3.344045	-3.220483	-2.336139	-0.16165097	-4.8982816	-3.547169	-2.082246	-4.727345	-5.349961	-2.0819557	-3.7394476	-2.2130473	-2.1710298	-0.91147053	-2.8497846	-2.8857698	-2.2107484	-4.4718	-2.439272	-3.6205251	-1.9253995	-4.3542304	-4.167596	-3.6227634	-6.0012736	-1.6702557	-4.5844884	-4.6668544	-1.0881343	-3.9338279	0.050504852	-4.360386	-5.521636	-3.5594738	-3.6743777	-3.235636	-3.475856	0.07224411	-2.5753582	-3.4888692	-5.742493	-1.5463607	-4.6621056	-3.6071966	-2.772239	-3.9078026	-5.365247	-3.9496272	-3.717508	-3.0504649	-3.3496099	-0.53901875	-3.396706	-3.9281876	-2.6342928	-2.4009569	1.8862038	-4.0123835	-2.3261688	-1.417691	-3.376247	-3.1654975	-3.2125003	-3.542259	-5.857352	-7.04721	-2.9740076	-4.011135	-2.6293797	-1.9918536	-2.7620878	-2.748543	-4.987437	-4.4644156	-3.5385163	-3.240743	0.75369453	1.4405812	-3.2809048	-3.4165308	-1.4175441	-3.236927	-4.7129817	-7.3580437	-2.9602668	-9.192591	-5.231422	-1.3998958	-1.1867627	-5.6247	-3.9443183	-2.1661503	-5.5397997	-3.1411128	-2.8817608	-3.2188845	-2.0231724	-4.1569834	-5.69946	-2.665515	-3.4492073	-2.0050735	-1.2600371	-5.1086135	-0.005216601	-4.888388	-3.233471	-2.3697193	-3.2164412	2.9582946	-4.577742	-7.085418	-5.248709	-1.6500683	-3.0603952	-4.136625	-4.029951	-2.2417502	-1.6849908	-2.2676647	-2.3940833	-3.5650735	-3.7894897	-5.2138824	-6.107279	-2.7915463	0.19369948	-2.1924531	0.46768954	-3.4277287	-1.3013757	-4.340973	-3.68642	-1.8285016	-3.4599571	-3.966119	-4.8211846	-2.293655	-1.5886616	2.6030946	-3.019849	-2.1294034	-1.386544	-0.61767143	-7.094021	-2.6724179	-1.4553341	-1.287841	-3.333505	-4.6502266	-4.234723	-3.9909613	-1.3826948	-4.0983443	-2.764081	-2.6600273	-5.8087664	-3.1423728	-5.039078	-2.961887	-3.4412758	-2.4198635	-7.1770835	-5.201064	-3.8876634	-3.5708675	-8.4044485	-2.3274713	-3.2989607	-3.072975	-1.6645329	-4.0368404	-3.580249	-4.180433	4.5048876	-3.9890237
2,4-dihydroxypentanoic acid	1.8246363	-1.7727324	4.3949103	2.383287	0.09093026	0.7026585	0.08129827	0.080342986	5.062199	-1.4598897	-0.49986133	4.36243	2.4263413	3.8164892	-3.0078466	9.62961	1.4248122	3.7465096	7.4555993	2.1485138	1.898066	0.39299157	1.7231745	0.5605212	4.9608445	3.1706805	2.9789994	2.2862608	-0.8877473	2.7069838	5.338766	2.091758	0.6066999	1.0214355	1.7703853	2.433055	2.3343806	2.3860831	9.629609	4.0610223	3.6170642	1.5290899	1.3033459	1.47955	-2.8780115	0.8938787	-0.4151546	4.234932	6.4474797	-0.73602176	1.0603936	-0.64870846	0.41378683	2.8626387	-2.884985	-4.2726717	0.27932128	2.6831188	0.450626	0.7583605	1.4787515	-0.41058454	-0.6768868	5.0965333	-3.2121184	0.9121319	0.45841572	1.6578566	-0.78270495	-3.606215	-0.82775235	0.30261183	5.47917	-0.4969144	3.7840235	3.5733614	3.9849937	-0.3971684	2.1527061	-0.4140024	-1.6213644	3.017716	0.8576586	1.4911058	-1.163067	3.3858795	2.6316912	3.7935953	3.8626282	3.5240023	4.1428885	3.0925314	1.1927571	3.9190564	0.12962134	-0.2724635	-1.0544329	-2.1944253	0.92563874	-0.9105639	1.528255	2.0281808	2.8547628	3.8609064	0.62425023	-0.68400913	1.0537938	1.6219988	6.9177995	4.3157744	0.50595206	0.45336798	3.0029783	3.5511801	3.471693	2.3367293	4.519459	-0.85503983	1.8830842	2.2415593	1.8029854	3.6379113	-0.23578158	1.5128468	4.487891	2.393912	-1.9364079	2.8412585	3.345696	0.37174836	-0.8963659	-3.6396372	1.5736734	1.9712495	-0.04978319	-0.55227077	1.6131597	-2.8898737	-0.98170793	2.2919912	-3.4255843	0.9624472	-0.021507336	4.211719	0.80856067	0.2848908	-0.50690854	2.375771	4.4689617	0.7626159	-0.10717667	7.059828	3.9253197	4.311884	2.6928835	-1.3042055	-3.8325596	0.36007902	-2.3083398	2.104573	0.12955967	2.046114	-2.9266746	-2.7720225	0.66188586	4.7330804	4.2203517	6.1544557	4.3631587	-1.3222945	3.467384	-4.2555747	-0.14363208	3.3213692	1.416454	6.0056257	0.32745963	1.7774034	6.575029	4.402047	-2.155998	2.7981288	3.8912632	-1.8941414	-0.24465914	-2.2342894	0.023430135	-0.48012102	0.8212068	4.434479	3.405584	-1.15798	3.8505192	3.243588	-3.4577296	-2.8351336	-4.5876803	-2.16753	3.2476723	4.289835	-2.2676964	3.851423	-0.15882614	2.4248073	0.8334895	0.8525493	1.0605769	5.5478315	0.36387277	0.31607896	1.9316976	-2.6503055	3.4605026	1.5565786	2.6759193	-0.54062206	0.21957746	2.177034	0.85209465	4.728705	-0.90052396	5.3284497	2.7268376	-1.8697683	1.0956146	5.5315022	6.7569184	2.6646953	0.34157157	2.9006584	2.4660788	-1.3734176	2.0060446	2.9247992	2.0614192	1.6858511	-4.2257648	4.63008	-1.723196	-4.0412626	-2.1197867	1.0401188	3.3658035	0.5488095	-2.1138225	2.4437048	0.25224814	2.7314212	0.52955794
2-(1-methylcyclopropyl)-D-glycine	-1.4340835	0.04683189	0.039730266	-0.8593667	-1.1147208	1.4061806	-2.0011451	2.4190474	0.67782164	-3.3919168	-4.8385744	-1.8010447	-2.3496428	-1.3465216	0.7441063	1.4248122	6.9203296	-2.108268	-1.5006939	-0.03288502	0.6549828	2.9850736	-0.415322	-1.7569114	-1.3204615	-2.584998	0.06560358	0.13336542	-2.5604894	1.8943621	0.08443021	-1.8850645	-3.0298417	-0.42360562	0.016785085	-0.015905637	0.2395309	2.266355	-0.03736226	0.5287079	2.1541255	-0.43344885	-1.4519721	0.69648373	-0.35788256	-0.929542	-0.24185982	-0.26789594	3.0366254	2.617572	0.8595437	-0.622833	4.1548896	-1.5595788	0.70281565	-4.1574073	-0.106900744	0.6343788	4.3898253	-2.561975	-2.389489	-0.57626987	-0.34103426	-1.4485081	-0.8237857	0.105734766	0.9354709	0.11974861	-0.4491894	-4.052308	-0.688155	0.86904645	-0.852138	-1.4201646	0.10642619	0.55728495	-0.30972794	-2.126761	5.2356977	-1.2917702	-1.4805301	-5.9080563	5.2142367	-1.5752865	5.6908793	0.1477741	0.8862163	1.4074078	2.182204	-1.0079591	-0.09943069	0.43599206	1.6933758	0.20063639	-0.6212797	-0.90188843	-2.5370889	-2.3318143	0.053216673	-1.4996735	0.12509121	2.4986567	-1.4179082	-1.0155488	-0.95836824	-1.8582853	-1.4354415	-1.8358694	-0.29620528	-0.4712676	0.26972264	-0.50060225	-1.8593389	-4.2093205	-2.4340549	-1.2930958	-0.9924634	-1.2901078	-1.6782999	3.1722064	-0.6435566	3.7029219	-0.3592183	-1.3501642	-0.22625221	-0.510131	-0.5426172	1.8831292	-1.6796904	-0.039282084	-2.0223703	-2.2481177	1.2117833	1.6497737	-1.3443475	-2.3392775	2.6486228	2.3710954	-4.8885007	2.648405	-0.031899903	0.026165009	4.097738	-2.1635814	-1.5960377	-0.8240006	-1.5500072	1.0593072	0.5882821	-0.47487625	-0.07350459	0.13721204	-0.11834577	-1.7778132	1.0798172	-1.0138202	-3.364083	3.8407817	-5.128647	-2.1277854	0.88138574	0.7751767	-2.72785	-3.5728123	-3.790646	-6.078876	1.1436517	0.20184846	-0.3252064	5.367122	-2.3098388	-2.2529955	0.47675171	-1.7080305	0.09739131	4.5710406	-0.7294621	0.8341447	-0.552335	0.52750796	-0.39270955	-0.27644768	0.304505	-3.039997	-1.6003098	-0.40468436	0.94858503	1.8770664	3.1490278	6.9203286	2.428534	-0.017266324	1.3303059	1.1897418	0.87897646	-2.5797355	0.23855795	-1.3698758	-0.77576816	1.7496258	3.4832227	1.3544621	0.13459332	0.23622972	2.4262247	1.3375952	0.33684582	1.1302264	0.45143357	0.61813754	-0.71716297	-1.6385019	-0.6567971	-0.85527533	4.270149	0.33327714	1.7616776	-2.0355945	3.7874606	2.0406737	-1.9523668	0.74167013	-1.5750827	-0.61612314	1.2884191	6.592375	-0.18900006	-2.3384926	-1.1051222	-3.0832884	-0.14489143	-2.0737653	0.31925878	-0.85511553	-1.236099	-4.4320383	-3.8946223	-3.306255	3.989895	-6.637832	-1.047713	2.373532	0.8770861	1.1765283	-1.0782859	-0.12508716	3.0725665	0.31620333	0.46502155
2-amino-3,5-dimethyl-4-hexenoic Acid	-0.1364096	-0.15850893	4.445397	4.510691	-0.4614081	1.0126994	1.3924763	-0.74909925	3.2783575	-3.853141	-1.8782363	2.3246574	-6.8719316	4.6017766	-2.288148	3.7465096	-2.108268	8.822852	6.5741987	0.6840457	2.0793438	2.2925289	1.293756	0.48086444	2.6343856	2.622367	2.743644	0.4712378	-3.0518756	2.1007214	8.298159	4.034907	-2.7020738	-1.6172158	-0.09780664	0.226767	5.6738644	1.2190727	4.070235	6.1936545	-1.9593132	2.4877014	0.2214057	-0.39888072	-2.2486944	1.4875395	0.5990652	5.1081805	1.654077	-2.4549158	0.6672429	-0.5807345	0.1305775	3.8906763	-1.7285637	-3.456397	0.7710318	-0.38367975	1.7378107	-2.4026191	3.3562949	1.341775	-4.6349454	-0.73248744	-1.4449236	-2.000213	1.4885974	1.9174349	-2.6831398	-1.621757	0.6420493	1.3227456	2.8520114	-1.7195549	3.360504	4.2739186	0.67665964	-2.106196	-0.4865545	0.045956925	0.25127965	7.603911	0.92174685	1.6466649	-0.41973543	2.0325046	4.6809626	4.7614775	3.6374705	6.280481	3.515497	3.3649197	-1.5817827	3.0752861	2.0887413	0.4949742	1.3584554	-4.8913364	0.9596582	-0.22690922	-0.9756534	3.0351295	4.169428	3.5926757	1.1135798	1.198515	-0.0030823844	2.5589492	2.6483033	2.258756	0.9652551	-1.3652546	1.8245623	-3.122207	8.822851	-0.35981387	1.0598853	-0.59969836	-0.6433584	-3.3306787	0.08064162	4.91621	-1.0203977	1.0563638	4.9442506	-0.82650167	-2.4261591	4.008219	1.8339236	1.5892842	1.5653301	-1.4952565	0.73907673	4.10339	-1.81873	3.2297044	-0.25918382	-2.784987	-5.381378	3.1292663	-2.8676126	0.72710276	-0.040760726	6.855713	0.9025616	-1.2221855	-0.8745406	2.9559813	2.935469	2.730294	0.74902976	-0.19210577	3.3283594	8.716267	2.4724581	-1.8987585	-2.400054	-0.23573223	-2.418657	1.2082973	0.81457245	1.4152625	-3.191338	-1.3570354	2.194075	-5.3666162	4.9474287	3.2902353	2.9585366	-2.5154073	6.3199425	-1.7515631	-0.76057196	6.227171	1.0149498	-2.4408352	3.988025	2.1098218	-0.79185224	4.428419	-1.2990105	3.7043395	3.1020195	-1.7707281	-3.7567406	-4.592289	-2.0344136	0.9590999	-2.3505962	2.2354944	5.1128306	-0.38455367	2.5904806	1.417341	-4.3112764	-3.814488	-2.8994582	-3.9362605	2.7222664	1.4887626	-0.015791968	-0.5561334	3.7169437	2.6176589	-1.9098758	0.33259326	1.3286232	6.8109503	-1.371354	3.9033606	2.1803036	-1.8467993	2.1190014	3.8849976	0.67959833	1.5762354	-0.06376481	-5.53775	-1.3222668	3.2473683	2.4347684	2.0310237	3.908496	-0.03888883	1.6883497	-1.0790474	6.430891	3.648949	1.089736	8.359136	-1.077185	-0.9787944	2.2019563	4.8863993	1.8959943	-5.157127	-5.504428	-1.6980944	-1.8018641	-4.4550247	1.9357239	3.495548	1.8881643	0.80070394	-0.08852031	2.939479	-3.2209663	2.6087523	3.1021273
2-amino-3-hydroxycyclopent-2-enone	-0.8919485	-2.2283077	6.078741	1.4400791	-2.2292283	1.1257753	1.0272837	0.11277931	3.582914	0.12564366	-2.609122	4.5541534	-4.4198804	7.3942575	-3.4089613	7.4555993	-1.5006939	6.5741987	9.494173	6.088022	5.4583993	0.9648357	3.553864	2.635544	6.153533	4.315394	6.081758	5.5250397	-1.4261004	6.360673	6.6277103	3.6630986	-0.7454429	0.29495186	1.8798407	2.6469812	2.8660517	4.8331604	6.028576	3.9725866	1.6516643	4.0409217	2.2393289	0.31971642	-3.2833045	0.2844373	-2.5290475	4.8988576	6.548217	2.3066068	-1.0990778	1.8342673	2.5280414	-0.385418	-1.3747811	-3.6246972	-1.3342451	-2.8923824	1.9572324	0.8873487	4.456437	1.4249284	-1.9892094	3.7274244	-2.3135967	-0.085003465	2.789233	2.9275882	2.987697	-2.5193872	-1.8473283	-1.624179	-0.7266177	-1.794873	-2.458584	9.494172	-0.8899046	0.9034928	-0.70861137	0.7055376	-1.6864238	8.6165905	1.6712499	-0.15314439	-1.9126037	3.2042053	0.6613054	5.5849895	5.7998233	2.9708912	6.5596876	2.8837245	-3.4292963	3.7322414	-2.418286	-1.0868223	4.7900424	-3.885885	1.1829323	0.43594414	2.1867242	0.47351938	3.5124018	2.759329	2.907827	-0.7189512	1.7882868	-1.4661924	6.5608983	8.505563	1.7982148	-1.7815454	6.8988132	1.7014102	6.1738024	0.340024	4.72039	1.2027235	0.14890046	1.6024489	2.3891425	4.937231	-0.31842938	-0.5584429	1.6330082	0.25466883	-0.36266202	4.081174	1.4539433	3.9317968	1.0497727	-3.9792538	3.6018329	4.231179	-2.793826	-2.7697814	0.9031791	-5.9463925	-3.9232597	-0.35102907	-6.5640087	0.592402	0.22281216	2.7468843	-1.4221728	-3.229155	-2.2745993	3.7513874	3.743951	2.207726	-0.003943514	5.644345	-1.2398328	2.394738	7.423751	0.35882068	-5.5697656	-1.3627622	-4.976853	5.809683	-0.8979586	-1.9817153	-3.8368971	1.4131422	4.0961404	2.8340824	3.3168015	2.097732	0.17797358	-1.9081434	6.3775625	-6.6576805	-3.7035148	1.5931498	2.8041573	4.7915606	7.819662	3.9973056	1.6753736	6.2370124	-3.5659404	5.0902905	6.120959	-3.854122	-1.0232458	-0.64316803	-2.552085	2.0442524	-3.314551	3.3328137	5.6076746	-0.7980588	5.4280033	2.9542196	-5.302166	-4.10041	-3.702078	-3.7759655	6.9587555	2.8489056	-2.0570836	2.0164135	2.035442	3.4300177	-2.3899665	2.364085	-0.4897248	5.7098475	-2.8223684	-0.40422615	4.4027314	-4.4620833	1.5808179	4.720702	2.3591497	2.806532	0.42971474	-4.210179	-0.5807546	6.018119	-0.49211937	1.5836835	5.7267246	-2.0341103	-1.0783554	1.1391938	6.5153446	1.7776823	0.8369844	0.16056587	4.47696	-1.4966829	5.494089	6.2530603	3.5170698	-1.0943533	-5.246234	1.7503494	1.5697008	-2.955471	-1.0421984	1.2307718	3.8348656	0.014573515	-0.73352534	4.614445	-2.513343	7.246287	-0.44291362
2-amino-6-hydroxy-4-methyl-8-oxodecanoic acid	5.0350566	0.18625388	3.290166	2.7249844	3.1738243	-1.9604069	4.221491	0.81569195	3.108128	-1.190069	1.3058397	1.0619785	-2.7245703	2.6548157	-2.779863	2.1485138	-0.03288502	0.6840457	6.088022	8.452425	1.5409566	3.937348	0.8023841	2.7936683	4.0337133	2.86212	2.377518	2.0004215	-2.8747292	4.1969953	2.4566686	-0.788736	0.06582899	-0.5209795	-0.41224805	1.3963478	2.308616	1.5231947	1.2302636	2.8738806	4.3403974	1.1109233	4.23979	2.0640554	-2.2821922	1.9841026	0.18561146	2.9701438	0.8382984	0.7095804	2.8241394	-1.0184131	3.353469	2.0033863	-2.8014448	-2.37749	0.42898318	-0.42590943	2.214452	-0.07297139	4.032673	3.873295	-0.92820686	-0.5666857	1.7097702	-1.9312098	0.4763307	-0.34331536	-1.5565163	-1.2721578	-0.030685378	0.19551024	2.8365397	-0.36058378	-0.6055064	3.3483367	1.5181242	-2.047219	-0.72561455	-0.91795254	-1.0910013	-2.1503682	0.31690264	3.2507813	-0.3761512	1.5477672	1.7399266	1.5840472	2.819379	1.8551896	4.2085266	3.7026572	-2.0157971	3.6546035	1.5560501	-0.35021555	1.55677	-3.57797	1.3096951	-0.8581719	1.4233202	-0.54486525	1.6306709	-0.31078276	1.0697609	-0.42266646	2.3785791	1.345055	2.133571	2.849304	1.2303241	1.440629	1.3425543	0.5544022	3.3975017	6.508312	6.8224134	-1.2224919	3.950737	0.5449792	1.1456579	4.1664805	3.0162215	2.1032848	0.17183371	2.7388585	1.5746564	1.965306	-1.8839688	1.9733744	3.7861733	-2.4765913	2.3248835	1.6854247	-0.54983234	0.7053818	4.810666	-1.2173212	0.57546234	4.756929	-2.3902676	2.4006505	0.6012585	1.2188106	1.4510872	1.4760015	3.2804327	0.57881147	0.6808382	1.8005176	0.3318142	-0.100975804	0.142774	1.390915	1.4396299	2.113533	-1.864937	-0.044294406	-1.733743	0.7566386	0.3917714	0.99063957	-2.5033462	-1.9016054	3.5153458	-0.24850118	6.0473104	0.886246	1.514004	-1.6739482	2.2694921	-1.6679586	-0.83955777	-0.43565464	3.212463	-0.2703562	2.6838882	1.5663422	0.6287912	2.5742834	-0.3812127	0.7855015	2.5732517	-0.34643152	-3.9038057	-4.654557	0.4494788	-1.1642153	1.4709127	0.8383653	2.3227143	1.1891084	5.0388494	4.49379	-3.3842943	-1.9012531	-0.20824505	-1.6994863	1.9278371	0.5841527	-1.8418261	1.1152469	0.7643419	8.452424	1.6520011	-0.05233444	1.5068009	1.7377181	-0.6637449	-0.5444365	1.9372292	-0.71768177	-0.35940492	1.7251468	1.861926	1.5041002	4.0142426	0.24779266	-0.35536852	1.4055172	-2.469961	1.6604853	-0.10569587	0.18443015	-0.36492184	-0.054673683	2.2972798	3.06826	0.355113	0.15333155	2.979718	-0.55534786	2.3237154	1.9187243	-0.4530215	0.45017278	-2.3273566	2.4339123	7.286995	-2.15571	-0.2837838	5.4306216	2.355556	0.658275	2.4628737	1.8642896	-0.24972136	2.0910676	3.022522
2-aminoadipic acid	-1.0929857	-1.1729863	2.4857657	2.3365543	1.0651122	0.19515301	1.4678127	2.4655683	4.011999	1.5505294	1.9240336	1.9907775	-4.7363153	2.040658	-1.8975025	1.898066	0.6549828	2.0793438	5.4583993	1.5409566	5.753489	0.16921045	0.8027703	2.0922232	5.4730387	4.045876	0.46711466	0.23838823	0.51603264	1.6516829	1.4980059	0.42763388	2.2958372	-0.09639544	0.7513274	-0.15322933	1.8048989	3.3756433	1.3628591	1.79905	3.611227	1.6356114	0.2685037	1.2379595	-0.89089465	0.115907826	0.00526664	1.1969432	2.3629212	-0.14013061	-0.5151403	0.3635754	1.4640146	1.406605	-0.26824623	-1.5783914	-0.80479944	-0.69729066	1.8879292	-2.784028	-0.34171242	1.5941415	-1.007149	3.1331391	-0.7569785	2.3367043	0.957433	1.1810632	1.8177177	-1.4272077	0.45631272	1.7244692	0.20537187	-0.9133638	0.6551469	1.8829743	2.2921426	0.43846506	-0.04512762	2.1408794	0.096892565	2.7220721	-0.019240001	1.053383	3.2646646	1.968114	1.6460865	2.758666	2.9999826	2.4248881	1.8727179	1.3381629	-1.2313567	1.1702353	0.20575717	2.8815627	2.2538023	-3.6526062	1.210598	-0.035457987	0.4535474	0.35196432	0.21937728	2.2381318	-0.34601253	0.16809416	-0.006607109	0.9078323	1.3052044	2.333498	-0.10710913	0.8327699	2.3104355	-0.8464628	1.7189379	-1.1989052	-1.2135129	-1.1435298	1.7511436	-1.3720149	1.1298119	1.9017415	0.68509084	3.1870205	3.1842587	1.2517642	-0.63179034	1.8610449	2.2249603	1.7239984	0.29716507	1.8124387	1.3327127	1.004291	3.010532	-0.6351861	3.8077989	-4.428153	-4.149158	3.1407042	-0.98933923	3.6226394	0.2465059	2.4866397	0.37256682	-0.23848066	0.42316988	2.6348736	0.8652915	1.3192931	2.26973	0.6803664	1.0798713	-0.5608953	1.9529358	-0.44580314	-2.6473563	-0.87846655	-4.375467	1.4616112	0.95013154	0.121913336	-0.037462708	-0.44414693	2.7906206	-2.101237	2.0331829	1.6167754	0.062971815	3.0116546	1.7695946	-2.545037	0.023984287	0.6317054	0.42244813	5.753488	-0.7299856	1.4881092	1.0422214	1.5290679	0.42066398	0.84352505	1.6840874	-0.65815115	-2.800569	-4.2350974	0.3004157	-1.4536712	-1.46519	1.2949024	3.3295865	1.6065843	1.9052961	5.4728723	-2.175629	-0.24143152	-1.6616583	-1.8599178	1.9384861	2.1644597	1.4833105	1.571544	-0.048198458	1.0186927	-0.51137936	0.115401976	1.120237	4.1455064	-0.23829304	1.6082846	1.1009007	1.6459558	0.32795486	1.8403873	0.92958885	-0.6389265	2.7013376	-4.998367	1.395768	1.8900278	-0.6259703	1.013699	3.0101986	-0.61725783	-0.029356785	1.7300386	0.76054955	0.043115538	0.06808671	0.7741431	2.4520872	-0.712419	1.8969486	2.8002834	-0.93968743	-3.6835377	-3.640452	2.113992	-1.7218528	-4.759502	-0.12787642	0.8361806	-0.013805002	0.7960144	-1.1872528	1.2264909	-1.1589948	1.3714696	2.2091784
2-aminobutyric acid	-0.32130232	0.44446895	0.13187118	0.15047891	-1.8329976	2.9190116	0.8419663	0.2662725	0.23400228	-0.53728837	-2.4072778	0.9025569	-2.3260934	1.4906603	-2.638895	0.39299157	2.9850736	2.2925289	0.9648357	3.937348	0.16921045	4.8561068	0.3097023	-0.42726144	0.16555357	-0.1984066	0.9247439	-0.32061931	3.0645142	1.8014474	1.4229349	0.20525548	-1.7137736	0.4109011	1.0190784	2.4135513	0.49089622	4.4164023	0.87346447	0.8071033	2.4786992	1.4645681	1.7380835	-0.82458204	0.0037001693	2.459901	1.0247394	1.0023435	-0.92834127	0.6755298	0.3700046	0.13245544	0.22325148	1.0992554	-2.5699708	0.04146332	-0.36517826	2.119053	1.8311504	-1.0801966	-0.29782763	-0.7324566	0.07543548	3.028647	-0.46473685	-0.43731484	0.7574258	-0.04707505	-1.5719229	0.15367733	0.17478846	-0.7734848	1.5412878	-0.95974565	-0.2144241	1.326317	-0.19918753	-1.8494824	1.8561614	-1.6020741	-1.2941318	3.4808636	4.498252	0.1886388	-1.4310547	1.2584494	1.1341308	1.2665277	1.5171356	0.56043863	0.36078346	0.80010444	0.99509764	0.16236772	0.054427244	3.0418313	-0.61185795	-2.0649846	1.3392248	-0.12716272	0.060656723	0.6157429	-0.0066197873	1.252028	-0.13232051	-0.3349291	-0.43543202	2.4119406	3.2864537	1.2891252	1.310413	-0.7983175	-0.15236437	-2.905368	2.0872636	2.616122	2.3365648	-0.6376881	-1.4335787	0.9003748	0.45049828	2.5699594	0.06233731	-0.28980884	0.41744858	0.7618638	0.05983522	1.749479	-0.729915	-0.3482549	-1.5338684	-1.9476604	0.78040355	2.8308942	-1.2810178	0.6396243	0.29013616	1.3888874	-0.92604566	1.2580237	-1.1436698	0.7939045	1.4811311	1.9367462	1.9165344	0.61047894	-0.6176667	1.1876132	0.29072443	1.5532542	1.083447	-1.5036908	0.29154024	-0.7052311	0.7950971	0.25807303	-1.3312057	2.9275293	-4.7472744	-0.98545694	0.34034377	1.0683392	-2.1214044	-0.30983123	-0.47719014	-3.2048645	1.5284611	2.1684892	1.124299	-0.8985427	1.9276041	-1.2176181	0.15384379	0.87010163	0.27127185	0.72879267	4.1712675	0.6417812	1.2991726	0.39112645	0.30313456	-0.28597254	0.9489944	-0.5263235	-1.6863543	-1.3412491	1.1152703	3.9193954	1.4424635	1.2970212	2.079632	-0.06317576	0.3623081	1.2008206	-2.936745	-0.097254284	-1.4572517	-0.3907213	0.59326804	-0.29913673	-0.9231534	0.6862752	0.30299032	4.856106	1.3211681	1.1796188	1.1460654	0.5045505	-0.026813515	1.2417586	0.91857845	-0.20731632	-1.0832461	1.3237149	2.3599772	1.7277886	1.174941	-4.309132	4.251063	0.7703769	-0.3797509	1.2281194	0.38797235	-0.23592082	0.9616709	3.5105174	0.6250581	-0.44729614	-0.72340816	0.29434487	0.5225237	-0.40173876	0.08351072	2.0314982	-1.1190267	-4.282169	-3.0478897	1.2469336	2.9276357	-4.837323	-0.13874942	2.1198137	2.1338727	0.6519104	0.33693182	0.37345538	2.2707243	-0.3042226	0.51443183
2-aminoisobutyric acid	-0.8406809	0.52669847	2.6383011	1.3140434	-0.3724462	-0.953434	1.7352785	-0.4484862	1.9509686	-1.3240368	-0.6752619	1.0292504	-1.4805422	1.5039474	-2.3862066	1.7231745	-0.415322	1.293756	3.553864	0.8023841	0.8027703	0.3097023	8.186222	2.0866761	1.9203248	1.2471585	2.6380613	3.4813008	1.3756945	1.398425	2.3449721	2.3524773	-1.175872	1.7024118	1.6424205	1.7037219	1.2853597	0.6954903	3.2431312	2.2332263	1.5140731	2.8011603	1.2506417	1.5235072	-3.182269	-0.34270784	-0.11977305	1.1880672	2.379961	-0.22402635	-0.36061603	-0.8949019	-0.93681407	1.060833	-2.2479503	0.29198575	0.297832	-0.3955467	1.2366605	1.5923344	1.3298081	-0.26169536	-1.7453032	2.7850306	0.12770674	0.16644554	-0.08541037	1.3052157	-0.5881353	-0.28235084	-0.13950406	-0.5100485	1.2565615	-1.5348452	0.21831152	2.6568694	0.07218064	-0.897854	0.6523628	-0.87003964	-0.9413608	1.1369994	0.24182235	1.3628137	0.35426795	1.7314652	1.3426381	2.0663998	1.6033756	1.8416197	1.8578558	1.2151265	-2.773902	1.378231	0.39641994	2.1293561	1.2913544	-3.239372	0.74455667	-2.2852764	0.6150115	0.11373883	0.35408962	1.9101052	-0.40604284	0.6760604	-0.5914959	0.8653665	2.570733	0.91256326	0.45076206	-1.2101191	1.7588	-2.0112183	0.9693199	-2.0187037	-0.17096129	-0.643121	0.11502273	0.32116914	3.4597626	1.3060352	1.6917361	0.37973028	-0.15056223	5.5163717	1.5135528	1.0552775	-0.17445374	0.04635136	1.6896145	-3.0472357	1.0543696	0.5519806	0.48227033	-0.13169234	-1.5156851	-0.2768174	-3.5089662	0.20438085	-2.8742416	0.4766854	-0.102109835	2.9364076	0.07296491	-0.4597973	-0.5436562	0.07473073	0.7240475	1.6635228	0.7453725	2.8652353	0.19773148	2.321543	1.7187241	0.45840168	0.4154735	-0.59418255	-2.5107021	0.045511838	-0.3876969	0.9577915	-2.633285	-0.03948123	1.1438295	-1.9262156	1.2306017	1.7660333	0.4253138	-1.5498407	2.6510446	-1.9780912	-0.44004148	-0.7582143	0.17807566	3.2134607	1.2175173	1.2487365	1.1355736	1.2455072	-1.7602692	0.8839604	1.3885461	-0.10592224	-3.0010853	-2.2953384	0.14026725	0.26490796	-0.41353485	3.1212807	2.544324	-0.8569682	1.1939608	0.97028	-1.4717567	-1.7459027	-1.2086707	-3.3614135	1.3103681	0.08782674	-1.3983383	-0.8225744	1.127178	0.41069704	-1.5682589	8.186221	1.115763	2.18989	-1.4465804	1.807013	1.7213869	-1.9739652	1.5112461	0.8385641	1.2718004	2.038124	-0.8873937	-1.2978652	-0.093613	1.8758359	-1.6588433	-0.3251835	3.858041	-0.6607313	0.9856735	0.8133025	1.7097028	0.8309749	-0.13147372	1.219398	2.1808124	-0.38917884	1.1499047	3.0745678	0.6716893	0.93002784	-4.285849	1.4509797	-3.4257276	-4.2725263	0.38575166	0.96473855	0.6799398	0.101924725	-1.187832	0.9200596	-1.210601	0.74697876	1.9640934
2-carboxy-6-hydroxyoctahydroindole	1.4664502	-3.9216545	6.9525905	7.1956053	-0.4968019	-2.808725	0.7561252	4.1417522	7.223189	-2.8747208	-6.175414	3.8821192	-6.126483	1.3711258	-4.423754	0.5605212	-1.7569114	0.48086444	2.635544	2.7936683	2.0922232	-0.42726144	2.0866761	9.796612	-1.4101652	9.796611	1.8199202	0.2983408	0.596804	4.240012	1.2858794	-1.0970415	-1.4526234	-2.0287983	-1.1281775	-0.71696573	4.036957	-1.7046245	2.498614	2.878595	1.8189523	0.23282652	-1.2877394	-1.803083	-1.8745096	0.5676943	0.45799497	2.3308167	3.0016153	-2.56479	1.4001863	3.4999025	0.5485557	4.014792	0.047481112	-3.2823243	2.1886265	-3.0244436	4.438968	0.752309	0.434818	-1.9223888	-4.9872274	1.5714995	-4.362709	-4.9892483	-2.5866795	-3.7856288	-4.7495623	-2.2619963	-3.2380636	-0.41553873	-0.6479264	-2.4743683	-3.7780325	5.5475516	1.3023858	-0.124968134	-2.909909	0.29308173	0.6079455	5.169469	0.016057706	0.56508553	1.3000035	5.6889296	3.1814463	5.2326436	0.5818974	6.0423713	5.9349866	4.9826365	-2.6571755	-0.62842816	4.325159	1.0481719	5.967065	-8.445624	3.4263244	1.648465	2.9712183	-0.5685563	5.697223	-1.8527896	1.5386578	4.1619554	1.8444583	4.0149055	2.0464778	3.0131392	-0.46665514	-2.9135795	6.1005545	0.96353555	4.8468843	0.74852014	-2.7511766	0.8135481	0.7425376	2.130194	1.4744453	5.8351984	0.20860063	4.2177415	-0.04309779	-3.1062884	-3.2558649	2.8114772	-1.3640885	1.482245	2.700569	-1.4497249	3.7652597	2.7706637	-0.6497371	-0.48387033	-0.36840665	-2.2808	-3.206545	0.79029936	-2.7444942	1.8037366	0.22301349	3.241572	6.173447	-1.3924967	-3.8227625	1.4544343	-2.29397	3.4928582	1.9660985	2.370036	-4.7255955	-0.3647529	-0.13857234	-1.1089892	-2.576858	-2.680209	-3.1035376	0.17195164	-1.6912134	-2.1101897	-3.2108676	0.077692024	9.040069	-0.4059634	3.3489425	1.1249977	0.6813292	0.26214078	7.038331	-0.03613106	-2.2839653	-0.532153	2.5586443	1.5405598	-1.525487	4.7216754	-3.676425	2.6856742	-2.203304	5.035369	1.395695	-3.4617589	-5.8351383	-5.893621	2.1047227	-1.3988822	-2.5246463	-0.6739768	2.1745598	-2.8607357	4.6831794	0.30555877	-3.6417332	-2.123511	-2.533006	-0.55575275	3.0900514	-0.16060269	-2.007355	-2.8910952	-3.1070328	-0.5691639	-3.2644925	-0.3184164	2.167448	-0.54744416	-3.1691372	-2.0932138	5.02915	-2.7845466	-0.4974726	1.7597747	1.3682154	1.0132793	4.117277	-4.1337485	-0.089357324	3.2127442	-1.3227363	-4.717902	1.7454462	-0.45131627	0.43646592	-0.1116129	0.7149817	0.6389187	1.85426	0.1282768	6.9806504	1.2666887	6.298789	3.762017	-0.6189313	-3.0082839	-5.3819623	8.226471	-0.4530538	-5.4103684	-0.8597771	2.3931136	-0.66094416	0.80928826	-2.2128398	6.097435	-3.242868	-0.40690118	0.28833687
2-chlorobenzoic acid	1.8994001	0.08563415	4.6408954	2.4747622	-0.023917302	-0.73681957	2.8203719	-0.17350455	1.0185615	0.41694155	1.5193683	1.1891699	-5.524186	1.7850035	-3.5785728	4.9608445	-1.3204615	2.6343856	6.153533	4.0337133	5.4730387	0.16555357	1.9203248	-1.4101652	9.664877	1.6346773	2.8114593	-0.16381402	-5.061498	1.7582233	4.586933	3.0623765	1.4376506	1.0325094	-2.8107934	1.6458249	1.2365234	-0.23589706	3.6338644	5.1916733	2.5626843	4.2957487	-0.8298273	-0.42106417	-3.3659248	4.040747	3.6027048	2.277326	2.1315699	-2.1160166	-1.3814842	-1.7670901	-1.7243273	4.0652013	-0.49693716	-3.2995608	-2.8602211	5.215492	1.1584258	-2.290422	0.6487387	-2.917368	1.7611483	5.259831	1.4723194	0.6092958	-0.10510879	-1.0293101	3.4831226	-2.5820317	-1.9140106	-1.0439674	4.188557	1.8470563	-0.95055616	1.3012568	3.248714	0.42025903	-1.0155602	-2.2461886	-1.9123977	-3.6038363	-1.167222	0.16110398	-1.9287208	2.757445	3.0881953	4.1086287	2.4240973	0.81134313	3.8364449	4.1941223	-1.300684	2.2438033	-0.865575	-1.1407454	-1.8184811	-3.494601	1.9542322	-1.3970023	1.1132574	-3.800665	-2.471786	-0.14323455	0.52697253	1.0399015	2.2333305	3.393279	2.6292632	5.495155	0.7413331	0.12638374	3.6744652	-2.0727081	0.6127072	-0.2908229	2.126058	-3.6425524	4.0234184	-2.7595828	3.3346536	4.2758985	0.39838505	-0.67800504	-0.75577354	3.600961	0.27188256	0.9556964	3.2952232	-0.8701225	2.8424144	-2.4991624	0.52350515	0.66154575	3.0698593	-2.0379856	-1.469726	-5.1606026	-5.281713	0.58428407	-4.801267	2.2041473	-2.1473284	-0.74231607	1.946646	1.6415222	-1.9011546	1.1445249	0.55759454	0.58420664	1.7762759	0.40642798	-1.1471698	0.5060202	3.583706	-1.5893596	-4.492513	-1.2979593	-2.0863261	9.664876	-0.54090387	0.9358085	1.4701419	-2.458249	-3.7514966	-3.741478	3.2464406	1.2239014	3.4969015	-2.799236	1.5028906	-3.4822326	-1.4814372	-0.34038746	2.803629	5.9758816	-1.0318369	2.4898267	-1.7348431	3.3322542	4.390035	3.4281905	2.7284598	-0.96694416	-4.4346514	-3.7594955	3.5652487	-0.8523289	2.8768337	2.9687402	3.0383964	-2.1198208	1.7243135	-0.5597459	-3.44462	-2.5172453	-2.8865993	-4.186405	4.295406	0.7826295	-1.5472215	-1.2014983	0.08271685	0.035784066	-2.0920844	2.031547	0.31683892	5.6166887	-1.2165948	0.12634277	1.2114886	-3.424637	-0.5548258	1.6713129	-0.120335974	0.23017202	0.1554587	-4.494431	-0.6174802	3.2328627	-0.99256545	3.0685403	3.9121513	0.92459255	-1.438463	-0.018228257	7.2755756	1.4105152	-1.4987066	-0.11739072	3.9130518	-0.54184145	2.620712	4.304588	-0.14144865	-4.831747	-4.169421	1.7690059	-3.1351962	-4.457694	-0.382951	2.5581846	-0.9379636	0.04520698	-0.63226587	3.347189	0.12383797	1.6518327	5.859704
2-ketoglutaric acid	1.0480411	0.32463524	6.7829866	7.2214875	1.5955514	0.37485933	0.24507065	3.5544496	7.16384	0.18040304	-2.461847	4.172436	-1.8495185	3.8209522	-2.8263245	3.1706805	-2.584998	2.622367	4.315394	2.86212	4.045876	-0.1984066	1.2471585	9.796611	1.6346773	9.796612	4.501159	3.4322474	0.4992152	5.15782	3.2210927	1.19447	-0.436219	-1.0560279	-0.75703317	-2.2876494	3.0610926	0.9180396	2.870272	4.1693516	5.158601	-0.47215593	3.8752694	2.7868133	-0.9892204	-0.49194908	0.78478855	3.0742927	4.8330784	-3.768937	-1.2018988	4.5441756	0.49242142	4.3852067	0.111499384	-3.134684	3.300999	0.59587574	4.089164	2.2525992	1.0960159	-0.4333372	-4.3321333	-0.58929825	-2.231814	-5.776307	0.99354625	2.9742117	2.0748913	-2.0818303	-2.125935	2.495088	3.2650166	-1.8183025	1.3408045	5.344694	3.1931756	2.3512206	-1.3578521	4.3108234	1.9809761	4.7006993	0.66024673	0.29996613	0.9636064	5.685428	3.4250453	5.1784806	4.5118723	6.082534	5.893487	5.1428523	-1.3095936	1.5186846	4.513764	-1.7801352	5.948837	-1.1202705	3.4047472	0.7455231	1.2613933	1.2872235	5.188364	2.812001	1.6032194	2.0684395	2.9107404	4.244719	3.804784	3.4729993	-0.28076637	1.8970748	5.9896364	1.4115797	4.937371	1.9560442	1.4559191	1.1622732	1.0272528	2.4274957	1.509722	6.5575786	-0.6141525	5.346979	2.635911	-1.0076993	-2.7503762	2.6151848	5.1258287	0.8412145	0.0932115	3.599351	3.886533	1.5463548	3.2454846	-0.55324453	-0.29826957	-3.4172807	-5.070858	0.71192163	-1.1947367	0.9256164	0.6345696	6.239087	5.908292	-4.202421	-0.97789824	1.8260247	-0.3283189	3.542887	2.797018	3.392413	-0.3151917	1.9131122	2.7011597	-1.9508568	-5.662763	-3.2272108	-3.9664886	0.948699	-0.7195195	-1.1222725	-4.079736	-0.6036317	8.793229	-1.649673	3.5826864	6.545341	1.2361648	0.03452724	6.8895793	0.4331643	-2.3875778	2.7956417	3.4692826	5.19017	5.231441	4.72739	-1.7868642	3.3147202	1.6524773	3.8523276	3.367598	-1.6232647	-5.4894133	-8.733064	1.9816813	-0.82219833	-0.18079959	2.6979039	7.0558825	1.8965595	4.823644	3.4523795	-3.2106705	-2.062558	-3.6479943	-4.0611734	3.9928951	1.0414268	-1.9474996	-0.592421	-3.4144893	0.33425495	-2.986709	-0.060516894	2.1096876	2.0874393	-2.5891767	-0.18319155	4.766535	2.6055524	0.5424364	2.065132	1.0508657	1.4465058	4.222829	-0.8503776	2.8748295	3.299727	-1.4464107	-1.4973376	1.9164461	-1.1471374	0.7798137	-2.242849	3.7693021	1.3912238	1.3485835	3.0915108	7.1479807	-0.4788317	6.1649036	4.010398	1.03044	0.33320126	-4.227229	7.9758596	4.3088684	-4.4919677	-2.3684046	3.767126	3.5598054	0.8074772	-1.422285	6.033531	-3.0491548	2.828887	0.5360812
2-ketoisocaproic acid	1.0551523	0.81916064	8.142525	1.7901195	2.8006268	2.7999578	1.382808	-0.636743	3.070512	-0.027514867	-2.6241276	2.2695181	0.20260915	5.289549	-2.8352396	2.9789994	0.06560358	2.743644	6.081758	2.377518	0.46711466	0.9247439	2.6380613	1.8199202	2.8114593	4.501159	11.092362	11.092361	-1.9571139	5.435437	3.2513673	8.46621	-0.40903956	3.39427	3.5861015	0.5479881	0.9539972	1.6732678	9.01315	4.2422576	2.9213917	3.0725257	2.9621205	4.7873654	-1.3573651	1.2178637	-0.27124643	3.3683102	3.5880265	-0.6967719	0.14322193	2.5139756	-0.25555485	2.2694066	0.08451775	0.43451107	0.5868683	2.583835	2.1116061	1.4735547	2.4035041	3.1946938	-2.3109214	1.4050941	0.47759405	-0.65223396	3.8190928	1.0542852	0.98272	0.5523502	-1.1896704	2.7695153	5.1478996	1.3709018	-1.198019	5.7832403	1.5863583	0.1704934	-0.93181694	0.98649865	1.7173616	5.8671017	0.6825492	2.2234542	-2.3543656	3.952101	2.553394	4.0675893	4.7256174	2.796802	4.211387	2.822915	-1.9221276	6.2610846	-0.1333105	0.0026027902	4.698665	-3.916394	0.84872323	0.7979926	2.4774003	1.0561849	2.6599176	4.835117	3.9892306	1.5856987	2.4350452	1.9041157	4.8024716	5.40414	2.5123234	1.0152869	3.9771197	-2.1886008	4.0375686	4.0171475	3.9264157	3.363119	-0.34158343	2.5474405	3.9057722	4.6021075	-0.3319739	1.4483573	2.3619225	3.6663365	0.3371482	1.8264066	1.085183	2.816466	0.48605874	-2.2963598	2.3019404	3.4664464	0.7160976	-0.0062590926	-1.5046933	-3.3739932	-2.0862138	-0.27644014	-2.460555	3.7696602	0.48124722	0.1978481	0.037791945	-0.76547295	0.35549745	1.4878856	-0.27604815	1.5952984	2.5505226	3.8333826	-1.5553957	0.41480532	5.008813	-1.2248464	-4.499689	-1.0862981	1.006728	2.190321	-0.3837785	3.6937652	-2.4237177	0.84887093	2.732371	-4.8250837	3.5495389	1.7503941	4.2675357	-2.200852	5.3344417	-2.7971947	-0.80051583	-0.03205822	3.0846703	5.258776	6.21889	4.380818	2.2638865	6.177363	-0.7051342	2.8254573	4.267656	2.6865883	-2.9508905	-0.8922986	-0.40184546	3.6372094	0.32640076	2.0030887	5.2940364	-1.1720629	3.5531113	1.1346341	-3.4680657	-1.5338955	-2.4706125	-4.743998	3.4440844	2.3706973	-1.6648927	0.88410264	-1.105579	4.7676454	-1.276646	5.3185515	0.35801134	2.118529	-2.1999805	1.911422	4.1878085	-0.25395155	0.71837175	3.3827615	1.680043	1.975901	0.88706553	-1.3563318	0.19827695	3.1716793	0.16748908	1.5652767	5.023204	-1.5527844	1.892248	0.71464294	4.935351	5.4843974	0.70852023	-0.7070681	3.781384	-2.7898097	7.1285086	8.163632	2.815575	-1.1409373	-3.4736414	2.5885844	1.2403991	-1.7819537	-0.10310392	0.88308597	4.153525	0.098223865	-1.8476783	3.0462193	-2.748705	3.4975972	2.2912068
2-ketoisovaleric acid	0.9570792	1.3772918	9.441063	-0.31912395	3.4148185	-0.7459831	-0.28049383	-1.7730477	1.6006405	-1.2203249	-2.2061117	0.9462915	-4.2400856	3.912231	-4.6328564	2.2862608	0.13336542	0.4712378	5.5250397	2.0004215	0.23838823	-0.32061931	3.4813008	0.2983408	-0.16381402	3.4322474	11.092361	11.092362	-3.4629743	5.24968	2.344423	9.807031	-3.523108	3.1436145	3.8924298	0.1898738	1.1233648	1.5878277	10.420083	5.2079115	2.372953	2.1351855	3.2253594	3.7942827	-3.4283798	2.0846374	-2.9006243	2.004702	4.134725	-0.92728746	-2.720217	2.9336185	0.075322054	-0.62578624	0.6036298	0.14698254	1.5553162	-2.654554	1.0961909	0.30267125	-0.46293414	-0.81275433	-2.4699984	1.2793503	0.24240851	-2.0882597	4.7016196	-0.5279194	-0.11749122	-0.73228645	-2.0746446	3.4144702	2.3243933	-0.2721178	-2.3451319	5.8332715	-0.6829813	-0.46282881	-1.4905992	-3.5644405	-0.57598984	3.5723226	-0.99319935	-0.4034677	-4.21356	3.381344	1.9106158	2.630732	4.729383	2.1415732	3.400881	1.9128885	-2.779798	6.693535	-2.3585498	-1.5103376	4.8767705	-4.6768546	-0.17461893	0.21615176	2.983784	-0.37951744	1.5385767	2.7687647	4.5463614	2.6721632	2.543178	-0.46777436	2.206304	4.5041213	3.2218385	-0.24212138	3.9502792	-1.2764401	1.6944561	1.8235211	1.2919159	2.6015878	-1.3729025	-0.6701874	4.34468	4.9688935	-0.61682516	-1.3535789	2.9853969	4.392759	0.42069238	0.45481458	-2.6152847	2.8862367	0.7742702	-6.365749	-0.9560706	2.3677328	1.6340057	-2.1706192	-2.3402104	-0.73261744	-4.9088736	-1.6773006	-2.5640693	4.7588615	-1.4134611	-3.027391	0.2649491	-2.0089655	1.2008592	-0.25439543	-0.12176367	1.0270991	2.7458694	2.9501214	-2.692415	-1.2266659	5.4625793	-2.424728	-7.139114	-1.2523102	-2.8479233	2.0569613	-1.4652271	2.8286135	-3.1022584	-0.34607193	1.297751	-6.8049026	3.022857	1.4124833	0.9417196	-1.9082338	4.6521897	-3.6682656	-2.7107234	-1.4159611	2.7903004	3.129532	4.4761324	4.3570223	2.7719102	7.151494	-3.5554805	0.2983932	3.4697638	3.3168724	-3.8791687	-1.9791504	-1.4430712	4.7364397	-3.7478557	1.8686857	5.6531754	-2.6186109	3.723199	-0.24971326	-4.1850305	-3.606661	-3.3121228	-2.5482953	2.2056696	-0.7073124	-2.8563898	-3.5888588	-2.484484	5.368368	-2.5378892	6.701932	-1.1182635	-0.45485657	-2.6225867	2.2773883	3.7423024	-4.1492195	-1.5446476	1.3817698	2.2438498	0.052829627	-1.1862459	-2.6690667	-1.6026498	2.266548	-1.4336206	1.022247	4.25846	-1.9069836	1.7948502	0.9359659	4.4366827	5.434338	-0.02218923	-3.999457	4.235383	-2.522261	8.228748	9.410435	-0.6260983	-1.7820523	-5.204142	2.2424872	2.7517195	-4.767217	-0.47893864	0.77812064	3.435041	-0.41763437	-1.6845652	2.47924	-3.6082606	3.3988986	2.4970691
2-methylserine	1.0179734	-1.9921805	0.08049047	0.06258781	-1.8131696	-2.026505	-1.8952603	-2.2470129	0.48472437	-3.8119776	-3.6939702	-1.5738361	-5.1373916	-0.29577002	-5.7400045	-0.8877473	-2.5604894	-3.0518756	-1.4261004	-2.8747292	0.51603264	3.0645142	1.3756945	0.596804	-5.061498	0.4992152	-1.9571139	-3.4629743	6.0163484	-1.99653	0.06705039	-1.598862	-3.167936	-2.843201	-0.29508767	-2.6752174	-1.994228	4.5413656	-0.9812571	-2.3341808	0.9950262	-1.0442278	3.7549613	4.2676373	-2.1821482	-4.384944	-5.238671	-0.26909623	-1.8324008	-1.9701271	-4.6079736	-2.2827015	1.8843328	-1.2457793	1.1131697	-8.853856	-2.975897	-3.629918	-2.1921074	-1.3371832	-2.3900056	-6.1042557	-6.2900214	-0.9153506	-3.4932778	5.240023	-3.865772	-1.1867862	-7.3012652	-4.859019	-2.3195703	-4.15683	0.31425723	1.9140867	-1.8879681	1.7850113	-2.781962	-1.0045764	-0.04234395	-2.897832	2.4839244	-7.3061852	-4.6734266	-0.567922	-0.9153932	-1.1625627	-0.0852316	0.3286703	-2.4765644	0.09322857	-0.25625557	-1.4900038	-2.5050683	0.49852926	0.39721686	4.6250567	-1.4189953	-4.400331	-0.5736896	-1.6095405	0.9481958	1.1517458	0.9495003	3.8828752	1.1976337	-4.480001	-0.67254674	6.0163474	-0.4289798	-0.9746557	-3.7024264	-6.6433935	1.2313838	-6.1909933	-2.4193258	-5.2329164	-4.6020403	-4.875928	-4.7366204	0.33532882	-1.7959563	2.4811754	-3.4078336	-1.6090094	-2.730852	1.9142777	-5.7776127	2.9819233	-1.7788222	-2.3443153	-4.4559884	-5.601107	1.4058461	-1.7709436	-4.843674	-1.6253773	-6.205911	-4.722985	-9.738983	-4.6104136	-6.965462	0.7525519	-5.0628223	3.1705227	3.4888577	-6.975403	-4.9630275	4.206838	0.58018404	-2.227609	-2.436359	-2.7860997	-0.8085078	-2.6328766	-1.6781375	-0.65699565	-7.4884152	-2.249892	-2.0418692	-3.6857672	-2.7323701	-4.7669353	-5.175012	-4.6933126	1.4135404	-7.4146156	-0.98999333	-3.5725179	-1.9174402	-4.0817537	2.8151786	-2.4625616	-4.5077014	-4.6255255	-3.698209	-0.45883602	2.0272672	0.118575595	2.477071	-1.9145031	-6.08709	-1.4596279	-1.4363091	-1.3294111	3.385792	3.656575	-2.9299543	-3.7426455	-4.94944	1.9882803	-1.1748682	-5.4644823	-0.8650934	-0.5818879	-4.139202	-5.163122	-3.0075867	-5.215847	-0.79335684	-1.6426212	-3.4893367	-5.124388	-4.750032	-2.0964577	-4.2553115	2.9956605	0.012984711	-2.3679447	-3.5213246	-3.5648801	1.8316109	-5.8769975	-4.115558	-1.832526	0.91414994	4.088693	-0.52553993	-6.228934	-4.937629	2.666518	-6.0541368	3.9380517	-2.5966394	-2.8733613	-2.8901136	-0.66950554	-2.3441987	-3.1273026	-3.5532644	-2.8989706	0.64457554	-3.5682335	0.9923802	-1.8706403	-2.0558825	-4.288531	-1.8076181	0.52512807	-4.92207	-1.2332181	-3.866651	-2.505222	-2.5083466	-1.9219108	-3.9765759	-0.7631522	-4.5409636	-0.2557151	0.5631782
2-sulfamoylacetic acid	0.010155125	0.55483997	5.5338326	3.4916167	3.7898128	-0.6103523	0.13772242	1.1268202	5.3217163	-4.112578	-4.481701	3.3104556	-0.2397352	6.359738	-4.22262	2.7069838	1.8943621	2.1007214	6.360673	4.1969953	1.6516829	1.8014474	1.398425	4.240012	1.7582233	5.15782	5.435437	5.24968	-1.99653	10.35889	2.3296938	1.4583446	-2.1451292	2.9318838	2.493642	2.0547833	0.8764509	-0.0070897685	4.2499876	3.1004891	6.613729	2.6921296	1.7786419	5.2347884	-2.6575754	0.6205408	-0.5181902	5.894957	4.0837173	-0.9640837	0.25139782	-0.45755664	0.86085737	3.7297223	-1.3020266	1.5861348	0.20595314	1.7456713	2.2923558	5.5522113	4.6276364	-0.30967382	-2.574638	0.8396406	1.391187	-2.3770335	1.1975722	2.697797	3.0639071	1.4822572	-1.3594697	1.3880002	4.4375415	1.6112797	0.69449186	8.504109	5.940731	0.73299986	-1.5186712	0.8130047	-0.47458982	4.8887525	2.8874967	3.3799803	-1.3454876	5.895454	3.7073689	3.4084387	6.072165	3.3578057	6.190031	6.1823034	-2.7796924	3.5600324	1.244425	-1.5402343	2.7695386	-5.596978	1.4279959	-2.013828	1.8072014	1.5481701	1.9470141	-0.42194927	1.0122609	-0.7310791	1.124054	1.8049465	6.766122	6.496983	0.45146534	0.6890888	4.447527	-3.5218894	3.4610198	6.4410954	6.393577	0.87120914	0.3972112	3.7364445	3.9832344	3.6421716	-1.2602122	3.1282408	2.7202132	1.5443951	1.9106789	0.92667633	1.1834675	1.1783016	-2.2099888	-2.3179963	1.6351565	3.413197	-1.2041379	-1.8469303	-1.6592622	-2.4837177	-1.0596385	0.29984176	-4.660312	2.1631935	0.010809957	0.4962305	2.7521794	-3.6392474	-1.7504467	2.0442498	-1.0124824	1.507549	1.5496664	5.5255156	-0.53131074	2.68436	6.3836746	-2.6741765	-4.871962	-1.6607851	-3.982487	5.158053	-1.2093204	2.2208426	-1.6701136	2.2354817	4.89897	-4.940417	4.2872	3.1103375	2.969797	-1.0209305	5.176666	-1.3890612	-2.6034465	0.64091563	0.8985487	1.0590204	10.055025	5.413982	-0.5555208	5.224478	-1.6035088	3.8988283	6.462388	0.4739154	-4.413547	-8.043766	-1.1639973	1.1947923	-0.21094203	1.0994484	4.721224	-1.4733499	4.8186564	4.5839524	-2.812459	-3.526518	-5.1515646	-4.9073486	5.289846	1.5807825	-0.9692907	1.4313087	-1.0851301	4.970335	-2.4782743	2.2041671	1.0209191	1.8330882	-2.80237	-0.050482374	6.4014487	-4.059729	4.3546047	3.8501754	0.7075185	5.110202	1.9638598	0.39334413	2.0094275	4.1467443	-3.497721	4.4758563	7.1996484	-1.6074259	0.92467785	-1.8672074	4.4105916	2.4214954	1.9123856	-3.040583	3.3849783	-2.7499166	3.954423	5.3721514	2.7272117	4.692187	-4.7139487	4.6021957	10.358889	-4.338024	-1.4222225	8.456277	6.898502	0.018566942	-2.3214025	4.382406	-2.829624	1.6413821	2.4092782
2R-hydroxy-3-methylpentanoic acid	2.0571153	-0.029347954	5.1830754	3.7389102	1.768553	-0.08009119	2.5355515	0.65901	3.3658643	-4.3366094	-4.3356047	2.12593	-2.7440164	3.4329422	-3.7964406	5.338766	0.08443021	8.298159	6.6277103	2.4566686	1.4980059	1.4229349	2.3449721	1.2858794	4.586933	3.2210927	3.2513673	2.344423	0.06705039	2.3296938	8.29816	4.7799363	-2.9879737	1.881219	2.08263	0.77876574	4.5295997	1.9390837	3.3808331	5.7394753	3.3217933	2.1757689	5.0084968	0.85236293	-0.32064998	-0.3122998	-0.4704684	5.294881	6.852708	-0.7341979	3.0859272	0.15969965	0.62627804	3.7476327	-2.1345384	-4.249602	1.4718823	0.38579667	1.2139719	-0.15787879	3.7964458	0.61150867	-1.2395229	0.1458757	-2.728077	0.71998525	0.3828647	0.109718345	-1.9956912	-1.9894804	0.68697864	-0.5537761	3.5832567	-0.15945786	2.9938924	4.573187	3.6415627	-0.7561425	0.2117845	0.27428755	-1.0388331	6.931511	1.3170984	2.832835	-0.5467244	1.2436949	6.30077	4.332641	3.605423	3.896562	3.7580235	3.2209163	0.06290459	2.3653827	2.9239278	0.9779708	0.5279709	-2.0637574	0.628892	-0.65313005	1.2576107	2.8908484	3.8826156	5.1242757	2.0567698	1.9400839	0.64084744	2.1024337	2.11091	2.211388	0.6234421	-0.6256332	2.0943832	-2.3184566	7.3146763	0.37799093	1.3483292	-0.72907895	1.3555146	1.710233	1.2363533	4.268953	0.17449176	2.414566	2.8669813	-0.24488387	2.5598137	2.6861863	1.7110677	1.0722078	0.42830297	-0.32410762	1.9130007	3.605376	0.027983204	1.5152439	0.9491645	1.7840624	-3.3810663	1.6309016	-2.0944757	0.22976951	0.74300796	5.594156	0.29093036	-0.078669	-0.07083963	1.7135953	0.44053945	2.843313	-0.008725456	1.2114203	3.312737	2.5259519	2.8146436	-0.6593608	-2.5865717	0.36487326	-3.175426	1.4115318	0.77496827	1.5627986	-3.3782494	-1.3478063	1.2923017	-4.2692947	4.426469	4.1374164	3.561927	-1.3457866	5.2874627	-1.4906052	-0.10976673	3.9207275	3.0474322	5.5799823	0.68203676	2.89222	1.6621909	3.649342	-1.243975	3.0289147	2.980835	-0.53190726	-0.18039486	-1.7777748	0.565179	0.8391052	0.74491614	1.8490478	6.481814	0.3646581	3.2576277	2.319861	-2.5410535	-1.7174237	-0.5120648	-1.8811196	2.7526062	2.1265738	-0.9369529	-1.7733146	0.068194784	3.1127985	1.0668148	2.7482634	1.3606403	7.566948	-0.47781795	2.9678528	1.9766854	-0.9973435	3.494586	3.5997095	0.7657098	2.606622	-0.10553061	-1.6299175	1.1663492	3.0515456	2.421332	1.9438854	1.7036763	-0.5788747	2.4282372	1.3381495	4.480973	2.9689617	1.3705475	6.9184456	1.4850425	-0.640755	2.291945	4.548579	2.961715	1.4353757	-3.8180811	0.76291084	3.4432335	-2.8584924	0.57251924	4.2885294	1.6085685	0.8949658	-1.3510698	2.522967	0.5053279	2.2613919	3.0295713
2R-hydroxyisovaleric acid	-1.0997427	-0.020500103	4.2607083	0.70634556	-0.4188607	-2.1242142	-0.22416116	-1.1868371	1.0051756	-3.0879514	-2.6022043	0.4460872	-5.613638	1.7764667	-3.9971936	2.091758	-1.8850645	4.034907	3.6630986	-0.788736	0.42763388	0.20525548	2.3524773	-1.0970415	3.0623765	1.19447	8.46621	9.807031	-1.598862	1.4583446	4.7799363	9.807032	-2.6057026	0.2447629	0.18808137	3.4426286	4.0601754	0.41842148	6.3075743	6.3387403	4.4656444	1.2106813	3.5492003	1.6046795	-4.1036987	-1.4503822	-2.2481837	2.2293034	2.7158825	-2.0103981	-0.36805382	-0.6861058	-2.0620792	0.156024	-1.6618701	-1.9294057	-0.9993597	-0.41857603	-0.6946303	-3.436939	0.35506487	-1.747585	-2.3206177	1.992141	-2.3572745	1.3768305	0.8822588	-1.2288346	-0.9121312	-2.012007	-1.1223208	0.076165915	1.1737353	-2.7025745	-1.4299546	2.8973958	0.14664623	-2.0146165	-2.368039	-1.5430394	-1.0804317	4.5685496	-1.286614	-1.0275307	-2.907227	0.9708971	5.782055	1.7853191	2.1886992	1.7217246	1.1228497	0.6007448	-4.0169864	2.5620263	-2.155361	1.7982509	1.7738396	-3.6278865	0.18808332	-1.8125719	0.020475361	-0.70830315	0.33203617	0.8485738	0.79207295	-0.8299631	-1.1119366	-0.87862337	3.6640222	1.8995298	-0.7450346	-2.6894372	0.64705634	-3.6517513	3.6018054	-0.7831493	0.9371702	-1.2879684	-1.7090639	-1.5996283	4.84468	4.502167	-2.0173008	-1.0482484	0.43606645	0.88449013	-0.8041111	1.4249246	0.26076296	-0.22446775	-1.59148	-2.2851245	-0.39790976	1.2188842	-0.028313069	0.06689637	-3.3146331	-5.0547748	-5.4663916	-1.7057675	-5.0423565	2.0818622	-1.2692547	2.2205544	1.083576	-2.802531	-2.2297723	-0.100050695	-0.1403962	0.21593112	-0.73912144	2.3627455	-1.0840296	0.9630812	1.8169962	-0.4339147	-2.007197	-1.8393033	-5.334377	-0.6639378	-2.0497248	-0.013425968	-2.6298347	-1.6456689	-0.081785105	-4.3907757	1.8394499	1.3300091	0.18679598	-0.49022925	2.9136038	-4.23577	-3.387917	1.2150694	3.9033535	3.3064501	1.0951948	4.5295005	-0.76463115	5.1047163	-3.3945582	0.5629227	1.7642863	-0.04597692	-3.1864336	-4.1375055	-1.2414502	3.5184562	-1.7708485	0.40732983	4.1040506	-2.1172326	1.2769816	3.835409	-3.6511865	-2.8934488	-2.5094392	-1.3678961	0.78908587	-0.47088155	-2.7019858	-2.6182752	-1.1064032	1.2201908	-2.1915238	4.3454967	-1.6315131	4.419963	-3.1847825	1.6483419	0.8208483	-3.0237937	-0.30613193	1.5314385	0.46629247	-0.91216266	-1.7753795	-5.014993	-1.1010761	1.1725814	-1.9440812	-0.92188305	3.2824547	-1.5076913	1.1082335	-1.0526001	2.965604	2.115895	-0.8134357	3.1883855	0.39194682	-1.5494874	4.007493	5.7464004	-0.093904465	-3.88016	-6.704737	-1.5456568	-1.4064702	-6.7593355	-1.0185263	0.78166085	4.570761	-1.7589306	-3.179177	0.39335057	-1.2509843	0.38656166	2.5813603
2S,3S-diaminobutyric acid	-1.4596984	-4.7890267	-1.796168	0.3269991	6.7411075	1.1506724	-3.69697	-1.5298892	-0.49453363	8.780669	7.8313227	5.10223	-6.9673696	-0.8871918	0.88383794	0.6066999	-3.0298417	-2.7020738	-0.7454429	0.06582899	2.2958372	-1.7137736	-1.175872	-1.4526234	1.4376506	-0.436219	-0.40903956	-3.523108	-3.167936	-2.1451292	-2.9879737	-2.6057026	8.78067	-2.1218672	1.8999197	-0.13569286	-5.392556	-4.037244	-1.9088781	1.6527816	1.5677692	0.04771462	1.1829243	-0.6906604	-1.3902316	-4.668715	-2.7239795	-2.9366224	-5.2399306	-2.59947	1.2959238	-3.6366599	3.5490522	1.5666078	-5.932952	-6.9303203	-3.3396912	-2.3047116	-2.8711834	-6.85466	-4.8693213	2.9843845	-6.862584	-5.300154	-3.3798215	-1.2697836	1.4764868	4.1050735	-3.390871	-6.5179415	-3.2888124	-1.2225635	0.17969184	-5.4035687	-3.3475058	-2.6317635	0.55221254	-5.4267864	-5.1988955	1.679949	-0.014066456	-2.6196682	-2.7909446	1.3384119	-4.111144	-2.1318872	-0.9280868	0.43747658	2.0218122	-1.0241929	-0.073143505	-2.2319078	-4.3028383	0.67381275	-3.7444792	0.5278839	-4.4030395	-6.0417404	-0.0659472	-2.242177	-1.992856	-3.318247	-0.009373662	-0.7535946	-2.059156	-4.211996	-1.8894136	-2.6927216	-2.3686092	-2.4351532	0.24561813	-6.767564	-2.3521743	-3.0655336	-2.1723154	-3.8519716	-1.1367432	-5.0383005	-4.3017893	-4.3228574	0.69737756	-1.2462147	-1.1987326	4.6826515	2.042162	0.10700121	1.2926353	1.2419529	-1.883408	1.1304904	-7.0824156	-6.0309834	-2.1869822	-0.96638703	-1.0387162	-3.5550654	-0.7225326	-7.023375	-3.255297	0.44290596	-2.8044174	5.4361124	-2.9512098	3.3045676	-2.9450078	-4.606442	-6.51957	0.5204555	0.01020992	0.9586704	0.08436598	-2.8038924	-2.5133824	-0.12558062	-0.5837264	-3.4286304	-5.8981376	-6.0397925	-8.938541	-1.2734387	-2.0594733	3.473355	-7.4074473	-4.8811994	0.43390122	-2.156755	1.0787594	-2.256734	-1.1274219	-4.4265895	-1.3390056	-5.416916	-1.2914006	1.0051607	-2.9892793	3.849894	1.8060001	-0.39209628	-5.3416343	2.1425714	-1.0480471	1.7834255	-1.3431529	-3.3357377	-3.2333043	-5.220146	-3.0385711	-3.6498687	-7.490956	0.12904653	3.0161674	-3.3391368	-1.0979193	1.8566719	-3.3537502	-1.9675628	-3.051867	-4.7798233	3.8883219	5.0628443	-3.638644	3.885919	-1.8813276	3.7991185	-5.4837427	-1.1522968	-2.2864938	-2.802359	-2.9237742	-5.870626	4.047225	-3.4798791	-0.5608051	5.7874327	-1.7323427	-3.9887795	1.7792407	-5.939292	-3.355109	-0.72943205	-2.258228	2.0638404	-1.8094537	-3.0270698	-3.9420624	-3.8493435	1.163714	-0.4136042	1.0529526	-5.105158	0.4458951	-3.017341	4.1855636	-2.1992726	-4.9650073	-9.330831	-3.1066794	-0.8336575	-3.7658348	-5.901823	-4.1052456	-4.6984444	-2.490828	0.47732326	-0.9191801	-0.15635884	-5.07724	-0.48321542	-3.5910532
2S-amino-8-oxodecanoic acid	4.9947724	8.636359	4.6594987	-0.31878462	1.5744716	4.3975196	0.89819026	1.131285	-0.92613715	-3.1733935	-2.13579	-0.6702144	-4.1954436	1.1030473	1.412075	1.0214355	-0.42360562	-1.6172158	0.29495186	-0.5209795	-0.09639544	0.4109011	1.7024118	-2.0287983	1.0325094	-1.0560279	3.39427	3.1436145	-2.843201	2.9318838	1.881219	0.2447629	-2.1218672	9.0965605	9.09656	3.361645	0.45711967	1.0369573	2.5831203	3.0198896	2.291981	1.9711798	-0.07821747	-0.084640294	1.169537	0.23624688	1.0533329	1.5949414	7.9327383	2.1807961	-0.2013751	-0.03690539	0.8239202	1.1640255	0.41990227	3.2466319	-2.8188236	3.4417884	0.6542233	4.706076	6.1022005	-1.6095417	-4.197	-1.8013031	3.0299664	0.009184696	2.3430295	0.97964406	4.065654	2.592372	-2.242364	0.8407529	-1.1863247	0.09006161	-0.9126435	5.2113056	0.038533214	-0.24627416	-0.4041033	-1.4563878	0.8670541	-2.6112642	3.6472998	5.021391	0.3886996	2.738544	1.5506397	0.20825176	2.232344	1.4206575	2.2533891	1.7148783	-0.61062616	2.3981016	0.86895627	1.688739	-1.9867849	-0.7386312	0.54109	1.6717812	2.4056304	0.62080616	-2.1530488	-0.24680977	0.3552697	0.4450353	-0.73429203	-0.66874063	1.7223861	1.7991959	1.5312879	-1.0142239	3.8053503	-1.6571958	-0.27063736	-2.3786025	-1.228683	1.8339659	-2.3509793	1.9782685	1.1402657	0.16655084	-0.43181953	-0.29337656	0.46233565	0.8675469	-1.5937757	1.9278891	-1.1852144	-1.5450997	-3.8086302	-2.281639	0.65788937	1.1949912	-1.1076922	-1.5114104	-1.0471091	1.0243185	2.1909034	0.73400325	-1.3508625	4.440863	1.329906	-0.37420952	0.87345725	-2.86991	0.42325422	0.051892005	-1.2938392	0.926741	1.1371031	0.80293584	-0.39611906	1.5609008	4.7497487	-0.5944179	-2.6244643	-0.4787095	-2.292265	0.053582754	0.87763375	2.5516737	-0.296553	4.0709953	-0.6585082	-1.9655697	4.284796	2.4674227	-0.93966013	4.2418585	0.37425336	-3.1893253	-1.3803333	0.0035814147	1.7966402	-0.93920445	-1.1907219	1.8019474	0.34097716	3.0353694	0.50783134	3.5782812	3.6129348	2.8328784	-1.86929	-1.0018157	0.08585959	-2.0389667	0.19406886	-0.52581096	-1.1590704	0.1423031	1.6564755	-0.43421444	-1.373652	-1.3570763	-2.909261	-4.6836467	2.58012	0.37919486	1.538776	1.0161319	1.000047	1.5125573	-1.2308315	1.3318775	-0.51955044	-1.0873535	-1.1235328	0.37979183	2.0546055	1.1539967	2.8178666	2.8326051	2.2823012	1.0555229	-0.56634635	-3.6333117	2.7740407	1.2160523	-2.2555847	1.8725076	4.158537	-0.23462616	0.8368429	0.1491751	2.2869725	3.013098	1.7894258	-4.000861	0.5318761	0.035165474	1.6573601	1.874135	6.5169983	1.582601	-3.845882	0.07783077	-2.6002412	-3.8318791	-0.5045519	2.7850208	2.1623025	0.8676056	-0.2570815	3.279546	-1.4043932	1.1561347	0.7532854
2S-amino-9,10-epoxy-8-oxodecanoic acid	4.6947527	-0.31970084	4.838961	0.13274081	1.1256436	4.958552	1.7555954	1.3362112	1.0044652	0.95565057	0.15853421	0.74342364	-8.911172	1.3146521	1.779933	1.7703853	0.016785085	-0.09780664	1.8798407	-0.41224805	0.7513274	1.0190784	1.6424205	-1.1281775	-2.8107934	-0.75703317	3.5861015	3.8924298	-0.29508767	2.493642	2.08263	0.18808137	1.8999197	9.09656	9.0965605	2.462883	1.499657	2.649965	2.8840835	2.9902468	2.12692	2.1672819	5.8911505	-1.5341247	-0.5799443	0.09926617	1.4492657	1.1783584	8.151105	1.8417625	0.5299145	2.4624236	0.13630626	0.25846067	0.01648811	2.2584898	-1.6166276	4.0765634	1.9177982	-3.5262988	5.493221	-0.7676784	-3.652249	-1.9293002	2.7914736	0.86078715	2.67542	1.8863473	3.6861553	0.92364764	-1.9874113	0.046733137	-1.3696318	0.1484704	-1.7967659	5.2675147	0.103669256	-1.1658436	0.7278599	-1.0388421	0.7189286	2.5173764	3.7763267	5.0090685	-0.5333214	2.7499723	-0.22855566	0.7182253	2.1806092	2.1354172	1.6658549	1.6608945	0.21493162	1.7101517	0.95269644	4.1679716	-1.0483384	-1.7581365	0.99318117	2.4419117	2.7748868	0.80021226	-0.5415864	4.1728463	0.2699449	1.1005011	0.4055923	1.7208271	1.2692484	4.366953	1.9849218	-0.5165858	3.8229854	-0.98622113	1.1175568	-1.0784281	0.47464818	2.135339	-1.7710571	-0.1566017	0.91788805	0.63957006	0.17804272	-0.121722244	0.32302415	0.12868863	-0.9633794	1.1370276	-0.14394374	0.4618179	-2.229314	-2.5468547	0.44480148	1.6373057	-1.4870965	2.694443	1.6835351	1.6552247	2.6768656	0.36610237	-1.3552381	4.7249827	1.6249574	-0.37557375	1.2008646	-1.6924257	0.3974471	1.5553181	-1.3643123	2.4242394	2.0774026	0.48760653	-0.66528904	1.7682927	4.6941004	-0.44838163	-0.8834204	-0.24301445	-2.2103152	0.56355274	0.7640708	1.4656788	-0.96965015	3.9454515	0.008761262	-1.2398416	0.9504251	4.648127	-0.37351367	-0.45501956	1.25463	-3.5447848	-1.8971511	0.20494777	2.17137	-2.5824566	-1.3608267	0.5412761	0.85455674	3.094702	0.3049736	3.3036737	3.310615	2.6383567	-0.17040549	-0.083194725	0.23816665	-0.49392998	-0.27500466	2.7305317	0.7327809	0.007470229	0.7224949	-0.049919706	-2.237508	-1.163363	-1.7341933	-5.0627747	1.6757798	0.51922405	0.5290288	0.9218318	0.51280856	2.4185312	-1.3200552	1.8242711	0.6231635	-0.6963268	-0.9272342	0.5955463	1.8273133	1.6557478	3.1648822	0.77897453	2.1738226	0.5844632	-1.2202848	-5.176418	2.8128858	0.9247568	-0.9534327	3.9301212	-1.0306985	-0.09464974	0.7889467	3.2187963	1.0655438	-0.4708084	0.56637794	-2.5991514	0.33205414	0.67393535	1.840214	2.331724	5.4964495	-5.501498	-4.0286145	0.27770045	-3.0238247	-3.8559005	0.13640691	2.481365	2.6031172	1.1066394	-0.10697356	2.9808705	-1.626359	0.6425994	1.4291352
2S-aminodecanoic acid	2.1039033	0.053132165	0.2714309	0.610846	1.8803468	-0.40945542	3.0145926	1.6474235	1.062918	3.0664544	-2.5458083	1.9220169	-5.1550107	0.16391888	-3.721346	2.433055	-0.015905637	0.226767	2.6469812	1.3963478	-0.15322933	2.4135513	1.7037219	-0.71696573	1.6458249	-2.2876494	0.5479881	0.1898738	-2.6752174	2.0547833	0.77876574	3.4426286	-0.13569286	3.361645	2.462883	6.272466	1.4338577	2.0687149	1.0649471	1.2110392	0.9675042	2.07823	-0.6269279	0.66956407	-0.059279837	-0.8435469	0.8554191	1.2903748	1.8440883	2.7020364	0.81827307	0.30875778	1.3958602	-0.012169714	1.7015527	2.8339365	0.92592436	0.3402392	0.122510836	-2.398543	-2.5621502	0.44156426	-2.01746	4.2340727	1.5408224	1.7197777	1.5692044	0.3170111	0.091903046	2.032407	-0.34171325	0.39648938	1.9740574	0.7345843	1.5022274	0.21377565	0.55579394	0.7142062	0.04378929	-1.8955468	-0.21845242	-2.8034327	0.99300504	4.2130284	1.9214861	1.8070594	-0.31974238	1.1765074	2.8212638	-0.30909368	-0.3003414	3.2497232	-2.0959303	-1.3057331	-0.21346942	2.6687174	-1.1479824	-3.8036022	2.8478258	-1.9877957	3.738219	0.7085045	0.6082669	0.9747555	-0.1990852	0.22044054	-1.2993065	-0.9716293	-0.34278142	1.6699132	2.770268	0.040727105	1.7297959	-1.0247172	0.06018783	-3.210552	-2.0046582	1.7091985	-0.55244756	-0.78467596	1.6736526	2.7399998	1.0143582	-1.1017256	-1.3234777	1.0779221	-0.67296994	1.3003193	-1.0245196	0.60756266	2.1932912	-4.9291253	1.64767	2.6983821	-0.015106605	-0.77236885	1.18916	1.1391639	3.5794969	2.1699393	0.5294875	2.8739448	0.3168662	1.5160683	3.0079658	-1.2837267	-0.63935626	0.8088037	4.6916413	2.7682872	0.6292012	4.8170757	1.5307719	2.103705	3.1997683	-0.5007777	-3.177902	-0.4077489	-5.5562973	-0.34198835	1.814548	2.240705	1.7909013	1.2016996	-0.34244722	-2.8762383	2.2838624	-1.1716503	1.038653	2.6463253	-1.0253674	-2.3202062	-0.37154597	2.6162543	1.0302004	-3.504686	1.1688946	2.1576285	-0.2824903	1.3541235	0.7401309	1.1548884	0.2927957	-0.17740978	-3.1781635	-2.847772	0.4259513	3.132597	-2.5283766	2.0167863	0.4582775	-0.047275223	0.92639685	5.1617236	-2.0256276	-1.0801889	0.9468449	6.272465	0.803003	1.0334371	0.8230673	-0.38693586	2.6045105	1.9424596	-0.33696717	1.4353869	1.0211107	1.3488768	-1.4004588	0.13219859	-0.34655982	-0.54528385	-1.8189869	3.350611	1.278179	-0.82172817	0.87690353	-3.536202	0.10327872	0.14782748	2.6804934	-0.865915	-0.4333763	0.9644007	-0.8553572	0.72462755	1.1691369	-1.8368676	-0.26307318	-0.9517066	3.0959532	0.65504605	1.0722101	-0.389129	-2.4866629	-5.3648977	-2.3479297	-1.0533804	-0.08696785	-4.04203	1.4099978	1.3324437	2.4028068	1.8231016	-0.90431726	0.3401173	-1.2514234	-0.88457286	0.16387606
2S-aminododecanoic acid	-0.21521157	3.2451887	4.280115	2.6840975	1.0886514	-1.4076502	1.8269384	1.9184356	3.8571894	-4.04899	-4.483525	0.4751861	-0.69932973	1.3662803	-0.9012521	2.3343806	0.2395309	5.6738644	2.8660517	2.308616	1.8048989	0.49089622	1.2853597	4.036957	1.2365234	3.0610926	0.9539972	1.1233648	-1.994228	0.8764509	4.5295997	4.0601754	-5.392556	0.45711967	1.499657	1.4338577	8.996408	2.5588322	1.8702441	3.349633	1.9894842	2.6504	-0.9248503	-0.09469286	0.5763228	1.5084231	0.24369982	2.9342613	2.0107465	-0.9775686	1.406361	1.8545763	1.0901756	3.078398	0.58790314	-0.5006241	0.9445953	0.7057613	0.92076296	-1.8858906	-0.22733149	-0.43683663	-0.8035623	0.0022670291	-1.4120276	-1.1346366	0.1613721	-0.33757025	-2.3657377	-0.8748493	0.36528385	0.71306586	3.0707684	-0.16378918	1.8804672	1.0194352	1.5282062	-2.3662863	0.5316391	0.15489194	-0.26724413	-2.7938278	-1.1638341	2.3938375	-1.3035293	4.3539042	3.4924138	4.035715	1.382336	6.672012	2.1932576	5.7704105	-0.5778414	-0.5991593	1.3518411	1.9457098	0.024127748	-2.5548706	1.2352825	0.9603402	1.1596667	0.87596154	3.1364844	0.43249896	0.20677997	3.1625836	3.1330893	4.4294367	5.767228	0.15841901	-0.0061667766	0.7585173	1.1773986	-1.549992	4.0563993	-1.0439413	0.22045763	-1.2321109	1.4426388	1.0538327	2.4979026	5.3108253	1.6551137	1.1085721	1.279805	-0.21833888	-0.8467402	2.4184144	2.2455525	1.5260676	-0.3997169	0.17507552	3.075917	1.9117788	0.54800195	0.60224867	5.810018	-1.1217102	-3.3236802	4.4975677	2.0019684	3.763631	0.08225585	5.4627204	1.9236747	1.775795	1.8618611	0.48222518	0.045512073	2.5729635	-0.21464771	-0.04079187	0.63939	-1.3693726	0.20217691	-0.043665487	-0.7205189	0.2423498	1.1936777	-0.58577675	0.942328	1.3581275	-2.092221	-0.4487173	2.8695586	-1.433368	3.7081044	-1.5187573	2.3760586	-0.81331104	2.638824	-0.9418122	-0.6013488	3.1735775	2.28595	-1.7979839	-1.5961932	1.9218554	0.44206226	2.652452	-0.447474	2.7964025	1.9348385	0.5144001	-4.69526	-5.5967674	2.3042386	-1.446133	1.0199393	0.32345152	3.477363	-0.2329877	2.7223327	8.9964075	-1.7829692	-1.7549404	-1.4202639	0.24773052	1.3238661	0.2543405	-1.7878206	-0.32806337	-0.21157746	0.48030758	-0.51646435	0.6531989	1.3311995	5.57972	0.4983007	4.5150466	-0.13856097	-1.165951	1.3509881	0.24273016	0.9727248	1.0985398	0.6526462	-4.509087	-0.2836861	1.143508	-0.40062526	0.98111767	1.3288398	0.97167754	3.2051184	-0.48586982	2.8370607	-0.39595586	1.2332159	7.323715	1.319876	1.1816293	2.4150882	2.5707064	-1.9880625	-1.9349618	-3.2374992	2.463388	-0.5441689	-4.381183	1.5187141	1.1094005	0.9122271	1.1412624	-0.9511637	2.2482226	1.0737727	1.0771625	4.5111475
2S-aminooctanoic acid	-2.7924097	4.147244	1.7617553	-0.2563759	-0.43995756	-1.6028924	2.3958194	4.7429175	-0.17749836	-4.9169497	-5.558708	-0.5376355	-9.210534	0.35112557	-4.8896184	2.3860831	2.266355	1.2190727	4.8331604	1.5231947	3.3756433	4.4164023	0.6954903	-1.7046245	-0.23589706	0.9180396	1.6732678	1.5878277	4.5413656	-0.0070897685	1.9390837	0.41842148	-4.037244	1.0369573	2.649965	2.0687149	2.5588322	8.575684	3.3056066	0.4511356	5.8510356	2.1226912	1.7549142	-1.015014	-0.986422	-0.607538	1.3359152	-0.7417769	0.70073634	3.1555429	-0.35329384	-0.38900462	-0.29427806	1.9013515	-0.2033407	0.024528159	-0.57131624	-3.2016811	2.7957945	-3.913171	-1.8748616	-1.7651076	-2.4640856	-0.361318	1.277199	5.229665	0.6155864	1.1202992	-1.3403887	2.8306642	0.2502659	-0.46837184	-2.2658129	-1.8813524	0.31913257	1.21933	0.9116072	2.1297255	0.29094213	-1.0198001	2.084209	1.9651244	-0.2724784	-0.48421472	-1.3681747	0.41426212	2.0133388	1.5805595	0.5592019	1.6490978	0.6227181	2.440073	1.1469456	3.8215973	1.5450065	8.575683	-1.2290009	-0.67868274	0.05954758	-2.1910536	1.2971126	1.8657956	-2.2788148	7.208708	-0.370516	0.2613568	-0.9627045	8.172906	3.649323	0.08454609	1.1017799	-2.228948	2.8151991	2.3998108	1.4207731	-2.196148	-1.4207602	-0.38972068	2.8870099	-3.677714	4.5133705	0.8223409	1.9577398	0.5511053	-0.36408678	-1.6719015	-1.9153626	4.583447	-1.8021071	-0.29090106	2.355492	-3.8148608	0.5919782	1.4936258	-1.6716685	0.0034426607	-1.4305729	-1.8005176	-3.5493672	0.1549599	-3.2237306	0.935768	-1.1197623	-1.6878297	-0.26203182	-2.2285483	3.0616007	5.1813	-0.5698726	2.8778315	0.9237743	-0.3913066	1.7219679	-2.302827	0.8632181	-0.23337509	-2.7194679	-0.39496744	-3.2235107	-0.34743425	0.40361732	2.7815704	0.92916375	1.7151396	0.566636	0.8895331	1.6160609	-1.4943491	0.061829053	-2.8188243	0.4345377	-3.4741216	-1.953666	-0.54010725	0.82475036	-2.3780148	-2.350891	0.85478145	2.4468017	3.7693677	-1.343741	0.8663684	0.1185219	1.5865779	2.6841044	3.5496438	-2.511741	-0.9394353	-2.0044963	3.1115484	0.2670128	0.28619587	1.408138	4.3880725	-2.964789	-2.1198936	0.5660552	2.601575	1.495522	-0.430819	-2.1834443	-1.5095874	-0.22238801	5.1542654	0.70934284	-0.34981012	1.0669174	6.019687	-1.2597473	0.18031546	0.4565729	-3.2764552	-1.9587688	0.6552534	0.36381292	-0.1829649	0.22442628	-5.3707075	-1.2344244	3.105212	-2.5756242	5.58404	-1.4851646	-0.9779735	0.5678907	7.9424095	0.078141704	1.9259043	0.16999349	0.8410413	0.7063869	0.3345571	2.0639703	5.714676	-1.337424	-6.48362	-1.0095588	-1.204848	-5.1551547	-3.2504785	-1.4225965	0.098641716	-0.023334198	1.023703	-2.308205	-0.3000156	-1.0597243	1.4125311	1.356018
2S-hydroxyisocaproic acid	1.320355	0.58338916	9.167337	1.9854065	-0.108005546	0.02368414	1.968173	0.9477225	4.398	-1.92522	-2.470528	2.851011	-2.5824974	3.9868107	-4.8396597	9.629609	-0.03736226	4.070235	6.028576	1.2302636	1.3628591	0.87346447	3.2431312	2.498614	3.6338644	2.870272	9.01315	10.420083	-0.9812571	4.2499876	3.3808331	6.3075743	-1.9088781	2.5831203	2.8840835	1.0649471	1.8702441	3.3056066	10.420084	3.9854407	1.8393672	1.8930947	-0.18165042	1.8006458	-1.8771999	0.38727823	-0.6311437	3.5297992	4.5402164	1.2521998	-0.22995672	1.8094501	0.22638871	1.9243523	-1.5350933	0.78886056	0.83343667	-0.048522215	1.9185891	-0.14153016	1.5239246	-0.20986521	-2.9676433	5.012222	-0.54626006	1.093217	2.9997487	-0.08855208	1.400919	-0.047073953	-0.96640444	1.6559997	4.360322	0.20154843	-0.40050176	4.6342854	0.97302103	0.067936	0.2351693	-1.6680704	0.46034548	5.152276	0.2869638	2.201475	-1.4960023	3.699791	1.6657156	3.1065555	3.138549	3.5158157	3.8526177	4.023177	0.18453908	5.9258914	-0.045444295	1.6710979	4.0203443	-2.2423935	0.36436203	0.54848766	1.3027644	0.7692938	2.6789544	1.6329467	2.5755305	1.8234752	1.0526949	2.3924818	4.162159	3.7055256	1.6338872	-1.1111562	3.5985174	1.4712579	3.7832952	0.079229124	1.1730125	1.6911136	-0.13224766	-0.18342228	4.333213	2.9832222	-1.0706193	0.7656968	2.1981997	4.4021297	-0.94694924	2.5448375	2.401351	2.0176222	1.4997634	-4.3816967	1.0671487	2.0189884	-2.112648	1.1651728	-0.40733108	1.7266734	-0.3613514	1.7102002	-1.3887384	2.581119	-0.9062936	1.0409108	1.0471321	-1.5754288	0.64736027	1.9232893	1.7467989	1.7963871	2.496734	4.61267	0.6553158	4.333352	3.937429	-0.30180225	-5.3398557	-0.8528029	-3.018434	1.8749266	1.1167252	4.2452784	-2.4067345	0.8343926	3.3626966	1.9095135	3.420405	0.58362997	3.272341	-2.2288313	4.837628	-2.5507703	-0.95845795	3.265379	1.1130472	1.645031	4.2202005	3.032236	4.235291	7.016113	-1.9608126	2.576306	4.0836353	0.42043447	0.42509001	0.7543765	-1.1121099	3.3312938	-1.2901342	2.7421765	2.9944892	-1.2129872	3.8713317	4.3104935	-3.6065354	-2.6913366	-2.8857496	-3.0302613	2.6535833	1.7964194	-2.2604754	-0.5718369	-1.0543283	4.786791	-1.6663085	5.0063443	-0.08619928	3.3662536	-2.294211	-0.033307396	3.4413764	-2.5360508	0.9311796	2.2901258	2.4235659	0.2400577	0.30402705	-2.739455	-1.2064508	3.9248576	-0.6450802	3.105198	6.020564	-1.7972957	0.04920746	3.8957877	4.686132	5.5675445	0.025972506	2.3105454	4.8981395	-1.8103834	5.5598125	8.349129	1.7706957	-2.0229437	-5.1404424	3.5991936	-1.0951346	-5.145389	-0.5753867	0.9889605	3.0466518	0.3595381	-0.118403316	2.3947597	-2.2804406	4.337914	0.5559034
2S-hydroxyisovaleric acid	4.7454047	-0.11939554	4.1119566	4.3514304	2.5075507	-0.29949018	-0.16536568	-0.46617708	3.0270538	2.0773041	1.4544817	3.0238714	-1.5295367	2.9563518	-1.0966885	4.0610223	0.5287079	6.1936545	3.9725866	2.8738806	1.79905	0.8071033	2.2332263	2.878595	5.1916733	4.1693516	4.2422576	5.2079115	-2.3341808	3.1004891	5.7394753	6.3387403	1.6527816	3.0198896	2.9902468	1.2110392	3.349633	0.4511356	3.9854407	6.848707	5.5408974	2.5831563	5.7946267	1.2738962	-2.4293513	1.0025192	0.088242434	3.3466916	2.3845348	0.79786986	0.77223504	0.7903808	4.6594553	2.3406966	-1.3865796	-0.58453214	0.74657845	2.512244	1.475868	3.8727434	3.8106601	-0.46291357	-1.0700729	0.8991973	0.08395017	-1.750633	1.2266786	3.9242606	0.70615965	-0.9501332	1.5119718	0.55633974	4.1696124	0.18318614	1.5887378	4.000779	3.707478	3.785157	0.4448706	-0.1793397	-0.7844898	-0.0276396	1.5395416	2.7245343	-0.85098904	3.1352007	3.9045699	3.9469583	3.3903127	3.696743	2.6411862	3.4072773	-1.4402968	1.5412973	1.2173507	-0.8562688	0.038185656	-2.4895434	2.0564897	0.910434	1.2772237	4.6119733	2.4444878	1.8750012	1.1903913	1.5190593	3.448233	2.4888453	1.6907789	3.6734252	0.5117827	-1.4453841	2.9744933	-2.698843	4.464275	4.820521	5.0908875	-1.3722695	0.10668478	0.73446405	3.120153	3.5428138	-0.33552396	2.0337658	1.6627302	1.4923792	2.1175406	1.5109427	0.7744766	1.5121368	-2.6645398	-2.3298185	2.231333	2.7811406	1.2566907	0.4752993	2.9969406	-2.7530441	-1.7847648	2.6206403	3.733085	2.1178095	0.23572205	4.4716544	1.9268798	-0.24548057	-0.30211598	1.6675909	1.3639328	1.7008333	0.7882049	6.475878	1.5646282	4.9727163	4.228	0.14920872	-1.0122894	-0.041372057	1.6292448	1.1797186	1.9463048	1.9555686	-1.7298235	0.69419175	3.0240602	-4.0272512	3.6055899	1.8078042	3.6297762	-2.1719627	4.87888	-1.0998423	-0.19487791	4.328328	1.4591124	6.8487062	0.5139407	3.0067322	0.32341483	3.1781802	-0.7912962	3.5353835	3.8687177	0.5951253	-4.2926807	-5.2078977	0.4832637	-0.91685593	1.3382812	2.4122095	5.698407	0.67102426	3.855585	1.867856	-2.1206765	0.12387764	-2.2112224	-1.3270102	2.8838294	2.1289513	-1.1961187	2.694984	1.7731129	1.2279316	-0.024439396	2.6413646	1.4404951	5.4120026	-1.2117779	2.3686862	4.099213	-0.691348	0.5711195	2.9813454	2.1558979	2.1496549	1.235299	-2.164532	1.6173095	2.340457	-0.36964634	1.0499876	2.6300468	0.00223083	1.5738361	0.43038294	4.455609	1.6523352	1.493623	5.4066806	3.6675098	-0.72836107	3.2859216	2.99629	2.5191176	2.4734282	-2.5182695	3.7885575	4.080262	-1.8188003	1.317054	4.0761256	2.1185877	0.4873072	0.22015865	3.4084218	0.51921356	2.9485974	2.937106
2S-methyl-3-oxobutyrine	2.9221954	0.75119424	3.69792	4.523069	1.9109458	0.9646543	1.0988799	1.5271219	5.239278	0.93955034	0.0643612	3.5128078	-0.71864367	2.8771095	-3.2274973	3.6170642	2.1541255	-1.9593132	1.6516643	4.3403974	3.611227	2.4786992	1.5140731	1.8189523	2.5626843	5.158601	2.9213917	2.372953	0.9950262	6.613729	3.3217933	4.4656444	1.5677692	2.291981	2.12692	0.9675042	1.9894842	5.8510356	1.8393672	5.5408974	10.3634815	2.3406472	2.9463418	2.9319704	-3.822841	5.7721	0.23195814	4.1846814	1.8251207	-1.6243798	1.3762802	-0.23553534	2.4500039	2.1507816	-0.27094924	1.3550171	1.1768098	1.0502318	1.8490056	1.5620382	5.6165867	-1.5747278	-3.0366259	0.69951534	0.13749273	4.079208	-0.999604	3.442663	1.338511	0.41817197	1.5256034	0.9271161	3.4948597	-0.1881787	-1.032049	4.8154793	4.271228	2.9252229	0.6558452	0.12100329	0.3615712	-2.2549922	3.3542001	2.3880517	-1.628301	2.7433064	1.7393599	3.4575205	7.541038	2.774057	4.6488376	5.3796153	-2.001066	2.6741683	0.18952164	3.4499903	-2.1126022	-3.1240215	2.808578	0.84872746	2.2179742	3.546965	0.35401112	3.2787569	-0.58146584	-0.8587135	-0.36360916	4.832779	4.1849194	2.3787787	-0.72865725	-0.6208227	2.5574644	-1.309536	0.08072382	4.3253026	4.536446	-1.8127451	0.012053573	0.7658537	1.8499805	5.554624	0.687352	0.33927357	2.5326142	0.53655946	0.34661743	1.9255751	-0.30733123	1.9404186	-3.61739	-3.3231578	2.3268974	5.019921	2.110484	-0.29715908	6.16389	-4.858495	-0.9434215	4.455658	-4.3976426	2.4282255	0.6120207	-1.7966248	4.813356	-1.8146732	-2.1280508	3.91925	2.2116516	1.4674232	3.7932665	3.2901614	-0.9160968	4.363787	4.1332316	-0.25933853	-2.6151004	-0.4011048	-2.761977	5.294441	-0.4733547	3.232696	-1.1121414	1.1802753	1.772386	-2.6870966	3.6996956	3.7894273	1.2959391	-1.7236948	2.4597313	-5.8021183	-3.3657556	4.1373076	1.8098216	10.363481	4.957499	3.0123262	1.0748888	2.385172	-0.9315681	2.80799	3.9810724	4.0711784	-1.7692374	2.7908878	-2.378209	5.956314	-3.0073159	4.439191	7.2629633	-1.6029915	5.09883	6.864466	-3.1383338	-2.6227038	-1.9359878	-4.050447	3.7011223	2.2819629	-2.652558	0.03869598	0.122627445	3.647847	-1.8710716	0.35465539	1.1643156	1.4670298	-0.34183928	4.7578735	3.765502	-2.7567954	6.44519	2.752374	5.175863	-0.6181652	0.09162955	1.572845	2.7176342	1.7162039	-0.04604291	3.9501424	5.2508106	-0.57171476	2.7660964	0.73686504	4.197063	1.1074746	0.007970641	-3.9522064	4.8465037	-2.1678	3.0022662	2.7483108	7.093267	2.3205435	-1.2294357	4.3377905	9.840121	-2.2710598	-2.242809	7.958227	3.9247506	-0.16649057	-1.5561236	4.5578756	-1.653081	3.5236075	3.0453646
3,3-dihomophenylalanine	0.6182198	2.9694011	2.5046613	0.94787526	2.2339084	-1.3411673	3.8138564	1.0295802	0.8289261	0.27962875	0.27154747	2.7330306	0.34185055	1.6887347	-0.71539915	1.5290899	-0.43344885	2.4877014	4.0409217	1.1109233	1.6356114	1.4645681	2.8011603	0.23282652	4.2957487	-0.47215593	3.0725257	2.1351855	-1.0442278	2.6921296	2.1757689	1.2106813	0.04771462	1.9711798	2.1672819	2.07823	2.6504	2.1226912	1.8930947	2.5831563	2.3406472	6.592781	0.7721877	1.3506491	-2.663806	0.07443099	1.9954875	2.8731549	-0.205483	0.7832963	0.9214306	1.0473878	1.2749764	3.9508412	-0.41066357	0.27450746	0.41693652	-0.1900442	2.294817	2.7898946	2.9154174	3.81623	-2.0957057	6.59278	0.6465505	1.7399701	1.7966199	2.1708274	0.30284402	1.2207714	0.6801723	-0.028568203	1.291975	0.92533195	1.6606485	2.9349468	0.9925318	1.225414	-0.5005755	-1.3636092	0.941991	3.521968	1.0239048	2.3596168	0.5517349	2.569121	3.5703342	1.3611279	1.9923468	1.7784758	1.7987856	0.9295254	-2.0471022	3.809311	0.76774085	0.32741126	0.43734723	-1.942732	1.9225817	-0.6984396	2.2539546	1.0174558	1.4614007	0.7249253	1.2244627	0.5851548	1.6637356	0.4462335	0.63851106	0.99730974	-0.01676894	-0.20243798	3.3356981	-3.2334726	2.3627534	2.74623	2.7385652	0.27408174	1.0376524	2.2944882	4.112017	3.1705577	1.0766733	-0.496608	0.744662	5.3145375	3.072577	1.4500158	-1.471198	1.9448642	-0.6658261	-1.6196053	1.698163	1.253085	1.3569316	2.7278194	1.0657102	-0.45650628	-0.8206807	1.5866024	-1.5517099	0.81346524	0.36717597	2.9127955	-0.9322195	-0.78422016	-0.6218679	1.0610807	0.35091513	4.065321	1.2681706	2.2914202	2.1769962	-0.42383945	2.013357	0.8259345	-2.1395874	-0.1130311	1.3155813	1.2154264	0.8966148	0.37003034	-0.08596332	0.49862793	0.61088604	-2.3384285	1.862331	-1.0399041	1.1439735	2.2106805	2.2545853	-2.0131092	-1.0827638	-0.9322843	1.0265299	2.6783926	-1.0077442	3.0863369	0.42275307	2.6799486	-0.3439413	3.4236283	2.9989264	0.40613765	-2.9509506	-2.9300714	1.6548512	0.4200221	0.68035656	2.2900887	1.4701068	0.30004022	2.4895906	3.2246506	-0.04717367	0.36915356	1.0335017	-0.625617	2.659413	1.5817395	0.14808543	1.5829018	0.3703133	3.3806758	-1.9472134	4.276031	2.4718943	1.7536283	-0.7256619	2.4403214	1.9108772	-1.6169263	-1.8650178	1.7856792	0.39303935	1.8993596	2.1096816	0.5744953	-0.4962011	1.9924765	-0.18613726	-0.94650644	4.2595696	0.07789475	2.004252	1.3456422	2.3534045	4.269231	0.90710914	1.3785487	0.8562067	1.0815952	1.2870609	2.7371185	1.0734519	1.9421737	-1.4674999	0.82664496	-3.34119	-1.6394775	1.8473842	0.02137782	0.96710086	1.6224416	-0.50404537	2.4803495	-1.3987656	0.8174834	2.603115
3,4-dehydrolysine	-1.5990708	-2.370439	-0.46773446	1.0461608	-1.1894473	-1.2172362	-0.73831165	-2.099276	1.5594419	-0.0316659	-1.6579335	1.0961437	-8.391069	4.216932	1.1705489	1.3033459	-1.4519721	0.2214057	2.2393289	4.23979	0.2685037	1.7380835	1.2506417	-1.2877394	-0.8298273	3.8752694	2.9621205	3.2253594	3.7549613	1.7786419	5.0084968	3.5492003	1.1829243	-0.07821747	5.8911505	-0.6269279	-0.9248503	1.7549142	-0.18165042	5.7946267	2.9463418	0.7721877	9.061029	-2.571846	1.6944848	-2.0023837	3.2919245	-1.2871842	-0.82094336	-0.32557067	-2.0699959	-1.6517985	-1.5712869	-1.7340374	-4.859089	-0.28066584	3.2140644	-3.8202612	-0.5147768	2.4925575	-3.3795147	-1.4344537	-1.9394729	-0.8272848	-4.642829	-3.5488148	2.3180733	2.9481254	-2.9325945	-5.7661133	2.0350592	-1.1102806	0.6610305	0.84995615	-2.5138507	1.1253784	0.39342326	-4.254944	-1.2091906	-2.2910063	-0.42910156	-5.6437073	-0.9461289	-2.390776	-2.356062	0.39272064	-0.87270975	4.865834	2.4219146	4.0890803	0.44112316	1.1805142	-1.7494514	0.84388417	-0.0360711	2.0903664	-0.065028414	0.45691687	-0.52445996	-0.5571558	-1.0900223	4.380155	-0.30962524	9.0610285	-0.6841452	2.199796	4.8765874	0.6596732	6.252646	3.0779111	5.794218	-3.4149294	0.3655734	-4.4699073	0.7390746	-1.9729823	2.8268661	2.2457745	-2.5185943	-4.2900553	4.7556834	0.27405056	-2.1537306	-1.388498	-1.2811422	-0.43633866	1.5189564	3.5185478	-2.229142	-0.25689757	-5.56312	-5.6992307	-1.8784742	-1.0659877	-1.0411987	3.4660566	-3.4749463	-1.5471843	-4.479178	1.5941275	2.2437716	3.9718895	-3.5801737	-2.5910378	-0.2624068	-3.925523	0.12905324	4.741189	0.17029524	3.902258	-1.4732264	0.81429213	-2.7591372	1.9415259	0.7023	-1.9620817	-6.1896863	-0.73609173	-5.7950916	-0.12316639	2.275005	0.77425396	-4.503834	-5.1867356	-0.39539823	-1.8762718	-0.04509238	-0.46285692	0.06484228	-2.5166135	5.124942	-3.3824394	-1.5313374	-1.6468469	5.5148206	7.117961	5.23131	-1.1379634	-1.8431557	-0.10595341	-2.0966535	0.47673142	-0.63081765	-4.0957417	-4.401278	-3.0747721	-3.9981594	2.8269794	-1.8810942	0.19216865	7.058142	-0.70663	-0.2066537	-2.2428398	-1.9999915	-0.4640951	-2.635352	-3.07085	3.5984035	0.20223531	-2.5712242	-2.106063	1.1624476	-1.1767662	-3.1556215	-0.90032554	0.28946477	-1.725419	-1.1131604	-2.9232748	1.5516697	-0.813989	-2.8562152	-2.5538943	0.86583173	5.294528	-0.68839383	-7.253533	-1.4860765	1.1942371	3.920919	-0.533803	-2.403636	-0.9877745	-0.7824429	-1.3217453	0.68894696	-2.262409	-0.8042528	-3.1697166	2.1969619	-3.1042762	2.0711224	3.9997132	-0.5138184	-5.730266	-3.7269123	0.1731576	-1.1034272	-3.8063495	2.6739962	-0.21057777	1.773692	1.899299	-2.0169823	0.6792339	-3.8503313	-0.28696328	-1.9459141
3,4-dihydroxybenzoic acid	-0.4199828	0.2887284	2.0779264	0.48050335	3.0132754	-2.1248703	-0.05332564	0.71366715	4.9878807	-1.3802239	-1.8374866	0.8814669	4.1685214	6.4086084	-4.1064234	1.47955	0.69648373	-0.39888072	0.31971642	2.0640554	1.2379595	-0.82458204	1.5235072	-1.803083	-0.42106417	2.7868133	4.7873654	3.7942827	4.2676373	5.2347884	0.85236293	1.6046795	-0.6906604	-0.084640294	-1.5341247	0.66956407	-0.09469286	-1.015014	1.8006458	1.2738962	2.9319704	1.3506491	-2.571846	7.531011	-4.5807657	-1.0519446	-0.5598879	2.9851713	3.9211922	-1.9296494	0.21266682	1.803176	-0.091183625	0.22840452	2.684183	-5.6120934	-1.9417597	1.5194305	-0.9156875	0.31471053	-0.7083868	-0.84357476	-3.0688908	5.009851	1.766912	1.3458256	0.8635355	3.0452478	-2.1151552	-0.99475545	-1.1996541	0.44035274	6.1333375	1.5276377	-0.070075266	2.3797112	1.7975858	-0.23392856	-1.1771495	1.3965378	1.368167	-5.915585	-0.6681643	-0.19764613	1.0565612	5.3148265	0.8057532	4.9506316	4.586128	-0.13039622	4.2274456	2.2005858	-2.566195	4.6184373	-1.6031412	-1.4759597	-0.3434801	-5.5782247	0.5454652	-1.7124044	4.3362136	-0.9135116	-2.8325832	-0.64143014	3.8132968	0.593699	0.49079734	0.8030938	1.9394084	1.6973836	-2.744413	-0.736275	2.3030844	1.7965581	-0.023613064	4.0670195	3.5787885	-2.7928529	0.51287794	3.4742544	2.4802415	4.500508	-0.93494886	2.0792224	0.65257895	1.2760154	-1.3220601	0.7635302	-1.3700799	0.5992364	0.8375356	-4.1387053	0.46496695	0.16240421	-1.8201901	-2.9994557	-3.2960625	-6.2997336	-7.49504	-1.1376617	-4.7280393	-0.40796438	-1.6576854	-1.6033369	-0.687102	-1.8485277	-0.32160178	3.3566186	2.6242423	-1.1565982	0.32729486	4.4837346	-0.05501969	-1.6621238	5.4578624	-2.3412523	-5.4039536	-1.8968927	-0.2957996	-0.100734204	-2.0605793	1.094001	-0.87446994	-1.9630313	-2.7155979	-0.17819726	4.4580483	-0.119420595	3.915898	6.175469	4.3226132	-4.9153605	-0.025636366	-1.9521393	-0.6493488	-2.1965234	5.058763	4.145111	3.203438	2.0706937	-2.1906729	2.4406536	6.560527	1.0207776	1.2902533	1.741384	-1.2673041	-0.9522628	-1.4863762	2.0430725	6.2026753	-1.2489263	1.349993	-0.0027211334	-0.68239653	-4.3698964	-1.93082	-1.7297043	1.915252	2.3341968	0.37071523	-3.6007397	-0.5247638	3.9140732	-1.881658	1.8127446	-1.156204	0.21355325	-2.7487574	1.5741316	3.637722	-3.4288082	-0.40401343	7.53101	1.9120992	0.37398484	-0.2797403	3.0427155	-0.719232	2.828588	-3.8932354	2.8559844	4.591564	-2.4487834	1.7131406	-0.7338369	2.9734707	3.2683725	1.0200254	-3.5693362	0.6702161	-0.14528109	0.9369748	3.880739	2.8945491	1.7132835	-2.252355	2.7552645	6.2438183	-4.1550336	-0.25417462	4.864455	5.7008514	-0.42251316	-1.2523148	1.4787297	-2.8768425	-0.46021095	1.2335547
3,5-dihydroxyphenylglycine	-3.5619016	-0.16330639	-2.0702195	-1.8847699	-2.217722	0.115062565	-1.1145335	-1.1329905	-1.8550025	-2.318212	-2.0709262	-2.4738	-7.6506658	-2.6248455	-3.305383	-2.8780115	-0.35788256	-2.2486944	-3.2833045	-2.2821922	-0.89089465	0.0037001693	-3.182269	-1.8745096	-3.3659248	-0.9892204	-1.3573651	-3.4283798	-2.1821482	-2.6575754	-0.32064998	-4.1036987	-1.3902316	1.169537	-0.5799443	-0.059279837	0.5763228	-0.986422	-1.8771999	-2.4293513	-3.822841	-2.663806	1.6944848	-4.5807657	2.9577868	-3.312011	-0.26882392	-2.7840703	-2.5042806	-1.7350966	-1.8572465	-0.3705856	0.103086025	-1.0534635	-5.2682843	-4.8505545	-1.3369488	0.75728863	2.0080233	-3.047168	-3.9090471	-1.0931041	-3.2063816	-3.6798565	-4.3251543	-2.7954962	-0.2771089	1.2296139	-0.63665223	-4.7797265	-0.9602982	1.2092733	-5.4046774	-1.9078406	1.3706833	-3.8628478	-1.9086547	-4.636257	2.0892146	0.3029108	-3.4987552	-8.285572	-1.6926348	-2.4257958	-1.9481804	-1.2299216	-0.7796802	-1.4195222	-3.3088644	-2.4681158	-3.0342908	-1.5171489	1.8218416	-2.686185	-0.930306	-1.9642516	-2.5046697	-2.8571517	0.5343632	-2.9653082	-1.8072335	-1.4629277	-2.0136151	0.18382521	-0.33271065	-1.8138671	-1.8384534	-1.1274534	-3.7606153	0.8040882	0.30417225	-0.36042273	-2.8980858	-3.2928054	-0.15828943	-1.1159168	-0.6196875	-0.00792055	-1.866456	-3.6565042	-1.5715352	-1.9248897	0.116027296	-1.0763398	-1.3550525	-2.6487732	-1.9864641	2.426719	1.2505062	-1.119393	-2.9442937	0.6455521	-0.18840359	-0.43319064	0.49336842	-0.9861505	-1.4485275	-1.5402066	-4.809166	0.18821527	1.5136681	-2.0149345	0.57049954	-0.66799885	-3.9218094	-0.8629378	1.7708784	-0.31037313	-1.5334392	1.2890512	0.6459227	-1.4249387	-0.011115028	-2.758357	-1.3825264	-1.6814581	-3.8226132	1.0231158	-6.410366	-2.068888	-0.6446737	0.7594912	-3.5883207	-4.2324815	-2.0380495	-5.2827635	-1.7201687	-2.0311456	-1.0098537	-1.0027846	-0.68347263	-2.6274562	2.0071883	-1.3822349	-1.1325203	-6.3146157	-1.0855294	-2.478359	-1.3864084	-2.707079	0.07777367	-3.0476947	-4.037627	-3.4306662	-6.037125	-5.746401	-0.4185844	-0.2855491	-2.167912	0.93123007	-3.0313897	0.25393716	2.9577858	-1.4363256	-1.7572532	-2.0511239	-3.322716	-1.8719131	-0.97317046	-0.9621208	-1.1556247	-2.0438185	0.022025216	-2.518567	-1.1416365	-2.8664155	0.57590395	-2.2555406	0.52921593	-3.3440003	-2.7668312	1.4370133	-4.244854	-1.7693905	0.14138673	-0.24342182	1.043831	-7.328145	-0.14276834	-1.6072756	-2.206082	1.5241717	-4.24019	-0.6583437	-3.0488112	0.7680192	-3.2989793	-2.0934384	-1.9008253	-5.1172423	-1.8821566	-2.2794313	0.0029853939	-2.932047	-4.4293375	-5.8511333	-6.54317	-3.0543334	-7.13136	-5.889621	0.27186465	-3.6622295	-2.1996427	0.4201164	-1.2447093	-2.3566825	-1.7399299	-0.6563308	-2.3134384
3-(2-nitrocyclopropylalanine)	-2.823742	4.2175684	0.46884257	-0.4718302	-1.3426936	-2.0480611	0.052706555	-1.0139562	0.2758559	-3.7448287	-5.504285	-1.0735297	0.66957206	1.3061538	-4.36577	0.8938787	-0.929542	1.4875395	0.2844373	1.9841026	0.115907826	2.459901	-0.34270784	0.5676943	4.040747	-0.49194908	1.2178637	2.0846374	-4.384944	0.6205408	-0.3122998	-1.4503822	-4.668715	0.23624688	0.09926617	-0.8435469	1.5084231	-0.607538	0.38727823	1.0025192	5.7721	0.07443099	-2.0023837	-1.0519446	-3.312011	9.552662	2.9386306	1.4755704	-0.69350314	-0.23862706	-0.5757628	-1.8563528	-0.4331138	3.9371104	1.7148862	3.8253279	-0.92581993	-1.1932678	0.086636685	-2.5174623	0.048254173	-1.140919	-1.8356086	-0.64370525	0.34702918	-0.74689174	1.6425167	3.762021	0.66742235	4.4005566	0.046834685	-1.1623498	1.4490204	-1.4808058	-1.775797	1.7109016	1.0103351	2.3049467	0.68203866	-0.6095967	3.7811275	2.6423798	1.8072286	-0.37925327	-2.2799597	-0.83606416	4.0543027	4.2917314	4.5026045	2.2149158	0.35300097	3.3183413	-2.139831	3.1424375	2.7919455	1.1811723	-1.9698367	-4.43809	-0.18892996	1.0351164	-1.2584689	5.034212	-2.961308	-0.68089294	-2.0266616	0.64709276	-1.9309458	-0.9588264	1.6396437	0.95806503	0.35102916	-2.9679494	-0.3927734	-0.15182903	1.0570008	-3.1865845	-1.8445516	-0.72826123	-2.3280416	-0.2109566	-1.2339941	0.05985836	-0.6477982	-0.1803942	5.882731	-1.458852	-0.20137021	0.12617244	-2.6241777	-0.2258845	-2.83561	-3.3453834	0.66113	7.695887	-2.8629885	1.1023912	-3.5890229	-2.7750356	-6.2496524	0.057251457	-2.504985	2.8820634	-1.3779426	-3.717724	9.552661	-2.4580882	0.5424773	1.9482684	-0.7579956	-0.7380873	3.0262547	3.7304235	-1.3368573	5.781579	4.266315	-2.5798264	-0.18590753	0.78101623	-7.8313727	4.7595716	1.0332696	1.278995	1.2895052	4.8512936	-1.2508827	-1.3246926	0.63702	4.2385263	0.6001174	-2.4134314	0.5533267	-2.0604455	-1.455422	3.89042	-0.10080354	4.399958	-2.3640018	0.2916365	0.9778101	1.161965	-2.2210433	0.15233251	1.2972101	2.2934175	-5.2967544	-3.9207056	-1.0164915	-1.9111733	0.38598695	0.84757376	6.359442	-0.024309916	0.7452095	-0.9359009	-2.4598565	-2.1032987	-3.3511465	-2.2640164	2.8239913	0.3941724	-2.897048	-2.492744	2.0835798	-0.5972299	-0.6064049	-0.7837489	-0.5390822	-1.9853275	-1.1973648	0.535616	1.1260704	-2.022482	-2.7638094	0.33724588	4.0552707	1.9222335	-0.91250235	-1.1135113	1.3406383	0.81680906	-2.4083667	-1.5776594	-0.35113776	-0.8573262	0.00014543005	-1.6541638	1.9989564	2.9819632	0.6219824	-3.663061	-0.3258065	-1.9568661	-0.12375436	0.9129859	0.070991814	-3.3744442	-6.079641	7.734539	-2.016982	-6.7487564	-0.4574748	-0.4387905	3.0660844	0.07946331	-2.0355206	3.7108424	-1.245798	1.2393066	2.157027
3-(3-pyridyl)-alanine	-2.5956433	-0.053159017	-0.74426234	0.72064185	0.35657534	-0.97319293	1.902641	0.5017771	0.44843954	-2.057152	-2.599309	-0.4945797	-7.152062	3.0228546	-1.4266326	-0.4151546	-0.24185982	0.5990652	-2.5290475	0.18561146	0.00526664	1.0247394	-0.11977305	0.45799497	3.6027048	0.78478855	-0.27124643	-2.9006243	-5.238671	-0.5181902	-0.4704684	-2.2481837	-2.7239795	1.0533329	1.4492657	0.8554191	0.24369982	1.3359152	-0.6311437	0.088242434	0.23195814	1.9954875	3.2919245	-0.5598879	-0.26882392	2.9386306	5.895696	-1.1918737	-1.4887409	-1.2233338	-0.70378804	0.82711846	-0.8656816	1.8065039	-0.8474863	1.6352957	0.752275	0.4429927	1.096369	-1.2248253	1.127656	2.9348493	-3.3119762	-2.7178032	2.1659858	-0.9302447	1.3804401	-0.049375035	-0.24566172	1.7275333	1.3270311	-1.860568	2.8295522	-0.8149145	-0.32970923	-0.49227688	0.5312081	-0.21155626	0.6199203	-1.4130298	-0.24258806	-5.087972	2.0523345	-0.20782468	2.3274143	-0.8402931	2.1800013	1.4880092	2.4106822	-0.19977786	1.5673811	2.9663773	1.8515959	-0.32253373	4.7915897	1.7302793	5.670935	-1.46607	1.5276542	-0.1433525	1.2260728	-1.092975	-1.5517714	-0.075504005	0.19393773	2.3257935	0.33258155	2.4071097	-2.3487515	-0.5163381	1.0171001	5.59687	0.8773824	0.33467528	-1.3018988	-3.6034262	-3.1451755	0.83206147	1.9356462	-2.6416285	-0.24660599	2.0525596	0.45755082	-0.2708436	1.3153827	0.84942126	0.676765	1.334742	-2.1603518	0.7306741	1.1215842	-2.1071482	0.89686817	1.1860039	-2.3376672	2.2340465	1.1765853	2.432059	-1.1137727	0.89175385	-1.8159693	1.4053788	0.93690526	-3.012559	2.2223856	3.9757113	0.65902424	3.686801	0.4607924	2.400066	5.895695	-1.3572518	-0.26368228	4.0173454	-0.44399732	-0.8499336	1.6330601	-0.72381884	-2.83198	0.3611901	0.3552058	2.06099	-0.32817996	1.7739366	0.30900803	0.3987521	0.95467186	1.9378194	2.2133262	0.06842128	-0.07454135	5.0808873	3.5202262	-1.707565	1.5648831	-2.974968	-4.2288766	-0.28977177	-0.37994277	-0.4220772	4.333828	1.181698	1.199559	2.914421	-5.9127307	-6.8301873	0.87301356	1.1339735	-0.38743383	-0.030567355	1.5775759	0.62156624	-1.2190099	-0.7258658	-2.9320662	-1.7312852	-1.8460647	-0.76463044	0.042115685	2.0181541	2.6345904	-0.029341422	-0.39309663	-0.98621356	-1.898356	0.6100581	3.3905232	-0.6543093	1.1002415	1.0080506	-3.3794532	-1.770067	3.7061799	1.4644713	0.23824558	1.2133665	1.0731558	-4.781706	3.0222268	1.0351027	1.2198029	-0.31822643	1.1349828	3.4025104	-0.45240828	2.2436512	2.3432398	-1.5445802	1.0997474	-1.2278491	2.826144	1.4584541	-0.48960954	-1.6410723	-1.4430022	-1.041831	-4.463491	0.31885836	-4.269875	-3.312684	4.597885	2.4355254	-0.581963	3.2093847	1.4569331	1.2753742	-2.425838	1.506671	0.2867122
3-amino-2,4-dihydroxybenzoic acid	2.770524	-0.1690188	4.1110935	3.0045547	4.016236	0.5739362	1.8108696	0.12808806	3.5625556	-4.6455708	-5.4340587	4.405798	2.8713002	6.1494265	-5.0322733	4.234932	-0.26789594	5.1081805	4.8988576	2.9701438	1.1969432	1.0023435	1.1880672	2.3308167	2.277326	3.0742927	3.3683102	2.004702	-0.26909623	5.894957	5.294881	2.2293034	-2.9366224	1.5949414	1.1783584	1.2903748	2.9342613	-0.7417769	3.5297992	3.3466916	4.1846814	2.8731549	-1.2871842	2.9851713	-2.7840703	1.4755704	-1.1918737	9.158189	4.913658	-0.76606196	3.445427	0.96467704	2.5679696	7.3260884	5.3554688	1.8404367	-0.17502145	1.5583171	2.3531582	4.1137238	6.697157	2.7637885	-3.679777	7.7281494	0.40677157	-1.0537775	0.33395535	-0.18476239	0.20943196	-0.20952815	0.13550656	-0.327563	1.43729	0.12022417	2.5427098	5.730371	2.573848	4.2344303	-0.94570994	-0.17919627	-0.5795246	7.1074653	0.90530795	5.196497	-1.7476493	5.2966595	5.934439	3.1438243	4.7457824	3.080963	4.7733	3.2445383	-0.98803926	3.2941887	-0.37679255	-0.8273573	1.7498465	-2.743665	2.2683198	-0.01856597	2.1663623	1.9490932	5.4412746	-0.23479146	3.9689753	0.14189827	0.28827578	0.36919063	3.4521816	4.01994	0.10076751	-0.04968371	1.9081149	-1.7994429	5.7532306	5.1261234	5.0178137	-0.49131423	1.0284158	4.7947607	4.0786023	4.000698	2.127198	1.1843649	1.0839561	1.6465387	-0.25355476	3.3823385	-0.8179733	2.2603393	0.89598924	-1.4665283	1.4762858	3.4231744	-1.0106256	-2.3813248	-0.12197209	-5.2365103	-0.76106286	0.73658925	-3.1241055	-0.31099164	0.15112607	9.158188	3.532339	-2.7480736	-0.92980045	1.3511612	0.63275105	1.9747572	0.8810156	1.8742726	2.723681	0.47406703	4.378319	-1.6167133	-1.2858592	-0.029312631	-3.7129457	1.981772	-0.8123655	1.001708	-2.6914241	1.9759438	3.424702	-3.6983778	4.7012596	0.74889237	1.1580514	-2.2093585	5.2283382	-3.3333516	0.34971085	1.3817458	2.9420328	-1.3675729	5.963004	4.3512545	2.1192133	3.4067714	-1.2708716	3.2856762	4.561557	1.3654286	-2.7988887	-3.7522595	-2.2247305	0.73188967	-1.6406631	2.5385766	4.439051	-0.88361657	4.8091116	2.981679	-1.7223326	-2.2161963	-4.089489	-4.351379	3.510443	2.3017097	-1.7065618	0.15497601	-0.32374263	3.2259846	-1.8144418	1.9862385	1.2022141	4.6281424	-1.2316295	3.139162	4.526758	-2.8570716	2.1170683	3.9425783	0.63879865	1.6640376	1.3829498	1.0949911	-0.36402428	4.147107	-2.4421194	2.0358207	6.5936794	-1.8445461	2.4096029	1.5490009	3.714484	2.290366	1.9446236	5.592121	2.9026833	-2.4608135	3.6019506	5.119696	6.518597	3.718651	-5.7900906	2.5372128	7.055111	-4.9658494	0.1822818	5.3784637	4.001179	0.43018547	-1.3980529	2.3300807	-3.0764596	1.7345909	2.4061887
3-amino-4-hydroxybenzoic acid	-0.05300514	2.4863207	11.070972	2.0067036	1.3703399	0.46627226	3.0417185	2.9168134	2.8971136	-4.9280324	-4.664456	-0.38875788	-0.6414255	6.0604105	-3.9284406	6.4474797	3.0366254	1.654077	6.548217	0.8382984	2.3629212	-0.92834127	2.379961	3.0016153	2.1315699	4.8330784	3.5880265	4.134725	-1.8324008	4.0837173	6.852708	2.7158825	-5.2399306	7.9327383	8.151105	1.8440883	2.0107465	0.70073634	4.5402164	2.3845348	1.8251207	-0.205483	-0.82094336	3.9211922	-2.5042806	-0.69350314	-1.4887409	4.913658	11.070973	-0.6193653	0.39900288	-0.23498008	1.560518	2.982694	1.847673	-3.0459497	-0.8120185	-0.24959008	1.3313277	0.5188759	4.3021307	-3.1951954	-1.7217103	2.536037	1.1230357	-1.0641334	-2.1698084	-0.2996151	-0.75805616	-0.75223905	-1.503516	-2.9553714	0.08710718	4.2203426	-0.5966773	9.34719	-0.034800667	-1.6724454	-2.37684	-2.5136418	1.6865896	-5.7824845	2.0139718	0.93482006	6.4006677	4.9620967	1.5582272	1.7235731	8.301405	3.4114594	7.022796	2.479907	-2.0408762	1.9862111	-0.45007405	-3.0001268	0.5990452	-3.4305563	1.7945083	-3.086433	4.182553	6.8876324	1.3584781	3.7718604	4.329474	-1.3746629	-1.996439	0.75140685	8.166298	4.767361	-1.5140309	-1.8219788	4.4997644	-3.849688	1.7927325	3.6300123	4.8607783	1.9312872	-3.0928433	3.9500258	0.37810835	6.2459626	0.035733715	-0.26059955	-0.27272224	-0.009699941	0.30089882	2.0601463	3.8933825	2.3714359	-4.2561355	-0.39308605	2.6864252	0.14094995	-1.9039006	-2.8639586	-2.638891	-4.970218	-3.8999462	-0.94235104	-4.3639174	0.49091113	0.7204485	1.6502122	1.0586064	-3.2604177	3.635458	0.42333448	4.0278335	-0.4337503	-0.89825517	6.3612823	2.0493727	0.28444827	6.3022137	-0.56970036	-4.161288	1.0863281	-3.2507355	2.5585532	-0.6528505	2.9869978	-2.7221363	0.16565365	3.8295703	-5.1064973	4.340799	2.0876105	-0.45376667	2.9285107	1.2931645	-3.1553488	-2.555589	-0.6574553	5.512966	3.4481866	4.4478536	1.9990996	5.3908186	7.112533	-2.102655	3.2900207	4.4361634	2.9206927	-2.4388816	-4.0223823	3.9798641	1.9294318	-0.3339353	0.81054205	2.8381207	-2.0040658	4.715122	2.307169	-3.5531127	-2.5393717	0.13538624	-2.2389226	4.5992036	-0.8144704	-0.67117846	-2.5117414	1.800907	0.23560019	-0.5472782	3.596777	0.92882437	2.585099	-2.1088955	6.091769	2.3953052	-0.5823571	9.474761	-0.714127	0.5142648	0.877014	-1.3110386	0.1409886	1.1478612	4.171119	-2.7070472	4.397291	3.2565768	-1.7121205	4.607113	-0.46412605	6.3559537	1.21047	-0.30961633	1.5456132	2.1112669	-2.4287589	2.7115552	6.0725207	3.8548217	1.0048414	-2.7136889	4.333582	1.9842771	-4.889484	-2.805696	3.415363	5.2444043	-0.36693302	-1.5411315	5.471307	-1.3836677	2.3461356	4.163545
3-amino-6-hydroxy-2-piperidone	1.1936375	4.462613	-1.0173616	-1.9237797	-1.789471	-0.6925156	-1.1993142	2.1171148	0.6970157	-3.4099946	-4.1531973	-0.46999878	-6.8338647	-0.6239989	-1.5744761	-0.73602176	2.617572	-2.4549158	2.3066068	0.7095804	-0.14013061	0.6755298	-0.22402635	-2.56479	-2.1160166	-3.768937	-0.6967719	-0.92728746	-1.9701271	-0.9640837	-0.7341979	-2.0103981	-2.59947	2.1807961	1.8417625	2.7020364	-0.9775686	3.1555429	1.2521998	0.79786986	-1.6243798	0.7832963	-0.32557067	-1.9296494	-1.7350966	-0.23862706	-1.2233338	-0.76606196	-0.6193653	5.245759	-0.77621514	-0.35104358	-0.907473	1.2535605	-0.994965	3.5884907	-0.19748639	-1.1434318	-0.39794204	-3.7985294	-2.3968256	-3.696533	-2.5851972	0.8101783	2.5663548	2.161767	1.4143702	-3.5115201	-0.8831777	5.245758	0.6009944	-0.08058112	-0.7822891	-2.0219269	-2.4954224	-0.2334323	-2.4056587	1.7835698	0.7341889	-2.1172452	-1.6202297	-0.34552562	1.8213464	2.479587	-0.06660855	-1.2521179	1.4218334	0.1248314	1.8745753	0.25713423	-0.051762808	3.0773687	-1.9427664	1.9356724	-0.10762861	-0.24212609	-1.7268667	-4.264911	0.6055048	0.588974	0.1565468	0.45458952	1.4419982	0.4003051	0.9114831	-1.3969979	1.8083222	-1.9475571	-3.1501231	0.086959265	4.6620927	-0.9529089	-1.777538	-3.653166	-0.33926734	-5.823894	-3.8581378	-0.25784636	-0.5965824	-2.4059181	-1.7738307	-0.2898758	-0.48632875	-0.87817174	-1.0519682	-1.2213249	-0.89832914	3.209367	-3.4400663	0.36463007	-2.2223997	-5.767131	0.4699237	0.93065226	-1.9112078	-1.1639467	1.049881	-0.46568003	1.220606	2.7907875	0.34076023	0.94971013	0.8802642	0.67007947	0.69111246	-1.4019675	-1.1080431	-0.77590626	-0.72022545	-0.34400815	-1.124474	-1.9852222	-0.25666294	2.2470045	1.361205	-1.5681239	-3.7782402	0.0074405377	-5.0252786	-3.2559345	4.0027494	0.5933492	-0.16476288	2.4466798	-1.2868503	-3.2789702	0.617386	0.23240797	-0.45162016	2.6377873	-2.1536934	-0.77760994	0.8794202	0.67471933	2.1891456	-4.2859764	-2.7463956	-0.018433861	0.6490181	-0.40520722	1.3845934	-0.5144721	0.89865565	-0.85287887	-3.0153143	-0.7024031	0.12669528	0.53084534	-1.0650162	-0.16554943	-1.4936881	1.1983856	0.2126904	0.86837304	-2.4122956	-0.71538895	-0.39088115	0.27939197	0.24120662	2.3997977	-2.2722774	-1.1680301	0.6289374	0.9223199	-0.19546592	-0.55131006	-0.5481661	-1.9121346	-1.3056545	-2.6683044	0.45951745	-0.0409835	-0.41138887	-0.83800024	1.7901917	0.028146595	0.77378625	-5.90211	0.23140648	-0.9669876	0.8083839	-2.2334387	-1.905594	-1.2933252	-2.9292226	-0.8865194	-2.044242	0.0317707	-0.8727741	-4.641418	1.2097902	-1.5894426	0.03211656	-0.73390245	-1.4494072	-7.364417	-4.3757553	-0.541818	-5.6848183	-2.2665453	-0.27624935	-1.670575	0.106269516	0.17391485	0.346524	-0.3352199	-1.7296218	0.53138703	-1.4378624
3-aminoisobutyric acid	1.6961805	-1.0686259	-0.08366975	-0.7636329	1.9143138	3.0206194	2.3213704	-0.6652415	-0.43299702	1.2597964	0.7218961	1.9453349	-2.740287	0.7111596	-1.6841418	1.0603936	0.8595437	0.6672429	-1.0990778	2.8241394	-0.5151403	0.3700046	-0.36061603	1.4001863	-1.3814842	-1.2018988	0.14322193	-2.720217	-4.6079736	0.25139782	3.0859272	-0.36805382	1.2959238	-0.2013751	0.5299145	0.81827307	1.406361	-0.35329384	-0.22995672	0.77223504	1.3762802	0.9214306	-2.0699959	0.21266682	-1.8572465	-0.5757628	-0.70378804	3.445427	0.39900288	-0.77621514	5.9408417	0.13123739	1.3572375	1.1056242	-3.073709	-1.1797287	5.4021225	4.022572	0.29823154	0.37755787	5.11454	-1.3047949	2.2952456	-1.5582385	-1.5293467	-2.9369628	-0.14567468	-2.8244708	-3.9629908	-2.5180805	5.9408407	0.98564595	3.0404043	-0.7076683	-0.009506611	-1.4969662	-0.35966146	-2.1684952	-0.79723155	0.6254598	0.9507494	-7.28986	2.1315806	4.6123033	-0.10562688	1.4022137	1.79018	2.0417364	0.07040082	-0.35473442	3.1386971	1.1652826	-2.0095792	-0.8367482	-0.63218576	-2.1357434	-2.1833563	-3.641705	0.84606	0.67007285	2.0485063	-0.45904148	2.7976274	4.393063	1.8379366	0.46557927	1.1588169	0.7250499	0.08998982	-0.4525557	0.29473934	-1.1007143	-1.3520567	-1.0127276	4.5313625	-1.8962245	0.15105113	0.024444787	3.6380014	0.8336465	2.7115276	0.9620794	2.101568	1.7524996	-0.8271741	0.8738862	-0.708749	2.2496793	-3.0577552	-1.3005818	0.908233	-1.0919118	1.0528233	0.839418	-2.6446097	-1.4727676	0.41418034	-2.4251304	-4.022443	1.384787	-3.4596696	1.6954432	1.1678278	2.6998265	-2.2659287	-0.097254284	-0.63773596	-0.6848966	0.386655	1.9253001	0.1508044	-2.0425334	0.13294004	0.94559664	0.9515906	3.1973114	0.6958409	0.123342864	-3.252843	-1.4217122	0.53477544	0.416766	-3.1273165	-2.0042875	-1.8482764	-0.4673519	3.5040712	5.2505813	2.937773	0.4798337	-0.300853	-3.5513377	-1.2195661	-2.0735722	4.2429147	-3.708572	2.6643262	1.2277567	3.1479144	0.3226748	2.811126	-0.4819035	0.5157158	0.50873464	-3.9814873	-4.465452	1.0996164	0.94386417	1.0747032	-0.60301614	-0.01141893	2.0284042	3.4178512	-0.48937857	-3.3676217	-0.4202106	-0.41027278	1.8612584	1.3108202	-0.2460134	-0.038015686	0.7692172	-0.008068962	0.7309492	1.53014	0.5458686	2.4781594	1.7073532	-0.91914517	0.4578211	2.5314887	-0.55401367	-3.2533748	1.3649516	0.042411912	4.4260426	0.6567301	-1.1315706	1.4594512	1.3681651	-0.5393685	-0.8426649	2.711258	1.1630162	-0.4300866	1.0904392	1.9497278	-2.257439	2.7803023	0.13872188	2.3590016	-0.015594805	-0.60600233	-0.7015912	0.36416867	1.4253463	-3.8319278	0.8420563	-4.3043575	-4.6928253	0.9661866	-1.0115488	3.8843777	0.49708363	-1.903566	-0.66148025	1.4794647	-2.3923175	1.045003
3-hydroxy-4-methylproline	-1.484477	-1.5792924	0.704257	1.2004466	1.3275088	-2.3889604	-0.31458527	2.5749688	2.6955929	-3.9822621	-2.6913314	1.1818043	-6.9480247	1.1149201	-4.685711	-0.64870846	-0.622833	-0.5807345	1.8342673	-1.0184131	0.3635754	0.13245544	-0.8949019	3.4999025	-1.7670901	4.5441756	2.5139756	2.9336185	-2.2827015	-0.45755664	0.15969965	-0.6861058	-3.6366599	-0.03690539	2.4624236	0.30875778	1.8545763	-0.38900462	1.8094501	0.7903808	-0.23553534	1.0473878	-1.6517985	1.803176	-0.3705856	-1.8563528	0.82711846	0.96467704	-0.23498008	-0.35104358	0.13123739	6.9102187	1.2184622	-0.7497561	0.2002501	-6.351404	2.0302184	-0.3965808	-0.02757844	-1.0992476	0.44718125	-1.152834	-1.1836995	3.7192793	0.63558334	-0.3221266	-0.993464	-2.1490645	-0.6897852	-1.6118404	2.4175262	-0.086371295	1.0600888	-0.267427	-2.4712875	2.3263545	-0.050519418	-1.0746142	-1.8333955	-1.8301467	-0.46459067	3.37221	2.059013	-0.95311373	-2.4623888	1.2820513	0.2723982	0.53371805	0.8397354	-0.16190198	0.32509977	0.6031421	-2.4313064	-0.21122421	0.35065484	2.1269374	4.835579	-5.218633	5.233612	6.910218	4.330723	-0.6862425	5.7501984	-2.7036452	6.739698	4.739734	6.6155567	0.5653025	-2.2319598	0.023700397	0.7310002	-0.12500328	0.4092648	4.5312676	1.5383385	-1.942818	-1.5588609	-2.027806	1.430322	-3.7291398	0.8978754	1.3777959	0.53067166	-0.40913126	-0.6948022	-1.1111999	-1.73211	1.6009206	-2.9167328	4.5031996	0.8773942	-3.266957	1.7903906	0.43524152	-2.053874	-3.2805896	-4.725674	-3.140162	-6.881284	-1.5846558	-2.7350261	-0.0135034975	0.35187614	4.3176756	2.0498164	-1.2324234	1.6513251	-0.49923083	-2.113276	1.1594516	0.63900495	-0.551711	-2.7614138	-3.027869	1.8805311	-0.8909777	-4.2127213	0.40386924	-2.704333	-1.5895413	-1.698269	1.7935443	-1.387667	-2.0839195	2.1781	4.1446104	-0.037895527	-0.7160159	0.72049403	-0.21789151	2.921073	-2.078935	-0.16235161	-2.7367795	0.69455606	3.534831	-1.1249924	0.8330338	1.4252787	0.4489653	-1.3783942	0.7750809	-0.186207	0.103861436	2.051372	4.985862	1.0902008	-0.80314565	-2.2337792	5.07013	1.682145	-1.2345688	-0.5745737	-1.0330358	-3.5786347	-2.1985016	-0.8609415	0.13709694	0.5373176	0.09726959	1.2076714	-1.2770277	-0.22343254	-0.85032547	-1.4362607	-0.242705	0.5373721	-0.09519463	-1.6043234	-1.1719788	1.3803258	-1.5129659	-1.2243972	1.3676114	-0.778623	-0.30690536	-0.605768	-3.0295868	-0.44699633	-0.34540406	-3.0062866	-1.6025895	-0.46549797	-1.2249988	-0.65786105	0.18939672	-0.36054665	-0.789714	5.3425508	-0.7857795	1.0370871	4.512341	1.611101	3.0002635	0.29744455	-3.01554	-2.3067791	1.745817	-4.602954	-2.6421766	0.7762934	-1.6261538	-0.66546893	-0.26625043	-1.6777035	0.66398966	-1.929634	5.847226	0.11198571
3-hydroxy-O-methyl-5-methyltyrosine	5.845702	-1.964343	1.169989	1.1935594	4.620516	-2.5499082	1.3877863	1.6117371	1.7665536	2.742015	2.9109023	0.91003543	0.3499997	2.8383968	-0.8642918	0.41378683	4.1548896	0.1305775	2.5280414	3.353469	1.4640146	0.22325148	-0.93681407	0.5485557	-1.7243273	0.49242142	-0.25555485	0.075322054	1.8843328	0.86085737	0.62627804	-2.0620792	3.5490522	0.8239202	0.13630626	1.3958602	1.0901756	-0.29427806	0.22638871	4.6594553	2.4500039	1.2749764	-1.5712869	-0.091183625	0.103086025	-0.4331138	-0.8656816	2.5679696	1.560518	-0.907473	1.3572375	1.2184622	7.7390113	0.02618501	-0.33539018	-2.064121	2.2362456	0.0377737	0.622472	-0.03321661	1.8356673	2.0723855	-3.805736	0.4193046	0.8609065	-0.99972445	1.1009779	0.9714352	-1.1825637	-1.6149305	1.8088427	2.2005925	-0.19833921	-1.044003	0.3081341	4.225228	-0.39334	-0.9617164	-0.6087973	-0.78146166	1.4414836	-2.3624845	1.0072832	3.0805986	5.407203	1.7760614	0.031222923	0.34540254	-0.022716537	0.74989504	0.7715339	1.5311961	-0.016253414	0.69326633	0.5106782	-1.2905369	1.3633388	-2.0983942	1.2040508	-1.3826272	0.000801641	-0.038284574	-0.33860767	1.7789576	-1.7500839	-1.3944314	-0.9201985	0.23645216	3.3482485	0.79666096	-0.79204494	-0.7078989	0.18036535	-4.2556767	0.77241445	-1.7205427	0.6385215	-0.51763296	-0.8339409	1.4314153	0.6173371	2.8756263	0.7416618	1.8264031	1.2728349	-0.31648007	2.7953355	-0.30174002	-0.7112909	1.0781863	-0.9092215	-0.86464757	2.2419672	1.86332	0.48288375	0.54748863	5.981191	-1.0324138	-0.6862106	5.1016603	-2.9494123	1.6740845	3.6271622	0.68353516	0.012226328	0.77857995	-0.56946325	0.33047873	1.7559068	0.48180175	0.17691368	-1.2601355	0.16027276	1.1492943	0.22318645	-0.21155678	-0.16635622	-1.084606	-2.187988	-0.6018547	1.4703556	4.054056	-2.8348234	-1.4759928	0.95111173	-4.585964	1.2472192	-0.70923936	0.35857478	4.204172	1.6311634	-2.0072324	-0.7645099	-0.15204357	1.8781145	-0.16128188	2.8810444	2.3739488	1.9366646	0.4948599	0.5411972	-0.17433706	4.1852145	-2.2086506	-2.262693	-1.4853021	-0.17183328	-0.76256895	-2.3327157	-0.65504605	5.4981065	-0.19069833	7.7390103	4.2160015	-2.591677	1.5012845	-2.585479	-3.3846087	0.8766684	0.70113033	3.2899218	0.2876234	-0.50537056	0.50138193	-2.1994102	-0.68466675	-0.15601727	0.14398216	-1.4629127	-0.7509425	2.9482353	-1.7864455	-1.4876326	2.4319465	4.5367017	2.2065647	0.099603504	1.2594768	0.65378994	0.078612134	-0.39468974	0.26304236	-0.45748484	-0.33771646	0.033239137	2.9982412	0.3052305	-0.47856122	0.45305264	-1.0261126	0.5678478	-1.8103002	2.2671254	-0.074831665	-0.7109173	1.7169675	-2.1147873	1.080318	-3.2580876	-3.2950037	1.655597	0.2568002	0.6491965	1.3639538	1.3039117	0.43242887	-2.6290596	0.46279934	0.6608919
3-hydroxy-para-aminobenzoic acid	-2.1687932	11.545466	1.0367093	3.7627974	-0.24441382	-0.84704113	3.6069171	0.62155205	0.49284095	2.0411909	1.5190133	8.018619	-0.7030396	6.4087243	-0.6414518	2.8626387	-1.5595788	3.8906763	-0.385418	2.0033863	1.406605	1.0992554	1.060833	4.014792	4.0652013	4.3852067	2.2694066	-0.62578624	-1.2457793	3.7297223	3.7476327	0.156024	1.5666078	1.1640255	0.25846067	-0.012169714	3.078398	1.9013515	1.9243523	2.3406966	2.1507816	3.9508412	-1.7340374	0.22840452	-1.0534635	3.9371104	1.8065039	7.3260884	2.982694	1.2535605	1.1056242	-0.7497561	0.02618501	13.297589	-3.1227381	-1.9713429	-0.48847982	0.82804644	1.0476425	2.0003269	2.3635705	-1.1654706	-5.5596695	8.399398	2.7267263	-1.0029019	1.2621274	2.5589876	-4.9079676	-1.1343529	-0.6867251	-0.12780587	4.486438	1.1101007	1.6300303	1.9808892	2.17999	-1.4632976	1.2236882	0.2859942	0.6628362	-0.77535176	-1.9231635	3.3928072	-1.2236238	5.8413577	13.297588	1.8338163	5.454279	-0.33820093	5.0029798	2.260577	0.10213316	1.6460094	-1.3809146	-1.1730387	-4.121902	-1.8418573	1.816877	0.09443154	3.501495	1.7691205	0.2701199	1.1649022	-1.1244746	-0.23667827	0.39098585	-1.265566	1.3833675	2.8852541	1.2157999	1.2798725	1.2169108	-1.229107	4.710425	6.229632	5.588017	-2.8990126	0.7359285	-2.487668	1.5800557	4.8378067	0.96021277	2.9356046	1.2491645	1.6658255	-0.7239698	4.264631	-1.1959234	2.7953658	1.2842268	-2.2119381	1.329189	1.3612137	-2.3466163	1.2581681	-1.1930076	-3.4363575	-6.8988795	-0.5006229	-2.2754266	-0.83232033	-0.4551143	4.1933794	3.5859985	-3.163676	1.2634965	1.8799642	0.63924	2.0838985	2.6315804	2.9567358	0.43924615	3.2228	2.6313932	0.10174051	-3.116456	-0.23762047	-2.5645268	1.5640565	1.6151061	2.009579	-2.4421234	-1.6208371	-0.7599682	-2.3455217	3.683232	1.7751362	4.24639	-2.8295348	2.593173	-3.2453086	1.0336412	1.2983413	2.9277484	0.58888555	-2.4254606	0.37971926	4.2471128	1.5618925	0.49031994	-0.27347055	3.9092088	4.5823674	-0.22236724	-0.75408727	-2.3693056	-1.1946405	-0.76888055	2.4882166	2.256045	-0.52505136	1.3178773	2.4837809	-1.9633096	-1.8153037	-1.9351282	-3.6364326	1.9668785	3.6974282	-3.7183943	1.6243514	-0.0030320012	-0.6804059	2.4354591	-0.5048658	0.29678383	0.30844536	-1.2990475	-2.7093787	2.9004643	-1.9023631	2.105478	-0.2750353	2.047504	8.829593	0.8416492	-5.750562	1.2160954	2.8625486	-1.8788321	1.3458401	7.707874	-0.22728474	2.1156442	3.751069	3.7577865	0.5601169	-0.24932499	-0.661509	3.2664685	-1.6652542	0.5307287	2.4902358	2.468236	-4.0379066	-3.4145474	2.0559442	-2.2290802	-4.9605603	-2.5198252	0.91203505	5.2959604	-0.22660345	-2.432044	-0.5923392	-2.4726593	8.160276	0.983496
3-hydroxyasparagine	-4.375415	-0.46269435	1.2860023	-0.7710736	-1.9288108	-3.8928633	-1.8349676	4.644921	-0.5213039	-5.531563	-6.201708	-0.58353776	-5.1046114	-1.7703716	-4.547569	-2.884985	0.70281565	-1.7285637	-1.3747811	-2.8014448	-0.26824623	-2.5699708	-2.2479503	0.047481112	-0.49693716	0.111499384	0.08451775	0.6036298	1.1131697	-1.3020266	-2.1345384	-1.6618701	-5.932952	0.41990227	0.01648811	1.7015527	0.58790314	-0.2033407	-1.5350933	-1.3865796	-0.27094924	-0.41066357	-4.859089	2.684183	-5.2682843	1.7148862	-0.8474863	5.3554688	1.847673	-0.994965	-3.073709	0.2002501	-0.33539018	-3.1227381	8.577803	1.5229422	-1.1048563	-2.4468935	-2.2662058	-0.89333993	0.18769656	-1.5327972	-6.0834913	-5.6033864	4.751911	4.025906	-0.7863218	-1.22887	4.0507216	3.8000913	0.0077571445	-0.83980197	-1.5313426	2.7514176	-0.68857527	-0.03949412	-1.9931949	8.577802	-3.4316416	-2.8224227	5.0578423	-7.4209323	-0.43311605	-0.14928748	5.2864385	2.83656	-2.0404928	-0.95615137	3.1810563	0.35742378	0.33156395	-1.0369443	-5.6552596	-1.5433428	-0.91456455	-2.8940241	-2.1797159	-8.042406	-1.1548741	-3.9941425	1.1639961	-1.3404416	-1.7551106	-3.4014006	0.61104447	-2.2514567	-4.105705	-1.6125673	1.185493	0.040095553	-2.9100573	-2.6384907	0.56862104	-3.6046953	-1.8399601	-5.721975	-5.0461	0.5540288	-0.9913447	-1.8445309	1.2334075	0.12824884	1.6359122	-2.750958	-0.24657539	-2.78338	-1.3419943	-0.35964033	-3.4493346	-1.565542	-3.93831	-5.308324	-1.5977578	-0.4918602	-2.2941785	-2.9239035	-2.623526	-5.5621023	-5.972607	-1.586947	-1.0096911	-4.119295	-0.67611825	3.3275573	4.769501	-2.0670028	-1.1396188	-1.6641866	-3.7480888	-0.6274248	-2.0693002	-3.0743444	-1.0411494	-0.5944992	0.109009095	-3.8875062	-5.1723623	-2.183583	-4.701695	-3.259684	-1.7413311	-2.0386522	5.3034115	2.4239063	1.5438476	-4.806334	-0.22670706	-1.2929101	-2.1396291	4.6546135	-1.5743814	-4.3579135	-3.4254887	-2.8381987	-0.9029161	-4.473779	-6.0974207	-1.1373326	1.2789202	-1.0561311	-3.2270136	0.117392235	-0.7091036	3.769544	-6.2620077	-5.6112566	-2.6761737	-0.7729368	-3.2001302	-2.6696045	-0.26492974	-0.8684162	1.7120389	-2.7981095	-1.3272412	-0.607088	-4.671457	-1.3101158	-0.19168995	1.2489853	1.4868554	-1.1699026	-0.22462367	-2.3636196	-4.336734	-2.5468922	-0.66618985	0.23924747	-3.746475	0.6915888	-2.7919436	-4.132247	-2.90986	-1.7694355	2.5783963	-3.0329587	0.4391843	-4.2054124	-1.2642114	-2.6784627	-3.99556	-2.399317	-0.101310104	-3.1570787	0.07162543	-2.636341	-2.4242826	-2.7185771	-2.0353885	-1.1821288	-0.73330307	-3.2718017	-0.4454096	1.0727319	-1.7248336	-2.4848514	-4.371592	0.36593837	-5.577764	-7.469335	-1.1787742	1.6909597	-0.0065380987	-0.37236667	-2.2961984	0.4384683	-5.1197476	-3.1473844	-0.31184664
3-hydroxyaspartic acid	-3.8477135	0.99485034	2.6024399	2.1700268	-5.2444673	-3.7592418	-1.1302899	0.38553852	-4.6188216	-3.3424072	-5.4470267	-1.5100385	-8.323532	0.19082521	-4.901384	-4.2726717	-4.1574073	-3.456397	-3.6246972	-2.37749	-1.5783914	0.04146332	0.29198575	-3.2823243	-3.2995608	-3.134684	0.43451107	0.14698254	-8.853856	1.5861348	-4.249602	-1.9294057	-6.9303203	3.2466319	2.2584898	2.8339365	-0.5006241	0.024528159	0.78886056	-0.58453214	1.3550171	0.27450746	-0.28066584	-5.6120934	-4.8505545	3.8253279	1.6352957	1.8404367	-3.0459497	3.5884907	-1.1797287	-6.351404	-2.064121	-1.9713429	1.5229422	7.140822	0.57804745	-4.8463926	-3.4792905	-3.543421	1.8003724	-4.4582663	-4.782799	-6.082921	4.4180107	0.28061095	0.9449664	0.01579445	3.3003259	7.140821	1.7380587	-2.224189	-1.5780526	-2.1080637	-3.806249	2.586142	-4.0568433	1.3369999	-0.23497874	0.45414442	1.391989	-5.5839195	3.5912988	-0.11771943	-0.7137854	-3.6273706	-3.2443645	1.2916335	3.7216413	-0.8901753	-1.3611733	1.9403037	-3.3302498	-0.79976815	2.6158357	-2.0104358	-1.24295	-6.2624965	-1.0002128	-1.9437131	-0.64808154	2.562253	-6.4157133	1.993713	-5.232865	-0.62187165	-1.26114	-0.6193776	-2.237795	-1.0670813	2.796939	-3.7210467	1.1005746	-4.829784	-0.86137575	-6.5085735	-3.4977427	0.6884534	-1.2363367	-4.2632375	-3.0163538	-3.26355	-0.73102134	0.6414257	2.153667	-0.90599275	-0.54621446	0.53946805	-7.326072	-1.5474906	-5.4364853	-8.213429	-1.9943055	2.3500671	-4.003014	-2.5345263	-2.1920824	-4.469869	-3.2427633	-0.9632061	-1.9780426	-1.6738511	0.38723835	-5.6670976	2.9505622	-2.178062	-3.096097	-2.4111679	-3.6099524	-2.060391	-0.20373373	-0.99996245	-2.7869911	2.7674794	2.0062065	-3.4023283	-5.250652	-1.6840479	-6.6067653	-1.9029987	-0.3240848	-2.6116993	0.7510949	6.1859317	-0.023432134	-4.117505	0.94096637	2.828717	-3.0173798	-0.9623121	-4.174877	1.2535833	-0.8766644	1.30349	1.6045321	-3.0301259	-1.2472836	-0.31929052	-1.5134934	1.253288	-2.72632	-0.6064395	1.8688719	3.8860235	-7.222993	-4.588119	-0.32367676	-0.77002	-2.3111348	-3.235895	1.9791746	0.11215478	0.2317335	-0.54182035	-0.9874751	-0.6884954	-4.0420604	-1.0940865	0.53357655	-1.4921166	-1.5130497	-1.0627277	0.06583983	-3.3017957	-3.9703875	-3.509113	-1.6904808	-6.0658283	-3.3066092	-2.4991314	-1.137797	-2.8939788	-2.1581552	-4.1678452	2.462868	-0.7309769	-1.6213852	-6.14714	3.045101	-5.068161	-1.6038401	-6.212068	-3.3948345	-1.5891566	-2.7997394	-4.7097383	-4.76268	-0.6980688	-1.4404477	-6.685515	-2.7819757	-3.295083	-3.8011923	-0.8885037	-0.13785571	-6.6406627	-7.143814	0.5691178	-5.2670302	-8.030032	2.410698	-0.094970986	0.07013035	-0.6858145	-2.4065256	1.1650516	-4.3137817	-3.0004718	-2.7066858
3-hydroxyglutamine	-1.517054	-1.1624941	1.787281	1.4878343	-2.576407	-2.2996848	-0.9415879	1.7239844	2.1230052	-3.2224016	-3.2132976	4.7111244	-8.402266	-0.20306002	-3.0909343	0.27932128	-0.106900744	0.7710318	-1.3342451	0.42898318	-0.80479944	-0.36517826	0.297832	2.1886265	-2.8602211	3.300999	0.5868683	1.5553162	-2.975897	0.20595314	1.4718823	-0.9993597	-3.3396912	-2.8188236	-1.6166276	0.92592436	0.9445953	-0.57131624	0.83343667	0.74657845	1.1768098	0.41693652	3.2140644	-1.9417597	-1.3369488	-0.92581993	0.752275	-0.17502145	-0.8120185	-0.19748639	5.4021225	2.0302184	2.2362456	-0.48847982	-1.1048563	0.57804745	9.556647	-0.1889711	0.2160255	-3.6702676	-2.431525	2.1369934	3.978287	2.0497475	-0.3628961	-1.898825	-0.83398724	0.10180917	-2.239281	-0.25453296	9.556646	-0.47429636	1.8306557	-1.3193941	-1.8725969	-0.5319611	-1.1236013	-2.0757234	-1.981573	-3.0930076	-1.5488664	-6.3336687	0.9017756	-1.1797124	1.6936789	1.0422202	0.37323222	1.777286	-0.5875241	1.2938639	0.5947282	0.8839598	-2.3431237	-0.64028966	0.18744257	-1.5177274	0.05412908	-3.4812279	0.6600973	-1.2900617	1.7681768	0.31582755	-0.18074988	3.3492532	-1.1722565	1.828235	0.13800927	1.8418692	-0.4094939	-0.43275797	0.9353508	1.298464	0.68698233	-3.2108645	-0.29971617	4.0055084	3.292826	-1.7044388	-2.211865	-3.0866742	1.6166366	2.5870304	-0.673628	-0.9538776	-1.2203026	-0.7668682	-0.12358355	1.5467387	-2.7571132	-0.061329734	-2.3660743	-5.651526	0.3049681	0.011835771	-2.6830862	-1.0777078	-1.3927909	0.059442513	-3.737221	0.7832887	-3.9425201	-0.41046774	0.9021636	2.3368187	0.2674177	1.8571237	-1.7649586	-0.6400068	-0.6058802	0.8996682	-1.2839967	0.9275856	-1.1301886	0.6374302	1.2836801	0.80289114	-3.934307	-1.8433977	-4.5266156	-2.374407	3.752347	-0.5290505	-2.6006627	-0.23088746	2.741845	-4.446683	0.6037028	3.3836045	1.2698996	-0.06865289	0.88296235	-2.9130442	-0.7372728	-2.2211137	0.7678141	-4.0657964	3.3076978	0.14111525	-0.89783925	-0.24991141	-1.1743706	-1.2558308	-0.8120935	0.12233995	-1.220118	-1.924965	-0.12967782	-0.26013613	-1.0126463	1.1211513	0.07843654	-0.45330665	1.0553062	2.7229857	-2.3121696	1.9670826	-1.3274909	1.4112793	-0.7860339	-0.31034002	1.0692211	1.6659235	0.2725867	0.19737466	-0.18021718	-1.0782224	3.9211667	-0.20783605	-0.846635	2.500441	4.7693806	-1.5551234	-3.3238888	-1.4579821	0.11424037	3.6494732	0.2184947	-6.8334136	-0.35820535	-1.161715	5.620285	-1.5024595	-1.3891108	-1.2417496	1.1031113	-0.1955904	-1.8482224	-0.5242387	1.2431152	0.15219796	1.5373913	1.30384	0.72466326	-0.47922024	-3.6615229	-5.615357	-1.7748444	2.0418801	-3.2706769	-3.6137183	-0.6618067	-1.8909578	3.327666	-0.23800687	-1.0313573	0.48121142	-0.032590196	-1.2261736	1.2664397
3-hydroxykynurenine	0.69637835	0.2567566	1.6883261	0.8776328	-0.4777288	7.7518797	-0.79601026	-0.7836165	0.54640824	-0.44459814	-4.9629555	0.50362957	-3.6516488	1.8892933	-0.42534608	2.6831188	0.6343788	-0.38367975	-2.8923824	-0.42590943	-0.69729066	2.119053	-0.3955467	-3.0244436	5.215492	0.59587574	2.583835	-2.654554	-3.629918	1.7456713	0.38579667	-0.41857603	-2.3047116	3.4417884	4.0765634	0.3402392	0.7057613	-3.2016811	-0.048522215	2.512244	1.0502318	-0.1900442	-3.8202612	1.5194305	0.75728863	-1.1932678	0.4429927	1.5583171	-0.24959008	-1.1434318	4.022572	-0.3965808	0.0377737	0.82804644	-2.4468935	-4.8463926	-0.1889711	8.861956	0.14793353	2.6653454	1.6008544	-2.8224397	-2.8429484	-0.1048378	-3.1092088	-2.5790226	-1.0988182	-2.8773625	-3.4567163	-1.2553741	-0.66173565	-0.738728	5.653116	6.000639	0.28534582	-2.1692386	1.461446	-2.5354798	0.15989049	-3.6164906	-0.14733037	-9.006348	0.7078325	1.2311078	-1.2006332	4.440315	0.53819823	2.260699	1.9206228	2.8936725	-0.019809274	2.804202	-0.97091156	1.01535	-0.18397322	-0.35776266	-0.6435694	-1.2623811	1.3250362	-0.7473862	3.315138	-1.7283348	1.0313305	3.5603895	2.2919018	-0.7963298	3.9610627	3.7677028	-0.049701918	2.2125926	-0.46720994	-0.46035725	-1.6373895	-4.3523545	-0.8642617	-2.276324	-0.68386376	-0.79617107	-3.4808605	3.5354903	3.642391	1.7642547	0.037135124	-2.476553	-0.03825748	1.0433437	-1.4512008	1.9962361	0.39808965	0.40566587	-3.4373739	-0.9937252	0.35339043	3.5475888	-2.0706053	-1.4860688	-0.5670837	-4.681702	-5.6698008	0.17192538	3.4003406	1.0609503	4.2487516	5.520259	-1.2163	3.1208827	0.5855389	0.99376106	-0.97114223	0.10941725	1.0876025	-1.0440702	-0.58650655	-0.0050678034	0.8257648	1.4405961	-1.3922881	-0.51428545	-4.148528	1.855423	2.5118265	1.204231	-3.881119	-2.93572	-3.971699	-5.1275234	1.9996115	8.861955	4.5337944	-1.8367552	2.3852968	1.0763327	-0.13356881	-1.846336	1.0970424	-2.314237	-1.1706445	2.3826098	-0.5608928	0.76714975	4.5429163	1.4168682	2.998481	-0.33916056	-3.2466264	-4.2203865	0.7045824	0.68653876	3.6376097	2.3577738	0.6898232	3.3606095	-0.48562726	-0.96213216	-1.4787208	-1.1752372	-2.9663367	-2.9621875	1.4369613	-0.04058298	-3.01588	-0.5560529	0.69010943	3.2877	-1.2213315	0.4207803	1.1299568	1.7678885	0.017389534	2.447169	-1.0466868	4.3073673	-1.2473581	-0.13899718	-0.15606135	0.969775	0.55449724	-3.7691412	0.7523467	2.7939415	-0.4866512	-0.86666244	0.55717415	1.1248277	3.084909	0.8310323	3.8826063	-1.0998745	0.5036885	-2.5648227	1.2283362	-1.0974387	-1.9969366	-1.4007453	-0.6732392	3.4977849	-5.0672603	-1.4192814	-3.4065976	-5.4615817	0.84101456	-0.610213	6.6658897	1.5218439	0.6091891	1.4308122	-2.1833673	-2.5393584	2.7029665
3-hydroxyleucine	-0.46518853	-0.8293784	3.2145388	3.5545835	-0.13153788	-1.0436984	0.94511545	0.7914564	3.389255	-4.5340905	-0.43437576	2.6345503	-6.6809607	1.2219124	-3.0143368	0.450626	4.3898253	1.7378107	1.9572324	2.214452	1.8879292	1.8311504	1.2366605	4.438968	1.1584258	4.089164	2.1116061	1.0961909	-2.1921074	2.2923558	1.2139719	-0.6946303	-2.8711834	0.6542233	1.9177982	0.122510836	0.92076296	2.7957945	1.9185891	1.475868	1.8490056	2.294817	-0.5147768	-0.9156875	2.0080233	0.086636685	1.096369	2.3531582	1.3313277	-0.39794204	0.29823154	-0.02757844	0.622472	1.0476425	-2.2662058	-3.4792905	0.2160255	0.14793353	5.204645	-1.2168164	-1.4568533	-1.499465	-1.0518248	0.036682222	-1.2605605	-2.0508547	0.1130096	-1.1725868	-0.6228496	-3.1985624	1.4362991	-0.42971903	-0.02212197	-1.1836249	-0.7649399	3.756476	1.299587	-1.5431727	4.089398	-1.6358001	-1.7444822	1.0725921	3.5743465	3.0676548	0.24857923	2.6933863	0.8541194	1.920367	0.70557165	2.457133	2.8304222	1.9975992	0.6720333	2.6315975	1.5946585	3.9833822	2.516444	-2.7460768	1.0983906	-0.6322018	0.56035775	-0.32664946	2.5079465	-0.9250161	1.5768023	0.47242796	0.5861944	1.438076	0.06478619	2.3395343	0.17313509	-0.41846758	2.8748856	-2.4295807	1.330096	4.5660176	4.1047053	1.433812	-0.3193905	0.17589295	2.3597176	2.1133447	1.116095	0.90251136	-0.68629205	1.9353813	-0.088184156	1.919849	-2.6485014	0.97531956	0.2509474	-4.358441	2.0562975	0.7497487	4.113259	3.2838404	3.5798202	1.5862784	-5.2120852	2.2647	1.2403312	1.6121744	0.75548977	2.018749	2.0259447	1.2768955	0.17226402	1.9506066	-0.57795393	2.3975217	1.5115864	-0.45817727	-0.64480716	-1.7287412	0.33266875	-0.3606209	-2.88858	3.5267856	-2.6816761	-0.28572375	-0.93609643	2.4464762	-1.2974664	-0.09369195	5.0204673	-3.7933939	2.09837	1.6355039	0.8306886	-0.66746366	3.8632128	-1.7752486	4.367051	-1.8846762	1.0847608	4.0597253	-1.1156071	2.9963987	-0.11656489	1.3640187	-0.29687294	1.1961738	1.6000038	-2.0628383	-2.7734895	-2.131202	0.013017636	2.1534786	0.24674763	1.8739418	2.0173588	-0.21198934	2.6289	0.7617368	-2.2014515	-0.90142703	0.72219473	-2.224238	2.9582427	0.29344454	0.4512629	0.05124119	1.2015631	0.45495152	1.5722046	1.7499821	3.6374714	0.81602067	2.3873963	1.1487623	3.3195398	-1.5927354	-1.2539121	0.17783245	1.1994137	0.9320128	2.1557276	-5.210203	2.5450242	2.9751103	-1.4735179	0.41739905	4.9571314	0.6896611	0.70211947	5.073993	0.55680364	1.7807492	0.2667618	-0.55509245	4.268358	-0.88799834	3.3233676	2.798806	-2.2536085	-5.820747	-4.435997	5.204644	2.472715	-5.5232015	0.6270965	1.5616431	0.7830036	1.347484	0.05932656	2.569573	0.7222967	0.29362798	1.697228
3-hydroxypicolinic acid	2.1554468	0.23006429	1.6667242	0.03307616	3.6057572	-3.831105	0.6790699	-2.5525596	2.811516	-8.160553	-6.9833903	0.43334976	1.1785314	-0.26765484	-6.302644	0.7583605	-2.561975	-2.4026191	0.8873487	-0.07297139	-2.784028	-1.0801966	1.5923344	0.752309	-2.290422	2.2525992	1.4735547	0.30267125	-1.3371832	5.5522113	-0.15787879	-3.436939	-6.85466	4.706076	-3.5262988	-2.398543	-1.8858906	-3.913171	-0.14153016	3.8727434	1.5620382	2.7898946	2.4925575	0.31471053	-3.047168	-2.5174623	-1.2248253	4.1137238	0.5188759	-3.7985294	0.37755787	-1.0992476	-0.03321661	2.0003269	-0.89333993	-3.543421	-3.6702676	2.6653454	-1.2168164	7.052406	6.456004	0.514865	-3.0976868	1.6394311	-3.7945058	-3.2315502	-5.2434382	-1.833815	-3.7043412	-2.5272126	-3.812091	-3.600625	0.22771338	1.2788936	3.6149766	5.549838	4.6642613	0.5837398	-5.1908865	-3.8583238	-2.4571803	2.0293298	-2.225424	0.9483779	-4.3759003	2.8818643	5.4916067	0.50656605	0.71972394	-0.68526715	4.7736273	2.374174	-2.4294498	0.36512792	1.425198	-3.6281536	-1.2042747	-7.6359386	3.3413343	-2.1987236	0.22701114	-2.9114923	0.27082902	-2.6403112	-0.89023983	-1.8132603	-1.0542144	2.4922652	5.9063725	-0.7521923	-0.34846687	-1.1753001	2.6495128	-4.061097	1.0819225	4.031994	4.49519	-3.475905	-2.2315006	5.394018	1.9281718	4.583018	-0.6587542	-2.2969987	0.26644215	2.5064464	0.31485456	-1.6330572	-3.3904288	-1.1360996	-3.564409	-3.6753786	3.1735117	0.79229856	-4.036164	-3.3252878	-2.1706026	-4.0756097	-5.7852955	-2.4673462	-5.940384	-2.9748726	-0.21976964	2.0396914	-1.0014333	-2.0630817	-0.24372317	-2.2642298	-2.2201495	-0.527047	-3.1698713	-1.132834	1.5820191	0.37990165	3.1457942	-3.0735695	-6.8276086	-1.2502104	-2.2171466	0.7278084	-1.2470454	-2.8106813	-3.3133385	-1.8444968	1.782948	-4.5934744	4.4667125	-1.8731793	-1.8018879	-3.4516675	3.8589392	-4.9694676	-3.4597454	-2.078302	-0.65409946	-2.1791477	1.9131501	6.784913	-1.2808801	3.3923442	1.0142885	4.841905	3.8719907	1.266399	-4.341776	-6.1943364	1.4734883	-3.7364001	0.21025802	-0.016759684	-0.42989698	-0.6583682	3.2162673	-0.793863	-3.4094987	-5.4282255	-6.0960684	-4.0743504	5.9788923	3.371905	-1.688549	-3.3825374	-0.54852396	0.7776207	-4.0835547	2.2371469	3.029011	2.1791477	-3.5252101	0.59761727	7.052405	-3.121676	-1.8737316	0.7194053	-1.4973221	2.9925597	-1.894874	1.1571459	-2.9217865	1.9379001	-2.8676126	0.5759256	2.537753	-2.1946518	2.2669098	-1.9186605	4.673951	-0.287169	6.4407663	-5.300975	0.31020296	-3.1295695	2.6437728	1.6304492	6.127647	6.9751644	-5.372846	1.7207619	3.7422917	-3.7811148	-2.8680367	5.4160533	3.1916955	-1.3958021	-3.0878365	4.4751763	-4.703243	-1.5886434	-0.20934774
3-hydroxyquinaldic acid	2.0282307	0.4358983	1.605018	-0.15813538	4.5629687	-1.8789066	2.0201306	-0.25174454	2.6474748	-6.7326303	-7.899189	0.65545857	-0.8052284	2.9045804	-1.9766796	1.4787515	-2.389489	3.3562949	4.456437	4.032673	-0.34171242	-0.29782763	1.3298081	0.434818	0.6487387	1.0960159	2.4035041	-0.46293414	-2.3900056	4.6276364	3.7964458	0.35506487	-4.8693213	6.1022005	5.493221	-2.5621502	-0.22733149	-1.8748616	1.5239246	3.8106601	5.6165867	2.9154174	-3.3795147	-0.7083868	-3.9090471	0.048254173	1.127656	6.697157	4.3021307	-2.3968256	5.11454	0.44718125	1.8356673	2.3635705	0.18769656	1.8003724	-2.431525	1.6008544	-1.4568533	6.456004	11.788776	1.6593882	-2.6680763	2.5072293	0.9569991	-1.6867448	-3.1609042	-0.667724	1.8659918	1.1289581	-3.7410202	-3.1733668	1.9514964	1.9325329	2.3828387	4.722727	1.9864593	0.817136	-0.0628864	1.8617002	0.00036403205	7.1499085	2.7682116	8.261399	-3.4375503	3.4666753	3.6960979	2.2980573	2.7910657	0.9529835	4.965847	3.2416787	-2.0108936	1.7284497	0.12724078	-1.4639708	0.62257975	-4.653361	0.8284098	-1.1570467	0.50624526	-0.89793766	3.6693373	-2.0178661	3.1808047	-1.647363	-0.14218281	1.4153912	3.482796	2.2216668	-1.2899039	-0.27408254	4.117011	-4.192255	6.2386837	1.714751	2.0106087	-2.4841352	0.3529668	3.102407	3.067229	1.5972539	1.7600961	3.0238667	0.6335743	1.3914334	0.07401632	4.151757	-1.0200889	0.2943	0.60098225	-2.6940355	2.2843852	3.3124347	-4.110793	-1.4401459	-0.37881353	-4.851193	-4.852163	-0.5952535	-4.241707	-1.9296879	0.6509296	3.5599399	-1.4349554	-1.6763641	-0.6799934	-0.22938268	0.63612825	0.14014722	-1.5223289	0.09209773	2.6982477	3.3480651	3.7039862	-1.5116382	-3.0006237	-1.3824376	-3.4482365	0.5422228	-1.5101706	1.816646	-1.2082106	2.7050693	2.194553	-4.171678	4.467503	1.2567737	1.986471	-3.1192744	4.2050967	-3.3404121	-2.4713354	1.9760594	4.8326254	-4.490776	0.7995006	4.9641914	3.114911	2.9873042	-1.5891297	5.911237	4.161366	4.050539	-2.3940318	-0.7293011	1.8600999	1.4501337	0.46341896	3.0218863	3.6314366	-1.3764274	6.325555	2.783815	-3.6600223	-4.2962236	-4.839338	-3.355844	5.3637905	2.2564788	-0.9637766	-2.1329508	-0.6213189	2.2746935	-3.159731	1.8052125	2.441276	3.4918828	-3.0435686	-0.123987466	3.176593	-4.192957	0.68602145	4.191125	0.56496406	0.31541768	-3.2518864	-0.48997685	1.9516163	3.4757264	-2.9733944	-0.38009444	1.6917796	-0.89809716	1.1036925	2.0787468	3.5708783	-0.99750584	3.7075891	-0.05986664	4.3096437	1.0070275	1.7848519	3.2312312	11.788775	6.034883	-5.3729563	0.99137765	3.923526	-2.4467428	-1.1639391	3.7020242	4.1495795	0.69237334	-1.8072165	4.9221025	-3.0008616	2.985663	-0.3618692
3-hydroxytyrosine	-0.40501365	-2.7440515	-1.9477174	-0.6209649	2.5403457	-3.629639	1.4691936	0.21571453	0.57263166	2.5147476	2.602909	0.31687394	-1.681064	1.2374619	1.3689526	-0.41058454	-0.57626987	1.341775	1.4249284	3.873295	1.5941415	-0.7324566	-0.26169536	-1.9223888	-2.917368	-0.4333372	3.1946938	-0.81275433	-6.1042557	-0.30967382	0.61150867	-1.747585	2.9843845	-1.6095417	-0.7676784	0.44156426	-0.43683663	-1.7651076	-0.20986521	-0.46291357	-1.5747278	3.81623	-1.4344537	-0.84357476	-1.0931041	-1.140919	2.9348493	2.7637885	-3.1951954	-3.696533	-1.3047949	-1.152834	2.0723855	-1.1654706	-1.5327972	-4.4582663	2.1369934	-2.8224397	-1.499465	0.514865	1.6593882	7.016429	-5.212873	-0.6983566	-0.6691442	-2.415856	7.016428	-0.29226342	0.8369817	-3.7409666	0.91409075	1.1469634	-3.0130696	2.9681735	0.11710421	2.9186676	-0.0032996917	-0.15372618	0.30414808	1.2366104	0.9153908	4.76483	-1.3203166	-0.11712071	2.513755	-1.8268074	-1.1718067	0.3918347	-0.05358998	-2.131371	0.66173947	-0.6847604	-2.047787	2.758754	2.2665496	-4.4679956	-0.77706593	-2.5202055	0.0148385875	-3.6632001	-1.03221	-1.9012395	-1.9159878	-0.61990607	-3.0371609	-0.9001115	-3.2859268	-2.4078696	-1.8085009	-1.0247482	-0.1276398	4.404966	-0.6252582	-1.0246645	3.768843	-3.2203507	-2.8780928	-0.67945033	4.7698784	0.19375747	0.13774289	-0.97992945	2.3758166	0.21813345	0.16950771	-1.076558	0.14058818	1.484136	1.7474146	0.66849095	5.9742966	1.5259054	0.47688997	1.307842	1.3653094	0.9124815	1.2503508	-4.9320917	-0.8969598	2.4484553	-1.4262658	2.3015373	3.124134	-0.55172676	-4.2960353	2.971136	2.6374638	-0.6833579	4.775448	0.86510587	1.3318542	1.6936305	-0.6323895	-2.275832	0.13057728	-0.2849112	-1.2454782	-1.1065127	-5.9577355	-1.7461351	0.4566655	1.368697	-2.3275342	-2.2117326	-0.42340186	-2.252122	0.45598587	-2.7858748	-0.72424173	2.2132251	2.547921	-0.6403921	2.357288	-1.4161612	-0.6002762	-1.9854647	-1.4269376	0.81035316	-0.51011604	0.8134014	0.9210377	1.321015	1.5703329	-2.1047494	-4.442521	-6.6847568	0.49842447	1.4989567	-2.079871	0.37543583	0.7788405	0.5176325	0.62517256	-0.113766	-2.6437042	-1.6348269	-2.9324133	-0.031979606	0.17808308	0.88707393	1.7448679	-1.3039318	0.17011985	2.255316	-2.2220905	0.15359254	0.9706165	0.07699427	-1.0100147	-1.8375516	0.62832314	1.111554	-1.231658	2.2573705	4.8362484	0.40667078	-0.5508176	-1.2198265	-0.20734528	-0.38450655	-1.9740077	-1.5458958	-1.715941	0.8439672	-1.635791	-0.29526398	-1.9253342	2.6570952	-0.5649266	-4.2869883	-1.907808	-0.79276776	1.1382937	3.5928748	2.115134	-1.7855837	-2.492402	-2.3885813	-5.1635237	-3.8152804	5.971071	-2.536295	0.08035879	2.35853	1.5816448	0.006084951	-1.6474694	1.3888638	-1.4058057
3-hydroxyvaline	-6.4750237	-2.303878	-1.4268469	-3.9499972	-4.7649984	-5.2354293	-3.5382912	-4.0322	-2.4949136	-7.794147	-6.6122026	0.5489601	-7.2949057	-0.791752	-5.7262335	-0.6768868	-0.34103426	-4.6349454	-1.9892094	-0.92820686	-1.007149	0.07543548	-1.7453032	-4.9872274	1.7611483	-4.3321333	-2.3109214	-2.4699984	-6.2900214	-2.574638	-1.2395229	-2.3206177	-6.862584	-4.197	-3.652249	-2.01746	-0.8035623	-2.4640856	-2.9676433	-1.0700729	-3.0366259	-2.0957057	-1.9394729	-3.0688908	-3.2063816	-1.8356086	-3.3119762	-3.679777	-1.7217103	-2.5851972	2.2952456	-1.1836995	-3.805736	-5.5596695	-6.0834913	-4.782799	3.978287	-2.8429484	-1.0518248	-3.0976868	-2.6680763	-5.212873	4.944354	0.25390124	-2.469116	-5.8356624	0.31339255	-3.4516723	-3.4288454	-5.388542	3.52818	-2.5932999	-1.5299696	-2.727959	0.9396368	-5.0732794	2.398569	-4.6948266	-0.019257093	-2.8791327	-4.9298644	-9.10301	-1.0747876	-2.4930391	-5.149408	-3.7871792	-3.0986722	0.54100984	-1.8143413	-0.6007361	-5.0530577	-5.1238294	-3.4872537	-3.0774057	-4.3538713	-4.542082	-3.660776	-2.9164782	0.6654528	-3.527262	-2.4369926	-3.017088	-3.851547	-2.3981707	-4.962271	-3.1677055	-2.980874	-1.5933616	-2.6164818	0.14010188	-2.346235	-6.4662924	-3.6811042	-4.9733534	-4.8755784	-2.4744647	0.14933242	-3.261469	-4.0123444	-2.9719758	-2.5808928	-2.5968688	-1.9902091	-1.4883181	-5.1701193	-2.792776	-2.8626971	-1.1883284	-2.1786072	-3.1690657	-2.475028	-2.267338	-1.0074658	-0.808316	1.0293635	-3.948298	-5.9576197	-4.037632	-8.797059	-2.8167808	-5.99104	-2.9007406	-1.9679959	-0.4081028	-5.2663827	-3.8628366	-2.7240834	-2.411613	0.23174284	-2.7765334	-3.981093	-0.11117215	1.3087434	-4.870986	-1.1915421	-0.7739082	-2.1681976	2.9410496	-8.38077	-2.8061569	-0.43534786	-3.543299	-5.567575	-4.101553	-5.256115	-7.690173	0.22088294	0.23643394	-1.1244106	-4.526659	-5.136784	-4.3034616	-2.7279532	-4.9010854	-1.9252892	-6.8355246	0.79904574	-4.501643	-5.1486435	-1.8732494	-5.8651795	-6.2425857	-4.8563414	-2.318294	-2.9540174	-1.2326722	0.4554921	-0.88709515	3.84396	0.027594535	-4.6085095	-3.9869926	-0.89921945	-5.055847	-4.8480577	-3.0837848	-1.6708636	-1.9301536	-3.5028446	-1.7711799	-4.691394	-2.049797	-1.0948168	-3.9923372	1.5240601	-0.59248734	0.656556	-2.2918777	-1.277818	-0.0920768	0.91109747	-5.0957775	-3.9791682	-4.0319505	-2.691074	1.8282816	-4.6205916	-4.660337	0.7714963	-1.4924201	-0.07892828	-1.9340253	-4.886692	-1.7542346	-1.477619	-0.44359803	-2.593302	-4.5739446	-2.586244	-4.723415	-3.1950564	-2.5525186	-3.6271567	-3.1289089	-5.9304852	-1.345756	-6.198812	-5.827088	-6.8370395	-7.481095	1.0831076	-4.990458	0.58867186	-2.3331516	-3.7708979	-5.037166	4.944353	-4.894768	0.3956022
3-methoxyanthranilic acid	-2.1861327	-4.008976	1.8718914	4.3175116	-1.5370277	0.2496191	3.9807353	-0.8678355	-0.023767952	-5.588377	-3.2991657	7.5756073	3.6616032	3.2261467	-3.280631	5.0965333	-1.4485081	-0.73248744	3.7274244	-0.5666857	3.1331391	3.028647	2.7850306	1.5714995	5.259831	-0.58929825	1.4050941	1.2793503	-0.9153506	0.8396406	0.1458757	1.992141	-5.300154	-1.8013031	-1.9293002	4.2340727	0.0022670291	-0.361318	5.012222	0.8991973	0.69951534	6.59278	-0.8272848	5.009851	-3.6798565	-0.64370525	-2.7178032	7.7281494	2.536037	0.8101783	-1.5582385	3.7192793	0.4193046	8.399398	-5.6033864	-6.082921	2.0497475	-0.1048378	0.036682222	1.6394311	2.5072293	-0.6983566	0.25390124	9.757114	-1.5101964	2.3042533	-2.2360766	-2.1634922	-2.5149465	-5.6165376	1.8763204	-1.6875131	4.1100516	-1.1328669	-0.20371856	1.8616205	0.91037214	-0.60906243	0.06440576	-3.692034	-2.7932653	-1.1214263	-2.8485022	-0.47054395	-5.0521092	9.757113	7.368212	-0.23608594	8.76228	0.72177476	3.2881944	0.34504363	-4.2526836	3.7817624	-3.323052	-2.5248904	-2.5913527	1.4515338	2.109662	0.5199005	0.010933974	-1.4412675	-0.32974032	0.017179403	-0.9685463	1.131318	-2.0458164	-1.8552341	0.373866	4.9777594	-2.1494908	0.06913563	1.6559436	-4.837215	2.7208893	3.2404315	2.6089413	-3.495144	-0.6096619	2.0347993	3.1241503	1.1535316	-1.6138843	-1.8650334	-2.6347888	5.847386	-4.343613	3.1646705	-2.1530144	-1.2642655	-3.74413	-1.8813243	3.8054793	-1.0551629	1.3748052	0.52431357	1.687962	-3.3128986	-9.086704	0.35656798	-5.216814	2.1904721	-0.75017166	3.3565009	-1.4305358	-3.260801	-2.542813	5.167507	4.9389024	4.5384817	-2.1225946	4.942198	1.4990295	-3.032589	1.2883816	-1.4678448	-3.467874	0.68176466	-3.2484024	3.320977	-1.5248502	-0.47710118	-3.5221941	-2.4396303	0.32796237	-5.2263412	6.1037974	2.2491386	1.6736989	-5.0222855	4.740077	-6.3486958	4.1104326	1.3856146	2.4954786	-2.3488407	-0.38687134	1.9836984	-1.927948	3.9800503	-3.0937426	-0.68282014	6.8628464	-3.2292204	-3.836809	-5.1300364	0.754289	-1.3334711	-0.68130136	0.49777955	-0.5794317	-0.6473833	-0.19252916	1.0941811	-4.0512114	-3.761536	-3.3217874	-4.9442163	0.14274181	3.4702492	-4.5106754	-1.4615238	-0.5672281	1.105849	-1.2731622	3.2876518	1.1287923	-0.7071019	-1.7665973	2.0585442	3.4312527	-4.152226	1.7362477	-0.4558402	-1.2010071	-2.3588545	-2.5434735	-1.2106237	-2.4233172	5.175812	1.4798028	1.6064255	7.2482405	-1.2834796	1.7597778	-2.0203285	6.067498	3.144649	0.5832228	-2.9322765	1.5570128	0.30897984	0.84791815	2.4394038	-0.94285333	0.49027106	-4.7384076	5.242002	1.9299102	-4.1574783	-2.3688984	1.2330384	0.6169725	-1.0240314	-2.2052543	0.9641287	-0.6469806	-1.585938	3.8085427
3-methoxyaspartic acid	-2.0886612	1.7460641	0.6299937	1.2453997	-0.3183345	-3.0154004	3.964325	3.4262147	-2.1765008	-1.6659485	-4.2144995	-0.24021167	-6.435239	3.7195182	-4.1259003	-3.2121184	-0.8237857	-1.4449236	-2.3135967	1.7097702	-0.7569785	-0.46473685	0.12770674	-4.362709	1.4723194	-2.231814	0.47759405	0.24240851	-3.4932778	1.391187	-2.728077	-2.3572745	-3.3798215	3.0299664	2.7914736	1.5408224	-1.4120276	1.277199	-0.54626006	0.08395017	0.13749273	0.6465505	-4.642829	1.766912	-4.3251543	0.34702918	2.1659858	0.40677157	1.1230357	2.5663548	-1.5293467	0.63558334	0.8609065	2.7267263	4.751911	4.4180107	-0.3628961	-3.1092088	-1.2605605	-3.7945058	0.9569991	-0.6691442	-2.469116	-1.5101964	6.856131	3.0960004	-0.40804523	-0.48049995	3.0146797	5.807856	0.8250523	-1.5979414	-1.5976351	2.821871	0.0422149	2.041275	-0.33937398	3.8342967	-1.8197086	-0.5783853	6.0503244	-5.2940235	1.3281776	-1.1790028	-0.04531357	0.6879993	0.9589629	-0.6543953	2.4213567	-1.5267849	3.7182474	1.448245	-1.2750083	-2.0855339	0.42955068	-2.2127554	-0.96153516	-5.92891	0.608871	-3.761405	2.9985385	0.096444815	-3.1406934	-3.6843052	2.978683	-2.0471585	-3.100715	-2.0073068	-1.1184714	0.9897348	-2.5577073	2.1695604	1.935636	-0.39285782	0.8497482	-4.272659	-4.1888638	-0.7110248	2.9030247	-1.4129622	2.0556438	1.8398603	1.9495744	0.27935445	0.40249214	-0.2780379	0.04567497	1.4470242	-3.77053	0.47822732	3.0215602	-5.1107063	-0.26801178	0.27252242	-1.2372724	-0.41622117	-1.7066758	-4.9825153	-2.5300312	-0.8225618	-2.292435	-1.9495771	-0.38819215	-3.3829067	-0.8938994	-1.8461018	1.262537	-1.5316823	-0.16294901	-0.049031224	1.3652388	-2.2727315	0.007966605	0.1998523	1.3007756	-0.26088014	-3.93418	-2.1248727	-3.3496273	-1.1748776	-0.6921255	0.43788382	3.5349894	5.1359553	0.91919285	-1.581601	0.24607778	0.34179828	-1.4543858	-1.6181145	-0.71620125	0.07675704	-1.2162639	-1.3240601	0.7982194	-4.2680416	1.7076061	-1.0650895	3.6724331	0.18469408	4.2763987	1.8544983	1.8638122	6.85613	-4.1407685	-3.8100066	-2.910299	1.025089	-1.5370307	-0.2643834	0.17776504	-0.32023928	0.65714675	-1.2230598	-0.40652558	-0.5682107	-1.8727378	-2.20862	0.60621417	0.5307715	-1.6539154	-0.6066243	-0.48657352	-1.4604504	-4.0715103	0.13824223	-0.366764	-2.5446184	-2.2684639	0.20835467	-0.14476506	-3.2586403	0.049971253	-0.12701449	0.53030956	0.23247887	-0.3462702	-2.6809678	0.95429033	-3.3622026	-1.0211095	0.36288548	3.7971056	-1.1664246	0.6816292	-0.39788446	1.3619266	-1.744148	-1.1992005	-4.984158	2.7103055	-2.3595877	-1.3208823	0.033528242	-0.64065534	-3.777185	-3.7299922	-1.1819273	-2.5758677	-4.864659	1.0072451	0.97936237	0.504647	-0.40284473	-0.82472503	1.5327857	-4.1678977	0.9834848	-0.41432
3-methylasparagine	-2.327153	1.6879649	-1.1501024	-0.3779745	-1.2253375	1.8929268	0.8627222	6.7399626	-1.1682369	-2.1660151	-4.4598594	-1.7627048	-4.3074217	-1.0693018	-5.960051	0.9121319	0.105734766	-2.000213	-0.085003465	-1.9312098	2.3367043	-0.43731484	0.16644554	-4.9892483	0.6092958	-5.776307	-0.65223396	-2.0882597	5.240023	-2.3770335	0.71998525	1.3768305	-1.2697836	0.009184696	0.86078715	1.7197777	-1.1346366	5.229665	1.093217	-1.750633	4.079208	1.7399701	-3.5488148	1.3458256	-2.7954962	-0.74689174	-0.9302447	-1.0537775	-1.0641334	2.161767	-2.9369628	-0.3221266	-0.99972445	-1.0029019	4.025906	0.28061095	-1.898825	-2.5790226	-2.0508547	-3.2315502	-1.6867448	-2.415856	-5.8356624	2.3042533	3.0960004	6.7399635	0.35600773	-3.1428661	2.304545	2.6800864	0.31736773	-1.919962	0.31214038	0.40612656	1.3277124	-1.4417127	-0.68800986	4.8249955	0.6978671	-2.0754473	5.5192785	-6.109028	-1.5854697	-0.51829076	0.7869152	-0.08141382	2.2243981	1.7570566	1.3636717	0.08037001	0.34103024	0.9604734	-3.9001112	-0.07327816	-0.5536704	2.1204526	-0.75276333	-3.2329733	0.5535757	-2.4828713	0.074936055	1.3950948	-0.19466805	1.3122604	0.22845663	-0.51705647	-4.811893	2.986133	-3.5160618	-0.84504205	-3.7534351	-3.4164402	2.9735446	-4.898148	-1.6553402	-4.471098	-3.5106213	-2.4615376	0.7284595	-2.751997	5.144991	1.5807081	1.1831887	-1.0319737	-0.7876063	1.706369	-1.4519408	4.795854	-1.7329316	-1.7054406	-1.0212508	-6.213347	0.6969428	-0.046444286	-0.8293144	-1.9207579	-4.188591	-5.8575983	-8.0974245	-1.1361402	-3.7110019	3.8945334	-1.9509536	-3.4826412	-0.9461159	-3.607096	1.6761264	3.9456925	3.424641	1.6377448	-1.606992	-1.574651	2.549003	0.88179153	0.062686935	-1.554202	-4.8484674	-1.6115088	-5.7256656	-2.3821166	-1.0946192	-3.532284	4.659482	0.9138148	-0.35900846	-5.665508	1.9212213	1.5328245	-0.2842758	-1.0299346	-2.7639954	-3.865176	-3.176376	-2.3245764	0.044760797	-3.5147815	-4.5067973	0.8253356	0.6391167	-0.34435916	-4.22225	1.6452932	0.42688116	3.0582385	4.031997	4.3774705	-0.1325271	0.9148024	-0.6576638	4.871453	-0.81746036	-1.4551971	0.059657045	3.0771472	-3.244551	-2.1133094	-2.609863	-3.2356467	0.69431126	4.563393	0.252834	-2.957665	-0.458169	0.3486505	-3.1101515	0.21120536	0.034157652	-0.7837239	-2.8219097	-1.211646	0.0015381619	-5.2009416	-2.590613	-0.71874547	0.24771494	-1.4638876	0.04645968	-4.3415112	-2.141033	1.6301322	-3.8109472	3.0842571	-0.9137798	-2.7531774	0.08356537	-0.51536226	0.005410499	-1.4045119	-2.4228976	-4.2472525	1.8966656	-1.6887208	-0.76611406	1.4612125	-0.8200829	-3.7452357	-2.187541	-1.8814602	-5.248897	-1.6118724	-0.26148856	1.565157	-0.9090755	-0.07628742	-3.4379065	0.7121912	-4.259641	0.20290515	3.3847167
3-nitrotyrosine	0.24656849	1.7034906	1.3407981	-1.7691708	-0.9839264	-1.6844933	-1.831162	0.68494815	-0.6783651	2.2928467	1.2488748	0.69474876	-8.808076	3.2021704	-1.400298	0.45841572	0.9354709	1.4885974	2.789233	0.4763307	0.957433	0.7574258	-0.08541037	-2.5866795	-0.10510879	0.99354625	3.8190928	4.7016196	-3.865772	1.1975722	0.3828647	0.8822588	1.4764868	2.3430295	2.67542	1.5692044	0.1613721	0.6155864	2.9997487	1.2266786	-0.999604	1.7966199	2.3180733	0.8635355	-0.2771089	1.6425167	1.3804401	0.33395535	-2.1698084	1.4143702	-0.14567468	-0.993464	1.1009779	1.2621274	-0.7863218	0.9449664	-0.83398724	-1.0988182	0.1130096	-5.2434382	-3.1609042	7.016428	0.31339255	-2.2360766	-0.40804523	0.35600773	7.507428	0.91169244	1.6437854	0.23953788	-0.6901818	2.5676503	-2.7994645	-1.1037406	0.61904186	1.362793	0.87437785	-0.1502444	1.1353858	3.093972	-0.80074835	-4.440557	1.5099207	1.3641778	-0.021811254	1.7304915	1.4317526	0.7694306	-0.61758703	0.08724253	1.4146527	0.94866264	-1.7209985	6.2608786	1.0201845	-0.7145349	3.6568048	-1.540599	1.5222567	-0.76080406	1.6728182	1.4128392	-3.595364	0.48874792	-0.12384948	2.547854	-0.23897	-0.9357502	-0.39634502	5.3434024	3.1886446	1.5767643	0.26911148	-1.7647959	0.55992067	-3.883105	-2.1555223	1.0096518	0.11679545	-4.101915	1.07533	-1.0275078	0.22839794	2.264955	1.8537567	0.5637373	1.2159804	1.3904723	2.7873924	1.2076187	-1.072107	2.2507465	-0.46719652	1.4188539	1.9251217	0.5970791	3.4613943	-0.8236972	-0.16810876	3.9038677	-9.954223e-05	1.3577262	2.3943923	-2.32799	0.4926628	0.9299702	2.4731443	0.6385149	1.5788639	1.5197294	2.3354802	0.60350955	1.1028227	1.3747846	2.075327	-1.338492	-1.3000913	1.5307195	-5.164836	-0.14775632	-0.089500934	1.2520323	-0.729212	0.35652488	-0.4996449	-2.8869076	1.3759019	-1.0897104	-0.19009611	0.50383717	2.9750597	2.1836543	1.5388445	-1.4505334	1.107364	0.031184427	2.8050487	1.0543423	-1.3493133	3.5369508	1.3359994	1.6685901	3.629568	-0.32848957	-5.2702465	-5.842322	1.1508315	-0.08381581	-0.60249615	1.242207	0.5782766	2.4189014	0.84304535	-1.5590903	-3.1487932	-1.0276939	-2.7721112	-3.742848	2.1880276	0.9315397	3.2180216	1.01476	2.742059	4.2041655	0.3410956	1.440403	1.5340959	0.12140138	0.2902236	1.0983298	0.14777057	1.7528652	-1.8694677	0.8553852	0.8976979	1.3036761	2.2608542	-5.406635	1.8104706	-0.3600979	-0.68748915	-2.5889277	-1.0536512	1.696342	0.5258727	1.5720097	0.4898904	6.0094614	-0.3047408	-0.2627178	-0.24639605	-0.12900889	0.75415194	1.8532224	-2.156904	-5.826965	-4.712057	-2.4947853	-3.0446696	-3.434212	7.507427	-2.89049	2.6929336	1.7841173	2.7901988	0.46343768	0.45544332	0.3322924	0.81715673
3R-hydroxy-2,4-diaminobutyric acid	-4.9646444	0.8103829	0.48934278	0.8469277	1.1710608	-2.6679945	3.684078	1.3103968	-0.091400735	3.1898458	4.065176	5.0288334	-7.4830265	1.7453572	4.17988	1.6578566	0.11974861	1.9174349	2.9275882	-0.34331536	1.1810632	-0.04707505	1.3052157	-3.7856288	-1.0293101	2.9742117	1.0542852	-0.5279194	-1.1867862	2.697797	0.109718345	-1.2288346	4.1050735	0.97964406	1.8863473	0.3170111	-0.33757025	1.1202992	-0.08855208	3.9242606	3.442663	2.1708274	2.9481254	3.0452478	1.2296139	3.762021	-0.049375035	-0.18476239	-0.2996151	-3.5115201	-2.8244708	-2.1490645	0.9714352	2.5589876	-1.22887	0.01579445	0.10180917	-2.8773625	-1.1725868	-1.833815	-0.667724	-0.29226342	-3.4516723	-2.1634922	-0.48049995	-3.1428661	0.91169244	7.2987657	1.7022536	0.2411483	-0.0628185	1.9129487	-0.56747043	0.41637415	0.54791003	1.2642882	2.5459433	-2.0900605	3.4212196	3.4624844	0.31716183	-5.3527374	1.1722745	0.5871003	-2.2857769	-0.1387263	2.1915221	4.3912516	2.6446474	-0.15227227	1.3423876	0.060847998	-1.8382003	-0.41514638	-0.21278606	1.534498	0.43246245	0.72087115	2.2911627	0.08217142	1.2326574	5.81204	-1.6674811	0.25104392	3.4326982	-2.3595872	-0.57761323	-0.27016327	1.0069643	1.2660102	0.16282403	0.9224535	0.8671096	-2.1399865	-1.8725255	-0.5925441	1.251589	-1.5980179	0.42073548	-4.6869855	1.874418	1.1727114	1.5355839	1.6764793	3.258966	0.12039704	-1.5036918	-0.23764732	3.675231	2.8876722	0.42173517	4.153246	0.35712245	5.358849	2.312675	-2.5134547	-3.1452298	-4.6003323	-3.239522	-1.6709733	-0.21474819	-0.9987853	-1.2217594	0.7371852	3.2220366	-1.6060272	-1.0812933	1.0651697	-0.4166757	1.9911475	2.8712497	7.2987647	0.28729877	1.4239211	3.71885	-0.26619267	-4.020548	-0.35947424	-5.7308364	-0.34017408	-1.0440652	0.64989346	-3.1086507	0.41212806	-1.3189758	-4.101964	1.4098647	-0.22737582	0.15178122	-2.6434667	-0.51713383	-2.1942086	0.7930717	2.7231374	-1.2669297	6.532903	3.7867532	1.5057957	0.7652503	0.9317145	0.037051104	-0.03955625	1.2434496	-1.1690319	-3.6602714	-6.9241934	0.5146549	0.6271531	-3.8845267	3.7347047	3.555017	1.34358	0.47565266	1.1306406	-3.3677645	-2.34501	0.9069452	-4.857236	1.8870745	3.4243426	0.026158184	4.2600536	-1.0106013	-0.58564764	-2.7393427	-0.7707384	1.2922791	1.7812562	0.10251894	-4.084206	0.7776638	2.0604184	-0.65184224	-0.3462498	1.9978831	1.4354507	1.3631994	-1.7827259	2.7606454	-0.44973668	-2.0979958	-2.625198	0.11722091	-1.293815	1.4850142	-1.6280805	2.9127338	0.06275718	-1.3883861	-5.0229125	0.8301492	-1.8288846	1.4889612	0.69027305	-0.96263444	-5.7114425	-3.0739758	2.2966595	-1.6860077	-3.7172413	1.2801422	-1.1942414	0.68414557	-0.28754142	-1.859304	0.66112643	-2.2343326	0.6325298	1.7791451
3R-hydroxyasparagine	-2.1240368	-1.5813248	-0.44371262	1.555736	0.08229589	-3.6293468	-1.498825	2.1276004	-0.34932837	-3.987069	-2.5803216	-3.3318448	-2.3465292	-0.743103	-2.7555034	-0.78270495	-0.4491894	-2.6831398	2.987697	-1.5565163	1.8177177	-1.5719229	-0.5881353	-4.7495623	3.4831226	2.0748913	0.98272	-0.11749122	-7.3012652	3.0639071	-1.9956912	-0.9121312	-3.390871	4.065654	3.6861553	0.091903046	-2.3657377	-1.3403887	1.400919	0.70615965	1.338511	0.30284402	-2.9325945	-2.1151552	-0.63665223	0.66742235	-0.24566172	0.20943196	-0.75805616	-0.8831777	-3.9629908	-0.6897852	-1.1825637	-4.9079676	4.0507216	3.3003259	-2.239281	-3.4567163	-0.6228496	-3.7043412	1.8659918	0.8369817	-3.4288454	-2.5149465	3.0146797	2.304545	1.6437854	1.7022536	5.038236	3.204749	-1.0967642	4.026906	-2.9456673	0.12904295	2.4196389	4.346143	2.808205	3.314634	-0.5177885	4.8696938	1.8729522	-4.97534	1.4201776	1.1689941	0.30112442	-1.239349	-5.0988083	0.41093236	2.8164194	-1.3868608	0.12639783	1.6086307	-1.2463312	-1.8033649	2.035923	-1.4981672	-3.3882577	-9.711734	1.4044224	-4.3401585	-1.7303672	-0.551338	-6.8636336	-3.6876109	-2.7949467	-1.7480574	-4.5595355	-1.1366801	1.4243633	-0.6687355	-3.037251	3.699962	2.4336548	-0.41381693	0.4520818	-2.701762	-3.085679	1.3940992	2.7759106	-1.276688	0.56634474	-0.769553	0.74994224	2.6800108	2.4065654	-0.6234529	-2.5514133	-2.162236	5.038235	-1.3962096	-0.7438172	4.825441	2.445986	-0.78950876	4.9069476	-2.6262062	-0.557591	-4.576339	-2.2249215	-0.91831857	0.17991738	-3.0506094	0.55799973	-4.3308616	-0.15888086	-4.1350365	-1.5573033	1.105309	0.03510691	1.9025993	3.1341033	0.84677285	1.3424689	1.1087993	3.6811235	-2.5188658	-4.469766	-2.6137428	-8.431045	3.822534	-0.69806826	-1.2630976	4.047164	3.8998415	0.26237854	-5.5576057	1.6751232	1.0517371	-1.7673972	1.9213575	-2.7558353	-1.6988169	-2.5777366	-0.5650643	-0.90433544	3.9802303	-0.49001524	0.41131613	-2.2744632	2.3483672	2.528498	2.3016164	1.7447157	2.9188504	-6.06839	-6.149455	-0.1192728	-1.8649671	-0.9736237	-2.3170946	1.337162	3.3078878	-0.8251901	1.0551869	-2.5628104	-1.3032793	-4.2509804	-3.7213397	2.096045	1.9462712	2.2128844	-3.220865	-0.6990565	-1.8039293	-3.0267735	-2.2035987	-0.017907802	-2.0931368	-2.2055695	-1.8168864	-1.3504459	4.1123104	-3.2666824	-0.8482479	1.3408039	0.55198675	0.43118545	0.3185237	3.491331	-2.2194734	-0.9061182	-1.4572744	1.6796143	-1.27286	-0.9694264	-3.7438304	-1.8071843	0.09086236	-0.55498123	-7.779678	-0.027281981	-1.735487	1.4215583	2.1274679	0.6377098	-2.9040737	-7.050454	-1.7034724	-0.0089373905	-7.074266	-0.42888308	2.64374	-1.1697398	1.3484551	-0.17338312	2.1458564	-2.3023272	-1.0948647	-2.5537684
3R-hydroxyaspartic acid	-4.378934	2.2986598	0.81833005	1.3561062	-3.1931956	-0.98835534	-2.0627344	2.4596355	-3.4296732	-4.000426	-5.127651	-3.1378088	-5.1051183	0.12552252	-3.8607104	-3.606215	-4.052308	-1.621757	-2.5193872	-1.2721578	-1.4272077	0.15367733	-0.28235084	-2.2619963	-2.5820317	-2.0818303	0.5523502	-0.73228645	-4.859019	1.4822572	-1.9894804	-2.012007	-6.5179415	2.592372	0.92364764	2.032407	-0.8748493	2.8306642	-0.047073953	-0.9501332	0.41817197	1.2207714	-5.7661133	-0.99475545	-4.7797265	4.4005566	1.7275333	-0.20952815	-0.75223905	5.245758	-2.5180805	-1.6118404	-1.6149305	-1.1343529	3.8000913	7.140821	-0.25453296	-1.2553741	-3.1985624	-2.5272126	1.1289581	-3.7409666	-5.388542	-5.6165376	5.807856	2.6800864	0.23953788	0.2411483	3.204749	7.140822	0.7589668	-2.9258935	-2.2834063	1.5802726	-1.68029	1.0340687	-2.3663194	3.6750965	0.048717495	-0.078827836	3.295638	-0.2504842	2.7509086	-0.6440436	-0.109099634	-2.2107172	-0.9730405	1.0199324	2.8147805	-0.3465401	-1.6206352	3.3973124	-3.738606	-0.98104936	2.0681348	-3.4986954	-0.55390626	-6.056822	-0.97534317	-1.5442321	0.44212073	2.229619	-4.2990394	-1.808501	0.98498064	-0.116618596	-1.5437831	-1.2821097	-2.0690057	-1.273488	-1.3036665	-3.8111727	1.441003	-2.4899445	0.94254917	-4.848918	-3.6431792	-0.10664435	-0.7107132	-1.9716253	-1.0737268	-1.5023551	-0.3273396	0.045275275	2.6281304	-2.8194273	-0.44972056	1.0813732	-4.0688267	-1.1438216	-2.5432336	-4.1450963	-1.1740364	3.0664837	-2.779696	-2.340359	-3.026605	-5.2681274	-5.0190334	-0.5416134	-0.8887494	-2.0193267	-1.2976053	-1.3439543	3.6874688	-2.1062129	-1.3909374	-2.1133494	-2.5611591	-2.058261	0.10454332	-0.9645341	-1.7227656	2.1558266	0.9415207	-3.1918616	-4.5483403	-0.7026255	-3.6027582	-1.3929013	-0.9553436	-2.5352004	2.620102	6.012925	0.92831993	-2.0875056	0.7043554	1.4097064	-2.7279284	-3.4837246	-2.3528907	1.7910464	-1.5871094	1.4075177	0.9500519	-0.0623939	-3.4801145	-0.71887285	2.4230392	0.42159653	-4.796453	-0.24649704	2.651287	4.348605	-5.8392005	-2.4328628	-1.5238521	-1.4831634	-0.53019345	-1.5183079	1.3489368	-0.3943539	-0.30129826	-1.82474	-1.1115069	-1.7916515	-4.4104195	0.13484652	0.3293357	-1.5974426	-1.5501328	-1.2825817	0.33842465	-2.0084505	-3.7158353	-2.443002	-1.6532087	-2.1352446	-3.3083932	0.14462544	-1.7353609	-2.43774	-1.9141281	-1.9524138	1.6252638	-1.1201565	-2.000271	-2.9397628	2.1869547	-4.0409	-3.0172546	-3.672991	-2.3994164	-2.4301496	1.0092313	-3.1876132	-3.7445781	0.1335454	-1.4516644	-3.234316	-3.8994513	-2.203656	-3.6916864	-0.30609027	0.7218898	-4.505417	-5.975651	0.9431399	-0.11178358	-7.5091667	2.5940678	0.35113236	-0.15383483	-0.50663286	-2.799031	1.4171168	-4.1298122	-2.060988	0.06437898
3R-hydroxyglutamine	-1.6900221	-1.3470345	-0.39076826	-1.6611218	-1.8179543	-1.1626495	-1.024007	2.4299219	1.4293177	-4.0980844	-2.426182	4.6767917	-7.167953	0.4505632	-3.7006524	-0.82775235	-0.688155	0.6420493	-1.8473283	-0.030685378	0.45631272	0.17478846	-0.13950406	-3.2380636	-1.9140106	-2.125935	-1.1896704	-2.0746446	-2.3195703	-1.3594697	0.68697864	-1.1223208	-3.2888124	-2.242364	-1.9874113	-0.34171325	0.36528385	0.2502659	-0.96640444	1.5119718	1.5256034	0.6801723	2.0350592	-1.1996541	-0.9602982	0.046834685	1.3270311	0.13550656	-1.503516	0.6009944	5.9408407	2.4175262	1.8088427	-0.6867251	0.0077571445	1.7380587	9.556646	-0.66173565	1.4362991	-3.812091	-3.7410202	0.91409075	3.52818	1.8763204	0.8250523	0.31736773	-0.6901818	-0.0628185	-1.0967642	0.7589668	9.556647	0.18374823	2.1465669	-0.667497	-1.3335794	-2.1756108	-0.5044466	-0.5374075	1.08566	-2.8714979	1.556234	-7.005475	2.3061533	-2.0630844	2.9807215	0.4200789	1.0842595	1.806169	-0.4919151	-0.32177287	-0.67370343	-0.72420317	-2.1067286	-1.7145528	-0.3500616	-1.2119889	-1.3820673	-2.5807233	0.9175041	0.123189084	1.8023163	1.8741087	-1.6464552	2.9802117	1.5432448	1.7613907	0.85945743	1.8671873	-1.4561003	-0.80526227	0.16968338	-0.19476476	-0.44543415	-2.128236	-0.42530772	3.6971655	3.8905344	-1.4021021	-1.8305544	-0.8974846	1.4267743	0.66085815	-0.077706926	-2.4324033	-0.4831644	-1.021027	-0.7227042	0.7158119	-3.792064	0.97737896	-3.1692398	-4.6696134	0.1233386	0.11133387	-1.4417899	0.9872276	-1.3149335	1.07012	-1.5762848	1.0547227	-2.9260552	0.55287796	0.48964477	2.494103	-2.207213	2.1405041	2.029532	0.15419456	-1.4583983	0.8127628	-0.69634753	0.12560067	-0.37004578	-0.31076843	1.0609367	0.48082826	-3.326799	-0.27485612	-3.128894	-2.435715	3.114576	0.17315279	-0.88923025	0.8034195	-2.3261573	-3.1524942	0.6341036	3.2599404	1.561402	0.44470605	-1.84517	-2.4161294	2.3316414	-1.1812342	0.6762593	-4.3069205	0.84055966	-0.1323651	2.6798573	0.27884662	-1.6346896	-1.4352466	-0.0036912628	2.2377503	-0.82810295	-0.7682942	-0.49534282	-0.35873446	-1.5435182	0.28646326	-0.44872713	0.033413824	2.061561	1.2274014	-0.37458068	3.3358784	-1.1020479	1.7798414	-0.6116438	0.08985146	2.0956292	2.5011153	0.5044175	-2.026672	-0.6270434	-0.506399	3.7380435	0.13125347	0.29125562	1.9823973	4.7964587	-1.7156188	-4.0910883	-1.0383173	0.38652316	3.783891	0.3903526	-6.67887	0.8873336	0.104205914	4.5262527	-1.4140254	2.9444292	-0.11249722	0.73820394	0.9008762	-1.1193546	-0.57595915	1.0223359	-0.36750537	-0.390979	0.9084958	-1.1015058	-0.8525995	-3.4162335	-4.105872	-2.6996043	-2.2507381	-4.893863	-2.9503596	0.6116885	-2.8452508	3.667775	0.27185383	-0.9543749	-1.1989024	-0.5624836	-0.73936516	0.37628362
3R-hydroxyhomotyrosine	-0.42828324	-1.7739892	1.0850114	1.6312566	-0.7501358	-0.0663214	0.37581325	1.6776215	0.6340536	-1.5807346	-1.2026882	1.4535234	-6.5550256	1.1966138	-2.1630363	0.30261183	0.86904645	1.3227456	-1.624179	0.19551024	1.7244692	-0.7734848	-0.5100485	-0.41553873	-1.0439674	2.495088	2.7695153	3.4144702	-4.15683	1.3880002	-0.5537761	0.076165915	-1.2225635	0.8407529	0.046733137	0.39648938	0.71306586	-0.46837184	1.6559997	0.55633974	0.9271161	-0.028568203	-1.1102806	0.44035274	1.2092733	-1.1623498	-1.860568	-0.327563	-2.9553714	-0.08058112	0.98564595	-0.086371295	2.2005925	-0.12780587	-0.83980197	-2.224189	-0.47429636	-0.738728	-0.42971903	-3.600625	-3.1733668	1.1469634	-2.5932999	-1.6875131	-1.5979414	-1.919962	2.5676503	1.9129487	4.026906	-2.9258935	0.18374823	5.331833	0.12665722	-2.1927135	3.5684452	0.15331498	2.579999	-1.8325292	-0.09543331	4.657319	0.2626901	-5.9077554	-0.83783567	0.26364928	1.7391135	-0.3679068	-1.7074327	0.2553954	1.0676347	-0.39963728	0.436331	1.93801	-0.26213264	2.709844	1.344351	-1.8914529	2.511792	-5.256256	1.8294095	-0.67415494	-0.4427125	-0.5795459	0.06625043	0.44521013	0.13360696	0.10587881	0.40687796	-0.42760715	-2.4789762	-1.9572499	0.07533101	3.959387	-0.17436633	-0.20491146	-0.8862403	-2.8777988	-4.2147903	2.6914887	1.9520342	-1.093391	0.7536226	-1.5205349	0.66584283	-0.05292729	2.8900888	-0.23966263	-2.1639237	1.3721362	5.331832	1.0027835	-3.524124	5.075393	2.6092277	0.25442806	5.019651	-0.101345964	0.12637927	-2.4153838	-1.1375966	0.21457657	1.9405811	1.6842624	1.0356345	-2.4229972	-1.8591281	-0.5761859	-1.3031745	1.4369873	1.510442	2.2759104	3.641839	1.5213878	3.1995804	2.489171	2.2715733	-0.8992968	-0.0017525482	0.33836466	-4.0018706	-0.9862733	1.8106669	1.6788044	-1.9043682	-1.7677715	-0.06503383	-4.8008394	1.5758876	-1.0752974	0.2947527	4.5565567	1.0447881	-3.4852936	-1.5430636	-0.43431517	0.9956597	3.9946191	-2.4088252	-1.3195997	-1.7968448	0.8448258	3.3868818	0.7132204	1.6104293	-1.9217364	-4.349727	-4.160141	0.27255508	-0.40054807	0.47744364	0.5167915	1.1955398	3.864496	1.4134016	1.8569605	0.4319963	-2.177656	-1.7032732	-2.9050322	1.2229626	2.0195305	3.1263428	1.8133596	2.0751371	0.6285642	0.85711586	-0.15226713	0.16685903	-1.3373842	0.06354376	0.54910904	-0.99512535	4.5118375	-2.0158818	-0.6349322	1.8798288	-0.29186624	-0.27679482	-2.6216745	3.249451	-0.034020003	0.40318412	-0.47677207	-2.075844	-0.22907212	-0.9167509	-1.4718772	-0.5667075	3.3426352	0.13978465	-1.4809623	-0.26633582	-0.6182557	3.5856223	1.091759	-2.5612955	-3.5196745	-5.637142	-1.2242529	-3.5852544	-3.832869	-1.2490153	-0.21251903	0.44766182	1.6002914	0.15860292	0.106614485	-0.29266852	-0.5005918	0.051043652
3R-methylbeta-alanine	-2.046607	-3.5540242	4.1694713	1.2735113	0.015911063	1.380882	-0.14949006	-1.2176641	2.6529548	-1.0322689	-3.4505336	3.0970447	-1.7708696	6.1139216	-4.2031527	5.47917	-0.852138	2.8520114	-0.7266177	2.8365397	0.20537187	1.5412878	1.2565615	-0.6479264	4.188557	3.2650166	5.1478996	2.3243933	0.31425723	4.4375415	3.5832567	1.1737353	0.17969184	-1.1863247	-1.3696318	1.9740574	3.0707684	-2.2658129	4.360322	4.1696124	3.4948597	1.291975	0.6610305	6.1333375	-5.4046774	1.4490204	2.8295522	1.43729	0.08710718	-0.7822891	3.0404043	1.0600888	-0.19833921	4.486438	-1.5313426	-1.5780526	1.8306557	5.653116	-0.02212197	0.22771338	1.9514964	-3.0130696	-1.5299696	4.1100516	-1.5976351	0.31214038	-2.7994645	-0.56747043	-2.9456673	-2.2834063	2.1465669	0.12665722	9.088831	5.3246484	-2.447708	1.0325873	4.787908	-0.5286921	-1.0500351	0.27523747	1.5321109	-6.0369587	0.53174746	1.0284942	-1.1509336	4.6169515	2.055443	4.7492623	3.8635297	0.815419	4.7622776	6.1912913	-3.2869897	3.270929	0.4454702	-2.0927815	-0.40418664	-6.538991	0.7450699	0.10905854	3.3779223	-2.0956984	-0.34311864	0.4055411	-0.5655557	-0.57888234	4.061152	3.21825	1.4443626	3.662959	-1.1069975	4.6535325	1.9157829	-2.4937055	3.556005	4.6230087	4.6326447	-1.3072114	-0.23108642	1.2925216	5.375275	3.1655273	-0.6672032	2.2708337	3.56236	-0.709615	-2.1387196	2.6232352	1.3714287	0.20594883	-1.4585059	-5.2574496	-0.18776502	-0.03747935	-1.2735159	-0.45870304	-3.0582705	-3.550474	-7.4498687	-0.55796885	-6.14011	0.2625935	-1.9547677	0.7207248	-1.4664565	2.0016499	-1.0244181	3.5175679	1.8155613	-0.29591626	4.6986985	2.667689	-2.541793	1.3609217	2.132557	-1.4062725	-5.598212	-2.2268658	-3.8606915	1.3619484	-0.39227656	4.457141	-4.6126866	-2.753682	-3.2811272	-2.555769	5.618881	3.4337552	9.08883	-3.2958477	6.3070216	-4.2549334	3.5881295	0.24006912	1.0782154	6.717224	3.4222126	2.5119767	0.037962027	3.4865453	-1.6267712	4.0869727	7.4825444	0.15035993	-1.8761243	0.49599832	1.4668925	-1.5880208	0.88693774	1.3913836	5.736492	0.4072246	-0.026994025	0.82913023	-2.312343	-2.281873	-3.3775609	-0.9724337	2.9548695	3.1970603	0.91825366	0.542201	-2.1120248	2.2457743	3.1752083	-0.106881626	0.015467758	1.3144878	-2.4757903	-1.9240296	1.2876588	-3.9201124	4.0541277	2.8522086	-0.6953601	1.4242183	1.1618894	-0.9258385	1.3701614	5.285286	-1.9550503	2.050775	3.7090294	-0.57048583	-0.6688757	1.0160835	7.1430387	2.4011314	-0.6415123	0.038786713	2.4574156	-2.9488652	0.487886	2.5573685	-0.5494984	1.03349	-2.9217966	0.18185647	5.3011007	-5.132602	0.26020476	3.356087	5.483938	-0.104967326	-2.35638	3.723501	-3.3373349	1.1539528	-0.2843962
3R-methylglutamic acid	0.74741656	1.244984	4.753075	-1.1769835	0.06755364	1.5433004	-0.36409265	2.1887255	-0.56092423	-6.244916	-5.7181497	-1.4212106	-1.6320847	0.7825931	-3.344045	-0.4969144	-1.4201646	-1.7195549	-1.794873	-0.36058378	-0.9133638	-0.95974565	-1.5348452	-2.4743683	1.8470563	-1.8183025	1.3709018	-0.2721178	1.9140867	1.6112797	-0.15945786	-2.7025745	-5.4035687	0.09006161	0.1484704	0.7345843	-0.16378918	-1.8813524	0.20154843	0.18318614	-0.1881787	0.92533195	0.84995615	1.5276377	-1.9078406	-1.4808058	-0.8149145	0.12022417	4.2203426	-2.0219269	-0.7076683	-0.267427	-1.044003	1.1101007	2.7514176	-2.1080637	-1.3193941	6.000639	-1.1836249	1.2788936	1.9325329	2.9681735	-2.727959	-1.1328669	2.821871	0.40612656	-1.1037406	0.41637415	0.12904295	1.5802726	-0.667497	-2.1927135	5.3246484	8.181373	-0.68554777	0.46209607	2.630123	1.3384534	0.29173374	-3.80394	4.5588136	-3.7629209	-1.3313509	-0.6366989	3.8706791	-0.33685824	1.1704825	0.3183031	1.620731	1.4939066	0.9298207	8.181372	-2.5028975	-1.4100084	1.6114497	-1.5983471	-3.436796	-3.2312067	0.5716387	-1.9597797	4.8620625	-1.7957569	-1.056704	-1.6163448	5.675343	-2.3872805	2.829414	-0.6274349	0.21310472	0.27814615	-2.3354378	-2.6143188	0.1368939	-3.814124	-0.6637401	-1.9138818	-1.4125073	-2.934437	-1.8973998	1.4025074	4.517747	0.5060098	-0.1001942	-1.0679446	-1.2640765	-1.4008832	-2.14098	-0.05170678	-1.1300075	-0.5410915	-0.7277629	-0.6462593	0.008264609	-0.22744274	-2.538761	-2.1843522	-4.0558167	-4.5760393	-4.730826	-0.34748587	-2.3911128	-0.7974113	-1.1231253	-2.1231685	-1.6506828	-3.075233	0.46709257	0.5547119	-0.6854403	-1.0173333	-1.5152487	-2.5431747	-0.67597765	-2.6929946	0.41660765	-1.3791455	-4.246956	-1.7766783	-1.635957	-1.2787906	-0.65719265	-0.37592188	0.94224477	1.355145	0.7558439	-4.976214	0.16183831	-1.1065114	2.286199	-0.2457678	-0.04589885	-3.1994162	-2.7059448	-3.399648	-0.2531272	-5.581444	-1.3935754	0.437252	2.6710463	-0.4392564	-1.7869368	1.4783484	1.0506436	3.8028018	-2.241757	-2.0571678	3.2906983	-2.5118175	2.0551536	-0.40563965	-0.51052934	-1.1357628	-0.058357857	-1.0137173	3.955797	-2.1027222	-3.1198103	2.9823265	0.7226868	-0.93322045	-0.22636221	-1.5668874	0.38986063	-0.734085	-1.841508	-0.36245954	-0.52508277	-0.37761137	-2.7242954	3.1897843	-0.67757106	-0.8846937	2.8842056	-0.25620937	-0.59216577	-0.61108094	-1.8696162	-3.7373435	-1.4817678	3.1153076	-2.8580198	-1.092016	-0.33785224	-3.0936036	2.2445734	-1.0274862	1.092491	-0.6578407	-0.86610395	-3.3753357	-1.4946839	-2.5345855	-1.3492304	0.06586198	-0.93523866	0.744557	-5.2621274	0.9976827	3.1414158	-3.2792058	-1.0271598	1.4050869	0.66818815	-0.4062422	-0.16894823	0.62419087	-2.7858837	-1.9184775	1.9303585
3S-cyclohex-2-enylalanine	0.9156124	1.2293463	0.52594715	1.4376283	-0.25603512	-1.3374696	-0.3316269	0.7707211	1.0151672	-4.305636	-2.634053	0.91095567	0.3206302	0.057435643	-3.220483	3.7840235	0.10642619	3.360504	-2.458584	-0.6055064	0.6551469	-0.2144241	0.21831152	-3.7780325	-0.95055616	1.3408045	-1.198019	-2.3451319	-1.8879681	0.69449186	2.9938924	-1.4299546	-3.3475058	-0.9126435	-1.7967659	1.5022274	1.8804672	0.31913257	-0.40050176	1.5887378	-1.032049	1.6606485	-2.5138507	-0.070075266	1.3706833	-1.775797	-0.32970923	2.5427098	-0.5966773	-2.4954224	-0.009506611	-2.4712875	0.3081341	1.6300303	-0.68857527	-3.806249	-1.8725969	0.28534582	-0.7649399	3.6149766	2.3828387	0.11710421	0.9396368	-0.20371856	0.0422149	1.3277124	0.61904186	0.54791003	2.4196389	-1.68029	-1.3335794	3.5684452	-2.447708	-0.68554777	9.91239	-1.0589283	3.8760626	-0.64044565	0.24205409	2.9477324	1.491543	-7.5918703	-1.66747	-0.8704336	2.338947	1.1534638	1.1643432	0.5737279	-1.0874358	1.2549639	0.6428542	1.0768076	-0.017476639	-1.3262883	0.35435984	-1.3739058	-2.7869844	-4.4069366	3.2130241	-4.55329	0.12682192	-1.4917624	-1.204582	-0.18119684	-2.2830634	-1.7955773	-2.9965112	0.48539636	-0.3620132	-0.5613404	-0.82350355	2.3637154	1.083687	-1.8216157	0.55811405	-2.0309079	-1.6078894	-1.0730994	1.5607234	2.7653294	3.9940314	0.74537283	0.3060314	-1.1048737	1.6758214	2.1031604	-1.363667	0.31344634	3.6749585	-0.027722636	-2.8058615	3.4394283	1.82329	0.8343226	3.381141	-0.92302805	-1.0810953	-5.363666	-0.1797703	0.65638983	1.8519257	-1.1341566	0.7585018	0.7192158	-2.589846	0.97775	-0.7674733	0.4567241	-0.041387632	1.1210515	2.2049375	3.6375463	9.912389	1.4758348	1.0439279	0.32822663	1.4641463	2.5445695	-1.9898218	-0.2853635	0.39770392	0.48595086	-0.517972	-2.0136375	-1.8072265	-6.286318	1.7818586	-2.1568646	0.42786142	0.33823743	-1.5269374	-2.7464867	0.16087234	-0.9438711	-0.6920008	-2.2581751	-4.0617146	1.815755	-1.1918335	2.3921077	2.016875	2.0469182	0.6403784	0.13489778	-0.35104996	0.06821207	0.5866374	-1.5627517	1.2973435	-1.0795206	0.91235584	2.2374048	1.2370505	-0.80054855	-3.942497	-2.840296	-1.5672767	-4.6635923	1.6725835	3.7515793	3.8913574	-1.3618621	0.44130385	-1.1020316	0.6055247	0.5320653	1.0969179	3.1454296	0.4285058	3.358342	-0.30085966	2.993601	-1.5824279	-0.18097366	1.2243665	0.55518246	0.4892991	0.20603357	2.0193937	0.52039355	-0.9174031	1.8986516	1.8602499	0.2856716	3.3058639	0.389666	1.7184232	-0.70616806	0.5862353	2.577103	-1.3502553	-1.6816171	1.3947688	-0.8077841	1.2076964	2.7816648	-4.8108897	-1.9986932	-5.4441223	-3.701268	-0.067262724	-1.3629287	0.26575527	1.0921264	0.093961634	1.1705279	1.2476737	-1.365046	0.55678344
3S-hydroxy-4R-methyloctanoic acid	1.1494602	-0.31348228	6.416084	4.767993	3.643358	-0.8358393	2.8189626	0.783223	4.672341	-4.2068934	-4.5559654	3.4445956	-1.8387244	5.202076	-2.336139	3.5733614	0.55728495	4.2739186	9.494172	3.3483367	1.8829743	1.326317	2.6568694	5.5475516	1.3012568	5.344694	5.7832403	5.8332715	1.7850113	8.504109	4.573187	2.8973958	-2.6317635	5.2113056	5.2675147	0.21377565	1.0194352	1.21933	4.6342854	4.000779	4.8154793	2.9349468	1.1253784	2.3797112	-3.8628478	1.7109016	-0.49227688	5.730371	9.34719	-0.2334323	-1.4969662	2.3263545	4.225228	1.9808892	-0.03949412	2.586142	-0.5319611	-2.1692386	3.756476	5.549838	4.722727	2.9186676	-5.0732794	1.8616205	2.041275	-1.4417127	1.362793	1.2642882	4.346143	1.0340687	-2.1756108	0.15331498	1.0325873	0.46209607	-1.0589283	9.494173	3.204101	0.64605963	0.47203654	2.4993355	0.09224436	8.471665	3.1675775	2.0714762	-0.052288674	5.0968747	2.7196698	4.38648	5.591101	3.998805	5.372704	4.6604996	-3.2639854	4.3525376	1.5128042	-2.218724	3.915715	-5.896596	2.0737333	0.21103932	1.5405834	1.8501637	4.011129	0.9532368	3.4224868	0.24468105	1.0775144	-0.24883176	6.892764	5.1157784	0.25155255	-0.32478508	5.0216384	-1.7268195	6.2410355	3.0497377	3.8842041	4.1243434	1.759178	0.96417665	3.8227704	3.961488	-0.23873438	3.6086261	1.6279817	2.698438	-0.3138711	3.3289876	-0.07718202	3.0216267	2.141692	-4.401211	2.649687	4.7310643	-1.2498318	-0.28804514	2.8052065	-5.3459463	-2.4411902	1.1381176	-3.7560143	0.44509503	0.9625392	0.8185831	2.836107	-2.8546383	-0.45288426	1.3561324	0.86016613	2.6536117	0.97540253	2.212869	-0.76612544	2.2332015	7.2448997	-0.94726604	-4.4345403	-1.2246654	-2.9759748	4.457298	-0.32681593	1.6981318	-1.085662	3.8681214	6.095936	-3.084083	3.9643137	2.5982416	-0.18662679	-0.013606234	7.6263566	-2.1954272	-2.7724566	1.8921292	1.8645767	5.587407	6.7060657	5.372793	1.1354674	7.3641186	-3.0184891	4.865654	5.559157	1.7203705	-4.3836064	-5.811144	-1.0226136	2.0767121	-2.5240655	3.696733	5.2437344	-1.9021757	4.11746	4.74716	-3.3074362	-2.1284795	-4.523223	-4.9436545	4.4708443	2.609132	-0.059297644	-2.0771537	-0.72390527	4.1693945	-2.8547928	3.4781375	0.4792319	2.9908822	-2.4492435	1.2190193	6.9059663	-3.4367037	5.3341236	4.7849884	1.5883873	2.0925376	2.1528797	-1.4510332	1.9339168	4.0852027	-0.36757728	3.2539258	6.536804	-0.016151622	0.8814338	-1.8305181	3.7810907	3.5023553	2.4496994	-0.90611035	4.6641507	-2.040611	5.540422	6.3951616	3.4300508	0.70982236	-5.0081778	5.8727627	7.945115	-4.305309	-0.43993482	6.3783245	4.204267	0.64294034	-1.532319	4.8856087	-3.476028	3.7851644	1.5946944
3S-hydroxy-4S-methylproline	-0.12652066	-1.30144	0.9297622	3.0260618	1.2853755	-1.2355552	-0.17665216	0.7678383	2.949104	1.1478093	1.2836382	1.3257941	-0.1687599	2.261311	-0.16165097	3.9849937	-0.30972794	0.67665964	-0.8899046	1.5181242	2.2921426	-0.19918753	0.07218064	1.3023858	3.248714	3.1931756	1.5863583	-0.6829813	-2.781962	5.940731	3.6415627	0.14664623	0.55221254	0.038533214	0.103669256	0.55579394	1.5282062	0.9116072	0.97302103	3.707478	4.271228	0.9925318	0.39342326	1.7975858	-1.9086547	1.0103351	0.5312081	2.573848	-0.034800667	-2.4056587	-0.35966146	-0.050519418	-0.39334	2.17999	-1.9931949	-4.0568433	-1.1236013	1.461446	1.299587	4.6642613	1.9864593	-0.0032996917	2.398569	0.91037214	-0.33937398	-0.68800986	0.87437785	2.5459433	2.808205	-2.3663194	-0.5044466	2.579999	4.787908	2.630123	3.8760626	3.204101	7.2405367	-1.41482	-0.56701326	2.4462104	-1.5912777	-1.7840449	0.9381572	-1.271442	0.2104986	2.1238573	1.5821352	2.0254378	3.4741437	1.148681	3.0375204	4.8870554	-0.5843099	-0.23829734	0.19962706	-0.8313677	-0.79124993	-6.1480885	2.852453	-0.32909685	1.7545322	-1.0103846	-1.0384712	0.19843112	-1.9191047	-1.08011	0.05430891	0.90435433	3.1149082	1.5150219	0.1080333	1.6281936	1.3726712	2.4338021	1.2368852	1.6079537	1.9032909	-1.0456179	3.3540816	2.3909628	3.190053	1.1999184	-0.20417239	1.6701436	1.1859766	0.23941204	0.31564125	0.85720205	2.9086044	0.113553	-0.96973145	2.6729944	2.0638847	1.227118	3.7682507	-2.0898314	-2.3844805	-5.319856	-1.8492373	-0.74897045	-1.507627	2.166263	0.2507926	-0.4007932	0.47487947	0.028991083	-0.034387678	0.8577018	0.49435964	1.9224571	2.529171	3.1183379	4.397858	0.5049962	1.8865404	-1.4194283	-3.2581284	1.3847054	-4.226556	-0.003387099	0.16525966	1.814704	-1.3318288	-1.895724	1.9163716	2.5298553	2.5447733	3.7453673	3.933562	-1.1110847	3.430627	-2.6129155	-0.055554867	-0.25468948	-0.19356608	7.2405357	2.1117387	2.1377232	-0.9563946	2.3486137	0.9405094	2.1742156	3.111743	-0.5081348	-1.4267842	-3.5580704	0.18151923	-2.4801497	0.865175	-0.5940545	4.3308454	1.3128856	0.57056355	0.7626156	-3.4062607	-1.9355576	-3.173411	-4.2980943	2.3411298	3.2504947	1.9914192	-1.8264492	-0.6524019	1.3573873	1.3294843	1.3200953	1.3589461	3.4302776	0.50641984	3.2488263	2.7096517	1.9954412	1.3449488	0.95805794	0.2975265	0.3670198	-0.85186857	1.3339384	2.452467	1.4135897	-0.6622417	2.5069041	2.2316313	-0.27034557	2.729931	0.04001843	3.0164993	-0.38689697	1.2099429	1.9521862	2.3017232	-0.73742396	2.8230097	0.78138375	0.57915324	1.9972037	-5.009542	3.0940716	6.6400156	-5.6340528	-0.37474242	4.914241	2.2447007	0.7235403	-0.615464	2.3452845	1.3038949	0.03765157	1.7954358
3S-hydroxyasparagine	-4.927715	-0.15499897	0.095444456	0.48380005	-1.5985489	-5.154532	-1.7641143	4.587809	0.6893328	-4.757519	-5.558824	-2.2062159	-3.605533	-1.044283	-4.8982816	-0.3971684	-2.126761	-2.106196	0.9034928	-2.047219	0.43846506	-1.8494824	-0.897854	-0.124968134	0.42025903	2.3512206	0.1704934	-0.46282881	-1.0045764	0.73299986	-0.7561425	-2.0146165	-5.4267864	-0.24627416	-1.1658436	0.7142062	-2.3662863	2.1297255	0.067936	3.785157	2.9252229	1.225414	-4.254944	-0.23392856	-4.636257	2.3049467	-0.21155626	4.2344303	-1.6724454	1.7835698	-2.1684952	-1.0746142	-0.9617164	-1.4632976	8.577802	1.3369999	-2.0757234	-2.5354798	-1.5431727	0.5837398	0.817136	-0.15372618	-4.6948266	-0.60906243	3.8342967	4.8249955	-0.1502444	-2.0900605	3.314634	3.6750965	-0.5374075	-1.8325292	-0.5286921	1.3384534	-0.64044565	0.64605963	-1.41482	8.577803	-1.2627285	-3.0756047	2.9984732	0.16297348	-1.6862174	4.14793	1.8696901	2.1267622	-0.06436155	0.33609927	2.7520452	-1.116615	1.1777852	-0.3078224	-4.5641913	-1.851532	-0.72517973	-4.0958543	-2.4145777	-6.808724	-1.2640132	-3.5019286	-1.2525228	-1.1953552	-1.4429518	-3.0400717	-0.23967634	-1.7883971	-2.565157	-0.8638562	-0.53039515	2.3648777	-2.6234956	-3.9173665	2.4202774	-4.570757	-1.0175129	-3.4716198	-3.133843	-1.5014424	-1.0284624	-0.1755076	2.029584	-0.9828148	1.8456863	-2.7012296	-0.62485033	-1.5035421	-0.5702065	2.424109	0.26679185	-0.59161925	-4.3922644	-4.94874	-0.37282565	-0.30749887	-1.8564819	-1.048095	-3.3294518	-3.3821783	-6.3681655	0.26136872	-1.2664968	-3.1705868	-1.1461754	2.1384323	3.7663484	-3.8238063	-1.3222358	-0.2007462	-2.773868	-0.3861903	-2.1214445	-1.2033845	0.045019567	1.6330066	1.2517532	-3.039543	-3.9362185	-1.855074	-5.317789	-1.9467738	-1.7082977	-0.8662949	6.079692	1.5637112	1.3352646	-6.4912868	-0.14018099	-0.39380443	-1.430003	0.8766127	0.4299974	-2.7172632	-2.7950606	-1.934581	-0.3953474	1.1987264	-1.001379	-0.22711913	0.58425915	-0.33549985	-3.5777442	2.614755	2.2738626	3.4342813	-6.15788	-2.8552942	-3.0858896	-1.5128628	-1.2934163	-1.1392957	2.8075414	-1.4185171	0.8036508	-0.10544717	-2.0167127	-0.7336697	-5.5998497	-2.5036204	0.96175605	1.7417389	-0.21577798	-2.3647203	1.0850438	0.17577809	-3.90181	-0.49285898	-0.78371084	-1.9344244	-3.5908637	-0.36477807	-0.9871716	-4.0418553	-2.900672	1.4566349	0.5650404	-2.8795624	-0.297776	-3.08657	-2.1769946	-1.6396984	-4.366249	-3.1086273	1.3331505	-3.4000337	-0.649473	-2.6115742	0.2935596	-1.9624785	-1.5553335	-5.0601296	-0.031791013	-3.9633956	-1.0249821	1.3122483	-0.4685751	0.14111303	-6.3292756	0.194293	-0.3338302	-6.5711927	-0.03618095	1.8804972	-0.72619945	-0.56888443	-3.0652916	1.4965128	-4.1518874	2.8887882	-1.5377772
3S-hydroxyleucine	-2.4351335	1.4845327	-0.74760485	-0.38915277	-0.9824937	-1.9902155	-1.2835475	-1.3768975	1.2277353	-5.8938932	-5.758384	-0.8828101	-5.8247747	-1.8469386	-3.547169	2.1527061	5.2356977	-0.4865545	-0.70861137	-0.72561455	-0.04512762	1.8561614	0.6523628	-2.909909	-1.0155602	-1.3578521	-0.93181694	-1.4905992	-0.04234395	-1.5186712	0.2117845	-2.368039	-5.1988955	-0.4041033	0.7278599	0.04378929	0.5316391	0.29094213	0.2351693	0.4448706	0.6558452	-0.5005755	-1.2091906	-1.1771495	2.0892146	0.68203866	0.6199203	-0.94570994	-2.37684	0.7341889	-0.79723155	-1.8333955	-0.6087973	1.2236882	-3.4316416	-0.23497874	-1.981573	0.15989049	4.089398	-5.1908865	-0.0628864	0.30414808	-0.019257093	0.06440576	-1.8197086	0.6978671	1.1353858	3.4212196	-0.5177885	0.048717495	1.08566	-0.09543331	-1.0500351	0.29173374	0.24205409	0.47203654	-0.56701326	-1.2627285	9.416205	1.3113766	-2.8399122	0.96978223	2.8742583	-0.46746427	-0.030768542	-1.6843286	1.3234768	2.3250453	0.77342385	-0.018817939	-1.559117	-0.59154123	0.11984247	-1.0964801	0.7152663	0.43699506	-2.021621	-2.8342116	0.5163106	-2.1158118	-0.74525934	3.4494472	-1.5028986	-1.0555222	-1.8603565	-0.7293641	0.16186623	0.54017556	-2.9492743	1.9016143	2.328089	0.4975457	-0.7436445	-3.6783311	0.1721599	-1.929215	-0.8278454	0.29694086	-1.6632999	-2.813664	0.23706786	0.77061	0.4418925	-1.4196297	-0.1339945	0.6363128	-0.40206596	1.1428049	1.1843215	-0.73770803	-1.334697	0.71617645	0.3918651	2.9350383	0.76824784	-0.25361902	-2.8442018	-1.14755	-3.7156515	0.9293339	-0.68780494	-0.6199854	1.829196	-0.5558315	-0.498413	0.7397552	0.45337006	1.45713	0.06206667	-0.06964999	1.4857078	2.9008665	-0.0031947365	-0.7999602	2.000906	-1.2438052	-3.667285	3.8283503	-3.9505005	-1.5817338	-0.20162204	-0.5401119	-1.7413574	-1.2327513	-1.5637261	-6.6519017	0.030725949	-0.67584515	0.005471606	-0.014190231	-0.07233524	-1.3239778	4.4174867	0.72413296	0.40722284	2.7706556	-3.6726704	0.9813277	0.86437446	-0.3579895	-0.38158387	-0.9133271	0.15728743	0.2540667	-3.7978792	-2.6070077	0.97952557	0.84137684	0.8745158	9.416204	0.72047424	-0.44136563	1.9439814	-1.2742131	-2.6610107	-2.2065682	-1.868372	-3.3419292	-0.937904	-0.5766469	0.7915307	-2.7011812	0.8176035	-2.0408566	-0.091479726	1.3440937	1.8561732	-1.2554449	3.5065682	-1.5499742	-0.62621236	0.3892127	-3.2543662	-0.8729656	1.9411188	0.81588095	-0.49062395	-4.47206	3.3979151	2.2063017	-2.9070175	-0.8598178	-2.246797	0.40871972	-1.710544	3.3060825	0.58726704	-2.0110986	-1.7796887	-3.328934	0.23652673	-1.6443858	0.77162725	-0.8378065	-0.62336856	-5.836094	-5.9207535	-1.8645165	-0.27449685	-4.1724396	1.8677118	-0.6846051	-1.783491	1.1652799	-0.45970863	0.12749961	0.57086253	-0.32135287	-0.7654611
3S-methyl-D-aspartic acid branched	-3.1354365	-0.55150247	-0.0058188364	1.932787	0.91238344	-1.0277718	0.5786181	-1.2163144	0.27161366	1.5413588	0.83217466	0.20058765	-4.7220154	2.5021381	-2.082246	-0.4140024	-1.2917702	0.045956925	0.7055376	-0.91795254	2.1408794	-1.6020741	-0.87003964	0.29308173	-2.2461886	4.3108234	0.98649865	-3.5644405	-2.897832	0.8130047	0.27428755	-1.5430394	1.679949	-1.4563878	-1.0388421	-1.8955468	0.15489194	-1.0198001	-1.6680704	-0.1793397	0.12100329	-1.3636092	-2.2910063	1.3965378	0.3029108	-0.6095967	-1.4130298	-0.17919627	-2.5136418	-2.1172452	0.6254598	-1.8301467	-0.78146166	0.2859942	-2.8224227	0.45414442	-3.0930076	-3.6164906	-1.6358001	-3.8583238	1.8617002	1.2366104	-2.8791327	-3.692034	-0.5783853	-2.0754473	3.093972	3.4624844	4.8696938	-0.078827836	-2.8714979	4.657319	0.27523747	-3.80394	2.9477324	2.4993355	2.4462104	-3.0756047	1.3113766	10.768677	-0.37382737	-4.9239306	1.759707	3.5907803	-3.9640017	0.06571017	0.60128254	1.6167461	2.1524374	-0.27591187	0.60072416	2.2199893	-0.3196421	-2.5852125	1.5959346	0.08903845	-2.981457	-3.1364877	1.6051356	-2.0068228	-0.82765734	0.035875633	-1.0702642	2.1069822	-2.6123495	0.5121917	-1.4602731	0.2777959	-1.3150711	-0.49688184	-1.0979065	4.1658363	1.9040722	0.44417456	0.7238031	-2.216944	-2.7328606	3.1632595	2.5294614	-0.28082263	-2.2529209	0.33180693	0.38550982	10.768676	3.159287	-1.1968749	-1.6988051	0.5178246	5.8314834	-1.7589657	-2.0414548	5.57816	3.5435314	-1.1966046	5.231621	-1.6820298	-4.0368223	-5.1209807	-3.298512	-0.7989779	0.83645844	0.08453809	1.2004224	1.1140736	1.335264	-0.7884096	-0.9241122	2.3179996	3.7331214	2.051073	3.6876128	1.6591223	1.7959791	2.6239204	3.0846398	-1.7236462	-5.3213425	0.8842842	-5.9086943	-0.17726949	-0.1225919	-0.5765507	-4.494556	1.678552	3.3050272	-3.8375874	3.0716543	0.9633232	0.36077926	-2.7407556	-0.8977128	-1.1730833	-0.8703384	1.1227587	1.0605699	1.8646355	1.1154298	1.9952265	-1.2070929	1.3236736	3.3113413	1.4408193	0.7828455	-1.4673603	-4.6727953	-4.0275846	-1.1241418	-2.4979608	-3.5755818	-0.80875856	0.10604681	3.9614134	-0.30726185	4.925782	-3.2078283	-3.7399387	-2.5512705	-2.0059407	2.2127872	3.4818726	-0.4249736	-2.8433378	-2.1115234	-1.4779375	-1.774592	-2.422774	6.365675e-05	-0.79304934	-0.33276343	-4.223224	-1.0832694	4.7560396	-3.7121902	1.3081295	-0.39689463	-0.03846965	0.29935083	-3.055687	4.1976204	-1.0403101	-0.49869123	-1.539915	-2.1523871	-0.44970176	-3.2240217	-2.639532	0.05994675	0.2683048	0.51221406	-1.1837583	-0.09713189	-0.55083597	2.2156396	-1.8018415	1.5094949	-2.0777876	-5.314792	-0.28178036	-3.233143	-4.9839277	-1.1823454	-1.23472	-0.5992471	0.82839024	0.15553834	1.7546289	-1.5753965	-2.5388062	-2.4286783
3S-methylaspartic acid	-1.0801065	1.3233129	1.4207113	-0.10903304	-0.98375	1.4475439	-0.67044544	3.7813966	0.7300364	0.19292545	-3.6325457	-0.25010645	-1.7574034	0.84237957	-4.727345	-1.6213644	-1.4805301	0.25127965	-1.6864238	-1.0910013	0.096892565	-1.2941318	-0.9413608	0.6079455	-1.9123977	1.9809761	1.7173616	-0.57598984	2.4839244	-0.47458982	-1.0388331	-1.0804317	-0.014066456	0.8670541	0.7189286	-0.21845242	-0.26724413	2.084209	0.46034548	-0.7844898	0.3615712	0.941991	-0.42910156	1.368167	-3.4987552	3.7811275	-0.24258806	-0.5795246	1.6865896	-1.6202297	0.9507494	-0.46459067	1.4414836	0.6628362	5.0578423	1.391989	-1.5488664	-0.14733037	-1.7444822	-2.4571803	0.00036403205	0.9153908	-4.9298644	-2.7932653	6.0503244	5.5192785	-0.80074835	0.31716183	1.8729522	3.295638	1.556234	0.2626901	1.5321109	4.5588136	1.491543	0.09224436	-1.5912777	2.9984732	-2.8399122	-0.37382737	6.0503254	-6.8885694	0.0013556653	0.117916465	0.7204636	0.7779083	0.9539136	-0.100404896	0.8852074	2.0822954	1.0762081	-0.12131535	-2.3805501	-0.8563018	-0.44020683	-2.124424	-2.1772087	-3.7186553	0.11044404	-3.0262148	1.1225437	9.6318785e-05	-1.8888249	2.0243082	1.4074552	-2.3477955	-4.0288415	-1.4379661	1.351852	-0.2625343	-2.203045	-3.0654514	0.85448927	-2.8829172	-0.5192809	-4.089979	-3.7172003	-2.238411	-0.59264	0.03047941	-0.22787888	0.8297332	0.65874606	2.765087	1.0293815	-1.2709246	0.9643881	5.0763836	-1.6526386	-0.18904932	-1.6498508	-3.4548635	0.14144005	1.5823483	-2.6867325	-1.5621698	-3.4614837	-1.3751702	-5.869408	0.7735427	-1.9494373	-1.1128509	-0.5357708	-2.885452	2.949456	-2.8197796	-0.1558956	3.2516103	2.881844	0.3383816	-1.4723227	-2.4748483	0.8742916	1.0436598	0.09803954	-1.4763535	-3.5551655	-2.407612	-2.7221575	-1.3352302	-0.8803673	-0.51301056	2.1528904	3.7579558	3.2788284	-3.4758487	2.036469	-1.0992271	-0.81130856	0.08328181	-0.95214325	-3.7034268	-2.975635	-1.0132234	-0.3518853	0.3513576	-2.8199532	-1.4755626	2.6631055	-0.66340643	-2.1913853	0.1740403	0.2602795	4.9402413	-0.24679075	0.018993974	-1.828408	-1.3011267	0.00803452	1.7483492	0.89655936	-0.93336433	0.8777796	-1.8192195	0.5744476	-0.16794863	-2.876506	-0.6136175	2.6137953	2.9572847	-1.770859	0.4436368	1.2803154	-1.8748446	-2.9813716	-1.1118292	-1.2674489	-1.5525724	-2.7775216	0.24699672	-1.7405217	-1.5723295	0.8687911	-2.2825158	-0.34282753	-0.9608547	-1.7154983	-0.1121618	-0.81142855	-1.1878736	-1.6315827	1.7973057	-1.2627269	-2.6768177	0.9431113	-0.94747263	-0.59201705	-0.4427635	-1.661334	-1.4239746	0.31534782	-2.440159	-0.5862539	-0.28662315	-1.6964538	-1.8130443	-4.989825	1.4648637	0.008734675	-4.6596684	-0.148552	-0.23125556	-0.37461734	-0.9610428	-2.8377397	0.95401216	-3.3623738	-2.2026303	0.49055016
3S-methylaspartic acid branched	-2.6491122	-6.0543795	0.514936	3.3184805	-4.37585	-4.1898956	3.4389281	1.5558913	5.600505	-6.708845	-6.0494394	5.1857724	-5.923693	5.9534636	-5.349961	3.017716	-5.9080563	7.603911	8.6165905	-2.1503682	2.7220721	3.4808636	1.1369994	5.169469	-3.6038363	4.7006993	5.8671017	3.5723226	-7.3061852	4.8887525	6.931511	4.5685496	-2.6196682	-2.6112642	2.5173764	-2.8034327	-2.7938278	1.9651244	5.152276	-0.0276396	-2.2549922	3.521968	-5.6437073	-5.915585	-8.285572	2.6423798	-5.087972	7.1074653	-5.7824845	-0.34552562	-7.28986	3.37221	-2.3624845	-0.77535176	-7.4209323	-5.5839195	-6.3336687	-9.006348	1.0725921	2.0293298	7.1499085	4.76483	-9.10301	-1.1214263	-5.2940235	-6.109028	-4.440557	-5.3527374	-4.97534	-0.2504842	-7.005475	-5.9077554	-6.0369587	-3.7629209	-7.5918703	8.471665	-1.7840449	0.16297348	0.96978223	-4.9239306	-6.8885694	9.705813	3.953408	-1.0348707	-8.817211	-2.1181855	-0.94145834	6.3637257	3.3539252	4.383969	5.1582365	-1.9509943	-9.517706	0.8924306	-4.0188594	-8.336154	5.3447623	-10.447863	2.0605206	0.6669438	-1.5566577	-1.3828455	4.619582	-6.7708874	1.9727705	-0.48072082	0.029697096	-5.7236314	-0.7351329	4.540058	1.3850794	-5.359917	2.698252	-4.5832787	9.705812	1.4554135	1.4881332	0.18900695	3.2847643	-2.8615658	-0.6474859	-3.133621	-0.97499454	-4.414552	1.8043602	-3.1250763	-1.9196713	6.713143	-5.5072637	4.5124216	4.397571	-9.243237	0.9597469	7.700919	-5.1143026	-4.855034	-6.3924127	-5.1874022	-2.2430525	-1.0651969	-8.489316	-3.5114384	2.9942026	-1.3373502	-1.0597615	-10.616833	-3.3813553	0.45647022	-4.028191	4.635952	-0.68404907	-6.134683	-7.2833	0.99280185	4.9963083	-3.0753539	-10.628142	0.57939094	-7.125519	-2.0389092	-2.1387885	-5.942903	-3.6059794	2.1363297	6.563157	-3.6944528	4.1324778	-5.6539216	-0.8669517	-7.885718	9.158562	-8.045647	-9.530803	4.376071	-4.1413946	0.59807134	4.506071	6.324151	-1.1214345	3.8831809	-7.5166574	6.0476837	5.499929	-6.790353	-5.1368637	-9.398819	-5.9736137	4.6350365	-9.0120535	5.832815	7.24518	-4.939071	5.360919	5.3832126	-5.83419	-7.502017	-5.6606407	-10.904657	1.0709746	3.4883752	-6.2817693	-2.4815533	-6.8133516	6.5047135	-3.4295676	3.5555549	-2.1924114	5.346498	-3.779395	-4.979284	5.552214	-4.3600616	3.6516294	7.99789	-0.45950478	-3.2234542	-0.26229915	-4.626061	-6.2311645	3.432104	-9.005929	-3.1060507	2.6304436	-3.7735734	-6.5728617	-5.157752	-3.470735	-1.6041648	2.4932363	2.126982	0.11473256	-1.3926145	5.6241765	8.246722	5.6102242	-5.1709976	-7.5205326	2.2105703	2.1132488	-5.1811066	-2.6179254	2.8246768	-2.0206277	-1.3124775	-2.387352	5.553301	-4.010527	5.5068684	-2.980448
3S-methylleucine	-0.36052424	-1.3643882	-0.267927	0.81498957	-1.6046343	-1.2525308	-0.3911783	0.6164872	1.3035157	-4.2753305	-4.642335	0.06762233	-3.559352	1.7628688	-2.0819557	0.8576586	5.2142367	0.92174685	1.6712499	0.31690264	-0.019240001	4.498252	0.24182235	0.016057706	-1.167222	0.66024673	0.6825492	-0.99319935	-4.6734266	2.8874967	1.3170984	-1.286614	-2.7909446	3.6472998	3.7763267	0.99300504	-1.1638341	-0.2724784	0.2869638	1.5395416	3.3542001	1.0239048	-0.9461289	-0.6681643	-1.6926348	1.8072286	2.0523345	0.90530795	2.0139718	1.8213464	2.1315806	2.059013	1.0072832	-1.9231635	-0.43311605	3.5912988	0.9017756	0.7078325	3.5743465	-2.225424	2.7682116	-1.3203166	-1.0747876	-2.8485022	1.3281776	-1.5854697	1.5099207	1.1722745	1.4201776	2.7509086	2.3061533	-0.83783567	0.53174746	-1.3313509	-1.66747	3.1675775	0.9381572	-1.6862174	2.8742583	1.759707	0.0013556653	3.953408	6.8536367	1.645925	5.026141	-0.3713281	-1.8378175	2.6418436	3.5123754	-1.3834518	0.8356692	1.7341349	3.4745798	-0.38409758	0.8291477	-1.1373459	-0.73234814	-3.6429908	0.38433036	-1.8340044	1.0685785	1.9164801	-2.3063278	-0.56351465	-3.769853	-1.0568864	-2.580025	1.3740408	0.40424618	1.3591683	-0.563834	-1.0406014	1.571113	-3.466528	1.6551461	0.25015208	0.7270729	0.38559163	-0.27976415	0.03882997	-1.3004893	1.6899872	-0.577387	2.3744254	1.1649101	-0.6059846	1.6144028	1.5192924	-3.2818654	-0.09522201	-3.1746092	-6.1332808	2.2370343	4.7760496	-1.2629598	-1.5827255	2.2300324	2.1513338	-0.5737088	1.7935474	-1.8653555	1.8647676	4.003133	-2.6879885	1.2691946	-0.17918688	-0.39884305	-0.58128965	-1.7102157	0.020316062	0.15993164	3.0992882	-1.2614547	3.252447	2.4572103	-1.2918092	-3.452239	5.6589823	-5.7955136	-1.711708	-1.064269	-0.42869383	-2.381266	2.9902418	-0.35360226	-5.3537903	0.9768698	6.853636	0.3148806	3.4885757	1.3040172	-0.4096222	-0.75074434	1.5269114	1.066794	5.6682863	2.3713593	1.6464424	-2.337949	1.2027762	-0.029078206	0.7866512	1.7944572	1.2065086	-3.5240502	-3.225048	1.5863792	1.8321941	0.5045342	5.1306357	3.5367568	0.31573573	0.86292946	1.8172094	-2.9804833	0.7315199	1.6311573	-1.5643556	1.7417974	0.56488025	1.2796813	2.329043	-0.71180797	2.168228	0.6634763	1.2618687	1.3489538	-0.33143315	-0.5397103	1.0248249	2.2159526	-2.639536	0.6060754	2.437865	3.3132231	3.2972627	1.089612	-1.0916476	6.6358004	-0.0018441832	0.57936275	0.451573	-2.5002453	2.321702	1.0685308	4.196906	0.8296389	-1.523505	-0.80069536	-4.5677376	2.4049234	-2.4918716	-0.79301727	0.8632181	1.7492158	-4.0292873	-5.7696266	-0.44561902	5.7281895	-7.067729	-0.3726839	4.973575	3.0244098	0.77694356	-1.7297313	1.9278333	0.7542883	0.09185454	1.3450177
3S-methylproline	4.742269	-0.022168497	1.345316	0.040188555	2.9164987	0.8444534	0.23467281	0.26106536	2.7623565	0.16172902	1.0156115	3.7610743	-3.1336749	1.3281578	-3.7394476	1.4911058	-1.5752865	1.6466649	-0.15314439	3.2507813	1.053383	0.1886388	1.3628137	0.56508553	0.16110398	0.29996613	2.2234542	-0.4034677	-0.567922	3.3799803	2.832835	-1.0275307	1.3384119	5.021391	5.0090685	4.2130284	2.3938375	-0.48421472	2.201475	2.7245343	2.3880517	2.3596168	-2.390776	-0.19764613	-2.4257958	-0.37925327	-0.20782468	5.196497	0.93482006	2.479587	4.6123033	-0.95311373	3.0805986	3.3928072	-0.14928748	-0.11771943	-1.1797124	1.2311078	3.0676548	0.9483779	8.261399	-0.11712071	-2.4930391	-0.47054395	-1.1790028	-0.51829076	1.3641778	0.5871003	1.1689941	-0.6440436	-2.0630844	0.26364928	1.0284942	-0.6366989	-0.8704336	2.0714762	-1.271442	4.14793	-0.46746427	3.5907803	0.117916465	-1.0348707	1.645925	8.2614	0.52223563	2.5842438	1.0087416	3.796463	2.3058927	1.2462169	3.6428974	3.7795565	-2.5343957	0.65654624	0.3848835	2.688041	-3.1882982	-3.6995215	1.4778945	0.8119359	1.9096988	0.10285889	3.2438939	-1.5278059	3.3612266	-0.05963561	-0.56994385	1.3591542	1.6499282	6.275825	2.130204	0.7818994	1.0805666	-2.6423724	4.6703897	-4.2689657	-2.4763536	2.249725	1.00183	1.8285204	2.8870723	1.7191813	0.95427597	4.8094044	0.8477237	0.9817024	0.34730837	0.09786814	4.313703	-1.1069965	-1.7111677	-3.2103462	2.1652007	0.67973924	2.9411938	1.7329386	-0.7878366	2.1390793	3.6470122	0.0019000085	-0.35007608	4.568226	0.13680261	6.0986	0.17879462	-0.17389514	0.47276303	-0.44376323	0.45665202	1.6076723	0.7987902	-1.1760101	0.45271218	-2.015067	4.790905	0.44738752	-2.5380187	-1.7741383	-4.9103713	0.62043875	1.9208808	2.5067718	1.5221117	0.73240453	0.85499513	-1.9530728	3.967508	-0.99995357	2.5436823	-0.39699784	1.6886557	-0.18246491	-2.3338506	-2.3785472	6.3273325	1.4510372	-1.4006417	3.0598874	2.6200182	2.1101944	-0.21437833	1.4605937	2.6319957	0.37530798	-2.0838077	-0.04451331	-0.3546954	-0.40277037	-0.709996	1.0449026	2.7705827	-0.44512096	5.430013	7.5600605	-3.137504	-1.2975918	-0.03220298	-2.4992292	3.724701	4.2014084	-0.36542222	-1.46051	-1.6556005	2.2028189	-2.2085254	1.1891154	1.8109114	2.2793136	-2.507445	-0.558556	-0.26092416	-2.1489763	-1.8671509	2.043604	0.17962167	1.7059385	-0.36180776	-1.8222215	0.26096743	1.5714369	-0.46267062	-0.62374634	0.7588438	0.23963898	-0.73163635	1.760368	1.0891101	-1.3647873	1.9508721	2.0331779	4.374292	-1.2190645	0.46041915	0.86614436	2.101584	3.4529142	-3.715682	-0.4253788	-3.9112053	-3.031041	0.5740316	0.05310477	2.9227448	2.1485336	-1.2320473	1.412822	-1.5710912	0.82045823	0.7672939
4,5-dehydroarginine	-1.1681496	-1.8436394	3.0701103	0.30924195	-2.118943	-4.0711694	-1.4700226	4.8923893	1.3620319	-4.786319	-2.2832353	-0.12672932	-6.8699512	-0.73776615	-2.2130473	-1.163067	5.6908793	-0.41973543	-1.9126037	-0.3761512	3.2646646	-1.4310547	0.35426795	1.3000035	-1.9287208	0.9636064	-2.3543656	-4.21356	-0.9153932	-1.3454876	-0.5467244	-2.907227	-4.111144	0.3886996	-0.5333214	1.9214861	-1.3035293	-1.3681747	-1.4960023	-0.85098904	-1.628301	0.5517349	-2.356062	1.0565612	-1.9481804	-2.2799597	2.3274143	-1.7476493	6.4006677	-0.06660855	-0.10562688	-2.4623888	5.407203	-1.2236238	5.2864385	-0.7137854	1.6936789	-1.2006332	0.24857923	-4.3759003	-3.4375503	2.513755	-5.149408	-5.0521092	-0.04531357	0.7869152	-0.021811254	-2.2857769	0.30112442	-0.109099634	2.9807215	1.7391135	-1.1509336	3.8706791	2.338947	-0.052288674	0.2104986	1.8696901	-0.030768542	-3.9640017	0.7204636	-8.817211	5.026141	0.52223563	10.521436	2.6804495	-1.0407909	2.437855	6.9268003	0.12438942	0.80858326	0.47288576	-0.86776614	-3.22854	0.8704375	-3.3322577	-1.7271149	-3.5247514	0.39349452	-4.927604	-0.48039186	-1.0702627	-0.7900804	2.4518218	-1.9434184	-2.026375	-2.9856603	2.951298	2.2348843	1.0754309	2.0714471	0.70086735	0.9075408	-5.457119	-1.0871854	-4.795147	-4.332174	-0.033988353	-3.0220287	-1.8717328	0.85541236	4.1877	0.98345125	-1.2165996	-0.81257826	-1.5754777	-1.3937262	-0.605763	-4.3196707	0.95773786	-3.0645418	-2.597617	0.026777687	-1.735873	-1.8660136	-2.3294573	2.3780403	-4.908087	-5.2351146	2.298652	-3.422601	-1.4230868	3.2266147	-2.324459	-0.64104015	-0.79934037	-1.6162083	-0.5152495	0.1289399	2.7409313	-0.7091556	2.3633068	2.1497068	-0.7267485	2.139447	-1.0368725	-1.5306277	-1.1469694	-5.8967295	-0.71002674	-0.36063588	0.8550385	0.80416614	-0.98169386	2.0214908	-6.505787	0.5974737	-0.43852213	1.1001627	10.521435	-1.2647746	-3.3694358	-2.216868	1.4265637	1.1307696	-3.9244044	-5.104683	-0.7641605	-1.0693152	1.4087261	-1.51791	0.5906921	-0.7083657	0.15153965	-1.4386368	-1.1398437	2.57201	-1.8077847	-3.5445926	0.066364825	-0.8401046	1.3470476	1.7551904	-1.4313948	0.47791213	-0.23159176	0.2741732	-5.3817887	-0.14066258	3.5676672	7.2802486	-1.5153424	-0.19350475	-2.5428138	-2.082227	-0.78185654	1.4015378	-1.3393917	-2.0310314	-1.55038	-3.2232628	-2.2974703	-0.49295416	0.6049064	6.5592623	-2.0064278	2.3304858	-6.1960316	-0.9928153	-0.12668018	0.090736374	-1.6618752	-2.8590689	-0.43534297	0.35298198	-0.4851796	-1.928279	-2.966401	-1.0932834	-2.114124	0.20976453	-3.1232455	0.29169872	2.065774	-1.8562764	-5.3390665	-5.9696636	1.0208313	-3.008603	-4.7189317	0.5951873	1.165806	1.0139815	3.5609126	-0.17041808	1.1857916	-1.9656292	-0.18662809	-1.5185431
4-acetamidopyrrole-2-carboxylic acid	0.8342123	-1.2945911	4.957912	5.2007313	1.146562	4.4056826	1.0827998	2.307711	5.6314907	-1.0932404	-2.6312752	5.599449	2.6200018	5.2903423	-2.1710298	3.3858795	0.1477741	2.0325046	3.2042053	1.5477672	1.968114	1.2584494	1.7314652	5.6889296	2.757445	5.685428	3.952101	3.381344	-1.1625627	5.895454	1.2436949	0.9708971	-2.1318872	2.738544	2.7499723	1.8070594	4.3539042	0.41426212	3.699791	3.1352007	2.7433064	2.569121	0.39272064	5.3148265	-1.2299216	-0.83606416	-0.8402931	5.2966595	4.9620967	-1.2521179	1.4022137	1.2820513	1.7760614	5.8413577	2.83656	-3.6273706	1.0422202	4.440315	2.6933863	2.8818643	3.4666753	-1.8268074	-3.7871792	9.757113	0.6879993	-0.08141382	1.7304915	-0.1387263	-1.239349	-2.2107172	0.4200789	-0.3679068	4.6169515	-0.33685824	1.1534638	5.0968747	2.1238573	2.1267622	-1.6843286	0.06571017	0.7779083	-2.1181855	-0.3713281	2.5842438	2.6804495	9.757114	4.8466015	3.946267	5.9719167	4.71674	5.536565	4.825196	0.08473669	3.0968158	1.8539946	-0.16261847	3.3972995	-1.0622022	1.6844329	-2.5874527	0.96803147	0.24953155	2.4644363	0.4692384	-0.13177802	0.824138	0.83041614	2.7755666	4.5691953	7.3903313	-0.53565454	-0.16256365	5.013843	0.08034482	2.6855087	1.150532	0.70768327	0.14941318	-1.7365266	2.5753274	4.1802526	5.8775005	-0.94754213	2.3761606	0.7910943	2.6327977	0.022064123	2.0213523	1.0206021	1.3342221	-0.29185894	-3.0237398	2.8106754	0.5878132	-0.98648137	-1.196868	3.4637635	-5.439179	-5.0994034	2.074929	1.3865092	1.9829469	3.5583491	1.2525139	3.6449378	-0.38939142	0.14057352	2.6587155	3.8085506	2.2839932	1.025543	6.0207295	0.71756256	-0.96961415	3.5011804	-1.9085077	-4.17942	-1.8077396	-3.0076845	2.0480592	0.38623267	1.4592791	-1.6765735	-2.2858753	6.171389	-1.0435293	4.4092093	2.8974545	3.4640481	1.3511515	5.995833	-0.7302791	1.3041967	0.23214072	1.7759111	-1.9682171	8.364576	4.4332294	0.16149218	4.078177	-0.20315304	3.2036264	5.6508675	0.24054632	-2.487224	-3.8196416	-0.09233983	-0.10252789	0.46490893	2.1386936	2.4180462	-1.0920942	4.486315	7.622646	-3.334305	-2.3178742	-3.0518978	-1.7300602	4.2783637	1.4099349	4.1635475	-2.082504	0.15673594	2.0510569	-1.9985243	2.395275	1.3678309	2.6437275	-2.2250097	-0.68842375	5.2939725	2.3176954	1.9372844	3.2729948	1.7759368	3.5595012	2.3229456	-0.21372901	-0.27334195	4.2717605	-1.6695012	2.3304672	8.0515785	0.030366462	0.94434357	-0.25795987	4.8305807	2.3940804	1.435248	-1.0406649	4.696034	-0.96480674	4.2187514	3.435151	2.6774104	1.8131365	-4.8377366	5.9724884	4.5402446	-5.2313595	-0.47857684	3.3509414	6.4800987	1.3673646	-1.0128506	4.4305396	-2.4973674	1.4617482	1.4191613
4-amino-2-hydroxy-3-isopropoxybenzoic acid	0.75556904	11.627283	2.0759616	3.7375638	0.42973626	-0.15379453	3.8309422	0.9541634	2.1273186	-1.8649118	-0.9652307	5.523536	-1.2703849	6.3441443	-0.91147053	2.6316912	0.8862163	4.6809626	0.6613054	1.7399266	1.6460865	1.1341308	1.3426381	3.1814463	3.0881953	3.4250453	2.553394	1.9106158	-0.0852316	3.7073689	6.30077	5.782055	-0.9280868	1.5506397	-0.22855566	-0.31974238	3.4924138	2.0133388	1.6657156	3.9045699	1.7393599	3.5703342	-0.87270975	0.8057532	-0.7796802	4.0543027	2.1800013	5.934439	1.5582272	1.4218334	1.79018	0.2723982	0.031222923	13.297588	-2.0404928	-3.2443645	0.37323222	0.53819823	0.8541194	5.4916067	3.6960979	-1.1718067	-3.0986722	7.368212	0.9589629	2.2243981	1.4317526	2.1915221	-5.0988083	-0.9730405	1.0842595	-1.7074327	2.055443	1.1704825	1.1643432	2.7196698	1.5821352	-0.06436155	1.3234768	0.60128254	0.9539136	-0.94145834	-1.8378175	1.0087416	-1.0407909	4.8466015	13.297589	2.8867254	3.9489179	0.6427588	3.5247636	2.2572556	-1.3308748	1.6519102	1.6170827	0.22046189	1.0655586	-4.145655	2.5351534	-0.49149773	3.6167252	2.125395	3.4293556	1.4082253	1.4991978	-0.22842671	0.6529808	-1.6726706	1.6676869	1.6333661	1.2568445	-1.8433492	1.5178872	4.212533	4.78456	8.221892	7.5144334	-2.477172	-0.43497428	2.1523786	1.4218746	4.9132457	0.49615365	4.009708	0.4380018	0.931235	-1.1168357	4.4649444	1.1272806	2.9182112	0.37108997	-1.96256	1.1929748	1.2868433	-4.023392	3.3740427	-2.6613214	3.2198553	-6.415857	0.15632851	-2.4444506	2.5844975	-1.0885465	5.8384185	3.5358143	-3.6475878	0.94058	2.8205538	1.5576172	2.1337798	0.0643492	0.3023825	0.47698012	3.3596857	3.0024717	-0.3048106	-3.7358248	-0.6777959	-5.207974	1.1714467	1.5724704	0.9685867	-1.2772877	-2.2887866	2.1454234	5.3791265	2.9609025	1.3089072	2.2899072	-2.2422497	3.4632027	-2.0545702	-1.2061887	0.16814414	2.7284188	-0.56808704	-2.218596	1.707613	4.0942435	1.3572227	0.32439685	0.77221006	2.906949	4.5684314	-1.3587924	-2.4311316	-0.7422402	0.87896127	0.012997976	2.8985693	4.4221196	-0.0324259	1.6601709	3.3519685	-1.8029746	-1.4587097	-2.2849288	-2.7917905	1.8111588	3.6729558	-3.3671844	3.7806053	0.36677292	1.5127703	-2.2300472	-0.034245912	0.7567302	4.428226	-1.7885963	-1.2232598	4.1124296	-1.4929713	1.4156613	-0.3056188	1.1300352	8.860018	0.9290358	0.900299	-0.23935895	2.7412748	-1.2524055	0.53278595	5.2029896	-0.15758005	2.3759472	2.8844326	2.8178666	1.090523	1.3895856	2.6664474	2.8752375	-0.89986396	1.8221964	2.910217	4.7534404	0.5548365	-3.1915677	2.8264008	-1.917606	-4.138889	-1.8083541	2.3105862	5.6068535	0.3818976	-2.730848	1.3064393	-2.776045	7.9887824	2.2959979
4-aminobutyric acid	-0.0969363	-0.21930958	3.9095197	4.1724143	0.4544674	-0.6157823	3.4942882	1.3509231	4.49607	-0.76284194	-0.34681556	3.4259605	-1.08886	3.6105986	-2.8497846	3.7935953	1.4074078	4.7614775	5.5849895	1.5840472	2.758666	1.2665277	2.0663998	5.2326436	4.1086287	5.1784806	4.0675893	2.630732	0.3286703	3.4084387	4.332641	1.7853191	0.43747658	0.20825176	0.7182253	1.1765074	4.035715	1.5805595	3.1065555	3.9469583	3.4575205	1.3611279	4.865834	4.9506316	-1.4195222	4.2917314	1.4880092	3.1438243	1.7235731	0.1248314	2.0417364	0.53371805	0.34540254	1.8338163	-0.95615137	1.2916335	1.777286	2.260699	1.920367	0.50656605	2.2980573	0.3918347	0.54100984	-0.23608594	-0.6543953	1.7570566	0.7694306	4.3912516	0.41093236	1.0199324	1.806169	0.2553954	4.7492623	0.3183031	0.5737279	4.38648	2.0254378	0.33609927	2.3250453	1.6167461	-0.100404896	6.3637257	2.6418436	3.796463	2.437855	3.946267	2.8867254	6.544272	3.0874376	4.5971465	3.7483606	4.115423	-0.2763724	1.7884555	2.5461648	1.4916809	3.1759663	-2.1358175	2.4422255	0.44605362	2.1386323	3.6151607	4.538854	4.02748	2.3067493	1.1903465	2.9404933	3.7457318	1.8446687	3.828392	2.315617	0.3480728	3.5639772	-1.3637528	5.0463862	6.1833515	5.8494425	2.9327753	-0.3856542	0.9432027	3.0879407	5.0320797	1.2586875	2.9937673	2.9972236	0.87609905	-0.9462944	3.4784846	2.9783018	1.2244462	0.34661302	-2.2708757	2.4687479	4.9278097	0.49504495	-0.38061982	2.6383567	-3.698757	-1.634874	1.8026023	-0.674796	1.895842	0.47839868	4.5328255	4.399059	0.46230972	-0.48145515	2.1501572	3.1294994	2.4702055	1.9950721	6.250965	0.37275025	3.3947222	4.0513287	0.19363564	-2.0274334	0.2229877	-2.836249	3.0034988	1.2211655	1.1323433	-1.5776864	0.91813225	5.3044367	-1.961207	3.5470023	1.5045962	3.6866577	0.4760838	5.3111286	1.6414961	0.07909232	3.3606935	3.5786774	6.544271	4.003092	3.127189	0.87639105	2.9143164	-1.8648295	2.8509498	3.9828084	0.09844608	0.08677321	-0.10919645	0.23849319	1.951295	0.37314934	4.6569138	5.745631	0.11231324	2.8581772	6.406686	-3.2286856	-1.2225481	-0.73154163	-1.6543415	2.8412573	2.7835965	1.5915617	-1.0894519	0.25377166	2.1938329	0.07113516	1.5348544	1.7213438	3.8152416	-1.669138	1.1761227	3.3306975	-0.2938559	2.9442043	4.405675	2.1881504	1.8341657	1.6285404	-1.1696951	1.2311864	3.51197	0.95518774	3.4668813	1.0121497	1.6292697	1.066271	0.7882877	3.6829512	0.5369139	0.8820974	4.8105097	3.9058754	-0.29491717	3.5947495	3.6711617	1.6705304	-1.5721473	-4.025845	5.158649	0.019229654	-3.2606156	0.15875621	2.0065243	2.841496	0.883384	-0.7552924	3.7025063	-0.6820273	2.7415004	2.0216382
4-hydroxy-3-nitrobenzoic acid	-0.029071553	0.34159127	5.405991	3.7813756	2.844567	2.7815	3.028813	2.2086804	4.5070353	4.339891	-1.8019587	4.7176332	0.9070199	4.078575	-2.8857698	3.8626282	2.182204	3.6374705	5.7998233	2.819379	2.9999826	1.5171356	1.6033756	0.5818974	2.4240973	4.5118723	4.7256174	4.729383	-2.4765644	6.072165	3.605423	2.1886992	2.0218122	2.232344	2.1806092	2.8212638	1.382336	0.5592019	3.138549	3.3903127	7.541038	1.9923468	2.4219146	4.586128	-3.3088644	4.5026045	2.4106822	4.7457824	8.301405	1.8745753	0.07040082	0.8397354	-0.022716537	5.454279	3.1810563	3.7216413	-0.5875241	1.9206228	0.70557165	0.71972394	2.7910657	-0.05358998	-1.8143413	8.76228	2.4213567	1.3636717	-0.61758703	2.6446474	2.8164194	2.8147805	-0.4919151	1.0676347	3.8635297	1.620731	-1.0874358	5.591101	3.4741437	2.7520452	0.77342385	2.1524374	0.8852074	3.3539252	3.5123754	2.3058927	6.9268003	5.9719167	3.9489179	3.0874376	9.323364	3.343839	4.512218	4.513572	0.58574027	3.80925	0.89903945	0.3766879	-0.3184702	-1.9118228	1.1100888	0.8029171	2.2812917	4.1277685	-1.1642023	1.2710412	0.10461369	0.77377117	-0.41615602	-0.6242147	8.719848	3.2906013	0.7343815	0.43959773	3.1396701	-1.8506045	3.4247112	3.3503907	3.7563095	2.6384404	0.39816174	2.4718287	0.40696764	2.8054397	-0.29110622	2.4035106	1.7749712	1.3015696	-0.019870676	2.2376716	1.7927963	0.09472149	-1.6758666	-0.54906213	2.2025707	3.7383993	1.4152218	-0.3111407	-0.6836181	-1.9283822	0.62182117	-0.7040691	-2.8095126	1.3937373	0.7785992	-0.100530244	3.3718667	-1.4395267	-0.7621794	2.4896705	2.0030599	1.1658237	1.3444055	2.7168882	-0.36022976	7.288122	4.1976113	-1.5512385	-2.8596866	0.1029959	-5.8292117	4.4710765	2.031537	1.6057432	1.1657566	2.9591024	0.00024770157	-2.137923	4.321343	5.1454163	2.3862307	2.836934	3.3115368	-1.3357116	0.63760453	3.9228387	2.316707	9.323363	4.505401	2.7860215	0.44750762	3.55973	-1.52314	2.707319	4.80914	3.211116	-4.174074	-4.4085345	1.2707807	2.6917405	-0.3159284	2.7387857	6.2816095	0.038790688	2.0524368	2.0761762	-2.6299012	-2.019406	-1.8546046	3.5642338	3.3791597	3.5767632	0.57225615	-0.08252141	0.18440732	3.2304528	-1.1763165	1.3921676	-0.3765397	1.8129832	-1.9480097	3.6257927	2.7189872	-1.1083744	3.1587172	3.2273624	5.044996	0.38115072	0.20710568	-0.107865386	2.521655	2.7369184	-1.6610649	2.80699	3.788033	-1.0705937	3.531078	1.2632937	4.417599	1.9137769	0.7013996	-0.58635676	3.701226	-0.6706771	3.2592325	4.1901636	2.5870633	-0.09575456	-6.0551004	3.4747114	8.725364	-5.758493	-1.1296849	7.083929	4.8960495	0.6627924	-1.1273546	4.0287867	-0.30244488	2.6151373	3.7590714
4-hydroxy-D-kynurenine	2.072894	-1.0309865	5.118827	5.226105	0.45245567	3.7822013	0.9197216	1.909263	6.2687616	-2.6035357	-2.9188519	2.4801342	0.6464048	2.0670013	-2.2107484	3.5240023	-1.0079591	6.280481	2.9708912	1.8551896	2.4248881	0.56043863	1.8416197	6.0423713	0.81134313	6.082534	2.796802	2.1415732	0.09322857	3.3578057	3.896562	1.7217246	-1.0241929	1.4206575	2.1354172	-0.30909368	6.672012	1.6490978	3.5158157	3.696743	2.774057	1.7784758	4.0890803	-0.13039622	-2.4681158	2.2149158	-0.19977786	3.080963	3.4114594	0.25713423	-0.35473442	-0.16190198	0.74989504	-0.33820093	0.35742378	-0.8901753	1.2938639	2.8936725	2.457133	-0.68526715	0.9529835	-2.131371	-0.6007361	0.72177476	-1.5267849	0.08037001	0.08724253	-0.15227227	-1.3868608	-0.3465401	-0.32177287	-0.39963728	0.815419	1.4939066	1.2549639	3.998805	1.148681	-1.116615	-0.018817939	-0.27591187	2.0822954	4.383969	-1.3834518	1.2462169	0.12438942	4.71674	0.6427588	4.5971465	3.343839	7.633045	4.584034	5.1029882	-2.1334226	3.3834455	2.628349	-0.23327662	3.8505237	-2.4191954	1.7857538	-0.10168096	-1.7411871	0.743972	4.495899	3.984326	0.7621355	-0.3114801	-0.25081134	4.005249	7.37407	2.6374238	0.48602584	-2.029068	4.472014	-2.6208465	4.665176	-0.11243871	0.68122846	-0.18936656	-2.7787948	2.6446757	2.1716623	6.6824965	-0.8053243	2.367726	1.1725619	1.0750064	1.8307271	3.4322262	3.5392208	3.0422416	-2.878739	1.9645432	2.4178417	2.3409905	0.25321278	2.3303928	4.2534604	-1.7697085	-5.7443624	2.8012674	-2.6596217	2.6334598	-0.50335515	4.729331	3.9130158	-3.2023406	-1.4822091	2.6986673	-0.549596	2.084137	0.88072646	4.9869723	-0.9928668	-0.34071156	1.2303634	-0.8969132	-3.249555	-1.583099	-0.7032771	1.0028666	2.2157602	-0.10583764	-2.967491	-0.4955707	6.6838474	-4.3653007	3.912758	1.2596569	0.52407086	-0.5058115	5.448431	-1.7914013	-2.1658611	2.3754108	1.061209	-1.2824721	-0.6440199	3.7521203	2.1259196	3.190325	-2.4201105	3.4148276	2.3066378	2.5206153	-3.2135355	-2.5246077	1.848436	-1.1149846	-0.9848486	3.0277212	3.5731475	0.0663044	4.2354946	5.745821	-3.1125124	-2.413741	-2.8487744	-3.3358288	2.6437554	0.7635385	-2.2705648	-0.32749614	-0.48125482	3.7425244	-1.7672067	2.1006622	1.3137015	5.342343	-0.50099015	5.9987807	3.9288847	0.94997513	1.3317989	1.2405534	0.56670195	-0.24035296	2.2623866	-3.8615975	-1.558974	3.8925498	-0.5607386	-0.28470612	6.147056	-1.1862662	5.070404	3.089455	3.0572605	3.057462	0.2778347	7.6330442	4.8732867	-2.011333	4.591362	3.0701945	0.9768658	-1.4007572	-3.7101438	6.0914245	-0.8772907	-1.1466979	-1.1511341	1.6362314	1.6856703	1.1645385	-1.9064901	4.710106	-0.86068594	2.2557273	5.902527
4-hydroxybenzoic acid	1.3067087	0.25833896	6.3478823	5.2953434	2.4004066	-0.6759468	5.6123176	2.3841252	6.185221	1.0671744	-3.3422542	3.0074544	0.84646434	5.6618047	-4.4718	4.1428885	-0.09943069	3.515497	6.5596876	4.2085266	1.8727179	0.36078346	1.8578558	5.9349866	3.8364449	5.893487	4.211387	3.400881	-0.25625557	6.190031	3.7580235	1.1228497	-0.073143505	2.2533891	1.6658549	-0.3003414	2.1932576	0.6227181	3.8526177	2.6411862	4.6488376	1.7987856	0.44112316	4.2274456	-3.0342908	0.35300097	1.5673811	4.7733	7.022796	-0.051762808	3.1386971	0.32509977	0.7715339	5.0029798	0.33156395	-1.3611733	0.5947282	-0.019809274	2.8304222	4.7736273	4.965847	0.66173947	-5.0530577	3.2881944	3.7182474	0.34103024	1.4146527	1.3423876	0.12639783	-1.6206352	-0.67370343	0.436331	4.7622776	0.9298207	0.6428542	5.372704	3.0375204	1.1777852	-1.559117	0.60072416	1.0762081	5.1582365	0.8356692	3.6428974	0.80858326	5.536565	3.5247636	3.7483606	4.512218	4.584034	7.8874454	4.3297167	-1.3552071	4.9822507	0.9701111	0.4688077	2.1451397	-4.798897	1.9811454	1.3099748	2.254398	0.06963443	3.792798	-0.061173998	2.5693207	0.63348556	2.3714538	0.865897	5.3521667	5.727117	0.12542735	1.8292332	5.322754	0.32030743	5.4346356	2.7226384	2.7941766	-0.075238235	3.1662755	3.326921	3.8562279	6.0890718	2.6092308	3.0600698	1.8908263	2.185875	-0.5737901	2.7472672	1.1427491	1.2156948	3.6330116	-1.2088788	2.953523	2.72203	-0.4777724	-0.72080874	-0.7745464	-5.039318	-3.1838114	0.39562312	-3.3200169	-0.0066862884	-0.20497762	1.7297297	3.8100286	-1.3053743	-1.1131517	1.6316229	0.5543877	2.2660854	2.8453543	4.5399485	0.45891425	3.4010868	4.1087008	0.99463487	-4.617951	-1.4544916	-1.2218659	2.9237864	0.4170993	1.9439623	-1.6372356	0.17370218	6.748972	-1.120731	4.691168	1.9577845	4.2493153	-2.102826	5.5420685	-2.6339908	-0.41552493	1.4324698	3.4276268	5.4069605	6.8981795	4.7802906	2.1730285	4.0869265	2.4874172	3.766774	5.0919604	3.3328588	-0.55625194	-1.5154536	-0.046689417	0.34326056	-0.21570945	2.5736117	4.373672	-1.3831552	5.1223793	2.5383325	-3.1043282	-2.4105976	-1.1982243	-3.6745107	5.046862	2.299089	-2.573188	0.158656	-0.7671321	3.743569	-1.3523837	2.7418807	1.4436784	2.7284985	-2.7580276	2.0263472	4.7338524	-3.3782582	2.45819	3.201886	1.1613187	2.9235868	1.1515911	0.5351874	0.18188347	4.364916	-1.0011153	2.86551	7.8874445	-0.15754277	2.446376	1.4956175	5.0729322	3.870411	2.7882028	2.143445	5.5169315	-1.1996887	4.7766314	5.215701	3.2549899	2.9676354	-4.8998933	6.231011	6.929543	-1.8641405	-0.18676838	5.3018904	4.763397	0.098132156	-1.3239603	5.1640778	-2.68243	3.6207795	2.410664
4-hydroxyglutamine	1.6123115	3.3885589	3.7741132	4.978096	1.7800174	1.0479363	1.4726603	2.5717719	4.7301893	-2.0966508	-5.5017366	1.6132885	-3.8871248	3.177834	-2.439272	3.0925314	0.43599206	3.3649197	2.8837245	3.7026572	1.3381629	0.80010444	1.2151265	4.9826365	4.1941223	5.1428523	2.822915	1.9128885	-1.4900038	6.1823034	3.2209163	0.6007448	-2.2319078	1.7148783	1.6608945	3.2497232	5.7704105	2.440073	4.023177	3.4072773	5.3796153	0.9295254	1.1805142	2.2005858	-1.5171489	3.3183413	2.9663773	3.2445383	2.479907	3.0773687	1.1652826	0.6031421	1.5311961	2.260577	-1.0369443	1.9403037	0.8839598	2.804202	1.9975992	2.374174	3.2416787	-0.6847604	-5.1238294	0.34504363	1.448245	0.9604734	0.94866264	0.060847998	1.6086307	3.3973124	-0.72420317	1.93801	6.1912913	8.181372	1.0768076	4.6604996	4.8870554	-0.3078224	-0.59154123	2.2199893	-0.12131535	-1.9509943	1.7341349	3.7795565	0.47288576	4.825196	2.2572556	4.115423	4.513572	5.1029882	4.3297167	8.809195	-1.6219189	2.4206433	4.438028	1.4258143	5.288877	-3.3374538	2.1771657	0.20234694	2.1295273	1.3820602	2.6010826	2.450583	1.6869043	2.0386455	2.7062042	5.473061	3.337526	2.3187177	1.4206301	1.5870507	3.1166403	0.88978297	2.9940615	3.4241266	3.469226	1.3443928	0.5655359	2.0742452	2.667651	4.363305	1.3987191	2.1653793	3.24628	-0.38678947	-0.4966598	3.752705	2.935851	2.9664729	0.46637422	2.5386474	3.9534273	3.092183	3.8683145	-0.95198303	4.222499	-0.028714042	0.2439189	2.7276096	-1.5102051	2.9784002	-0.15042444	2.2576249	4.3668866	-0.4191481	-1.0137278	1.3765497	1.9056634	2.2252843	1.6646258	2.5086036	-0.06901774	5.4248023	2.141171	-0.64640623	-4.1662207	-2.2921097	-1.9807276	0.7217543	1.0003133	3.2439768	-1.088128	1.5125762	5.2619286	0.15256205	4.193603	1.8528929	5.3272905	1.0670403	4.7080226	3.8445828	-0.20877534	-0.0509212	3.7906706	4.389861	3.9699264	3.6039662	-0.14982794	2.6424112	0.83445483	2.3768332	3.8510597	0.5118822	-3.923712	-2.8317335	0.6534579	0.3241493	-1.2845124	0.20911695	4.2146387	1.099309	2.3591785	7.784242	-0.5517528	-2.4006622	-2.1879978	-2.5103996	2.5674684	1.433693	-0.30548838	0.4736588	0.32529023	3.1296668	-0.8974725	0.64660794	1.9857644	3.375879	-2.5567691	1.425589	3.4131875	1.986931	4.571167	2.6939971	1.9240303	0.66196275	2.9235055	-1.6179384	2.7393472	2.5620022	1.1213464	2.55186	1.0401968	1.2256162	0.6705544	-0.7058687	3.934695	1.6937629	1.7613742	3.518503	4.40053	0.04233395	4.5878253	2.1023655	0.75560856	2.0404677	-4.3047543	5.188774	8.809194	-2.8513737	-0.38364667	6.9940104	3.39548	1.6516882	-0.68897164	3.4274538	-2.807635	1.2683952	3.057134
4-hydroxyphenylglycine	-3.8648322	-1.2466865	-0.38073158	0.047810297	-3.4017515	-3.1656928	0.96880716	-0.78935415	-1.1521939	-4.582518	-4.3263288	-1.60855	-6.365963	-1.7629708	-3.6205251	1.1927571	1.6933758	-1.5817827	-3.4292963	-2.0157971	-1.2313567	0.99509764	-2.773902	-2.6571755	-1.300684	-1.3095936	-1.9221276	-2.779798	-2.5050683	-2.7796924	0.06290459	-4.0169864	-4.3028383	-0.61062616	0.21493162	-2.0959303	-0.5778414	1.1469456	0.18453908	-1.4402968	-2.001066	-2.0471022	-1.7494514	-2.566195	1.8218416	-2.139831	1.8515959	-0.98803926	-2.0408762	-1.9427664	-2.0095792	-2.4313064	-0.016253414	0.10213316	-5.6552596	-3.3302498	-2.3431237	-0.97091156	0.6720333	-2.4294498	-2.0108936	-2.047787	-3.4872537	-4.2526836	-1.2750083	-3.9001112	-1.7209985	-1.8382003	-1.2463312	-3.738606	-2.1067286	-0.26213264	-3.2869897	-2.5028975	-0.017476639	-3.2639854	-0.5843099	-4.5641913	0.11984247	-0.3196421	-2.3805501	-9.517706	3.4745798	-2.5343957	-0.86776614	0.08473669	-1.3308748	-0.2763724	0.58574027	-2.1334226	-1.3552071	-1.6219189	5.8776894	-2.0551732	-0.8566548	-0.72669864	-2.6106243	-2.7697282	-0.63056767	-3.9224162	-0.8774832	-1.0641335	-2.9776037	-0.59173113	-1.7553533	-0.5613726	-2.5463068	0.29190272	-0.053037945	0.6813857	-1.527773	-0.14453259	-2.4383569	-2.2291868	-1.3467857	-1.9383293	-1.6813416	-1.9537387	-0.66254985	-3.41521	-1.4647729	-0.4606739	-0.7817198	-2.7571416	-1.2764819	-2.0267227	-1.4192894	0.38924015	0.24486373	-0.4511494	-2.2986631	-0.115978144	0.9659611	-0.6901553	0.17211942	-0.93661165	-1.3481609	-1.2928089	-5.143235	-0.4481473	-0.3962674	-2.0280385	1.6151893	-4.708758	-2.2792783	0.16495298	-0.28884077	0.50877035	-1.0097107	0.35092714	0.6007903	-2.2480159	-0.32964712	-0.4399259	-1.4965785	-1.8342223	-3.1667395	0.45078966	-5.7350936	-2.3590794	-0.94838256	-0.6909768	-5.297752	-3.594295	-2.8655536	-3.883527	-0.8073642	4.7157774	-1.3960096	-1.4858167	-1.4699497	-0.46819738	-0.3101462	-2.6701574	-0.35234034	-1.507321	-4.312661	0.27248433	0.2018614	-0.99672335	0.9763102	-2.1910646	-2.811348	-2.696905	-4.5906663	-4.2473726	0.42099452	-0.9836316	1.1812719	-0.3580046	-1.0868453	0.5402877	0.13547337	1.3240823	-1.2680923	-1.7975788	-2.1675675	-1.7216576	-1.6486567	-0.6308819	-2.1817636	-2.5909932	-0.33328414	-1.7347581	-1.169188	-2.26789	-0.8889136	-0.48661593	-0.69772536	-1.9053799	-1.6006664	-0.34511647	1.0991657	-2.5112076	1.045776	0.059408028	-1.8686917	-6.0096536	3.5060282	0.31011865	-2.3588889	5.8776884	-1.5472025	-1.2413476	-1.4255661	4.8311634	-1.5301082	-3.4212372	-1.5472758	-3.5014625	-1.5644377	-2.868975	-0.78667724	-1.3975267	-2.5084512	-3.3479035	-4.924592	-3.3470309	-0.9054481	-6.247399	-1.6595148	2.7410738	-1.4715255	-0.41177374	-2.1180866	-1.6200714	-1.9312357	1.2150345	-1.4256487
4-hydroxyphenylpyruvic acid	-2.2367277	1.7506843	5.8129	3.173008	3.1429577	0.016493076	1.3742514	-0.4976634	2.2631845	0.73000604	-0.68491584	2.1410224	-0.41364965	5.8342233	-1.9253995	3.9190564	0.20063639	3.0752861	3.7322414	3.6546035	1.1702353	0.16236772	1.378231	-0.62842816	2.2438033	1.5186846	6.2610846	6.693535	0.49852926	3.5600324	2.3653827	2.5620263	0.67381275	2.3981016	1.7101517	-1.3057331	-0.5991593	3.8215973	5.9258914	1.5412973	2.6741683	3.809311	0.84388417	4.6184373	-2.686185	3.1424375	-0.32253373	3.2941887	1.9862111	1.9356724	-0.8367482	-0.21122421	0.69326633	1.6460094	-1.5433428	-0.79976815	-0.64028966	1.01535	2.6315975	0.36512792	1.7284497	2.758754	-3.0774057	3.7817624	-2.0855339	-0.07327816	6.2608786	-0.41514638	-1.8033649	-0.98104936	-1.7145528	2.709844	3.270929	-1.4100084	-1.3262883	4.3525376	-0.23829734	-1.851532	-1.0964801	-2.5852125	-0.8563018	0.8924306	-0.38409758	0.65654624	-3.22854	3.0968158	1.6519102	1.7884555	3.80925	3.3834455	4.9822507	2.4206433	-2.0551732	10.144051	-1.1580064	1.4262469	-0.40403458	-3.3423111	-0.12063427	1.0512913	0.6231113	0.31372538	0.6045051	1.5215375	1.1276233	-0.5937236	1.8151723	1.7131855	3.6871643	2.2128975	3.3097692	0.008779065	3.3457277	-2.8473284	3.826356	-1.1800382	-1.4476131	0.119680114	-1.3675042	0.24751608	3.759506	2.4243453	-0.62680465	-1.1919836	3.7275624	2.3466344	0.03962158	2.5591102	-1.7806149	-0.05442169	-0.9868683	-5.5585074	-0.3177893	3.4783318	-0.15657231	1.6807663	0.7778106	-3.03141	-4.2576447	0.99636304	-2.5076857	2.260287	-1.687646	0.47297478	2.518613	-2.4234498	-1.9678268	1.6156124	-1.256876	0.25495723	1.8965862	3.6525533	1.661433	0.2481507	2.9521427	-2.2354636	-3.9394479	-1.988089	-3.8372216	0.8762491	-1.2547086	3.9732807	-2.6989167	-0.9681315	-1.2528598	-3.8757925	3.8120453	-0.3696231	2.361451	-1.3144147	5.787024	-2.5752149	-2.5454037	0.90938354	1.9288688	1.4577348	4.842377	3.1127894	0.33084533	5.611908	-2.5658436	4.4751067	6.34884	0.35775873	-1.826247	-0.65940773	-0.13498864	1.4656633	-1.5924697	3.7357163	3.3194504	-2.1631515	3.505741	0.5477929	-3.589881	-1.7632947	-3.4119859	-2.6663113	3.6568606	1.0696638	-2.1414778	-3.0049279	-1.1948968	7.964493	-1.5879949	3.2083166	0.09808835	0.99987024	-3.3021514	0.026294194	2.959521	-3.5104146	-1.72486	3.5793788	1.3334038	0.9883935	-1.0998787	0.71405596	-1.6717739	3.7335172	-2.725152	2.896995	4.0295467	-1.8279914	1.1111623	3.3904946	3.1509833	10.14405	-0.40553936	-3.2636552	4.65495	-1.8251344	3.2570775	4.900178	-0.07997319	-0.29381174	-5.0407104	1.2922415	1.7721468	-3.3837113	-0.2866654	0.32499924	5.601344	0.41163033	-2.0780203	1.6019423	-2.8103747	3.2541876	1.3247777
4-methoxytryptophan	1.4686731	-0.85335076	0.96439236	4.194889	0.91888654	1.0814015	0.421678	1.4351529	2.2355378	-3.3982856	-4.392945	0.3394577	-7.0724435	1.4544389	-4.3542304	0.12962134	-0.6212797	2.0887413	-2.418286	1.5560501	0.20575717	0.054427244	0.39641994	4.325159	-0.865575	4.513764	-0.1333105	-2.3585498	0.39721686	1.244425	2.9239278	-2.155361	-3.7444792	0.86895627	0.95269644	-0.21346942	1.3518411	1.5450065	-0.045444295	1.2173507	0.18952164	0.76774085	-0.0360711	-1.6031412	-0.930306	2.7919455	4.7915897	-0.37679255	-0.45007405	-0.10762861	-0.63218576	0.35065484	0.5106782	-1.3809146	-0.91456455	2.6158357	0.18744257	-0.18397322	1.5946585	1.425198	0.12724078	2.2665496	-4.3538713	-3.323052	0.42955068	-0.5536704	1.0201845	-0.21278606	2.035923	2.0681348	-0.3500616	1.344351	0.4454702	1.6114497	0.35435984	1.5128042	0.19962706	-0.72517973	0.7152663	1.5959346	-0.44020683	-4.0188594	0.8291477	0.3848835	0.8704375	1.8539946	1.6170827	2.5461648	0.89903945	2.628349	0.9701111	4.438028	-0.8566548	-1.1580064	6.191676	2.1692348	5.2475624	-3.4577818	1.433367	-0.018507255	0.96456796	2.0955129	1.060123	1.1065522	-0.7367296	3.009555	0.7706565	4.451053	-1.9278295	0.10074756	2.5136597	0.6185922	2.173218	0.29801401	0.7020696	-2.1104457	-3.291716	0.11206867	-0.036157526	-1.0311576	-0.60304415	1.7435898	0.5896017	1.3537313	2.939453	0.27833328	-0.31044358	0.8714995	1.714698	1.2114547	-2.0579946	1.6508619	1.3990042	0.6999413	1.4237374	1.1606724	-1.2420164	2.9922564	-0.97079474	1.4690007	-0.6251286	1.1102942	0.81564	-0.6115114	3.3983343	0.15894516	-0.34475923	1.4402078	0.51430315	1.7327704	1.6161431	-0.010380337	0.65173763	6.191675	0.62837696	-1.2761172	-1.7121867	-0.7515248	-0.8622499	-0.1465552	0.8250189	1.8703475	-1.7076838	2.0855856	4.6424494	-0.65674037	0.84215814	0.7557462	0.77787036	2.7004147	2.3415637	5.115519	0.47070748	-0.444957	3.654423	-3.695401	-5.15773	2.3255525	1.2857989	0.00350478	1.4406402	0.1981949	0.8116043	1.0547794	-4.5814056	-2.0882328	0.65746635	0.7275448	-0.48576725	-0.097025275	2.53494	2.0829728	0.84094644	-1.5665221	-1.6380793	-1.1599512	-0.75103104	-2.3041518	0.68217444	0.64935344	1.936237	-0.21217093	0.7814336	-1.8961818	-1.8175292	-0.25513026	2.0703168	0.9576698	-0.34511688	-1.3747978	0.030437144	1.9558029	-1.2258108	1.6349854	1.6245894	0.3134329	2.9601707	-3.3745492	1.5845858	0.69123954	0.4568389	-1.5446358	-0.7755784	1.8302867	-1.8505836	-0.2650518	1.5739928	-1.2031548	1.1238161	-0.7665701	2.8476362	1.5943379	2.2711499	0.59367895	-0.117142454	-2.5733926	-2.5668569	4.0687037	-3.0262203	-1.0104331	1.6532723	1.4093033	-1.8110312	2.3999481	0.14457887	2.488396	-2.1978533	-0.91123664	-1.44426
4-methylproline	-0.84125745	-0.70954585	-1.2700496	0.49408013	-1.3471665	-1.7145485	1.9394497	2.064492	-1.309513	3.1726856	-0.22085634	4.112525	-8.398617	-0.9150697	-4.167596	-0.2724635	-0.90188843	0.4949742	-1.0868223	-0.35021555	2.8815627	3.0418313	2.1293561	1.0481719	-1.1407454	-1.7801352	0.0026027902	-1.5103376	4.6250567	-1.5402343	0.9779708	1.7982509	0.5278839	1.688739	4.1679716	2.6687174	1.9457098	8.575683	1.6710979	-0.8562688	3.4499903	0.32741126	2.0903664	-1.4759597	-1.9642516	1.1811723	1.7302793	-0.8273573	-3.0001268	-0.24212609	-2.1357434	2.1269374	-1.2905369	-1.1730387	-2.8940241	-2.0104358	-1.5177274	-0.35776266	3.9833822	-3.6281536	-1.4639708	-4.4679956	-4.542082	-2.5248904	-2.2127554	2.1204526	-0.7145349	1.534498	-1.4981672	-3.4986954	-1.2119889	-1.8914529	-2.0927815	-1.5983471	-1.3739058	-2.218724	-0.8313677	-4.0958543	0.43699506	0.08903845	-2.124424	-8.336154	-1.1373459	2.688041	-3.3322577	-0.16261847	0.22046189	1.4916809	0.3766879	-0.23327662	0.4688077	1.4258143	-0.72669864	1.4262469	2.1692348	11.251877	-1.0793202	-2.063522	2.2774966	3.647684	4.6040688	0.84705245	-0.46511346	6.9699626	0.5988351	2.2942936	0.51260763	6.9305177	-0.6171869	0.14218742	0.3959631	-3.0168433	1.8383855	3.024444	0.5161249	-2.0833755	-0.08759086	-0.60875726	-2.751065	-2.254844	0.120730825	4.0389323	1.0378654	-1.0092272	1.4929575	0.3206235	-0.861384	2.995452	-2.2366617	-2.0776844	-1.1724491	-3.0939217	0.10032176	-0.9911563	2.2743554	5.157799	-3.7348535	-0.5775106	-3.4508927	-1.3215922	-0.78952307	4.0938187	-1.973667	-0.14045988	11.251876	0.7186393	-0.36686182	3.9989357	-0.282354	2.6649945	1.9130238	-1.7737672	-1.1518114	-1.6483849	-0.08603538	-0.8663629	-6.0258994	-1.4764411	-3.879666	-0.16498166	1.4297452	1.9757191	-3.2390316	-1.6633579	-0.71820015	1.5085064	1.8523914	-1.2566037	-0.11700089	-2.3220127	0.11157064	-2.6480298	0.085305415	-0.69789284	1.0891105	0.8575162	-3.0801408	1.4456211	1.0164096	0.09989723	-1.5732019	0.35512635	-1.7157235	-0.6011862	1.6004381	1.7422242	-1.8401495	1.544108	-4.045016	2.5567088	2.182345	-1.3061658	-1.4970825	3.485406	-4.213634	-2.8132174	1.0418591	-4.178557	2.1062403	0.10351758	-2.4417188	-1.5048971	-1.1927226	0.22870524	-1.6346282	0.007172582	2.5396936	0.033061385	-1.5772831	6.175717	1.7903154	-2.1883519	-3.7559783	-1.6786727	0.0874646	0.46490762	-0.2154682	-5.8448954	-0.2882244	2.166171	0.67600614	3.7737293	-1.1138481	-0.85770285	4.33146	2.103032	-1.2500817	-1.2729988	3.005283	-4.5586667	2.6005886	4.0840135	2.233768	-0.58296984	-1.1464291	-8.787181	-2.2271159	-0.6856558	-1.6920004	-3.9824617	-1.4708382	0.029287616	-0.06345949	0.6875613	-1.63072	0.03489324	-2.1150014	1.5032861	2.7545953
4-nitrotryptophan	-1.1236513	-2.5192666	3.1516595	4.9498343	0.18481147	1.5549599	-0.21665418	2.127029	5.3617597	-5.1125784	-4.4252234	1.4537191	-8.6768465	2.9228816	-3.6227634	-1.0544329	-2.5370889	1.3584554	4.7900424	1.55677	2.2538023	-0.61185795	1.2913544	5.967065	-1.8184811	5.948837	4.698665	4.8767705	-1.4189953	2.7695386	0.5279709	1.7738396	-4.4030395	-1.9867849	-1.0483384	-1.1479824	0.024127748	-1.2290009	4.0203443	0.038185656	-2.1126022	0.43734723	-0.065028414	-0.3434801	-2.5046697	-1.9698367	5.670935	1.7498465	0.5990452	-1.7268667	-2.1833563	4.835579	1.3633388	-4.121902	-2.1797159	-1.24295	0.05412908	-0.6435694	2.516444	-1.2042747	0.62257975	-0.77706593	-3.660776	-2.5913527	-0.96153516	-0.75276333	3.6568048	0.43246245	-3.3882577	-0.55390626	-1.3820673	2.511792	-0.40418664	-3.436796	-2.7869844	3.915715	-0.79124993	-2.4145777	-2.021621	-2.981457	-2.1772087	5.3447623	-0.73234814	-3.1882982	-1.7271149	3.3972995	1.0655586	3.1759663	-0.3184702	3.8505237	2.1451397	5.288877	-2.6106243	-0.40403458	5.2475624	-1.0793202	7.082114	-6.124661	2.5795913	1.5665889	0.24561857	-0.4866921	4.4190335	-2.0949233	5.241146	2.9318807	3.7237022	5.674832	-0.17443097	2.421328	-0.024451705	-1.8842618	3.3716578	0.6393647	2.91354	-1.1069236	-3.523174	0.41148826	-0.52975297	0.25071752	0.12315411	2.6693833	-0.14152402	1.8731841	0.0135157155	-2.053088	-1.7562668	1.7296572	-1.9610903	4.9893503	3.1894457	-3.7883592	1.058409	1.226693	-3.6651177	-0.08274069	-1.6789342	0.52441996	-3.1827152	-0.08589289	-3.226221	5.2779293	0.9598199	0.53905165	3.8159611	3.5364199	1.2684612	0.8018713	5.1940703	3.2363286	4.821846	0.31570518	-3.2497025	1.7011173	1.4442713	-1.9792869	-1.9112889	-2.6035428	-5.2178206	-0.5152623	-0.92360586	3.5866737	-3.7393208	0.081651695	6.3633113	-1.0202134	0.54922134	-1.8736354	-0.6212226	0.6403831	4.470809	7.0821133	-0.06005311	-1.8003994	3.1095214	-3.6502447	3.3754103	4.104734	-0.58475506	5.054359	-1.4163561	0.72304374	0.86218923	-2.3622704	-0.0849868	2.6836655	-1.6537918	3.1637778	-3.3496025	-0.45407152	1.1726787	-1.8978137	1.4478601	-0.2754859	-4.027848	-2.6519718	-1.7141119	-5.477866	1.48015	-1.0836754	-0.0040334575	-4.1004004	-2.0055628	0.24282813	-2.5758538	-0.35851395	2.2741766	-0.040128537	-1.5470934	0.1857994	1.730223	-1.886659	0.7865125	1.6724297	-0.76041186	0.232111	4.043837	-3.2880013	-0.9031151	1.5964024	-0.8210363	-1.6942767	-0.6652528	2.9279907	-1.0766995	-2.1941528	0.41416928	1.0450927	0.9990567	-2.442228	4.518894	0.15463884	5.7599072	3.7197547	-0.7610606	-5.8792057	-4.819831	5.1695876	-1.4199004	-3.8455832	6.9356604	2.2081058	-0.10173125	3.0315173	0.24072008	3.5169036	-2.9220755	3.7232735	0.82920074
4R-E-butenyl-4R-methylthreonine	-1.5239855	-2.5170548	-1.0032233	-3.8003647	-3.989039	-1.4789727	-4.073853	-4.6526875	-3.319924	-8.084002	-6.5557876	-1.4128225	-6.2127347	-3.7900858	-6.0012736	-2.1944253	-2.3318143	-4.8913364	-3.885885	-3.57797	-3.6526062	-2.0649846	-3.239372	-8.445624	-3.494601	-1.1202705	-3.916394	-4.6768546	-4.400331	-5.596978	-2.0637574	-3.6278865	-6.0417404	-0.7386312	-1.7581365	-3.8036022	-2.5548706	-0.67868274	-2.2423935	-2.4895434	-3.1240215	-1.942732	0.45691687	-5.5782247	-2.8571517	-4.43809	-1.46607	-2.743665	-3.4305563	-4.264911	-3.641705	-5.218633	-2.0983942	-1.8418573	-8.042406	-6.2624965	-3.4812279	-1.2623811	-2.7460768	-7.6359386	-4.653361	-2.5202055	-2.9164782	1.4515338	-5.92891	-3.2329733	-1.540599	0.72087115	-9.711734	-6.056822	-2.5807233	-5.256256	-6.538991	-3.2312067	-4.4069366	-5.896596	-6.1480885	-6.808724	-2.8342116	-3.1364877	-3.7186553	-10.447863	-3.6429908	-3.6995215	-3.5247514	-1.0622022	-4.145655	-2.1358175	-1.9118228	-2.4191954	-4.798897	-3.3374538	-2.7697282	-3.3423111	-3.4577818	-2.063522	-6.124661	5.228399	-2.400709	-5.163151	-2.9514492	-1.0995106	-4.007709	-2.4390612	-3.9900043	-5.2706	-3.9482985	-2.8448324	-1.6861556	-2.522683	-4.168504	-5.1759152	-4.317347	-8.988805	-5.70282	-7.9711084	-5.6334076	-4.8740487	-7.5981116	-4.9800286	-3.989724	-2.8360293	-3.93523	1.6676507	-3.7239118	-1.0751947	-4.6640315	-1.7253861	-0.76053953	-4.877043	-6.8693857	4.238536	-1.4918311	-3.1429896	-7.0577273	-2.6309173	-0.044349372	-2.2888787	-5.3327694	-1.9643496	-4.7754717	-2.5454886	-2.1947236	-6.412352	-5.659488	-2.167022	-4.4789205	-2.439875	-3.6599913	-3.5319176	-3.8873036	-1.739219	-3.2556896	-5.351885	-2.766845	-2.7665484	-3.1991014	-1.8288636	-4.334162	-4.410772	-3.6161203	-4.6739774	-7.4058576	-6.3610406	-5.2856317	-10.763575	-2.1342742	-3.9589202	-4.7474804	-5.8972406	-4.127817	-4.514789	-3.4637856	-2.351038	-3.9686458	-6.6340027	-6.7359676	-4.3331575	-3.077459	-2.667578	-4.6279206	-4.5649796	-2.8130388	-4.781179	-4.880046	-4.752168	5.228398	-0.63342583	-1.0943589	-2.4992316	-4.684701	-4.7653594	-1.9828488	-4.462509	-4.821287	-4.003149	-6.095633	-7.569597	-3.5679185	-4.0321217	-4.923463	-5.107543	-2.8220332	-3.044671	-2.7308593	-3.2633133	-2.6035106	-4.35541	-3.6547935	-4.0004654	-2.3705714	-3.547931	-3.185873	-3.175001	-1.9283396	-2.6396337	-4.2434406	-8.46178	0.17678142	-3.060936	-5.753233	-1.0161519	-2.9546127	-2.571449	-3.9361396	-1.134053	-3.2765996	-4.7051077	-5.1847434	-6.5501084	-3.154925	-5.4017625	-3.6923077	-3.2799609	-4.683543	-10.141863	-6.8326163	-4.8144956	-8.295466	2.979941	-2.9005237	-5.2168584	-3.4760432	-2.7602198	-4.860127	-4.8037405	-2.445157	-3.3074489	-2.6024396
4R-hydroxyproline	1.1638023	1.9299588	2.1286976	3.043984	0.44738278	-0.26222628	1.4122262	2.4866211	3.2829363	-0.33321768	-0.7416556	2.130549	-2.2860963	0.9404279	-1.6702557	0.92563874	0.053216673	0.9596582	1.1829323	1.3096951	1.210598	1.3392248	0.74455667	3.4263244	1.9542322	3.4047472	0.84872323	-0.17461893	-0.5736896	1.4279959	0.628892	0.18808332	-0.0659472	0.54109	0.99318117	2.8478258	1.2352825	0.05954758	0.36436203	2.0564897	2.808578	1.9225817	-0.52445996	0.5454652	0.5343632	-0.18892996	1.5276542	2.2683198	1.7945083	0.6055048	0.84606	5.233612	1.2040508	1.816877	-1.1548741	-1.0002128	0.6600973	1.3250362	1.0983906	3.3413343	0.8284098	0.0148385875	0.6654528	2.109662	0.608871	0.5535757	1.5222567	2.2911627	1.4044224	-0.97534317	0.9175041	1.8294095	0.7450699	0.5716387	3.2130241	2.0737333	2.852453	-1.2640132	0.5163106	1.6051356	0.11044404	2.0605206	0.38433036	1.4778945	0.39349452	1.6844329	2.5351534	2.4422255	1.1100888	1.7857538	1.9811454	2.1771657	-0.63056767	-0.12063427	1.433367	2.2774966	2.5795913	-2.400709	5.233613	3.4733608	3.6376672	1.4448179	2.9150243	0.6570247	2.959446	2.239422	3.8857563	1.2502302	0.03626293	0.741252	1.4170724	1.6593969	2.016	2.2213695	1.4866883	0.72905993	0.6604125	-0.102424495	1.9647472	1.9215013	2.888311	2.8014054	0.92309016	0.4872257	1.0482643	2.5989664	-0.9180786	1.8339305	2.129226	1.0255408	0.33093828	1.8451633	2.288591	2.237412	2.6477592	0.5979684	0.61597055	-2.1993198	1.1637192	1.9968139	0.7637172	1.0348328	1.2590849	3.0567093	2.3950927	1.9349343	0.6641298	0.9297045	0.6269663	2.3342688	2.0871496	3.0158103	2.766995	0.4859344	1.9739832	0.6014467	-0.080875285	0.58080024	-2.8897405	-0.122604325	0.93362314	1.8369007	-0.9365183	-1.1707404	3.795991	2.6403902	1.8749303	-0.05055695	1.4224107	-0.4353142	3.1271307	-0.6818644	1.0282378	1.0131686	2.2938821	2.8510277	-0.22771204	1.9265577	1.8289847	0.85816354	2.0749052	1.2267317	0.62847555	0.70058554	-1.4370762	-0.64925367	0.23472963	3.486768	-0.86191016	2.2316034	2.3192885	1.4788021	1.3452433	0.7774272	-0.8503689	-0.2545893	-1.3242388	-0.18839167	1.809869	2.311186	1.105914	0.728608	1.1423529	-0.12900825	-0.7894042	1.4593829	1.7999085	-0.06131867	-0.29026225	2.1791208	1.8280666	1.9466588	-0.464885	2.5232856	1.5410031	0.55849063	2.1795807	-2.4892364	1.5066117	0.57312423	0.91587466	1.2750685	1.5765363	1.0922791	1.2087505	0.8498096	1.4113829	-0.10544767	2.967884	-1.7723147	3.657762	2.3349593	2.3651896	1.0704031	0.19505873	1.2422453	-2.9215128	3.640444	0.31883702	-2.8104968	1.2911375	2.0855935	0.1286019	1.1921154	0.3984374	2.1947374	-0.6951352	1.764293	0.7784187
4R-methylproline	-0.27674472	-0.6033963	-0.4383872	-0.85085446	-0.77923363	-1.855735	-0.3241274	0.14584179	2.4844496	-3.7483807	-3.3012946	0.8647537	-8.988987	-1.5517381	-4.5844884	-0.9105639	-1.4996735	-0.22690922	0.43594414	-0.8581719	-0.035457987	-0.12716272	-2.2852764	1.648465	-1.3970023	0.7455231	0.7979926	0.21615176	-1.6095405	-2.013828	-0.65313005	-1.8125719	-2.242177	1.6717812	2.4419117	-1.9877957	0.9603402	-2.1910536	0.54848766	0.910434	0.84872746	-0.6984396	-0.5571558	-1.7124044	-2.9653082	1.0351164	-0.1433525	-0.01856597	-3.086433	0.588974	0.67007285	6.910218	-1.3826272	0.09443154	-3.9941425	-1.9437131	-1.2900617	-0.7473862	-0.6322018	-2.1987236	-1.1570467	-3.6632001	-3.527262	0.5199005	-3.761405	-2.4828713	-0.76080406	0.08217142	-4.3401585	-1.5442321	0.123189084	-0.67415494	0.10905854	-1.9597797	-4.55329	0.21103932	-0.32909685	-3.5019286	-2.1158118	-2.0068228	-3.0262148	0.6669438	-1.8340044	0.8119359	-4.927604	-2.5874527	-0.49149773	0.44605362	0.8029171	-0.10168096	1.3099748	0.20234694	-3.9224162	1.0512913	-0.018507255	3.647684	1.5665889	-5.163151	3.4733608	9.084261	3.487177	-0.96851546	5.506214	-1.8023045	7.718859	5.7520137	9.08426	-0.3088253	-0.5932331	-2.724962	0.5098992	-1.3570601	-1.4442347	2.2817645	0.06348509	-3.1170125	-2.5156515	-1.2623482	-1.5804344	-3.3492796	0.7912309	-0.7115423	-0.8091957	1.5470655	-0.46382326	-3.4377015	-1.6993695	-0.85159284	-4.0699835	1.6982554	-1.8599398	-3.6419783	-0.62189406	1.4176546	-2.569141	-4.056519	-1.9148712	-5.924962	-6.744394	-0.9028199	-3.8843396	2.0221205	-1.8694618	2.2402575	3.072092	-1.7412769	-2.7680025	0.22613555	-3.2164292	-0.25869548	-1.0709164	-2.1129858	-4.897012	-1.6125809	0.011196922	-2.3149374	-4.053541	-1.6268296	-4.360492	-1.7394723	-2.3571064	-2.514082	-4.771238	-1.3583187	-0.5372938	2.3598745	-0.2125783	-1.8459048	0.32500976	-3.88909	0.6514836	-2.7761767	-1.9302707	0.38337457	2.309478	4.722578	-3.3442924	0.6387742	-0.6917865	-0.12717111	-0.5336078	0.71189976	-1.2246615	-1.6311466	-1.3655639	1.5334163	-0.8563177	-1.8459597	-5.1329165	-1.1866705	1.31	-1.4910532	-2.1145592	-1.8895441	-4.4927	-1.838861	-4.111641	-1.8490125	1.6878425	-0.0627656	-3.309483	-1.1708795	-1.3478823	-1.4179716	-2.34429	-0.3181462	-0.8204737	-0.058973733	-2.0606554	-1.908831	-0.8318313	-3.6063867	-2.4472613	0.48221242	0.23528482	-1.1516843	0.3553603	-7.8279023	-0.9663679	-0.01057543	-3.0223022	-4.1084404	-1.2804228	-1.8417215	-1.7193195	-1.5999191	-0.9895381	-1.5138662	7.6449156	1.4955857	2.264948	5.491737	1.2921458	1.1950625	-2.534251	-9.059183	-4.4106145	-1.5477833	-4.622622	-0.94816905	-0.5965157	-2.4420264	-2.4514365	-0.8325755	-2.979927	-0.8532839	-3.1780612	2.9022965	-0.54085135
4R-propylproline	0.65128165	3.876025	1.9374053	1.8778535	3.533009	-1.585241	1.8680341	3.5142143	0.6785231	-1.1213897	-1.9706482	4.1054378	-2.78359	3.085555	-4.6668544	1.528255	0.12509121	-0.9756534	2.1867242	1.4233202	0.4535474	0.060656723	0.6150115	2.9712183	1.1132574	1.2613933	2.4774003	2.983784	0.9481958	1.8072014	1.2576107	0.020475361	-1.992856	2.4056304	2.7748868	3.738219	1.1596667	1.2971126	1.3027644	1.2772237	2.2179742	2.2539546	-1.0900223	4.3362136	-1.8072335	-1.2584689	1.2260728	2.1663623	4.182553	0.1565468	2.0485063	4.330723	0.000801641	3.501495	1.1639961	-0.64808154	1.7681768	3.315138	0.56035775	0.22701114	0.50624526	-1.03221	-2.4369926	0.010933974	2.9985385	0.074936055	1.6728182	1.2326574	-1.7303672	0.44212073	1.8023163	-0.4427125	3.3779223	4.8620625	0.12682192	1.5405834	1.7545322	-1.2525228	-0.74525934	-0.82765734	1.1225437	-1.5566577	1.0685785	1.9096988	-0.48039186	0.96803147	3.6167252	2.1386323	2.2812917	-1.7411871	2.254398	2.1295273	-0.8774832	0.6231113	0.96456796	4.6040688	0.24561857	-2.9514492	3.6376672	3.487177	7.8885403	-1.4976416	1.8049971	-1.8237134	6.0274925	4.8133736	4.2935214	1.94135	0.17182036	2.745101	0.46289468	0.124483734	0.2625176	4.74952	1.3842111	-1.063171	-0.15258501	-0.636206	1.7833347	2.5762596	3.1112232	3.9460752	0.58828175	0.25047332	-0.15179494	1.9556595	0.9354262	2.2480416	-2.6018543	2.5346353	1.7109042	-3.5509396	1.0591844	1.6472974	0.25462896	-2.5925367	-1.999474	-2.7474265	-1.2374831	-0.8939141	-3.2028522	0.15137498	1.6438912	2.5332696	4.025032	1.2848161	3.8427804	0.6993288	-0.7159526	1.9791535	-0.43153048	0.2759402	-0.7551337	-1.2134228	3.347883	0.21261238	-1.6606842	-0.82346344	-0.38319904	0.5151424	1.2988796	1.0224358	-0.77161264	-0.57542026	-0.37742895	5.452283	2.6310837	2.6878169	2.9229357	-0.73777115	0.9956125	-1.2943127	-0.7726109	-1.47791	2.2638047	5.5417476	2.8874476	1.2987279	5.60332	1.4002967	-1.0621874	1.635588	1.6156126	2.9455726	-1.5106723	-2.4465213	-0.17613605	1.3738366	-1.1802866	1.1804987	2.4454887	-0.16576959	0.4256006	0.6840364	-1.9509443	-1.99362	-1.4065033	0.2612181	1.7667093	0.9461213	0.9267326	-1.3201877	-0.5902377	0.21875696	-1.5878661	2.3037646	1.1970121	1.4860029	-1.305838	1.5524788	1.2639304	-2.6832325	-0.97443306	7.8885393	1.4094667	2.2006116	-0.19787563	-1.7111827	0.35179296	1.2950704	-0.7836163	1.0088422	0.09362357	0.14072374	1.3232859	2.0417578	1.8554871	-0.2256743	3.995763	0.26226312	2.3501046	4.7558274	1.4480531	2.2029402	0.20859289	0.7599599	-1.8840476	-2.631647	3.0731583	-4.341059	1.2239085	2.017328	2.2022865	0.21637966	-0.8225774	1.0437349	-2.4610016	0.91777986	2.9033651
4S,5-dihydroxy-2S-aminopentanoic acid	-4.7201724	-1.0666806	5.5811396	1.8781896	-0.3535119	-2.1824188	-0.85777295	1.6819355	0.35803324	-2.673671	-2.3790689	-1.3091404	-7.4895887	7.9417467	-1.0881343	2.0281808	2.4986567	3.0351295	0.47351938	-0.54486525	0.35196432	0.6157429	0.11373883	-0.5685563	-3.800665	1.2872235	1.0561849	-0.37951744	1.1517458	1.5481701	2.8908484	-0.70830315	-3.318247	0.62080616	0.80021226	0.7085045	0.87596154	1.8657956	0.7692938	4.6119733	3.546965	1.0174558	4.380155	-0.9135116	-1.4629277	5.034212	-1.092975	1.9490932	6.8876324	0.45458952	-0.45904148	-0.6862425	-0.038284574	1.7691205	-1.3404416	2.562253	0.31582755	-1.7283348	-0.32664946	-2.9114923	-0.89793766	-1.9012395	-3.017088	-1.4412675	0.096444815	1.3950948	1.4128392	5.81204	-0.551338	2.229619	1.8741087	-0.5795459	-2.0956984	-1.7957569	-1.4917624	1.8501637	-1.0103846	-1.1953552	3.4494472	0.035875633	9.6318785e-05	-1.3828455	1.9164801	0.10285889	-1.0702627	0.24953155	2.125395	3.6151607	4.1277685	0.743972	0.06963443	1.3820602	-1.0641335	0.31372538	2.0955129	0.84705245	-0.4866921	-1.0995106	1.4448179	-0.96851546	-1.4976416	8.634425	0.9891283	1.5735587	-0.47969702	-2.0802405	-1.9491547	2.6159565	0.91763145	0.091572836	-1.0264398	-1.0721097	2.2114358	-4.045602	1.7882221	-1.3690003	-0.9504892	-0.82911354	-2.0134	-2.5859087	-0.58113617	0.21832584	-1.5347763	1.0125245	2.4277062	-1.1525238	-1.7307463	0.906907	-1.575138	1.0144168	-3.781869	-3.361505	2.7021706	5.995331	-2.335575	-1.1237117	-3.4626133	-3.998484	-3.1755393	-1.5810307	2.8907092	-2.5528839	0.026998807	3.2337034	4.3270774	-3.0998447	0.23711467	1.0357563	-0.28736332	-0.22589757	2.2995417	6.6084447	-1.2284163	2.6564798	3.5168855	-0.53318536	-4.2140183	1.5581937	-5.8608165	-0.62966526	1.0333059	-1.8347484	-1.7125064	1.8877964	0.52413124	-4.807912	2.2467997	0.83656573	0.14505677	-0.50374097	-0.15460625	-3.582219	-0.7227536	2.7770188	3.1922634	1.1086041	-0.48969483	6.54827	3.376714	0.6645468	-2.1424305	1.5292817	1.2215209	-0.30811137	-1.5351126	0.22585724	2.4956975	-2.8559484	-0.7015453	5.134102	2.5193355	2.4271545	3.1489654	-0.27828324	-2.0082707	3.5721397	-1.6609107	-2.4908419	1.8883122	-0.4640163	-0.6477585	1.7991397	0.041128647	1.9177828	-1.0045447	-0.82230085	3.7565033	0.73871946	-1.4786819	-2.7179267	0.44339806	1.5534817	5.3820605	0.10546835	3.632673	-0.48285845	6.0835853	-1.9498287	2.221064	1.123046	-2.0556026	-1.498536	-0.37331653	-0.8219166	-2.6414597	0.6332632	1.2717355	-0.1396251	-0.76556176	2.5806715	-0.5252747	-2.7287693	3.0168602	8.634424	-1.1687857	-6.960158	-1.1438854	2.0509262	4.0276837	-1.3060219	-1.366864	2.4140477	-0.43903637	0.29924962	-0.4131149	2.9326031	-1.9281503	0.54318064	-0.32839137
4S-acetyl-5S-methylproline	-0.56403106	0.19801417	4.6098423	4.2163053	0.063456684	-1.0665623	0.27041233	1.2815909	4.9139066	-0.14728905	-1.0967106	2.6864135	-6.38173	2.2112255	-3.9338279	2.8547628	-1.4179082	4.169428	3.5124018	1.6306709	0.21937728	-0.0066197873	0.35408962	5.697223	-2.471786	5.188364	2.6599176	1.5385767	0.9495003	1.9470141	3.8826156	0.33203617	-0.009373662	-2.1530488	-0.5415864	0.6082669	3.1364844	-2.2788148	2.6789544	2.4444878	0.35401112	1.4614007	-0.30962524	-2.8325832	-2.0136151	-2.961308	-1.5517714	5.4412746	1.3584781	1.4419982	2.7976274	5.7501984	-0.33860767	0.2701199	-1.7551106	-6.4157133	-0.18074988	1.0313305	2.5079465	0.27082902	3.6693373	-1.9159878	-3.851547	-0.32974032	-3.1406934	-0.19466805	-3.595364	-1.6674811	-6.8636336	-4.2990394	-1.6464552	0.06625043	-0.34311864	-1.056704	-1.204582	4.011129	-1.0384712	-1.4429518	-1.5028986	-1.0702642	-1.8888249	4.619582	-2.3063278	3.2438939	-0.7900804	2.4644363	3.4293556	4.538854	-1.1642023	4.495899	3.792798	2.6010826	-2.9776037	0.6045051	1.060123	-0.46511346	4.4190335	-4.007709	2.9150243	5.506214	1.8049971	0.9891283	10.355598	-0.83893716	10.3555975	1.5620548	7.146144	1.9938128	0.6510768	0.25020742	0.76568574	-1.9917501	3.2194977	2.6645284	4.2009697	-1.120985	-2.003261	-1.0292013	-2.7611437	0.62023467	1.4872459	3.8804445	-1.1279112	1.3844004	0.2608402	-1.8479362	-2.6520476	3.7019174	-1.5466177	4.722261	-2.4135282	-4.071532	1.8355486	2.9327633	-1.7638452	-2.6867158	-2.0999565	-6.2406044	-1.6801054	-0.4350743	0.34646204	-0.10431753	-1.6585143	8.145455	3.5806723	-1.0462077	-2.4651103	0.06291729	-1.6840038	1.5950857	1.1276596	0.63735735	-1.9098041	-2.4296062	3.2912488	-0.33603242	-4.327746	-1.211573	-3.4320488	-1.2447934	-2.556548	-0.4354362	-4.8326054	0.20049167	6.001036	3.5782697	2.611341	-2.7185843	0.60712534	-1.7871381	4.605266	-3.8800182	-1.5825678	-0.4282769	2.181272	-1.7862233	-0.694302	3.824505	-1.2228035	1.7828943	-1.2866669	2.8517172	1.5034599	-3.5209813	2.5326235	5.5339217	-3.5023656	-1.556273	-3.207052	-0.64520776	2.279601	-1.5479963	2.6141143	2.2575943	-4.781847	-3.459699	-3.8857694	-3.5737894	2.5813062	0.24085958	-3.6575215	-1.7243822	-1.8400173	-0.08452053	-2.0509367	2.095186	0.79240346	3.3936768	-2.91711	0.7315659	3.0685093	-2.611126	-0.3529687	1.7510929	0.91217977	0.6372551	1.9363859	-4.3221335	-3.1754563	1.6293262	-4.1766	-1.9457957	1.3775005	-1.849872	-0.377042	-0.7734887	1.030861	-0.102541946	3.6657386	5.4998193	4.7502275	1.3707244	4.5081134	3.9008079	3.2612453	-0.8202042	-2.6449797	5.0035515	-3.3122756	1.1696119	-1.0283583	1.7162805	-0.1849083	-0.7022213	-2.7288914	3.6870513	-2.1027927	6.5582433	1.2608339
4S-hydroxylysine	0.2769535	-0.53830993	1.071009	1.2151619	-1.4815506	4.227438	-0.34120774	0.042591866	2.1138103	-2.969243	-2.9507825	0.51093656	-5.702076	2.7464597	0.050504852	3.8609064	-1.0155488	3.5926757	2.759329	-0.31078276	2.2381318	1.252028	1.9101052	-1.8527896	-0.14323455	2.812001	4.835117	2.7687647	3.8828752	-0.42194927	5.1242757	0.8485738	-0.7535946	-0.24680977	4.1728463	0.9747555	0.43249896	7.208708	1.6329467	1.8750012	3.2787569	0.7249253	9.0610285	-0.64143014	0.18382521	-0.68089294	-0.075504005	-0.23479146	3.7718604	0.4003051	4.393063	-2.7036452	1.7789576	1.1649022	-3.4014006	1.993713	3.3492532	3.5603895	-0.9250161	-2.6403112	-2.0178661	-0.61990607	-2.3981707	0.017179403	-3.6843052	1.3122604	0.48874792	0.25104392	-3.6876109	-1.808501	2.9802117	0.44521013	0.4055411	-1.6163448	-0.18119684	0.9532368	0.19843112	-3.0400717	-1.0555222	2.1069822	2.0243082	-6.7708874	-0.56351465	-1.5278059	2.4518218	0.4692384	1.4082253	4.02748	1.2710412	3.984326	-0.061173998	2.450583	-0.59173113	1.5215375	1.1065522	6.9699626	-2.0949233	-2.4390612	0.6570247	-1.8023045	-1.8237134	1.5735587	-0.83893716	9.061029	-0.18341132	-0.07872033	-0.7601556	5.147731	0.3845601	2.420338	3.9282272	-2.6657567	3.0151868	-4.289689	0.6122656	-2.5071526	2.255304	2.0710132	-1.258413	-0.58888453	0.51527727	0.016617924	0.2032162	4.347757	0.6976555	1.9772507	1.2030556	4.6644173	-2.3573194	2.730437	-3.0449388	-4.1776495	-0.927945	1.8702279	-1.5222842	3.2192736	-0.49529457	-2.3303308	-3.404191	2.0390594	0.22147316	1.7146482	-1.6609592	2.2258198	-1.7065166	-2.9085336	-1.2067842	4.60298	3.5018682	2.6465895	-0.7152699	1.6296939	-0.90252894	3.75752	1.4400206	-0.39297244	-2.8722663	-0.4109426	-3.416696	-1.7072282	3.4006615	3.8298948	-3.848967	-2.2550478	-0.7061395	-5.270641	0.94839066	2.1724703	0.47553688	1.1782591	1.8852186	-3.8904533	-0.7514404	-0.0946195	3.2067409	4.5252986	0.7515532	4.009931	2.3276715	0.34965742	3.067406	2.6604404	-0.54918337	-2.5243208	0.049192805	2.1044407	-3.0652118	2.2180808	-2.0842628	1.596662	4.035805	2.2355597	0.22419718	-0.31794092	-2.1958609	0.312379	-1.3221749	-3.1611516	2.6754608	1.1724756	-2.2095826	1.1306818	3.454393	3.4836872	-2.122869	2.0278065	1.2133684	0.1264887	-1.4881319	-0.8543616	0.49163416	0.44439468	0.42115483	-0.22824524	0.21989466	1.5026672	2.145984	-3.9895036	-0.6803252	3.4811027	4.8849845	3.115915	-1.1704041	-0.13431384	1.6827197	2.329226	2.2179232	-1.4762466	-1.2360443	1.4054046	-0.26276374	-1.643768	4.0624404	0.86453074	-1.3577014	-2.4074442	-3.2925892	-1.8850324	-3.822661	-3.5410101	-1.1265745	1.8941612	0.55022913	1.984627	-1.0071683	0.28045925	-1.503932	-0.22095977	0.22642002
4S-methylazetidine-2S-carboxylic acid	-0.9572569	1.3323752	3.1375782	-1.268173	1.4887582	-1.2922469	1.2616606	1.9572865	3.1083496	-3.4314413	-1.4717499	0.9707546	-6.0370016	1.6564199	-4.360386	0.62425023	-0.95836824	1.1135798	2.907827	1.0697609	-0.34601253	-0.13232051	-0.40604284	1.5386578	0.52697253	1.6032194	3.9892306	4.5463614	1.1976337	1.0122609	2.0567698	0.79207295	-2.059156	0.3552697	0.2699449	-0.1990852	0.20677997	-0.370516	2.5755305	1.1903913	-0.58146584	1.2244627	-0.6841452	3.8132968	-0.33271065	-2.0266616	0.19393773	3.9689753	4.329474	0.9114831	1.8379366	6.739698	-1.7500839	-1.1244746	0.61104447	-5.232865	-1.1722565	2.2919018	1.5768023	-0.89023983	3.1808047	-3.0371609	-4.962271	-0.9685463	2.978683	0.22845663	-0.12384948	3.4326982	-2.7949467	0.98498064	1.5432448	0.13360696	-0.5655557	5.675343	-2.2830634	3.4224868	-1.9191047	-0.23967634	-1.8603565	-2.6123495	1.4074552	1.9727705	-3.769853	3.3612266	-1.9434184	-0.13177802	1.4991978	2.3067493	0.10461369	0.7621355	2.5693207	1.6869043	-1.7553533	1.1276233	-0.7367296	0.5988351	5.241146	-3.9900043	2.959446	7.718859	6.0274925	-0.47969702	10.3555975	-0.18341132	10.355598	2.5573032	7.2426963	-0.4242167	-1.2009324	-0.46774936	1.2030598	-1.4502449	0.21654569	1.6831023	1.251463	-2.714172	-2.533942	-0.97861236	-0.37568524	1.0079595	1.4964536	2.5359743	-0.31958014	2.251286	1.3260711	-0.5861217	-1.0181844	1.6947185	-3.8532143	4.4059443	0.73234916	-4.913748	-0.33973253	2.7558212	-2.2119136	-2.3302517	-3.6055744	-5.695487	-3.1398776	-0.46259835	-3.2725883	-1.0646508	-1.4289876	6.6965637	0.50010306	-0.7462786	2.4142218	-1.1613237	-0.5312879	0.3276501	0.3456924	-1.3344326	-1.448402	-3.921825	3.675739	-0.5164937	-4.218881	-2.7454228	-2.692553	-0.27270642	-0.75382555	0.5344026	-0.9542299	0.34883493	1.9462905	0.5840172	1.1627933	-0.93379664	-0.22398862	-3.2181363	1.7280443	-1.307989	-1.1412958	-0.032278698	2.1923366	-2.679474	-1.4024038	3.0137215	6.4633136	1.2031552	2.6768546	1.2272648	0.6894414	2.843311	1.4855726	4.5189495	-2.6729085	0.11853538	-4.8122416	-0.8780436	0.74453944	-0.4070464	1.4315305	0.5377808	-1.6084222	-3.911222	-1.9887819	-2.0388343	1.9138681	0.022873707	-3.045321	-1.2165422	-1.274338	-0.35286546	-3.4900782	1.4940064	-0.11589553	0.60047483	-2.4404633	0.34176654	2.3379436	-1.8034562	-0.23505771	2.0645633	-0.48889932	-0.60423034	1.1611239	-5.2655787	-2.4883778	1.079332	-3.1537974	-0.50184315	4.052863	-0.2917126	-0.16452537	-0.022495784	1.3673615	-0.46340346	5.276846	2.1280863	2.670132	3.586605	3.4145503	3.7633915	0.69102657	-1.1296575	-1.0132624	0.5350911	-4.0865245	0.13574071	1.1784275	-1.3677238	-0.07044012	-0.4829712	-2.316347	0.22046724	-3.4048326	5.9850607	2.521611
4S-methylproline	-2.6004858	-1.1204692	1.2222849	0.36701623	1.3959743	-2.0133593	1.4446526	1.947741	0.86117715	-4.686573	-5.350148	1.1266683	-5.2090073	-0.12658314	-5.521636	-0.68400913	-1.8582853	1.198515	-0.7189512	-0.42266646	0.16809416	-0.3349291	0.6760604	4.1619554	1.0399015	2.0684395	1.5856987	2.6721632	-4.480001	-0.7310791	1.9400839	-0.8299631	-4.211996	0.4450353	1.1005011	0.22044054	3.1625836	0.2613568	1.8234752	1.5190593	-0.8587135	0.5851548	2.199796	0.593699	-1.8138671	0.64709276	2.3257935	0.14189827	-1.3746629	-1.3969979	0.46557927	4.739734	-1.3944314	-0.23667827	-2.2514567	-0.62187165	1.828235	-0.7963298	0.47242796	-1.8132603	-1.647363	-0.9001115	-3.1677055	1.131318	-2.0471585	-0.51705647	2.547854	-2.3595872	-1.7480574	-0.116618596	1.7613907	0.10587881	-0.57888234	-2.3872805	-1.7955773	0.24468105	-1.08011	-1.7883971	-0.7293641	0.5121917	-2.3477955	-0.48072082	-1.0568864	-0.05963561	-2.026375	0.824138	-0.22842671	1.1903465	0.77377117	-0.3114801	0.63348556	2.0386455	-0.5613726	-0.5937236	3.009555	2.2942936	2.9318807	-5.2706	2.239422	5.7520137	4.8133736	-2.0802405	1.5620548	-0.07872033	2.5573032	6.6847463	6.6847453	2.1010702	-2.750292	0.81254035	0.9563301	-0.6440117	0.8727731	5.2244816	1.4522583	-2.5266137	-1.0565848	-0.907015	-0.42085624	-2.6165283	2.8479774	0.5557351	0.25039002	1.5192076	0.712173	1.2479355	0.37378392	-0.43747845	-1.3758968	0.6545152	-0.47924703	-2.798843	0.27996933	0.40666223	-1.6001822	-0.87570965	-2.588179	-1.5983998	-3.0038593	-0.5856984	-1.581937	-0.0998631	-0.21970098	3.2286692	2.240118	0.5797543	-0.5803458	-0.27354094	-1.5742496	1.8633626	-0.15907447	-2.4939609	-1.9942561	1.0930935	-0.40518197	-1.4043897	-4.1893206	-1.9511887	-3.3449948	1.6391181	-0.7260812	0.0061522177	-2.2148054	-0.32839334	0.9781667	4.3714094	0.57534456	-0.60780746	0.19881149	-1.4892527	1.0193032	1.0750107	-0.10831195	-2.0843382	1.3185838	0.30643687	-0.9765705	0.26558408	-1.4220129	0.42770126	-1.0529169	0.6075961	-0.34540492	0.2132839	-5.2147064	-6.228072	1.1552314	-1.9475124	-2.5238876	0.084758624	0.71627545	-0.30153304	-0.6729246	1.449	-2.6840158	-3.002815	-3.3292243	0.13573314	1.0835836	1.2318445	-1.1243491	-2.3776083	0.01756112	-1.0141628	-2.817661	1.7014304	1.2062644	2.029627	-0.9161837	1.5761998	-1.0407007	-2.8928323	-2.9190118	3.9106123	-0.8480056	-0.19842438	0.9747463	-4.6406097	0.06421413	-0.15244941	-0.4268565	-1.7217604	2.254299	0.010064271	-0.398748	-0.93531877	0.27633002	-1.9507649	4.6337557	0.92144305	-0.069621354	5.6742496	-0.0753973	1.5956035	-2.2915337	-5.598794	-4.268782	0.07086226	-3.5805724	-6.726615	1.5276785	0.3242762	-1.3303183	0.5850843	-0.60903317	0.7914617	-3.1249607	-0.73734987	1.5640599
4S-propenylproline	-2.6846383	-0.052538317	2.9723465	1.4015704	0.13231865	-0.23079647	1.6540606	0.07157551	3.5397632	-1.5927539	-1.7175596	3.444792	-8.925381	0.88730514	-3.5594738	1.0537938	-1.4354415	-0.0030823844	1.7882868	2.3785791	-0.006607109	-0.43543202	-0.5914959	1.8444583	2.2333305	2.9107404	2.4350452	2.543178	-0.67254674	1.124054	0.64084744	-1.1119366	-1.8894136	-0.73429203	0.4055923	-1.2993065	3.1330893	-0.9627045	1.0526949	3.448233	-0.36360916	1.6637356	4.8765874	0.49079734	-1.8384534	-1.9309458	0.33258155	0.28827578	-1.996439	1.8083222	1.1588169	6.6155567	-0.9201985	0.39098585	-4.105705	-1.26114	0.13800927	3.9610627	0.5861944	-1.0542144	-0.14218281	-3.2859268	-2.980874	-2.0458164	-3.100715	-4.811893	-0.23897	-0.57761323	-4.5595355	-1.5437831	0.85945743	0.40687796	4.061152	2.829414	-2.9965112	1.0775144	0.05430891	-2.565157	0.16186623	-1.4602731	-4.0288415	0.029697096	-2.580025	-0.56994385	-2.9856603	0.83041614	0.6529808	2.9404933	-0.41615602	-0.25081134	2.3714538	2.7062042	-2.5463068	1.8151723	0.7706565	0.51260763	3.7237022	-3.9482985	3.8857563	9.08426	4.2935214	-1.9491547	7.146144	-0.7601556	7.2426963	6.6847453	9.084261	1.8407302	-1.2253232	0.22579868	1.7266444	-1.1676133	0.5962557	4.230737	0.7358735	-1.6730044	-0.96460205	-1.7426316	0.15260711	-2.0379999	5.02082	0.19301377	-0.6954683	0.6364469	0.8921327	-0.55180275	-1.1797539	-0.8180521	-2.8504126	-0.26531982	0.6602303	-2.659961	0.22465749	0.7843553	-1.8179355	-2.514016	-3.527322	-6.865366	-7.8509927	-0.6174986	0.8019971	2.9539669	-1.4717144	3.3765543	1.087287	-2.6215017	-2.3877335	-0.58340895	-2.3928883	-0.0870367	-1.2625066	-2.2968485	-3.6562877	-2.386943	-0.08546188	-1.3465645	-5.622921	-2.6306012	-5.5131416	0.24660686	-2.441558	-0.9060194	-4.85518	-2.104702	1.6478275	5.0618415	1.341808	0.26384425	3.2039437	-2.9574714	2.1486428	-3.3681018	-1.6632982	-2.602942	1.2888516	3.5673802	-1.8524741	1.0749121	-1.0193758	1.2015415	0.7814018	0.43933266	1.8536382	-0.98740435	-3.4102855	-0.4747378	-0.3018344	-1.6992416	-2.174966	1.2170486	0.9499599	-0.64464444	0.2035836	-0.25880212	-3.3321795	-3.8251448	-2.622691	-0.5235752	2.222342	0.82814604	-3.3714814	-0.5702092	-0.21772748	-0.108611986	-2.511708	0.7990174	-0.39880347	1.8440775	-1.7309788	-1.5171545	0.12584157	-3.3790963	-1.8694577	1.6682007	2.0957966	-0.7099744	1.1900259	-5.834397	0.17510784	4.0085707	-3.5212216	-2.560097	4.2034607	-1.4955205	-2.1800137	-0.39749599	1.1576909	-0.35726762	6.1598306	1.9077749	5.7628064	4.7561264	2.3146224	2.5127842	-1.8791653	-7.4702005	-2.9093394	1.8124585	-3.9318357	0.32290325	-0.6316455	-1.0988634	0.2594816	-0.024257425	-2.5469387	0.5590661	-3.2076368	0.46226996	-0.8180555
5,5-dimethylpipecolic acid	-2.819942	-1.3701777	2.8745987	4.023924	0.49636537	-1.1343701	0.15754572	2.3635886	3.1592963	-2.7930315	-1.709609	0.2964346	-4.027545	0.50419295	-3.6743777	1.6219988	-1.8358694	2.5589492	-1.4661924	1.345055	0.9078323	2.4119406	0.8653665	4.0149055	3.393279	4.244719	1.9041157	-0.46777436	6.0163474	1.8049465	2.1024337	-0.87862337	-2.6927216	-0.66874063	1.7208271	-0.9716293	4.4294367	8.172906	2.3924818	2.4888453	4.832779	0.4462335	0.6596732	0.8030938	-1.1274534	-0.9588264	2.4071097	0.36919063	0.75140685	-1.9475571	0.7250499	0.5653025	0.23645216	-1.265566	-1.6125673	-0.6193776	1.8418692	3.7677028	1.438076	2.4922652	1.4153912	-2.4078696	-1.5933616	-1.8552341	-2.0073068	2.986133	-0.9357502	-0.27016327	-1.1366801	-1.2821097	1.8671873	-0.42760715	3.21825	-0.6274349	0.48539636	-0.24883176	0.90435433	-0.8638562	0.54017556	0.2777959	-1.4379661	-5.7236314	1.3740408	1.3591542	2.951298	2.7755666	-1.6726706	3.7457318	-0.6242147	4.005249	0.865897	5.473061	0.29190272	1.7131855	4.451053	6.9305177	5.674832	-2.8448324	1.2502302	-0.3088253	1.94135	2.6159565	1.9938128	5.147731	-0.4242167	2.1010702	1.8407302	8.172907	-1.335415	0.7553192	-0.1149265	-0.29854745	2.9708166	-0.2196032	1.5217826	-1.3342637	-0.909142	-0.9842827	-2.3884723	2.81004	5.055588	3.3055995	0.15591793	1.0257182	0.70161116	0.21645625	-0.96077013	1.2429422	0.08594729	0.3636754	-4.229162	-0.22735819	2.0809932	0.4224653	0.47338936	1.9917886	1.7598932	-2.4794729	-4.341183	0.3576471	-2.523854	1.7150601	0.2793304	2.6315815	2.338892	0.1817485	3.1646364	4.1844077	6.0305114	3.3534749	0.6201558	0.44670725	-0.43035784	-0.04460254	1.0484914	-0.38547394	0.24797633	-1.1692284	-3.1424901	0.5680156	-0.52036786	0.307479	-3.3790672	-1.3278334	4.4295454	-2.1435704	1.6761816	0.9573364	2.5300786	0.40260717	3.0671947	2.0129771	-1.2447947	-0.43302706	3.5235863	-1.5527713	-0.91746855	2.9314604	3.5649867	1.5528463	0.11639713	2.0342662	1.487477	-0.8811611	2.5956974	5.7893553	0.2871059	-0.8131141	1.1990058	3.1426554	0.93751544	0.7390968	0.18803188	2.9731312	-3.9048119	-2.457685	-0.4465069	-2.2109425	1.5229344	0.16693382	-0.50682884	-2.6302643	-1.3103276	1.3445072	-0.9864923	1.2665472	2.322469	2.7764587	-1.2247347	0.34007064	1.05587	-0.23962541	0.4621572	1.983029	0.12746002	1.2412176	2.8278391	-2.7368002	1.1490834	3.417436	-0.14763722	4.2621775	-0.52710855	1.4360377	-0.31322825	1.8125994	2.1114519	-0.58264244	1.1144075	3.0577939	2.922381	1.0811633	2.7580957	0.68366563	-1.2247714	3.686532	-1.4171795	3.3734653	-2.0833204	-2.8341167	-1.7084357	1.5086191	0.8207251	1.109008	-0.7504211	2.338344	-1.4652796	-0.5819179	0.85863847
5-aminolevulinic acid	-0.6455745	-2.4422174	5.239983	5.168476	4.661919	0.044657513	6.192406	-0.016645607	3.3041477	-4.768354	-4.619159	4.429861	-0.19636405	5.1729064	-3.235636	6.9177995	-0.29620528	2.6483033	6.5608983	2.133571	1.3052044	3.2864537	2.570733	2.0464778	2.6292632	3.804784	4.8024716	2.206304	-0.4289798	6.766122	2.11091	3.6640222	-2.3686092	1.7223861	1.2692484	-0.34278142	5.767228	3.649323	4.162159	1.6907789	4.1849194	0.63851106	6.252646	1.9394084	-3.7606153	1.6396437	-2.3487515	3.4521816	8.166298	-3.1501231	0.08998982	-2.2319598	3.3482485	1.3833675	1.185493	-2.237795	-0.4094939	-0.049701918	0.06478619	5.9063725	3.482796	-1.8085009	-2.6164818	0.373866	-1.1184714	-3.5160618	-0.39634502	1.0069643	1.4243633	-2.0690057	-1.4561003	-2.4789762	1.4443626	0.21310472	-0.3620132	6.892764	3.1149082	-0.53039515	-2.9492743	-1.3150711	1.351852	-0.7351329	0.40424618	1.6499282	2.2348843	4.5691953	1.6676869	1.8446687	8.719848	7.37407	5.3521667	3.337526	-0.053037945	3.6871643	-1.9278295	-0.6171869	-0.17443097	-1.6861556	0.03626293	-0.5932331	0.17182036	0.91763145	0.6510768	0.3845601	-1.2009324	-2.750292	-1.2253232	-1.335415	9.377882	6.480568	2.2258651	-0.8050369	6.6061606	-7.040015	7.2702613	5.2928267	6.269313	-1.4182665	-4.244967	3.7784536	1.8723664	4.5442853	-1.9996991	0.5371507	1.091091	3.450365	1.5958551	0.08186431	5.6000724	-1.3071718	-5.5497103	-0.66415185	0.9281856	5.705263	-3.1273835	-3.5705476	-2.602155	-6.18254	-2.8506064	-0.667888	-4.5713954	3.4744706	-0.5121957	0.7454679	5.6716623	-3.2734606	-2.6558418	1.3904428	-1.0475217	-1.4451464	-0.5787023	3.61738	-1.636921	-0.058753606	4.4852695	-2.7496083	-3.48902	-2.8852916	-4.907627	3.13647	-0.16961302	0.43310577	-1.4339931	-1.0634127	2.6416585	-7.51034	4.906334	3.2956612	0.3798068	0.25213778	4.548164	-6.846372	-4.721232	-1.2671746	0.95178336	-0.95072085	9.377881	4.423836	-0.4474506	3.8858645	-1.4564433	5.932875	6.5553045	1.4437745	-5.5928946	-4.8490424	-0.38840392	2.4294977	-2.7542236	-0.15813848	2.3687928	-3.592476	3.611474	1.2432725	-3.0973294	-1.244534	-3.4940474	-0.8991139	7.5695887	1.9440204	-0.32431665	-0.5350323	-2.1155417	2.7208424	-1.8742576	0.1707053	2.0234954	4.864727	-1.7938657	6.491667	6.0623837	-2.9784636	3.0640771	0.8722947	2.3721092	4.6071634	-0.046808273	-0.5094751	0.16464362	7.758971	-0.6033391	2.7402594	4.6943913	-1.1467017	2.5724847	-0.9394704	6.0189915	1.7088304	1.7145762	3.5785668	2.2732139	-3.8678482	4.0976567	5.062355	2.7839956	1.7921962	-5.2007318	4.0255227	7.9406586	-4.297486	-3.38907	7.3880076	8.484522	-0.10422346	-2.0012956	6.332828	-2.7710817	0.61090165	4.791442
5-chloroanthranilic acid	4.2835994	-1.9786737	5.4750023	2.1081336	-0.08699798	-2.198749	0.28029782	0.0355953	3.2371795	-3.5703328	-3.5488904	2.9999595	-2.601063	7.250201	-3.475856	4.3157744	-0.4712676	2.258756	8.505563	2.849304	2.333498	1.2891252	0.91256326	3.0131392	5.495155	3.4729993	5.40414	4.5041213	-0.9746557	6.496983	2.211388	1.8995298	-2.4351532	1.7991959	4.366953	1.6699132	0.15841901	0.08454609	3.7055256	3.6734252	2.3787787	0.99730974	3.0779111	1.6973836	0.8040882	0.95806503	-0.5163381	4.01994	4.767361	0.086959265	-0.4525557	0.023700397	0.79666096	2.8852541	0.040095553	-1.0670813	-0.43275797	2.2125926	2.3395343	-0.7521923	2.2216668	-1.0247482	0.14010188	4.9777594	0.9897348	-0.84504205	5.3434024	1.2660102	-0.6687355	-1.273488	-0.80526227	-1.9572499	3.662959	0.27814615	-0.5613404	5.1157784	1.5150219	2.3648777	1.9016143	-0.49688184	-0.2625343	4.540058	1.3591683	6.275825	1.0754309	7.3903313	1.6333661	3.828392	3.2906013	2.6374238	5.727117	2.3187177	0.6813857	2.2128975	0.10074756	0.14218742	2.421328	-2.522683	0.741252	-2.724962	2.745101	0.091572836	0.25020742	2.420338	-0.46774936	0.81254035	0.22579868	0.7553192	6.480568	8.790787	0.6096363	-0.21805435	3.6508236	-3.8210697	2.8822544	4.702767	5.865156	-0.045586858	-1.6276313	0.4993439	6.549193	2.8174608	-0.48035654	2.1009002	1.2730439	-0.08674338	4.7284718	2.4552803	1.3474616	0.66059923	-0.5653844	-1.7195867	1.7021775	3.0682344	-1.6092144	1.4356903	-1.954839	-0.2223739	-0.2742209	0.7855768	-1.0150206	1.3860039	-0.14160244	-0.5997196	1.4169414	-2.8445258	0.6194808	3.7579038	-0.04534369	2.4452705	0.81545043	5.2052636	-0.3687743	-1.1107272	6.1769395	-1.0455921	-1.5148574	0.91058326	-3.7505145	6.528388	1.2316635	2.7710001	-0.1402494	-1.8537191	3.6945598	-3.8590853	4.2231255	4.1021276	2.0947444	-1.7441714	3.8777387	-2.4228127	1.5861284	-0.054802816	3.3801608	-0.5490008	8.790786	4.661797	-0.0432464	4.7822804	-0.30572188	4.73172	4.5611	-0.4114344	0.069002494	0.21517506	0.27904922	1.8902304	0.64749604	3.0831664	3.3739383	-0.89834505	3.1068592	3.5668297	-3.3303225	-2.4263957	-1.0314162	-4.0147266	5.630725	0.4864422	-1.6540961	-1.3766305	2.671818	2.4071207	0.25630444	0.9064848	0.44949877	2.6140594	-0.047203697	3.3600996	4.789791	-1.899259	1.048547	1.9303968	0.20070972	4.2541494	0.38131112	-2.5205414	0.12199948	5.231156	-0.5536984	4.4555306	4.431251	-1.324475	-0.82492363	-0.59879386	4.4729514	2.4501066	-0.9570574	-3.6046236	2.9775636	-1.1719033	3.4175885	4.566863	3.095245	-2.2373235	-5.7430363	4.525409	5.957784	-1.7780068	-0.5746952	4.0788326	5.1714115	-0.026602214	1.8918684	6.521309	-1.3184377	1.6468794	0.3409639
5-chlorotryptophan	0.16831575	2.1500602	0.7625886	-1.0172029	-1.2762094	-0.069750346	-0.2770458	-0.15015174	0.4864994	0.18628973	0.20386977	0.26939967	-8.003039	0.21132314	0.07224411	0.50595206	0.26972264	0.9652551	1.7982148	1.2303241	-0.10710913	1.310413	0.45076206	-0.46665514	0.7413331	-0.28076637	2.5123234	3.2218385	-3.7024264	0.45146534	0.6234421	-0.7450346	0.24561813	1.5312879	1.9849218	2.770268	-0.0061667766	1.1017799	1.6338872	0.5117827	-0.72865725	-0.01676894	5.794218	-2.744413	0.30417225	0.35102916	1.0171001	0.10076751	-1.5140309	4.6620927	0.29473934	0.7310002	-0.79204494	1.2157999	-2.9100573	2.796939	0.9353508	-0.46720994	0.17313509	-0.34846687	-1.2899039	-0.1276398	-2.346235	-2.1494908	-2.5577073	-3.7534351	3.1886446	0.16282403	-3.037251	-1.3036665	0.16968338	0.07533101	-1.1069975	-2.3354378	-0.82350355	0.25155255	0.1080333	-2.6234956	2.328089	-1.0979065	-2.203045	1.3850794	-0.563834	2.130204	2.0714471	-0.53565454	1.2568445	2.315617	0.7343815	0.48602584	0.12542735	1.4206301	-1.527773	3.3097692	2.5136597	0.3959631	-0.024451705	-4.168504	1.4170724	0.5098992	0.46289468	-1.0264398	0.76568574	3.9282272	1.2030598	0.9563301	1.7266444	-0.1149265	2.2258651	0.6096363	7.9785466	-0.4428175	-0.40346262	-3.161524	1.9560605	-4.2305465	-3.006783	2.639292	0.12812698	-3.1306005	-0.95727193	-1.5821471	0.8486481	-1.2607607	-1.2500534	1.9043932	-1.3313129	0.5133655	-0.4433854	0.98619556	-1.6293752	-1.383834	-0.19367705	0.7579818	-1.7730931	-0.11459636	0.4647313	1.2140625	0.70976853	3.4348707	-1.333843	1.8781526	2.9796762	-0.89659655	-1.9436651	0.9909978	0.25826812	0.049083702	3.3664865	1.157674	0.4517307	-1.4677261	-1.0635849	2.0703487	1.698853	-0.026897123	-2.7182462	0.56436056	-4.3105006	-1.485602	1.7170558	1.4228836	-3.1833527	-1.5429003	-0.88677067	-3.06433	-0.3988167	-1.4875404	1.0064824	3.724641	0.118745014	2.1741877	2.2763524	-2.2112045	3.3178303	-1.9596033	2.012387	0.32224014	-0.43501857	0.26807296	-0.15411022	-0.1953404	-0.39042524	-1.4745575	-5.565291	-4.0837884	1.2784784	7.9785457	-2.5109205	1.0673475	2.3821182	-0.8475346	-0.25911257	-1.2782661	-1.8967568	0.375072	-1.4932835	-2.2681737	1.5698749	0.1293286	0.26968554	-0.69169384	3.6130023	0.3941961	-0.08247048	0.49808344	1.6370237	-1.2412981	1.410556	-0.72273374	0.18720506	-0.33026713	-1.6678752	-0.28707433	1.0912892	0.7285244	2.0723612	-6.7895393	0.5542878	-0.1075237	2.1192155	-2.1833963	-1.9779395	0.7970717	-1.090944	-1.1728213	-0.3403209	-1.4526718	0.1602061	-4.2372084	0.78263754	-0.38632464	0.6220772	1.0473346	-0.9185295	-7.2355647	-4.63356	-1.8587104	-4.0171514	-3.9490223	0.88117766	-2.0712845	-0.022077372	4.4599295	1.1208316	-0.123974405	-1.5279009	0.11116292	-0.9921983
5-methoxytyrosine	-1.2488847	-2.4592767	-0.3762237	1.2529941	-0.46996063	-3.4810715	2.0196981	-1.0381274	-0.43806738	-6.810919	-6.7693067	-0.8629349	-4.049713	1.7872378	-2.5753582	0.45336798	-0.50060225	-1.3652546	-1.7815454	1.440629	0.8327699	-0.7983175	-1.2101191	-2.9135795	0.12638374	1.8970748	1.0152869	-0.24212138	-6.6433935	0.6890888	-0.6256332	-2.6894372	-6.767564	-1.0142239	-0.5165858	0.040727105	0.7585173	-2.228948	-1.1111562	-1.4453841	-0.6208227	-0.20243798	-3.4149294	-0.736275	-0.36042273	-2.9679494	5.59687	-0.04968371	-1.8219788	-0.9529089	-1.1007143	-0.12500328	-0.7078989	1.2798725	-2.6384907	-3.7210467	1.298464	-0.46035725	-0.41846758	-1.1753001	-0.27408254	4.404966	-6.4662924	0.06913563	2.1695604	-3.4164402	1.5767643	0.9224535	3.699962	-3.8111727	-0.19476476	3.959387	4.6535325	-2.6143188	2.3637154	-0.32478508	1.6281936	-3.9173665	0.4975457	4.1658363	-3.0654514	-5.359917	-1.0406014	0.7818994	0.70086735	-0.16256365	-1.8433492	0.3480728	0.43959773	-2.029068	1.8292332	1.5870507	-0.14453259	0.008779065	0.6185922	-3.0168433	-1.8842618	-5.1759152	1.6593969	-1.3570601	0.124483734	-1.0721097	-1.9917501	-2.6657567	-1.4502449	-0.6440117	-1.1676133	-0.29854745	-0.8050369	-0.21805435	-0.4428175	5.621031	-1.8583969	-0.20906727	0.5292268	-2.633051	-3.449644	0.81496876	2.9144642	0.14058262	-0.548184	-0.11218424	1.0249417	-0.59058005	1.8438473	-1.2231647	-0.74942195	-0.7631872	4.954156	-1.2911836	1.7897837	4.619858	1.9643883	-0.12379317	4.2846084	-1.7049005	-0.23476732	-4.5582433	0.07802912	-0.49622828	0.5454463	-0.7579811	2.4862874	1.0006217	-5.301703	4.881467	2.3256803	1.039418	0.5813172	1.9753896	5.62103	0.66291255	1.4938815	-2.8891976	1.7755675	-0.486971	-4.66689	-1.9118675	-2.8325934	-0.5107737	0.39197406	0.024206895	-3.8610415	-2.702192	-0.22765459	-3.5980422	1.8384544	-2.1180844	2.3385756	1.7193	-0.08802333	0.5940783	0.13648263	-1.6425538	-0.34886295	-5.3539767	2.9216323	-1.3270916	-1.8833827	1.0131087	3.3231885	-0.6991387	1.0508189	-0.76258636	-6.1760664	-7.667804	0.68528974	0.5124283	-3.6869788	-0.35365716	0.83516395	4.084521	-0.6734899	2.8124745	-3.785446	-3.2359095	-3.2728562	-4.374464	0.3492288	1.4307553	-0.582426	-1.7576703	0.8830614	-1.2316886	-0.5176043	1.1351528	0.4542297	-1.114509	0.60937613	-2.3872993	-0.7035843	4.0104427	0.36727062	-1.3966597	-0.5370219	2.2163548	-0.27553296	-4.666088	3.0476253	-1.1234509	-0.08189277	-1.86231	-1.0170009	1.6632022	-1.7237272	-0.028674861	2.0580761	1.6477225	0.34587312	-2.5930471	1.4188961	-0.75142777	1.1262699	-0.49137458	-2.1484437	-1.7006861	-5.813048	-0.24113375	0.8671158	-5.30994	-0.9287037	1.0739474	0.33111304	1.7245069	2.041142	-1.5522233	-2.7046254	0.6308485	-0.24793635
5-methylorsellinic acid	-0.009102044	-1.4114405	5.5749373	5.512231	2.25392	-1.1256094	2.1613636	2.4563978	5.442045	-2.711102	-1.2179681	2.6723685	-1.9587429	3.8526585	-3.4888692	3.0029783	-1.8593389	1.8245623	6.8988132	1.3425543	2.3104355	-0.15236437	1.7588	6.1005545	3.6744652	5.9896364	3.9771197	3.9502792	1.2313838	4.447527	2.0943832	0.64705634	-2.3521743	3.8053503	3.8229854	1.7297959	1.1773986	2.8151991	3.5985174	2.9744933	2.5574644	3.3356981	0.3655734	2.3030844	-2.8980858	-0.3927734	0.8773824	1.9081149	4.4997644	-1.777538	-1.3520567	0.4092648	0.18036535	1.2169108	0.56862104	1.1005746	0.68698233	-1.6373895	2.8748856	2.6495128	4.117011	-0.6252582	-3.6811042	1.6559436	1.935636	2.9735446	0.26911148	0.8671096	2.4336548	1.441003	-0.44543415	-0.17436633	1.9157829	0.1368939	1.083687	5.0216384	1.3726712	2.4202774	-0.7436445	1.9040722	0.85448927	2.698252	1.571113	1.0805666	0.9075408	5.013843	1.5178872	3.5639772	3.1396701	4.472014	5.322754	3.1166403	-2.4383569	3.3457277	2.173218	1.8383855	3.3716578	-4.317347	2.016	-1.4442347	0.2625176	2.2114358	3.2194977	3.0151868	0.21654569	0.8727731	0.5962557	2.9708166	6.6061606	3.6508236	-0.40346262	-1.8583969	8.376453	-2.0223598	3.2150779	4.595644	4.9912844	0.6727743	-0.1723171	2.8816273	3.2340434	5.00301	0.8866706	3.331108	1.8449614	3.918421	-2.1124363	1.3478491	-0.7235369	-0.49794382	-2.383323	-3.8887057	3.7638714	2.1054196	0.12936568	-0.5585461	-0.9957462	-3.4353616	-2.7071972	-0.35032392	-1.4230274	0.7798192	0.5761809	1.2285761	3.8656046	-1.4965596	-1.6186186	1.9867568	0.69211733	2.0366335	1.4451823	4.938268	1.083073	1.0000839	3.2774024	-1.4851425	-3.4643004	1.607121	-2.9543755	4.292911	-1.62791	-0.83435535	0.50703347	2.0954597	6.7203493	-4.0903172	3.1528077	1.6343094	1.439372	0.038256764	7.0111856	-2.1957645	-2.2263963	-0.6226885	0.71777457	4.224346	5.4360895	3.785448	0.06198924	3.2067842	-2.4764616	8.376452	3.2884853	2.029835	2.3416443	1.3688042	1.5634772	-1.2846588	-1.4293106	2.5919993	2.0801785	-1.803132	4.206418	1.8424357	0.8743347	-1.2274591	-1.4120414	-4.6186066	6.177005	1.4741889	0.7188515	-2.3506587	-0.9058566	1.1839272	-2.747222	2.5227337	3.4617038	1.3321682	-2.5243597	-0.52039707	4.3895826	-4.537091	0.03314229	1.0784965	0.9893913	1.1103152	1.7901303	-0.42308444	1.572193	4.891434	-0.83552754	3.6127467	7.192982	-0.46608362	-0.2217706	1.024163	3.1548092	3.7106302	0.63881946	-0.30287522	6.564227	-0.45463288	4.3723354	4.5193787	1.8731686	2.7866764	-2.6311002	6.2107935	0.30745283	-3.3639357	-0.3048209	2.5373526	4.2381244	0.16584347	-1.9419813	8.173397	-0.22000796	1.9413899	-0.8855679
5S-methylproline	-5.283747	-3.527736	-2.3982158	4.088229	2.626742	-3.0079243	3.22637	-2.2711508	-2.1192982	-0.64278346	-2.3488145	4.5191164	-7.650355	-1.6777935	-5.742493	3.5511801	-4.2093205	-3.122207	1.7014102	0.5544022	-0.8464628	-2.905368	-2.0112183	0.96353555	-2.0727081	1.4115797	-2.1886008	-1.2764401	-6.1909933	-3.5218894	-2.3184566	-3.6517513	-3.0655336	-1.6571958	-0.98622113	-1.0247172	-1.549992	2.3998108	1.4712579	-2.698843	-1.309536	-3.2334726	-4.4699073	1.7965581	-3.2928054	-0.15182903	0.33467528	-1.7994429	-3.849688	-3.653166	-1.0127276	4.5312676	-4.2556767	-1.229107	-3.6046953	-4.829784	-3.2108645	-4.3523545	-2.4295807	-4.061097	-4.192255	-1.0246645	-4.9733534	-4.837215	-0.39285782	-4.898148	-1.7647959	-2.1399865	-0.41381693	-2.4899445	-2.128236	-0.20491146	-2.4937055	-3.814124	-1.8216157	-1.7268195	2.4338021	-4.570757	-3.6783311	0.44417456	-2.8829172	-4.5832787	-3.466528	-2.6423724	-5.457119	0.08034482	4.212533	-1.3637528	-1.8506045	-2.6208465	0.32030743	0.88978297	-2.2291868	-2.8473284	0.29801401	3.024444	0.6393647	-8.988805	2.2213695	2.2817645	4.74952	-4.045602	2.6645284	-4.289689	1.6831023	5.2244816	4.230737	-0.2196032	-7.040015	-3.8210697	-3.161524	-0.20906727	-2.0223598	9.954854	-0.37252676	-2.8792124	-2.5405922	-3.2115462	4.800821	-3.8420208	-3.0797966	-0.7642484	2.5003996	-2.0240932	-0.6144635	-4.954941	-2.941295	-2.718955	0.68964726	0.9848849	5.077957	0.4916707	1.7889391	-1.7336116	0.53193825	-4.0951276	-5.3533735	-6.5955486	-7.065392	-3.635211	-2.4642386	-1.6310933	-1.9639153	1.6058909	3.5848577	-4.008869	-4.106	-2.1968756	-2.1560056	0.51248455	-0.4859265	-3.0973408	-1.8016177	-2.8851185	-1.3853381	0.23359565	-4.910049	-4.868596	-7.0912385	-2.7432294	-1.5472703	-2.621762	-4.4582596	-2.1504946	0.5200928	9.954853	-1.1062353	-2.4930835	-1.4515429	-4.71122	-1.0542961	-2.8278472	-3.4682405	-1.3709773	-0.55206794	3.064078	-6.5904207	-1.9545426	1.0271676	0.94580525	-0.50538695	-0.08517761	-3.4258866	-1.2186376	-3.6980202	-6.500424	-4.2797756	-4.9998994	-6.506833	-1.1475421	-1.1333728	1.6623229	-2.842585	2.2568872	-4.6411214	-5.089073	-2.7189798	2.5358524	-0.9999933	-1.4188086	-4.1317225	-2.2429762	-1.9611107	-0.10251822	-4.0420227	0.46301347	-1.3931932	4.661342	-2.9839392	-4.531132	-2.5164757	-0.14974584	-4.5929184	0.80066097	-2.5312445	-2.8175905	-1.1618549	-6.345649	-0.43985757	2.0889313	-2.8684592	-2.1975112	0.9391409	-0.9491155	-2.287549	-2.0371397	-3.661566	-1.760311	4.4064956	-1.8815775	-1.0326248	4.4225974	-0.7074484	2.472341	-5.7691336	-6.933646	-2.190464	-0.91832066	-4.053323	-8.114767	-1.929778	-1.1632041	-3.8321335	-0.89388615	-3.273934	-1.4566202	-4.326424	-1.3900297	-1.7599908
6,7-dichlorotryptophan	1.3997587	-0.97180164	4.4197044	5.0825605	1.7682788	1.1382945	7.1297574	1.6549019	4.536092	-3.5898192	-3.7840886	3.6773155	-3.63573	4.4609146	-1.5463607	3.471693	-2.4340549	8.822851	6.1738024	3.3975017	1.7189379	2.0872636	0.9693199	4.8468843	0.6127072	4.937371	4.0375686	1.6944561	-2.4193258	3.4610198	7.3146763	3.6018054	-2.1723154	-0.27063736	1.1175568	0.06018783	4.0563993	1.4207731	3.7832952	4.464275	0.08072382	2.3627534	0.7390746	-0.023613064	-0.15828943	1.0570008	-1.3018988	5.7532306	1.7927325	-0.33926734	4.5313625	1.5383385	0.77241445	4.710425	-1.8399601	-0.86137575	-0.29971617	-0.8642617	1.330096	1.0819225	6.2386837	3.768843	-4.8755784	2.7208893	0.8497482	-1.6553402	0.55992067	-1.8725255	0.4520818	0.94254917	-0.42530772	-0.8862403	3.556005	-0.6637401	0.55811405	6.2410355	1.2368852	-1.0175129	0.1721599	0.7238031	-0.5192809	9.705812	1.6551461	4.6703897	-1.0871854	2.6855087	4.78456	5.0463862	3.4247112	4.665176	5.4346356	2.9940615	-1.3467857	3.826356	0.7020696	0.5161249	2.91354	-5.70282	1.4866883	0.06348509	1.3842111	1.7882221	4.2009697	0.6122656	1.251463	1.4522583	0.7358735	1.5217826	7.2702613	2.8822544	1.9560605	0.5292268	3.2150779	-0.37252676	9.705813	1.3192396	1.5444219	0.38558632	3.87373	0.82357717	1.3140496	4.165729	2.0273001	2.8327045	3.0154955	-0.23428142	-1.3095609	4.4162674	-0.238738	2.5482595	3.5438778	-1.1315472	2.0201697	5.754744	-2.6958203	-1.4640166	1.7396232	-4.7908792	-0.8522893	1.8367841	-3.3560655	-0.43711323	1.873059	5.0863786	4.514068	-0.9055212	-1.42252	1.8400297	3.3233817	3.4943752	0.3207748	-0.41970897	0.32128894	2.0911453	3.0895643	1.4982113	-0.0731466	-0.61419755	-2.8587155	-0.31358463	0.16934474	1.6118993	-2.5083046	0.11665354	5.7203555	-0.9254828	4.80604	-0.24583964	4.2743254	-1.8325733	7.28771	2.947463	-0.39441675	5.378222	3.8672562	-1.1982428	2.6895368	4.509844	4.119598	3.4589767	-1.3990333	4.310587	4.15927	-0.79907477	-3.478392	-5.1401596	-1.2462641	2.6189802	-1.7583797	3.3985791	5.6731567	-0.68083245	4.602437	4.1822367	-3.031449	-2.4968333	-3.7757664	0.0057607098	3.1814766	1.8610008	-3.340528	-2.348133	-0.8541515	4.3617706	-1.5528986	1.7650951	0.4682856	6.2806816	-1.4943558	1.3497219	3.6509907	-2.8073971	2.412404	5.8182693	0.60743314	1.7725245	0.38447475	-1.6864287	-1.9586354	6.1682234	-2.0286674	0.490425	1.9457629	-0.20956628	0.27457106	0.7284432	4.0339227	2.0083554	2.077182	6.506261	3.4867547	-0.835985	4.0684924	6.13126	3.2266452	1.678141	-3.8404772	4.0662665	-0.5954579	-4.1748195	0.37179586	4.078949	1.7462541	1.5648155	-1.2493302	4.3658485	-1.7705125	3.622973	1.0207677
6-chloro-4-hydroxy-1-methyl-indole-3-carboxylic acid	-3.935902	0.22069186	0.80201674	1.0283496	0.1501684	-2.2721846	-1.1749691	-2.1565263	2.812012	-5.346262	-3.9010618	6.2922606	-4.6993413	1.3642063	-4.6621056	2.3367293	-1.2930958	-0.35981387	0.340024	6.508312	-1.1989052	2.616122	-2.0187037	0.74852014	-0.2908229	1.9560442	4.0171475	1.8235211	-5.2329164	6.4410954	0.37799093	-0.7831493	-3.8519716	-2.3786025	-1.0784281	-3.210552	-1.0439413	-2.196148	0.079229124	4.820521	4.3253026	2.74623	-1.9729823	4.0670195	-1.1159168	-3.1865845	-3.6034262	5.1261234	3.6300123	-5.823894	-1.8962245	-1.942818	-1.7205427	6.229632	-5.721975	-6.5085735	4.0055084	-2.276324	4.5660176	4.031994	1.714751	-3.2203507	-2.4744647	3.2404315	-4.272659	-4.471098	-3.883105	-0.5925441	-2.701762	-4.848918	3.6971655	-2.8777988	4.6230087	-1.9138818	-2.0309079	3.0497377	1.6079537	-3.4716198	-1.929215	-2.216944	-4.089979	1.4554135	0.25015208	-4.2689657	-4.795147	1.150532	8.221892	6.1833515	3.3503907	-0.11243871	2.7226384	3.4241266	-1.9383293	-1.1800382	-2.1104457	-2.0833755	-1.1069236	-7.9711084	0.72905993	-3.1170125	-1.063171	-1.3690003	-1.120985	-2.5071526	-2.714172	-2.5266137	-1.6730044	-1.3342637	5.2928267	4.702767	-4.2305465	-2.633051	4.595644	-2.8792124	1.3192396	13.773349	13.773348	0.26950532	-3.9040415	-0.7417007	0.33683413	5.8827176	-3.5906472	-1.4987429	2.41773	-2.1730034	-0.21068929	3.2368603	2.3043585	-2.9446867	-5.1156435	-2.1667528	0.11625631	0.32136062	-0.59583586	-0.086227044	-4.0047245	-5.136171	-7.8718514	-2.284356	-6.730609	-2.7925026	-3.8993752	-1.8920318	-0.10510854	-7.0457973	-5.1077437	3.8164532	-3.1063294	4.2991896	3.3714669	3.7091973	-3.8183215	1.6037436	3.4899662	-3.6093097	-7.6831264	-4.575995	-4.5846643	1.7537644	-1.2596875	-0.77406335	-5.159798	-3.956808	1.5969887	-2.7958295	3.8410199	4.3981767	1.1032488	-5.15999	1.1350735	-6.236213	-6.007362	-1.940535	-3.7204857	4.637712	4.896021	2.6032038	-3.4551342	3.9247706	-3.088775	0.729033	4.328303	-3.1383677	-3.3955307	-8.518444	-3.9802778	-4.1054993	-3.0030477	-0.37113562	2.6845968	-2.9905303	1.5860437	1.7488629	-4.57409	-2.8490417	-4.1541796	-2.4372478	5.2304	3.9580944	-5.7135572	-0.9662126	-4.183889	6.4069963	-0.66053796	-2.1401505	4.3039675	-0.58690184	-3.5969844	-3.5362196	6.511927	-3.1516075	-1.7250428	0.7833957	-3.0085638	3.532153	0.024046242	-0.15120845	-0.030655356	5.270516	-3.498353	1.7799597	5.1077056	-2.5556855	-2.0931532	-3.7321055	3.2339215	0.075319074	-0.1723171	-0.53905886	0.08498828	-2.7941952	0.24740379	5.2505574	2.1941786	0.57670647	-4.643065	1.5381737	8.270978	-6.7001066	-2.753748	6.1886387	5.5767336	-1.9814602	-5.8317986	4.754541	-3.8710823	-1.2405512	0.48247674
6-chloro-4-hydroxyindole-3-carboxylic acid	-2.693185	-2.328733	0.85025245	0.09720077	0.80394876	-0.38792947	-0.9983444	-2.5182407	2.5154448	-2.9306774	-0.52027833	6.213124	-4.3003426	1.0505593	-3.6071966	4.519459	-0.9924634	1.0598853	4.72039	6.8224134	-1.2135129	2.3365648	-0.17096129	-2.7511766	2.126058	1.4559191	3.9264157	1.2919159	-4.6020403	6.393577	1.3483292	0.9371702	-1.1367432	-1.228683	0.47464818	-2.0046582	0.22045763	-1.4207602	1.1730125	5.0908875	4.536446	2.7385652	2.8268661	3.5787885	-0.6196875	-1.8445516	-3.1451755	5.0178137	4.8607783	-3.8581378	0.15105113	-1.5588609	0.6385215	5.588017	-5.0461	-3.4977427	3.292826	-0.68386376	4.1047053	4.49519	2.0106087	-2.8780928	0.14933242	2.6089413	-4.1888638	-3.5106213	-2.1555223	1.251589	-3.085679	-3.6431792	3.8905344	-4.2147903	4.6326447	-1.4125073	-1.6078894	3.8842041	1.9032909	-3.133843	-0.8278454	-2.7328606	-3.7172003	1.4881332	0.7270729	-2.4763536	-4.332174	0.70768327	7.5144334	5.8494425	3.7563095	0.68122846	2.7941766	3.469226	-1.6813416	-1.4476131	-3.291716	-0.08759086	-3.523174	-5.6334076	0.6604125	-2.5156515	-0.15258501	-0.9504892	-2.003261	2.255304	-2.533942	-1.0565848	-0.96460205	-0.909142	6.269313	5.865156	-3.006783	-3.449644	4.9912844	-2.5405922	1.5444219	13.773348	13.773349	0.34477195	-3.542508	-0.2802239	2.5953827	5.617188	-2.7325583	-1.4071337	1.9439665	-1.200047	0.8711482	3.1592598	2.299245	-1.6345844	-5.28891	-6.0210752	-0.606501	0.6799349	-2.48292	2.1187687	-3.2858462	-4.6050277	-7.9017396	-1.4390185	-6.3966675	-0.76546615	-2.6680667	-0.80370927	-0.37692323	-4.6146884	-3.106076	3.8452456	-1.3134255	4.188237	3.117154	4.2624187	-3.5074794	0.68552446	3.4071898	-2.7177043	-6.6890607	-3.000827	-3.6714032	2.3131106	-0.94048876	-0.4436031	-4.6727343	-3.696695	-1.3567755	-2.2357383	4.213207	5.359394	1.0601487	-4.4748383	0.8451407	-4.847697	-4.4666514	-1.3189878	-2.1434972	4.803673	3.5126505	2.9697566	-2.6748328	4.1844974	-3.044944	1.4379624	3.9822338	-2.5435433	-3.6779404	-4.664286	-2.6146963	-3.4291873	-1.4223093	-0.29674172	3.0661974	-2.5962484	3.6312206	1.1881171	-3.1445303	-2.1596766	-3.5649009	-0.8920716	5.304845	4.0377502	-5.5530205	-1.0857337	-2.6658983	6.613614	-0.22871684	-1.7965771	4.1053634	0.7744481	-2.0330906	-1.655193	5.9567237	-2.983102	0.19372047	1.0748131	-2.1583633	2.8832605	0.06751837	0.07967112	-0.013735264	5.2852483	-3.398011	3.7311435	4.6898413	-2.557819	-1.5392475	-2.5180233	5.0296454	0.025667716	0.34465718	1.2701674	-0.52843374	-2.0799313	-0.34460485	4.6344013	1.7273712	1.039985	-5.0325046	1.4404733	8.451345	-6.132823	0.69732344	6.40615	5.365034	-1.4989095	-4.812395	4.9233418	-3.1013958	-0.49179283	0.7653002
6-chlorotryptophan	1.1929106	-1.9061016	1.5597423	0.41933185	-0.5318813	0.4058502	1.8736342	-0.25635356	0.30259687	-4.3296375	-2.975939	-1.045703	-8.978012	0.4378043	-2.772239	-0.85503983	-1.2901078	-0.59969836	1.2027235	-1.2224919	-1.1435298	-0.6376881	-0.643121	0.8135481	-3.6425524	1.1622732	3.363119	2.6015878	-4.875928	0.87120914	-0.72907895	-1.2879684	-5.0383005	1.8339659	2.135339	1.7091985	-1.2321109	-0.38972068	1.6911136	-1.3722695	-1.8127451	0.27408174	2.2457745	-2.7928529	-0.00792055	-0.72826123	0.83206147	-0.49131423	1.9312872	-0.25784636	0.024444787	-2.027806	-0.51763296	-2.8990126	0.5540288	0.6884534	-1.7044388	-0.79617107	1.433812	-3.475905	-2.4841352	-0.67945033	-3.261469	-3.495144	-0.7110248	-2.4615376	1.0096518	-1.5980179	1.3940992	-0.10664435	-1.4021021	2.6914887	-1.3072114	-2.934437	-1.0730994	4.1243434	-1.0456179	-1.5014424	0.29694086	3.1632595	-2.238411	0.18900695	0.38559163	2.249725	-0.033988353	0.14941318	-2.477172	2.9327753	2.6384404	-0.18936656	-0.075238235	1.3443928	-1.9537387	0.119680114	0.11206867	-0.60875726	0.41148826	-4.8740487	-0.102424495	-1.2623482	-0.636206	-0.82911354	-1.0292013	2.0710132	-0.97861236	-0.907015	-1.7426316	-0.9842827	-1.4182665	-0.045586858	2.639292	0.81496876	0.6727743	-3.2115462	0.38558632	0.26950532	0.34477195	6.7853317	-1.7381657	-2.6303635	-1.5625952	-0.2571459	-0.112379566	5.861056	0.55874574	-1.0494326	-2.158625	2.8096902	0.3647173	-0.7215653	-3.046668	-0.07013737	0.03670048	-0.98504835	0.0037270605	1.4583777	3.28763	-0.40658575	0.4352231	2.8088827	-1.3514974	1.3912109	1.184162	0.51171386	-0.8611639	-0.09622444	2.641488	0.40971145	3.3378196	2.0919762	5.423053	-0.85575235	-1.200999	-0.23101991	3.524164	-1.2164038	-0.66863906	0.8160094	-4.5024433	-2.3271422	0.11734457	6.785331	-1.5079638	0.1841749	1.4481733	-4.2996087	-0.5224952	-1.7390323	-1.1501108	0.6770686	0.47428238	-2.1583223	3.128505	-2.5868287	0.18329123	-1.6465002	1.9156088	-0.020458432	-2.111126	3.2724764	-0.537777	-0.5299072	0.23485556	1.0606173	-5.451462	-6.1742797	0.13776737	3.834097	-2.4479043	-1.3514435	0.69354683	0.22016078	-0.92491317	-0.7922646	-3.1896117	-1.2243855	-2.7737396	-4.180519	-0.31149182	-1.4669238	-0.23961855	-2.5321088	-0.8103852	3.6932023	-0.7644601	-0.30780044	5.141431	-2.0532715	-1.0211166	-2.5428462	-0.023718372	0.3978925	-2.4109828	4.6460323	1.9424105	1.6934955	0.99089086	-6.2023454	0.35061002	0.45782754	0.063463844	-1.673068	-2.6123447	1.0845243	-2.2394655	0.012696412	2.9349935	-1.082644	-0.7339529	-1.1869752	0.12533353	-1.7021161	1.0468901	0.993306	-2.8649373	-5.1729803	-5.6057744	1.0303131	-4.274115	-5.932632	-0.3263887	-1.6750335	0.849924	2.2728317	0.046837013	0.10932808	-2.4301624	-1.5513028	-1.0693989
6-hydroxy-tetrahydro-isoquinoline-3-carboxylic acid	-0.16655004	-0.3670536	-1.0643822	0.38965598	0.30816785	-2.979112	5.2908688	2.0042765	0.6715337	-3.913796	-3.8835504	-1.2774708	-2.8873174	2.739696	-3.9078026	1.8830842	-1.6782999	-0.6433584	0.14890046	3.950737	1.7511436	-1.4335787	0.11502273	0.7425376	4.0234184	1.0272528	-0.34158343	-1.3729025	-4.7366204	0.3972112	1.3555146	-1.7090639	-4.3017893	-2.3509793	-1.7710571	-0.55244756	1.4426388	2.8870099	-0.13224766	0.10668478	0.012053573	1.0376524	-2.5185943	0.51287794	-1.866456	-2.3280416	1.9356462	1.0284158	-3.0928433	-0.5965824	3.6380014	1.430322	-0.8339409	0.7359285	-0.9913447	-1.2363367	-2.211865	-3.4808605	-0.3193905	-2.2315006	0.3529668	4.7698784	-4.0123444	-0.6096619	2.9030247	0.7284595	0.11679545	0.42073548	2.7759106	-0.7107132	-1.8305544	1.9520342	-0.23108642	-1.8973998	1.5607234	1.759178	3.3540816	-1.0284624	-1.6632999	2.5294614	-0.59264	3.2847643	-0.27976415	1.00183	-3.0220287	-1.7365266	-0.43497428	-0.3856542	0.39816174	-2.7787948	3.1662755	0.5655359	-0.66254985	-1.3675042	-0.036157526	-2.751065	-0.52975297	-7.5981116	1.9647472	-1.5804344	1.7833347	-2.0134	-2.7611437	-1.258413	-0.37568524	-0.42085624	0.15260711	-2.3884723	-4.244967	-1.6276313	0.12812698	2.9144642	-0.1723171	4.800821	3.87373	-3.9040415	-3.542508	-1.7381657	7.6243854	0.032215096	0.4119024	0.2989932	4.534044	2.818428	0.8419508	1.3978345	-3.7638144	-0.39420712	3.0375555	-0.14499666	7.6243844	2.7915785	1.3788444	0.21390978	3.3573394	-1.1675357	-1.7402295	-4.7979	-1.4081414	-1.1438208	0.32992387	-1.4301375	1.389871	-2.0648975	-1.8966831	0.031017294	0.72223693	-0.44451255	-2.4045975	1.9402179	2.7282171	-0.61730134	1.4636605	-1.4683547	1.7920027	3.1201682	0.25792843	-1.915617	-3.8884723	-0.23024534	1.504801	0.3868185	0.042206027	-1.0173855	-0.70851946	4.4763093	1.2737994	-1.8231554	-0.3737627	-2.523075	2.2198803	-2.7977796	-1.0126241	-1.8176612	1.8413234	3.8775158	-2.7715545	-0.8753637	2.770111	1.1305994	4.7711043	-0.60212606	-0.12609845	0.5535411	-1.2064949	-4.598425	-1.2096406	0.08771357	-2.3963501	0.82183176	1.4959068	1.7561696	-0.3708618	-0.44838536	-2.6434925	-1.0638344	-1.1765232	4.2616653	-0.8396864	1.8797803	-2.5330532	-1.8500506	-0.7336334	2.3336568	-1.8145148	-1.1113077	0.10846017	3.5267224	-1.6035793	-1.9502559	0.6273612	2.1563437	-1.1772254	0.30348346	0.7980988	0.22020201	-1.2233018	-2.6311665	1.263932	1.1430577	0.9251716	0.089194186	-1.0484723	0.06059381	-0.8467442	1.0460991	-0.9016905	-0.6948292	2.8624535	-3.2554686	4.592065	1.360645	-0.3315616	2.086888	-1.3727396	-2.48056	-0.62441033	-3.8664799	-4.879512	-5.2365427	1.113072	2.914364	-2.1944652	0.16170286	-0.49957988	0.347434	-1.6891369	2.9579632	-0.35944343
6-methylsalicylic acid	1.4420542	0.1028299	1.9113941	1.78606	2.4775336	4.563279	0.41186923	-0.20804848	1.8310548	-6.5176477	-7.120389	-1.7727182	3.5756192	1.4952165	-5.365247	2.2415593	3.1722064	-3.3306787	1.6024489	0.5449792	-1.3720149	0.9003748	0.32116914	2.130194	-2.7595828	2.4274957	2.5474405	-0.6701874	0.33532882	3.7364445	1.710233	-1.5996283	-4.3228574	1.9782685	-0.1566017	-0.78467596	1.0538327	-3.677714	-0.18342228	0.73446405	0.7658537	2.2944882	-4.2900553	3.4742544	-3.6565042	-0.2109566	-2.6416285	4.7947607	3.9500258	-2.4059181	0.8336465	-3.7291398	1.4314153	-2.487668	-1.8445309	-4.2632375	-3.0866742	3.5354903	0.17589295	5.394018	3.102407	0.19375747	-2.9719758	2.0347993	-1.4129622	-2.751997	-4.101915	-4.6869855	-1.276688	-1.9716253	-0.8974846	-1.093391	1.2925216	1.4025074	2.7653294	0.96417665	2.3909628	-0.1755076	-2.813664	-0.28082263	0.03047941	-2.8615658	0.03882997	1.8285204	-1.8717328	2.5753274	2.1523786	0.9432027	2.4718287	2.6446757	3.326921	2.0742452	-3.41521	0.24751608	-1.0311576	-2.254844	0.25071752	-4.9800286	1.9215013	-3.3492796	2.5762596	-2.5859087	0.62023467	-0.58888453	1.0079595	-2.6165283	-2.0379999	2.81004	3.7784536	0.4993439	-3.1306005	0.14058262	2.8816273	-3.8420208	0.82357717	-0.7417007	-0.2802239	-2.6303635	0.032215096	6.609488	2.0899293	2.3307812	-0.46878242	0.87633616	-1.3254366	1.56468	1.141373	-1.2970963	0.5191847	-1.5093473	-0.61520046	-0.6916928	2.6961696	3.324414	-0.46942678	-4.0032077	-1.1889031	-4.3170576	-4.299992	-0.3788418	-3.9607334	-0.31010947	1.8741153	-0.24278443	0.65752536	-2.198015	-0.65245694	-0.48055345	-1.05499	0.6419981	-1.4279819	1.0720484	2.2470386	-3.8068764	3.6559548	-2.6928208	-5.8581514	-1.152006	-4.9038396	0.73419535	-0.72329146	-1.8571873	-4.863618	-2.2762425	2.961156	-5.0045276	4.0774937	2.3697386	-0.98202014	-0.69880676	1.2018152	-4.77559	-0.8344337	-2.882268	1.6825573	-1.2022812	-1.894179	4.228013	1.4917036	2.1983185	0.67846084	4.113152	2.3418252	1.8051096	-2.9127023	-3.2811265	2.0456655	-2.7209213	0.058890227	-0.63345116	-0.7666728	-0.27399272	3.250565	2.3787835	-4.456777	-4.0048084	-4.9558067	-3.3692708	3.381785	2.1214216	-0.7168132	-3.4789522	-1.8814824	2.5859761	-2.0798433	3.8707538	-0.6407005	2.747539	-1.1727504	4.1762986	2.9470623	-0.6817745	0.7546194	1.7943178	-0.10576299	-3.5062351	-0.33170894	3.7709205	-0.1491363	2.2553267	-3.1155612	2.1635745	2.8110075	-1.7532879	4.8234987	1.9336878	4.289611	-0.18858397	2.7378013	-4.1303205	1.8543936	-3.5281606	3.9658756	0.060686097	3.4696217	6.609487	-4.912741	2.8552804	-0.7731325	-5.6550565	-3.334204	1.5681818	3.4906085	-0.8981973	-1.9991064	3.2428648	-3.7210102	1.6675426	4.0086446
6S-methyl-pipecolic acid	1.7636414	-0.38606408	3.1878273	2.1354735	0.87157553	-0.69997245	1.772185	5.4217367	2.0155146	0.7559293	-0.44849977	1.1125643	-2.812114	3.4336126	-3.9496272	1.8029854	-0.6435566	0.08064162	2.3891425	1.1456579	1.1298119	0.45049828	3.4597626	1.4744453	3.3346536	1.509722	3.9057722	4.34468	-1.7959563	3.9832344	1.2363533	4.84468	0.69737756	1.1402657	0.91788805	1.6736526	2.4979026	4.5133705	4.333213	3.120153	1.8499805	4.112017	4.7556834	2.4802415	-1.5715352	-1.2339941	-0.24660599	4.0786023	0.37810835	-1.7738307	2.7115276	0.8978754	0.6173371	1.5800557	1.2334075	-3.0163538	1.6166366	3.642391	2.3597176	1.9281718	3.067229	0.13774289	-2.5808928	3.1241503	2.0556438	5.144991	1.07533	1.874418	0.56634474	-1.0737268	1.4267743	0.7536226	5.375275	4.517747	3.9940314	3.8227704	3.190053	2.029584	0.23706786	-2.2529209	-0.22787888	-0.6474859	-1.3004893	2.8870723	0.85541236	4.1802526	1.4218746	3.0879407	0.40696764	2.1716623	3.8562279	2.667651	-1.4647729	3.759506	-0.60304415	0.120730825	0.12315411	-3.989724	2.888311	0.7912309	3.1112232	-0.58113617	1.4872459	0.51527727	1.4964536	2.8479774	5.02082	5.055588	1.8723664	6.549193	-0.95727193	-0.548184	3.2340434	-3.0797966	1.3140496	0.33683413	2.5953827	-1.5625952	0.4119024	2.0899293	7.761587	2.0868547	0.70542216	-0.22213703	0.72553384	5.6669374	-0.2538384	1.1510712	-1.3528147	-0.09552947	-0.4412724	-4.515948	1.0589892	1.1778402	1.3722582	1.0398293	0.57598084	-5.574944	-0.39368555	1.1392995	-2.6695478	1.0501424	0.47995296	4.2210054	-0.8409579	0.5800804	0.7212768	0.95474744	1.8887974	6.9361677	1.354831	-0.55390143	4.289717	-2.2175174	2.7858608	1.9845752	-0.8362311	1.727165	-2.002975	1.3381345	-0.48940748	3.0439346	2.0089629	-0.5898953	1.6616926	-3.432002	3.4477825	0.2051225	3.9667292	-0.70418584	4.1800857	-2.958432	0.7924856	-2.444393	1.5845613	-0.64866227	4.9116306	3.5173602	1.0109533	2.1854892	-0.1234064	2.1624982	3.8627548	2.185543	-2.1236475	-0.27257183	-0.17133957	1.8098186	-1.6412599	3.8531203	2.2556	-0.5022957	3.8563607	3.8251348	-2.22459	-0.9086986	-0.09412462	-2.7834125	3.0521026	2.6113882	1.6617855	-0.58232373	1.0015097	3.0843341	0.09940819	5.085151	1.1166295	2.0441504	1.0222708	4.643246	3.72955	-3.4273722	-1.641909	1.3429544	0.5229452	1.2632008	1.1237553	-1.6529424	-1.2587928	4.2561903	-0.29384902	3.2765002	7.761586	0.9911419	3.5980647	-0.47742245	3.0407946	3.2206733	2.9201467	-1.1160055	2.714641	0.2523673	2.8909318	4.662579	1.1987752	0.49123752	-1.5804062	2.1645892	-1.3925446	-4.434733	1.1768887	-0.03295131	3.2833688	0.50538754	-0.86347103	2.4531975	-1.7995853	1.1982694	2.0342708
An acid hydrazine polyene (intermediate 14)	0.5487526	4.543626	6.0869966	4.8045473	3.0348904	-1.0146577	1.6801951	2.9284966	6.0824685	-2.133925	-0.64783496	2.4866946	-1.6991441	3.9179335	-3.717508	3.6379113	3.7029219	4.91621	4.937231	4.1664805	1.9017415	2.5699594	1.3060352	5.8351984	4.2758985	6.5575786	4.6021075	4.9688935	2.4811754	3.6421716	4.268953	4.502167	-1.2462147	0.16655084	0.63957006	2.7399998	5.3108253	0.8223409	2.9832222	3.5428138	5.554624	3.1705577	0.27405056	4.500508	-1.9248897	0.05985836	2.0525596	4.000698	6.2459626	-0.2898758	0.9620794	1.3777959	2.8756263	4.8378067	0.12824884	-3.26355	2.5870304	1.7642547	2.1133447	4.583018	1.5972539	-0.97992945	-2.5968688	1.1535316	1.8398603	1.5807081	-1.0275078	1.1727114	-0.769553	-1.5023551	0.66085815	-1.5205349	3.1655273	0.5060098	0.74537283	3.961488	1.1999184	-0.9828148	0.77061	0.33180693	0.8297332	-3.133621	1.6899872	1.7191813	4.1877	5.8775005	4.9132457	5.0320797	2.8054397	6.6824965	6.0890718	4.363305	-0.4606739	2.4243453	1.7435898	4.0389323	2.6693833	-2.8360293	2.8014054	-0.7115423	3.9460752	0.21832584	3.8804445	0.016617924	2.5359743	0.5557351	0.19301377	3.3055995	4.5442853	2.8174608	-1.5821471	-0.11218424	5.00301	-0.7642484	4.165729	5.8827176	5.617188	-0.2571459	0.2989932	2.3307812	2.0868547	7.659818	0.43524402	2.360468	2.573079	0.9073684	-1.5184959	3.1123974	1.260874	1.9907396	-0.2780705	-2.81721	3.0879881	0.36389482	-0.77147746	-0.7297948	2.4805877	-3.4862916	-4.342369	2.6677861	0.4553108	0.20953052	0.5470262	7.659817	4.4926586	-1.8946809	1.9533124	1.508997	-0.52972496	2.0582287	2.384147	3.848748	0.18061282	-1.6686538	4.4733763	-0.6805088	-4.0274053	-0.8233483	-0.9465816	5.1133227	-1.144801	1.0999111	-1.2007402	-1.8129023	6.3865676	-1.1220512	3.496811	0.73888427	2.6001863	3.508232	4.6159616	-3.2831044	-1.9182104	3.7487335	1.4434078	1.3222013	-0.28070205	5.466897	1.9016814	3.967478	-0.83031154	1.7558321	2.6089702	3.1896548	1.2958673	0.5842285	-0.3822622	3.988123	-0.6897212	4.209046	6.0347433	-1.4527729	5.4038243	5.9133844	0.21857421	0.41040927	-1.8189594	-3.2198524	2.7262447	0.5244348	-1.7966872	-0.8272322	-1.5856527	0.48179668	-1.9889332	1.3843701	2.3545973	4.060591	-2.9046888	2.373703	3.1859715	-2.7179434	2.412522	3.9364674	3.7803652	1.724532	0.3181445	-1.4898814	0.11976455	2.229267	-0.6547169	5.120004	4.1499925	-1.4009207	1.5812277	0.72720367	4.8030806	1.5491569	1.8509922	6.033253	4.466092	-0.22206004	4.292477	3.4321773	0.45040616	1.821286	-2.951327	5.933676	0.06060977	-3.0765102	1.1585195	1.5361758	3.602507	0.929265	-2.71673	3.944587	-2.129646	3.6313086	2.0323613
D-alanine	-1.5594903	-0.052312657	1.8725176	0.050099842	0.099628	-0.28753442	5.730004	2.1950288	-0.51182	-2.2690394	-0.9575486	-0.02660028	-4.3634257	0.5239927	-3.0504649	-0.23578158	-0.3592183	-1.0203977	-0.31842938	3.0162215	0.68509084	0.06233731	1.6917361	0.20860063	0.39838505	-0.6141525	-0.3319739	-0.61682516	-3.4078336	-1.2602122	0.17449176	-2.0173008	-1.1987326	-0.43181953	0.17804272	1.0143582	1.6551137	1.9577398	-1.0706193	-0.33552396	0.687352	1.0766733	-2.1537306	-0.93494886	0.116027296	-0.6477982	0.45755082	2.127198	0.035733715	-0.48632875	2.101568	0.53067166	0.7416618	0.96021277	1.6359122	-0.73102134	-0.673628	0.037135124	1.116095	-0.6587542	1.7600961	2.3758166	-1.9902091	-1.6138843	1.9495744	1.1831887	0.22839794	1.5355839	0.74994224	-0.3273396	-0.077706926	0.66584283	-0.6672032	-0.1001942	0.3060314	-0.23873438	-0.20417239	1.8456863	0.4418925	0.38550982	0.65874606	-0.97499454	-0.577387	0.95427597	0.98345125	-0.94754213	0.49615365	1.2586875	-0.29110622	-0.8053243	2.6092308	1.3987191	-0.7817198	-0.62680465	0.5896017	1.0378654	-0.14152402	-3.93523	0.92309016	-0.8091957	0.58828175	-1.5347763	-1.1279112	0.2032162	-0.31958014	0.25039002	-0.6954683	0.15591793	-1.9996991	-0.48035654	0.8486481	1.0249417	0.8866706	2.5003996	2.0273001	-3.5906472	-2.7325583	-0.112379566	4.534044	-0.46878242	0.70542216	0.43524402	5.8628106	-1.0736651	-0.4035033	2.324852	0.12521282	-0.10535217	0.8195421	1.1891174	5.8628097	0.70422465	1.0671716	-0.042884275	1.2814391	-0.6087065	1.4312594	-2.9157183	-2.3501775	1.3578676	-0.6768851	-0.060719766	0.5412463	0.6611182	-1.0890561	0.700907	1.1274722	-0.05643963	0.14155866	1.7429353	1.6727039	-1.7988281	0.6139964	-0.34814265	0.029582225	2.1935146	-0.24811989	-0.061524447	-2.912885	-1.0643839	-0.009131025	1.0110716	1.6443739	-0.8851986	-1.852011	2.3973148	0.7927801	-1.4035819	0.7885089	0.3969762	-0.7024653	-1.378428	0.61095345	-2.3686285	3.5405412	-0.02741661	-3.0978615	-0.97178066	1.8397292	0.32130194	0.66342837	1.8593546	-0.13506325	0.5601151	-2.5334775	-1.9144299	0.2654949	-0.8382301	-1.6569142	0.3386487	0.6382709	0.30389047	1.9030228	1.8810384	-0.964335	-0.28945488	0.57061213	2.7807667	0.8316344	0.16065498	-0.46982944	0.40807086	0.8453557	-0.05887048	-1.2094207	-0.20058528	1.4035357	2.5113187	-0.49979353	1.154195	-1.1864353	0.31819674	-1.8048933	-0.5692005	1.2754066	0.44059703	-0.23232013	-3.777973	0.79135865	0.5724261	-1.0573696	0.6227013	-1.5079054	0.24828613	2.127486	0.86931217	-1.4660829	-1.3949711	1.6057276	-1.5662098	-0.55081826	0.22595307	0.67545223	0.4191629	-1.6104709	-1.421638	-2.120218	-2.868318	-5.3228106	-3.9454262	0.9546729	-0.67459387	-1.0171589	0.5727484	-0.81586707	1.1556574	-1.6824569	0.5365376	1.5662096
D-aspartic acid branched	1.490712	-0.15806223	2.8505485	3.4048607	3.702795	-1.3760937	-0.65752137	0.86315185	3.1316533	4.0590816	3.982843	3.754332	-5.03028	3.899025	-3.3496099	1.5128468	-1.3501642	1.0563638	-0.5584429	2.1032848	3.1870205	-0.28980884	0.37973028	4.2177415	-0.67800504	5.346979	1.4483573	-1.3535789	-1.6090094	3.1282408	2.414566	-1.0482484	4.6826515	-0.29337656	-0.121722244	-1.1017256	1.1085721	0.5511053	0.7656968	2.0337658	0.33927357	-0.496608	-1.388498	2.0792224	-1.0763398	-0.1803942	-0.2708436	1.1843649	-0.26059955	-0.87817174	1.7524996	-0.40913126	1.8264031	2.9356046	-2.750958	0.6414257	-0.9538776	-2.476553	0.90251136	-2.2969987	3.0238667	0.21813345	-1.4883181	-1.8650334	0.27935445	-1.0319737	2.264955	1.6764793	2.6800108	0.045275275	-2.4324033	-0.05292729	2.2708337	-1.0679446	-1.1048737	3.6086261	1.6701436	-2.7012296	-1.4196297	10.768676	2.765087	-4.414552	2.3744254	4.8094044	-1.2165996	2.3761606	4.009708	2.9937673	2.4035106	2.367726	3.0600698	2.1653793	-2.7571416	-1.1919836	1.3537313	-1.0092272	1.8731841	1.6676507	0.4872257	1.5470655	0.25047332	1.0125245	1.3844004	4.347757	2.251286	1.5192076	0.6364469	1.0257182	0.5371507	2.1009002	-1.2607607	-0.59058005	3.331108	-2.0240932	2.8327045	-1.4987429	-1.4071337	5.861056	2.818428	0.87633616	-0.22213703	2.360468	-1.0736651	10.768677	3.4849014	1.8297417	-0.3311705	0.88772476	2.8931925	-0.79287285	0.23312572	4.236877	3.071145	-0.08797587	-0.7084812	0.30016786	-2.446835	-5.5408444	-2.9936213	0.8507763	-3.0814166	2.37682	0.27553517	1.3119135	2.4343326	-1.7382267	0.27751824	1.372028	3.3786623	0.9140494	1.5823091	2.3214848	-0.8948627	-0.49681017	2.0655265	-2.027395	-2.3923223	2.4414432	-4.1558685	-0.42832726	-0.42790082	1.7444837	-4.233221	2.437808	5.594198	-3.422525	3.7215402	1.8473278	1.7767729	-1.3653855	3.0876086	-1.1593009	-1.7706839	2.1955862	2.2763984	-0.46458963	3.2580967	3.0029378	5.497879	2.5042732	-2.8691976	2.1573203	1.3525046	1.9741806	-3.2408755	-5.23703	1.601195	-2.9212785	-0.90625966	0.1954296	0.9475662	-0.29551393	2.3019369	5.701916	-3.1058402	-3.6889603	-3.6273556	-1.7719239	2.732383	3.473351	-0.99559855	0.3300856	-1.3041669	1.0956167	-1.0125494	-0.5019556	1.2162286	1.4423759	-2.2766793	-3.2079813	2.3339217	-2.702669	0.13157183	3.389732	1.4390218	1.9642248	2.5847073	-1.5094883	3.3087225	1.3555973	-3.0569744	-1.0663664	0.1899126	-0.8009691	-0.86645305	2.1043355	1.3287646	-1.4356005	0.34938297	0.4535337	3.1969182	0.24627888	2.8862329	0.43354443	1.8007616	-1.6358372	-4.1369753	3.9738483	-1.1115288	-2.1529942	-1.046189	0.668907	0.6922671	0.22215301	2.885407	3.1328304	-0.59061164	-2.084469	0.110777915
D-glutamic acid branched	-1.6187037	-1.4532274	2.3213093	1.8190104	0.09625714	-0.3580849	0.7550196	0.60020393	0.081816025	1.890433	1.2035254	2.856926	-6.00145	3.0184984	-0.53901875	4.487891	-0.22625221	4.9442506	1.6330082	0.17183371	3.1842587	0.41744858	-0.15056223	-0.04309779	-0.75577354	2.635911	2.3619225	2.9853969	-2.730852	2.7202132	2.8669813	0.43606645	2.042162	0.46233565	0.32302415	-1.3234777	1.279805	-0.36408678	2.1981997	1.6627302	2.5326142	0.744662	-1.2811422	0.65257895	-1.3550525	5.882731	1.3153827	1.0839561	-0.27272224	-1.0519682	-0.8271741	-0.6948022	1.2728349	1.2491645	-0.24657539	2.153667	-1.2203026	-0.03825748	-0.68629205	0.26644215	0.6335743	0.16950771	-5.1701193	-2.6347888	0.40249214	-0.7876063	1.8537567	3.258966	2.4065654	2.6281304	-0.4831644	2.8900888	3.56236	-1.2640765	1.6758214	1.6279817	1.1859766	-0.62485033	-0.1339945	3.159287	1.0293815	1.8043602	1.1649101	0.8477237	-0.81257826	0.7910943	0.4380018	2.9972236	1.7749712	1.1725619	1.8908263	3.24628	-1.2764819	3.7275624	2.939453	1.4929575	0.0135157155	-3.7239118	1.0482643	-0.46382326	-0.15179494	2.4277062	0.2608402	0.6976555	1.3260711	0.712173	0.8921327	0.70161116	1.091091	1.2730439	-1.2500534	1.8438473	1.8449614	-0.6144635	3.0154955	2.41773	1.9439665	0.55874574	0.8419508	-1.3254366	0.72553384	2.573079	-0.4035033	3.4849014	5.882732	-0.7986695	-2.0013342	1.1828212	3.4776912	0.82666767	-2.3454854	3.0061786	1.1022727	4.2669997	2.8644145	-0.33684146	0.12792906	1.0211633	-4.390735	0.099754564	-0.14047152	-0.009141922	-0.60300964	1.1464128	5.223635	-1.8952222	-2.1403797	1.1122191	-0.017540496	1.3096887	2.6571803	2.8909016	1.2932383	5.7409787	2.4385734	-1.822067	-3.8080912	-0.9759016	-4.6045237	0.59857655	0.5914145	2.1913822	-0.98683494	2.1387053	0.017116763	-2.2585146	2.4616349	2.0448458	2.6191905	-1.3265126	2.241655	0.6757427	-1.6499826	3.1767852	0.5684195	-1.6052895	4.161487	0.45688292	2.819419	1.8795197	1.8370879	3.4567513	2.8434188	0.78561723	-2.5759773	-2.5817385	-2.8140533	-1.4314061	-2.5028076	1.8123581	3.0750678	2.5382617	1.7027625	2.9364872	-0.05368488	-1.3919675	-2.9026842	1.2838273	2.3164148	1.2931799	0.37047416	0.9713579	-0.1162979	2.914482	-2.648642	0.039261818	-0.22191271	2.0960095	-1.4853451	-0.09978553	0.109461494	2.533939	-0.023791235	0.9421355	1.7288173	0.14553833	-0.49986836	-3.7204936	2.2353125	1.1172379	-1.1596698	1.281413	-0.96571404	-1.1738106	0.2688716	-0.16624093	2.8196414	4.3797646	0.3484392	2.1142483	0.6380363	-0.87306553	1.3144096	1.8010664	-0.37038633	-2.3476183	-4.291311	2.506916	2.5226154	-4.5360546	-0.16258278	1.4976659	2.4198604	0.19813769	-1.5688862	1.4877433	-2.9996781	0.15380803	-0.12989037
D-isovaline	3.0851715	-1.8489513	3.1406593	1.874044	2.4052823	-0.64369786	3.9714506	-1.2403433	0.95994043	-0.9047139	0.63446176	1.8426669	0.19895482	1.1398765	-3.396706	2.393912	-0.510131	-0.82650167	0.25466883	2.7388585	1.2517642	0.7618638	5.5163717	-3.1062884	3.600961	-1.0076993	3.6663365	4.392759	1.9142777	1.5443951	-0.24488387	0.88449013	0.10700121	0.8675469	0.12868863	1.0779221	-0.21833888	-1.6719015	4.4021297	1.4923792	0.53655946	5.3145375	-0.43633866	1.2760154	-2.6487732	-1.458852	0.84942126	1.6465387	-0.009699941	-1.2213249	0.8738862	-1.1111999	-0.31648007	1.6658255	-2.78338	-0.90599275	-0.7668682	1.0433437	1.9353813	2.5064464	1.3914334	-1.076558	-2.792776	5.847386	-0.2780379	1.706369	0.5637373	0.12039704	-0.6234529	-2.8194273	-1.021027	-0.23966263	-0.709615	-1.4008832	2.1031604	2.698438	0.23941204	-1.5035421	0.6363128	-1.1968749	-1.2709246	-3.1250763	-0.6059846	0.9817024	-1.5754777	2.6327977	0.931235	0.87609905	1.3015696	1.0750064	2.185875	-0.38678947	-2.0267227	2.3466344	0.27833328	0.3206235	-2.053088	-1.0751947	2.5989664	-3.4377015	1.9556595	-1.1525238	-1.8479362	1.9772507	-0.5861217	1.2479355	-0.55180275	0.21645625	3.450365	-0.08674338	1.9043932	-1.2231647	3.918421	-4.954941	-0.23428142	-2.1730034	-1.200047	-1.0494326	1.3978345	1.56468	5.6669374	0.9073684	2.324852	1.8297417	-0.7986695	6.651593	-1.6758496	1.0036372	-2.3284278	-1.2994739	0.3336741	0.17211723	1.1127807	1.908298	2.7989228	-0.10778235	0.53810894	-5.4546475	-7.005008	0.63453853	-2.1586852	1.0963305	0.18033333	-0.06590777	0.02463084	1.1219773	-0.42852944	0.54442686	1.3292868	0.6342979	0.30100977	5.512187	2.5145512	-2.4076846	2.6137955	2.214173	5.3930125	-0.64973164	2.7805831	1.022328	-1.2640129	-0.33319163	-2.2615342	-1.8342956	-2.4826365	-3.8500204	1.9100847	3.2936444	0.12551087	-0.8244431	1.7251365	-1.5438042	-0.513524	-2.1510766	2.5082178	0.8288794	-1.6617827	2.3204057	-0.9619376	2.402808	-1.2747177	3.4330926	1.9694622	-1.1419017	-2.1955652	-1.4478707	2.0523505	0.60514474	-0.7945696	4.2465806	0.71972823	-1.2041564	2.3165987	0.567895	0.27044147	-3.2371361	-0.7438776	-3.5916626	2.759773	0.45477584	-1.4041044	1.295871	2.9360201	1.4082581	-1.0737712	6.6515923	2.2654197	1.3591291	-0.993578	-0.6027633	2.060603	-2.4744012	-2.2719975	0.9375589	-0.9978164	2.2638774	-1.3189563	-0.26195556	-0.8732227	2.422823	-0.061505888	-0.21645531	6.052642	1.0799656	0.32093158	-0.41764274	2.2030296	2.308347	-0.11431651	-5.379181	2.2626946	1.4893299	1.268312	3.1438313	-0.084585324	1.676309	-2.7737298	-0.24295361	-3.2080255	1.1531509	0.3768309	1.2284259	1.4770105	1.041683	-0.8251028	2.3735487	-1.4048738	0.1546662	1.3670765
D-leucine	-1.2532232	-1.6204538	-0.3415112	-2.0154052	0.6312916	-3.5819864	-2.2662349	-0.9751621	-0.20173465	0.9996572	0.528123	0.6986678	-5.2152147	-0.55614144	-3.9281876	-1.9364079	-0.5426172	-2.4261591	-0.36266202	1.5746564	-0.63179034	0.05983522	1.5135528	-3.2558649	0.27188256	-2.7503762	0.3371482	0.42069238	-5.7776127	1.9106789	2.5598137	-0.8041111	1.2926353	-1.5937757	-0.9633794	-0.67296994	-0.8467402	-1.9153626	-0.94694924	2.1175406	0.34661743	3.072577	1.5189564	-1.3220601	-1.9864641	-0.20137021	0.676765	-0.25355476	0.30089882	-0.89832914	-0.708749	-1.73211	2.7953355	-0.7239698	-1.3419943	-0.54621446	-0.12358355	-1.4512008	-0.088184156	0.31485456	0.07401632	0.14058818	-2.8626971	-4.343613	0.04567497	-1.4519408	1.2159804	-1.5036918	-2.5514133	-0.44972056	-0.7227042	-2.1639237	-2.1387196	-2.14098	-1.363667	-0.3138711	0.31564125	-0.5702065	-0.40206596	-1.6988051	0.9643881	-1.9196713	1.6144028	0.34730837	-1.3937262	0.022064123	-1.1168357	-0.9462944	-0.019870676	1.8307271	-0.5737901	-0.4966598	-1.4192894	0.03962158	-0.31044358	-0.861384	-1.7562668	-4.6640315	-0.9180786	-1.6993695	0.9354262	-1.7307463	-2.6520476	1.2030556	-1.0181844	0.37378392	-1.1797539	-0.96077013	1.5958551	4.7284718	-1.3313129	-0.74942195	-2.1124363	-2.941295	-1.3095609	-0.21068929	0.8711482	-2.158625	-3.7638144	1.141373	-0.2538384	-1.5184959	0.12521282	-0.3311705	-2.0013342	-1.6758496	5.173005	0.3253202	-1.9823871	0.085583895	-4.5751543	-5.2769523	0.054715853	-1.4453161	-3.776797	-1.262718	-0.62235373	-4.823509	-1.4528892	1.2931962	-0.7379211	0.7713922	1.8895601	0.9883024	-0.48780346	-0.07238271	1.5577518	-1.4889089	-0.2151675	4.0956035	-0.24232186	-2.8857749	-1.1967213	-2.5674534	0.11500697	-1.8072649	-4.1114454	0.363868	-6.3566103	-1.7335343	1.4283969	1.1883274	-1.695292	-0.48120615	-3.0250564	-3.5130665	-0.2416162	-0.58488953	-0.5656459	-2.9443877	-2.023547	-1.7901216	1.5450691	-0.1115945	1.8925126	-4.5449853	2.2952356	-1.2139531	-1.4424776	-0.17902313	0.42945775	-0.78912383	-0.3219206	-1.0583559	-6.3411975	-7.128032	2.722403	-0.5529913	-1.1723766	-1.0234395	-1.1667172	-0.04585543	1.2475369	-2.2076023	-3.489871	-2.3390114	-0.25095055	-3.1325247	0.39717934	-0.9839987	-1.2434928	-3.1083965	-1.2263249	-0.19426721	-0.05995066	5.057834	-0.96529734	1.4055948	3.6066792	2.8413982	-0.5244717	0.5148211	-3.4812284	1.2507876	-1.5179838	5.173004	0.38561934	-3.6351402	0.6170312	-1.2843653	-0.654599	-2.2198308	-3.1925507	0.14363492	2.9251158	-2.5042815	-1.0701067	-1.5933774	0.7425072	-4.063168	-2.6707273	-0.33341274	0.14720936	-1.0234574	-1.0270832	1.346095	-5.78037	-5.018773	2.259964	-6.964502	0.16099267	1.1727927	-0.10128452	0.69216436	0.5885251	1.6439664	-0.8987921	-2.2460809	4.466781
D-lysergic acid	-1.0131009	5.860457	2.5622087	1.7778736	1.4309064	3.8000624	1.0134059	3.0136447	3.8044648	0.6810331	-1.0583005	2.7437143	-3.1451826	3.0020669	-2.6342928	2.8412585	1.8831292	4.008219	4.081174	1.965306	1.8610449	1.749479	1.0552775	2.8114772	0.9556964	2.6151848	1.8264066	0.45481458	2.9819233	0.92667633	2.6861863	1.4249246	1.2419529	1.9278891	1.1370276	1.3003193	2.4184144	4.583447	2.5448375	1.5109427	1.9255751	1.4500158	3.5185478	0.7635302	2.426719	0.12617244	1.334742	3.3823385	2.0601463	3.209367	2.2496793	1.6009206	-0.30174002	4.264631	-0.35964033	0.53946805	1.5467387	1.9962361	1.919849	-1.6330572	4.151757	1.484136	-1.1883284	3.1646705	1.4470242	4.795854	1.3904723	-0.23764732	-2.162236	1.0813732	0.7158119	1.3721362	2.6232352	-0.05170678	0.31344634	3.3289876	0.85720205	2.424109	1.1428049	0.5178246	5.0763836	6.713143	1.5192924	0.09786814	-0.605763	2.0213523	4.4649444	3.4784846	2.2376716	3.4322262	2.7472672	3.752705	0.38924015	2.5591102	0.8714995	2.995452	1.7296572	-1.7253861	1.8339305	-0.85159284	2.2480416	0.906907	3.7019174	4.6644173	1.6947185	-0.43747845	-0.8180521	1.2429422	0.08186431	2.4552803	0.5133655	-0.7631872	1.3478491	-2.718955	4.4162674	3.2368603	3.1592598	2.8096902	-0.39420712	-1.2970963	1.1510712	3.1123974	-0.10535217	0.88772476	1.1828212	1.0036372	0.3253202	6.713144	-2.5107808	2.5089073	3.1269157	-3.7457175	2.2412305	2.795048	-0.78229314	4.2755036	2.458211	0.2750324	-3.2987242	2.2094674	-1.5336009	2.6325922	0.5616835	3.1437786	2.651021	1.854947	0.22226417	6.3100033	6.348072	2.3330812	0.2485824	-0.08825455	0.8130942	4.975815	1.6793816	0.017426169	1.1556896	1.1701138	-1.9578059	-0.69077337	1.4953707	1.2088692	0.81174386	0.484422	3.757447	-4.04959	4.4923716	0.33030087	1.1786109	-1.3661249	4.0189114	0.305941	-0.22828266	1.8568356	1.0675266	3.3590138	-0.45526293	2.2452965	3.870065	1.5369601	-1.5435048	2.2651505	1.974803	0.58803535	0.5309221	0.86164737	0.08224258	2.1988592	0.13488151	5.9398456	3.0529337	-0.09241923	3.035091	1.7020375	-2.113734	-0.87022233	-1.0638876	-2.5451748	2.103637	4.616907	-1.5138949	1.3948947	0.7121027	2.6787682	1.2895044	1.0885721	1.2113987	1.7448865	-0.19734335	0.076164305	1.575054	-1.5839305	1.2752262	2.8252563	0.2327117	2.2264025	1.6490463	-1.3774638	-0.4655747	4.07884	0.5592257	4.8804655	0.75706935	0.39281407	-0.08144126	2.2191665	2.2322555	1.0423781	0.13747269	1.5364419	2.3631394	0.074902296	2.9415684	4.8518915	5.278693	-3.7764008	-3.0791862	2.5057359	-2.4135659	-3.713582	1.2874061	1.3374579	0.45616013	0.84600407	-1.1661438	2.747098	0.037528027	2.1557615	1.8648502
D-phenyllactic acid	-2.2351954	-2.8668604	1.0885333	2.0197203	-1.7175871	0.38884702	-2.0269241	-2.758038	1.1220988	-3.200692	-1.605419	0.5813482	-1.5638471	2.4607542	-2.4009569	3.345696	-1.6796904	1.8339236	1.4539433	-1.8839688	2.2249603	-0.729915	-0.17445374	-1.3640885	3.2952232	5.1258287	1.085183	-2.6152847	-1.7788222	1.1834675	1.7110677	0.26076296	-1.883408	-1.1852144	-0.14394374	-1.0245196	2.2455525	-1.8021071	2.401351	0.7744766	-0.30733123	-1.471198	-2.229142	-1.3700799	1.2505062	-2.6241777	-2.1603518	-0.8179733	3.8933825	-3.4400663	-3.0577552	-2.9167328	-0.7112909	-1.1959234	-3.4493346	-7.326072	-2.7571132	0.39808965	-2.6485014	-3.3904288	-1.0200889	1.7474146	-2.1786072	-2.1530144	-3.77053	-1.7329316	2.7873924	3.675231	5.038235	-4.0688267	-3.792064	5.331832	1.3714287	-1.1300075	3.6749585	-0.07718202	2.9086044	0.26679185	1.1843215	5.8314834	-1.6526386	-5.5072637	-3.2818654	4.313703	-4.3196707	1.0206021	1.1272806	2.9783018	1.7927963	3.5392208	1.1427491	2.935851	0.24486373	-1.7806149	1.714698	-2.2366617	-1.9610903	-0.76053953	2.129226	-4.0699835	-2.6018543	-1.575138	-1.5466177	-2.3573194	-3.8532143	-1.3758968	-2.8504126	0.08594729	5.6000724	1.3474616	-0.4433854	4.954156	-0.7235369	0.68964726	-0.238738	2.3043585	2.299245	0.3647173	3.0375555	0.5191847	-1.3528147	1.260874	0.8195421	2.8931925	3.4776912	-2.3284278	-1.9823871	-2.5107808	6.660299	-1.786136	-2.8865013	6.660298	3.3635635	-0.23954277	6.117852	-1.0845878	-3.9653945	-3.9378984	-2.1571681	-0.0890396	1.3715953	0.35039613	1.5099494	-0.36611772	-2.8761165	-2.0223503	-2.6927524	2.2620323	0.012913884	2.958412	4.4605255	3.1588614	2.3993108	1.0494012	3.2218878	-1.3532444	-5.1170716	-1.8885509	-4.913378	1.1222476	-0.052392323	-1.1251146	-1.8493749	-2.0018048	0.63587946	-6.273121	2.2741475	2.3052013	1.196461	-3.6334977	1.0682079	-2.6386287	-0.8615951	0.98320174	-2.0751777	-1.3176696	3.9708662	-0.7499954	-3.069859	0.43952444	4.056974	2.983652	-0.5040474	-1.6386456	-3.9016647	-2.9311688	2.2802608	-3.6021037	-2.5825043	-0.89161277	0.31029403	4.6685615	-0.81170726	5.3505073	-4.9965205	-4.083119	-3.3949056	-6.323551	1.990338	2.7082179	0.0575802	-4.658312	-3.3026297	-1.2821168	-1.9279559	-0.36700833	-1.4315737	3.8299172	-0.31750745	3.0526783	-0.1603742	5.533574	-0.6090566	-1.5029566	-2.3681774	1.0011923	-1.1016873	-2.0966508	4.4130573	0.24463	-0.011316425	1.1772611	-1.9411978	-0.14895663	2.1136432	-3.0304801	5.5535364	1.032573	0.24159838	2.3742733	1.0507908	-0.84841645	2.54584	-0.4929601	-1.3739882	-1.8684287	-4.7200093	-0.6322868	-2.0867567	-2.877949	-1.1235273	-1.3139164	1.3356584	1.1100876	0.33604786	0.6364132	-0.9696283	-2.5224855	4.1304517
D-serine	-2.7032003	3.4620347	5.345457	-0.5806513	6.060897	-1.0613021	0.049582183	1.7590436	3.7816136	0.22833051	1.4565338	1.9058447	-6.273655	3.9485073	1.8862038	0.37174836	-0.039282084	1.5892842	3.9317968	1.9733744	1.7239984	-0.3482549	0.04635136	1.482245	-0.8701225	0.8412145	2.816466	2.8862367	-2.3443153	1.1783016	1.0722078	-0.22446775	1.1304904	-1.5450997	0.4618179	0.60756266	1.5260676	-0.29090106	2.0176222	1.5121368	1.9404186	1.9448642	-0.25689757	0.5992364	-1.119393	-0.2258845	0.7306741	2.2603393	2.3714359	0.36463007	-1.3005818	4.5031996	1.0781863	2.7953658	-1.565542	-1.5474906	-0.061329734	0.40566587	0.97531956	-1.1360996	0.2943	0.66849095	-3.1690657	-1.2642655	0.47822732	-1.7054406	1.2076187	2.8876722	-1.3962096	-1.1438216	0.97737896	1.0027835	0.20594883	-0.5410915	-0.027722636	3.0216267	0.113553	-0.59161925	-0.73770803	-1.7589657	-0.18904932	4.5124216	-0.09522201	-1.1069965	0.95773786	1.3342221	2.9182112	1.2244462	0.09472149	3.0422416	1.2156948	2.9664729	-0.4511494	-0.05442169	1.2114547	-2.0776844	4.9893503	-4.877043	1.0255408	1.6982554	2.5346353	1.0144168	4.722261	2.730437	4.4059443	0.6545152	-0.26531982	0.3636754	-1.3071718	0.66059923	0.98619556	-1.2911836	-0.49794382	0.9848849	2.5482595	-2.9446867	-1.6345844	-0.7215653	-0.14499666	-1.5093473	-0.09552947	1.9907396	1.1891174	-0.79287285	0.82666767	-1.2994739	0.085583895	2.5089073	-1.786136	9.751864	1.1165018	-1.4510149	1.43841	0.6498612	-0.81143874	-1.740513	2.8372083	-3.0717335	-3.625005	3.188995	-2.0865288	-1.155154	0.13878994	-0.28028384	-1.3811792	0.045561247	4.8044295	1.1461793	-1.0293472	1.4763995	0.34603736	-0.7827804	0.42494425	0.92724496	2.194897	0.8807897	-4.0478826	-1.2527336	-2.307977	-0.7660899	0.47193336	1.0682453	-1.5435065	0.6402965	1.9399036	-1.9539984	0.31176177	-1.4894006	0.8366629	-0.57734036	2.619275	-1.552461	-1.2987295	1.7308426	-0.11285502	-2.6254563	-0.5646929	2.3815923	2.9489036	2.3255498	0.62527686	1.9310088	1.574671	1.0044239	1.9822724	4.5592885	-0.69177115	-0.41418362	-2.291978	2.2252975	0.5839519	-0.07983622	1.1083997	0.8984761	-2.385919	0.85598963	0.2776054	-1.5211266	0.80267906	1.3725795	0.9315868	2.0337887	0.59996074	1.0577774	-2.8591197	-0.04544027	0.7720777	-0.024052791	-0.35566854	-1.0476536	1.722471	1.9808441	9.7518635	1.8551488	0.70504093	0.4253587	1.8582377	-2.9998841	-0.7235812	0.66262895	-2.0902205	1.177274	-0.5159798	-1.1433102	-0.45265612	2.735509	-0.2697245	-0.708427	0.95408183	-0.26631293	0.2536194	-0.14681472	3.1235614	4.075082	-0.8779755	-4.7682767	-1.7913041	1.8685464	-4.319697	-2.6405563	0.8962304	-1.4543393	-1.0711257	0.5680739	-1.412709	0.3006986	-2.334098	5.587444	-0.8475486
N-formylglycine	-2.2525508	-0.35580614	-0.9393232	0.10815731	3.6513746	-3.8712533	6.4669914	-0.76311535	2.5216901	-6.1362495	-4.8900065	-0.9836613	-8.488976	1.7214532	-4.0123835	-0.8963659	-2.0223703	1.5653301	1.0497727	3.7861733	0.29716507	-1.5338684	1.6896145	2.700569	2.8424144	0.0932115	0.48605874	0.7742702	-4.4559884	-2.2099888	0.42830297	-1.59148	-7.0824156	-3.8086302	-2.229314	2.1932912	-0.3997169	2.355492	1.4997634	-2.6645398	-3.61739	-0.6658261	-5.56312	0.8375356	-2.9442937	-2.83561	1.1215842	0.89598924	-4.2561355	-2.2223997	0.908233	0.8773942	-0.9092215	1.2842268	-3.93831	-5.4364853	-2.3660743	-3.4373739	0.2509474	-3.564409	0.60098225	5.9742966	-2.475028	-3.74413	3.0215602	-1.0212508	-1.072107	0.42173517	-0.7438172	-2.5432336	-3.1692398	-3.524124	-1.4585059	-0.7277629	-2.8058615	2.141692	-0.96973145	-4.3922644	-1.334697	-2.0414548	-1.6498508	4.397571	-3.1746092	-1.7111677	-3.0645418	-0.29185894	0.37108997	0.34661302	-1.6758666	-2.878739	3.6330116	0.46637422	-2.2986631	-0.9868683	-2.0579946	-1.1724491	3.1894457	-6.8693857	0.33093828	-1.8599398	1.7109042	-3.781869	-2.4135282	-3.0449388	0.73234916	-0.47924703	0.6602303	-4.229162	-5.5497103	-0.5653844	-1.6293752	1.7897837	-2.383323	5.077957	3.5438778	-5.1156435	-5.28891	-3.046668	7.6243844	-0.61520046	-0.4412724	-0.2780705	5.8628097	0.23312572	-2.3454854	0.3336741	-4.5751543	3.1269157	-2.8865013	1.1165018	7.6243854	-1.9151528	0.49626288	1.2824324	-1.5229824	-2.1823351	-2.8889668	-5.687605	-2.0285676	-1.1468216	-3.1121843	-0.45813018	-0.00827137	-2.487233	-2.2482078	-2.5201118	-0.0641748	0.7832905	-1.439169	2.8317466	2.7768521	-7.1647296	-0.9656404	-3.67751	-0.30414626	3.1130745	-2.4179568	-3.0496662	-5.012709	-1.2162752	0.37924948	-1.7136298	-3.8026931	-2.6895971	-0.43173003	4.680292	-0.31367654	-4.8393917	-0.7808158	-3.286921	2.5326867	-4.6240163	-1.4627995	-2.263889	1.3322643	-0.87765676	-3.1013157	-1.2100936	2.6229246	1.0604858	-0.8828177	-0.81077635	2.5112014	-0.79745144	-0.47031876	-6.3835807	0.06409915	-0.93924445	-1.4630299	1.1322536	5.204269	-0.8739958	-0.1855325	0.22486503	-4.4321876	-4.220329	1.0685294	2.206322	-1.8929112	0.8405797	-2.6703298	-2.9963188	0.18721266	1.7596385	-2.156226	-1.761504	0.57526946	3.1439037	-2.2341316	0.039667625	0.7986789	-4.249909	-1.2715287	1.0894784	2.3049762	2.5897148	-1.2974863	-6.8489666	-1.0973264	2.2717383	-3.1362443	0.4509596	-2.7935688	0.16383299	0.7113262	-0.013886148	-4.929709	-3.155103	2.819986	-4.5132003	-0.3798416	1.2888545	0.22056888	2.0093617	-1.5244883	-7.2057056	-1.4623256	-4.505151	-5.1085773	-5.446675	1.8721328	-0.55868816	-4.459012	-0.02736851	0.72406906	-1.6734349	-2.3036253	2.5116224	0.37604204
N-hydroxyvaline	1.4109415	-4.679455	0.45007113	2.206505	-0.7072345	-0.3761391	-0.25167614	-3.3570368	-5.095435	-7.1834335	-5.034518	-3.3874145	-0.735661	-1.6295667	-2.3261688	-3.6396372	-2.2481177	-1.4952565	-3.9792538	-2.4765913	1.8124387	-1.9476604	-3.0472357	-1.4497249	-2.4991624	3.599351	-2.2963598	-6.365749	-5.601107	-2.3179963	-0.32410762	-2.2851245	-6.0309834	-2.281639	-2.5468547	-4.9291253	0.17507552	-3.8148608	-4.3816967	-2.3298185	-3.3231578	-1.6196053	-5.6992307	-4.1387053	0.6455521	-3.3453834	-2.1071482	-1.4665283	-0.39308605	-5.767131	-1.0919118	-3.266957	-0.86464757	-2.2119381	-5.308324	-8.213429	-5.651526	-0.9937252	-4.358441	-3.6753786	-2.6940355	1.5259054	-2.267338	-1.8813243	-5.1107063	-6.213347	2.2507465	4.153246	4.825441	-4.1450963	-4.6696134	5.075393	-5.2574496	-0.6462593	3.4394283	-4.401211	2.6729944	-4.94874	0.71617645	5.57816	-3.4548635	-9.243237	-6.1332808	-3.2103462	-2.597617	-3.0237398	-1.96256	-2.2708757	-0.54906213	1.9645432	-1.2088788	2.5386474	-0.115978144	-5.5585074	1.6508619	-3.0939217	-3.7883592	4.238536	1.8451633	-3.6419783	-3.5509396	-3.361505	-4.071532	-4.1776495	-4.913748	-2.798843	-2.659961	-0.22735819	-0.66415185	-1.7195867	-1.383834	4.619858	-3.8887057	0.4916707	-1.1315472	-2.1667528	-6.0210752	-0.07013737	2.7915785	-0.6916928	-4.515948	-2.81721	0.70422465	4.236877	3.0061786	0.17211723	-5.2769523	-3.7457175	6.660298	-1.4510149	-1.9151528	6.660299	3.4124067	-2.1896586	6.01991	-4.612357	-5.0937614	-3.9962783	-2.8587885	-1.9675139	1.0884544	-1.7997202	1.1482017	-3.3260198	-5.5778494	-2.6646714	-4.317165	1.6400696	0.38943502	2.3002112	4.0356083	1.5630997	2.2319474	-4.417741	2.6306763	-1.2859166	1.8174416	-2.1759765	-0.56496584	-0.46768898	-0.3807509	-4.370105	-5.13145	-2.036875	0.19723618	-6.197128	1.6922114	-3.0842407	-1.0133257	-4.1343503	-3.4603226	-3.3960125	-2.2384984	-0.42052656	-0.7883533	-5.6490874	0.60487556	-2.3441253	-2.7610118	-1.6984674	3.8251119	-1.9179183	-2.55375	-1.8626326	-6.4269824	-6.289932	1.5773141	-3.9526865	-2.6974413	-1.8650894	-3.642327	4.417323	-2.9014556	-4.011157	-5.4863214	-4.4669485	-3.6006987	-6.645712	0.62195045	1.3080797	-0.09468299	-5.3893247	-3.291041	-2.3910797	-1.5329285	-2.4735544	-2.2349377	-1.4941708	-0.85660875	1.7209507	-0.90348047	5.295846	-1.9297023	-4.9195213	-3.5043554	-0.10849456	-3.979934	-6.1916504	4.3114715	-3.4957104	-0.15476893	-4.8438454	-3.0277019	-0.0984701	1.7244549	-2.6294143	-0.12479455	0.6054946	0.3711989	-0.025135932	-3.0834274	-1.0502586	2.5891235	-2.999092	-2.6391404	-2.533451	-5.5061803	0.13955097	-5.711606	0.8922333	-1.6534983	-5.5804777	-2.2398782	0.69763225	-0.0052921395	-2.1624687	-0.66685325	-5.1829925	2.5467858
N-methylphenylalanine	0.8764469	1.7636102	2.9817774	4.1567693	1.0854136	-1.9018772	0.68761724	1.7807847	3.0949798	-2.4609454	-2.3345814	3.150139	0.14060885	2.905308	-1.417691	1.5736734	1.2117833	0.73907673	3.6018329	2.3248835	1.3327127	0.78040355	1.0543696	3.7652597	0.52350515	3.886533	2.3019404	-0.9560706	1.4058461	1.6351565	1.9130007	-0.39790976	-2.1869822	0.65788937	0.44480148	1.64767	3.075917	0.5919782	1.0671487	2.231333	2.3268974	1.698163	-1.8784742	0.46496695	-0.18840359	0.66113	0.89686817	1.4762858	2.6864252	0.4699237	1.0528233	1.7903906	2.2419672	1.329189	-1.5977578	-1.9943055	0.3049681	0.35339043	2.0562975	3.1735117	2.2843852	0.47688997	-1.0074658	3.8054793	-0.26801178	0.6969428	-0.46719652	0.35712245	2.445986	-1.1740364	0.1233386	2.6092277	-0.18776502	0.008264609	1.82329	2.649687	2.0638847	-0.37282565	0.3918651	3.5435314	0.14144005	0.9597469	2.2370343	2.1652007	0.026777687	2.8106754	1.1929748	2.4687479	2.2025707	2.4178417	2.953523	3.9534273	0.9659611	-0.3177893	1.3990042	0.10032176	1.058409	-1.4918311	2.288591	-0.62189406	1.0591844	2.7021706	1.8355486	-0.927945	-0.33973253	0.27996933	0.22465749	2.0809932	0.9281856	1.7021775	-0.19367705	1.9643883	3.7638714	1.7889391	2.0201697	0.11625631	-0.606501	0.03670048	1.3788444	2.6961696	1.0589892	3.0879881	1.0671716	3.071145	1.1022727	1.1127807	0.054715853	2.2412305	3.3635635	1.43841	0.49626288	3.4124067	5.250161	3.4519238	4.640157	1.8929664	5.25016	0.6207128	0.17532603	3.611237	-0.5378809	1.43537	1.2439513	0.3932977	1.7906375	1.3541635	2.361824	0.6901915	2.92126	2.7046392	2.0014577	3.262567	1.103816	-1.0126508	1.6411643	0.53684133	1.3768054	1.4004335	-3.2770603	0.07606171	0.88076663	2.029343	-1.5689731	-0.49427274	4.3171644	2.57691	3.2355306	-0.6066687	0.2893775	-0.6200421	2.913213	0.40345052	-0.3682122	1.5703833	2.4564605	3.409406	-2.6760292	2.757444	-0.08530338	1.3094367	2.241192	3.6237125	1.6940262	0.37939385	-0.045818105	-1.8986229	2.5274537	1.3443658	1.464769	2.8962688	1.1854193	2.037767	2.6571593	3.148444	-2.401794	-1.5971459	-1.179503	-1.8846407	2.819432	1.7717218	0.056211594	-1.4186947	0.35099474	-0.23574108	0.8136673	1.4290531	1.2180637	1.5524132	-0.52131844	1.5718539	1.7434242	2.2226098	-0.18039708	1.5444489	0.86311096	0.41160744	1.058828	2.0782688	3.375178	2.8032253	1.0273197	1.551731	2.9784334	1.5652922	1.9237065	1.5725971	2.0476768	-0.7305807	1.5001022	0.90043306	2.8221383	-0.36169234	4.2531314	1.2542516	1.9794149	1.7755469	-3.7144678	4.251229	-2.9746575	-4.687506	0.65803933	0.8232779	0.5454044	1.3979588	1.1503801	3.4118512	0.165313	1.0071205	2.4062634
N-methyltyrosine	-0.11695147	0.9294816	0.84717166	3.0732553	1.4324889	1.1133021	4.631487	1.1296449	2.7331662	-0.5466846	-3.921058	1.6701844	1.0350744	3.071135	-3.376247	1.9712495	1.6497737	4.10339	4.231179	1.6854247	1.004291	2.8308942	0.5519806	2.7706637	0.66154575	1.5463548	3.4664464	2.3677328	-1.7709436	3.413197	3.605376	1.2188842	-0.96638703	1.1949912	1.6373057	2.6983821	1.9117788	1.4936258	2.0189884	2.7811406	5.019921	1.253085	-1.0659877	0.16240421	-0.43319064	7.695887	1.1860039	3.4231744	0.14094995	0.93065226	0.839418	0.43524152	1.86332	1.3612137	-0.4918602	2.3500671	0.011835771	3.5475888	0.7497487	0.79229856	3.3124347	1.307842	-0.808316	-1.0551629	0.27252242	-0.046444286	1.4188539	5.358849	-0.78950876	3.0664837	0.11133387	0.25442806	-0.03747935	-0.22744274	0.8343226	4.7310643	1.227118	-0.30749887	2.9350383	-1.1966046	1.5823483	7.700919	4.7760496	0.67973924	-1.735873	0.5878132	1.2868433	4.9278097	3.7383993	2.3409905	2.72203	3.092183	-0.6901553	3.4783318	0.6999413	-0.9911563	1.226693	-3.1429896	2.237412	1.4176546	1.6472974	5.995331	2.9327633	1.8702279	2.7558212	0.40666223	0.7843553	0.4224653	5.705263	3.0682344	0.7579818	-0.12379317	2.1054196	-1.7336116	5.754744	0.32136062	0.6799349	-0.98504835	0.21390978	3.324414	1.1778402	0.36389482	-0.042884275	-0.08797587	4.2669997	1.908298	-1.4453161	2.795048	-0.23954277	0.6498612	1.2824324	-2.1896586	3.4519238	7.70092	0.40870902	-2.387208	0.6444339	-2.8095183	1.300297	2.5468643	-0.78721964	1.2544451	1.0409276	-1.1874477	6.898055	-0.44262058	-0.5304166	1.463051	-0.047774024	1.6770216	2.1860907	5.1301603	0.7332375	2.2905414	3.5008109	0.7106057	-3.309998	3.5021765	-6.3345275	1.5480709	0.51410127	1.4337846	-1.135562	2.870113	2.0561967	-3.1108983	3.302455	1.3926263	-0.19749677	-0.4763052	5.120568	-1.601565	-0.21250352	6.515714	1.6108916	5.270882	1.6214747	3.4725618	0.6414884	1.853144	2.1378999	3.606794	3.2220068	1.5536985	-2.1568878	-1.2443433	-0.041966043	1.9205196	-0.23296641	5.4948707	5.351737	2.2428825	3.0009675	4.205786	-3.1394114	-2.966732	-2.5526497	-2.7758827	2.6006978	1.2758864	-1.4471595	-1.3767214	0.79727364	3.399784	-0.6788292	1.8729275	0.4334423	2.0262446	-0.6006585	1.6283413	1.9195579	-0.8057263	-0.12166346	4.660045	3.396704	0.15840074	-0.6723352	-0.05479657	2.2136862	1.7103978	0.3300007	1.1161665	-0.15547656	0.12223768	2.3369079	1.4607931	1.9749951	3.9052618	1.0515504	-1.0129068	1.1250187	-0.463021	3.5839734	4.4319906	2.2970588	0.3182055	-2.7896998	5.105536	5.140552	-2.189606	1.0400072	5.3799796	2.7981787	0.1904329	0.05194706	3.6902654	-0.77100974	3.0020838	2.3222718
N1-methoxytryptophan	0.5823734	-2.1893353	0.4639391	3.6199822	-1.2386	-3.2902107	0.5700419	0.42623046	0.7339154	-0.37084833	-0.5982468	-0.62433815	-8.386619	-2.0321321	-3.1654975	-0.04978319	-1.3443475	-1.81873	-2.793826	-0.54983234	3.010532	-1.2810178	0.48227033	-0.6497371	3.0698593	3.2454846	0.7160976	1.6340057	-4.843674	-1.2041379	0.027983204	-0.028313069	-1.0387162	-1.1076922	-1.4870965	-0.015106605	0.54800195	-1.6716685	-2.112648	1.2566907	2.110484	1.3569316	-1.0411987	-1.8201901	0.49336842	-2.8629885	-2.3376672	-1.0106256	-1.9039006	-1.9112078	-2.6446097	-2.053874	0.48288375	-2.3466163	-2.2941785	-4.003014	-2.6830862	-2.0706053	4.113259	-4.036164	-4.110793	1.3653094	1.0293635	1.3748052	-1.2372724	-0.8293144	1.9251217	2.312675	4.9069476	-2.779696	-1.4417899	5.019651	-1.2735159	-2.538761	3.381141	-1.2498318	3.7682507	-1.8564819	0.76824784	5.231621	-2.6867325	-5.1143026	-1.2629598	2.9411938	-1.8660136	-0.98648137	-4.023392	0.49504495	1.4152218	0.25321278	-0.4777724	3.8683145	0.17211942	-0.15657231	1.4237374	2.2743554	-3.6651177	-7.0577273	2.6477592	-2.569141	0.25462896	-2.335575	-1.7638452	-1.5222842	-2.2119136	-1.6001822	-1.8179355	0.47338936	-3.1273835	-1.6092144	-1.7730931	4.2846084	0.12936568	0.53193825	-2.6958203	-0.59583586	-2.48292	0.0037270605	3.3573394	-0.46942678	1.3722582	-0.77147746	1.2814391	-0.7084812	2.8644145	2.7989228	-3.776797	-0.78229314	6.117852	-0.81143874	-1.5229824	6.01991	4.640157	0.40870902	6.1962748	-2.0687983	-2.9383345	-4.7690406	-2.4706657	-2.1099763	2.193572	-0.39921093	1.0156782	-2.0217242	-1.6041222	0.9226237	-1.2518393	1.207635	1.4007335	2.4295242	3.692994	1.5884638	2.4661174	-1.0372354	2.9420207	-0.63824475	-5.7050247	-0.048499744	-5.2179513	0.43181148	-0.062197376	-0.51875734	-0.6955573	-1.4557326	1.1756697	-4.4855375	2.2357273	-1.3542135	-0.26802513	-4.018876	-1.3486409	-4.1027875	0.34733844	-0.61959404	-0.590112	6.196274	-2.8660781	-1.0311646	-2.0905747	-0.60414016	3.555631	-1.391527	-1.5314333	-1.0895722	-4.421524	-3.9946039	-0.60752106	-1.5802995	-0.43267834	-2.0376906	2.4555135	4.0568256	-0.04822093	2.7698667	-3.7863462	-0.5956181	0.6119794	-1.4065522	2.7027137	1.4182059	0.006199517	-2.7895024	0.26812717	-0.9626871	-0.36299476	0.14172192	2.2619762	-0.5747126	0.1357552	1.7090471	-2.8257966	5.0251517	-3.3420339	-0.32275856	-1.1603031	-0.59189314	0.08440804	-8.057068	4.389831	-2.4992843	0.4968588	0.8114912	-3.2853193	0.25495303	-0.41076854	-1.8982524	-1.0779301	1.5783643	0.9096562	-1.3213226	3.1995888	0.28282332	4.3867497	-0.11618457	-4.31034	-3.2136323	-4.9144206	-1.0499357	0.77902687	-5.871722	-1.3692861	0.00087837956	-2.6352375	1.2374151	0.36341915	-0.15563633	0.20556702	-1.3095323	1.1357163
N5-acetyl-N5-hydroxyornithine	-0.54803705	2.7256696	-1.9195414	-1.0244645	-1.6930803	-0.03172004	-0.28446352	-1.7806522	2.7302608	-3.9762974	-3.0352087	-1.2113746	-6.2855234	3.2067242	-3.2125003	-0.55227077	-2.3392775	3.2297044	-2.7697814	0.7053818	-0.6351861	0.6396243	-0.13169234	-0.48387033	-2.0379856	-0.55324453	-0.0062590926	-2.1706192	-1.6253773	-1.8469303	1.5152439	0.06689637	-3.5550654	-1.5114104	2.694443	-0.77236885	0.60224867	0.0034426607	1.1651728	0.4752993	-0.29715908	2.7278194	3.4660566	-2.9994557	-0.9861505	1.1023912	2.2340465	-2.3813248	-2.8639586	-1.1639467	-1.4727676	-3.2805896	0.54748863	1.2581681	-2.9239035	-2.5345263	-1.0777078	-1.4860688	3.2838404	-3.3252878	-1.4401459	0.9124815	-3.948298	0.52431357	-0.41622117	-1.9207579	0.5970791	-2.5134547	-2.6262062	-2.340359	0.9872276	-0.101345964	-0.45870304	-2.1843522	-0.92302805	-0.28804514	-2.0898314	-1.048095	-0.25361902	-1.6820298	-1.5621698	-4.855034	-1.5827255	1.7329386	-2.3294573	-1.196868	3.3740427	-0.38061982	-0.3111407	2.3303928	-0.72080874	-0.95198303	-0.93661165	1.6807663	1.1606724	5.157799	-0.08274069	-2.6309173	0.5979684	-4.056519	-2.5925367	-1.1237117	-2.6867158	3.2192736	-2.3302517	-0.87570965	-2.514016	1.9917886	-3.5705476	1.4356903	-0.11459636	-1.7049005	-0.5585461	-4.0951276	-1.4640166	-0.086227044	2.1187687	1.4583777	-1.1675357	-4.0032077	1.0398293	-0.7297948	-0.6087065	0.30016786	-0.33684146	-0.10778235	-1.262718	4.2755036	-1.0845878	-1.740513	-2.1823351	-4.612357	1.8929664	-2.387208	-2.0687983	6.032209	0.19674444	4.088123	-3.0573459	2.8375096	-1.5223907	6.032208	-0.5922339	-0.8133358	-1.9791707	-0.92253655	2.1476758	2.1250207	0.53230846	3.5129142	-0.29442516	-0.34817743	-1.4112289	0.70553815	-1.2194636	-1.2983992	-4.60585	-2.086332	-5.10197	0.21816209	1.1440241	1.6984217	-1.8961633	-2.0307302	-0.36340344	-5.401524	-0.68550575	-2.4661238	-0.4330515	-3.5862615	-0.8770678	-1.1564511	-1.6670101	0.8598229	-0.21518953	-3.8216345	-2.3262143	-0.37520084	1.9414891	-0.5315827	-0.44775388	0.5636466	-2.0134091	-0.5503485	-4.367934	-4.051577	-2.5917222	-0.7534163	-1.7200085	-0.5756127	-0.9044544	0.76796025	0.5143098	2.1616104	-1.7656065	-0.6312723	-1.9875512	-1.4375457	-0.8246258	1.4899788	-2.506897	-2.1848307	-0.55801773	1.7568123	-1.8728592	-0.1453166	2.1160457	0.036047984	-0.93275285	-0.5322904	3.5098128	-1.0605282	-4.2302055	-2.1237357	0.9564079	3.6933408	2.8667436	-4.83389	-1.0228703	5.347206	-0.4042917	3.314088	0.039783556	0.018297639	-1.5376525	2.289854	0.4719049	-1.5178533	-0.8681196	-3.3256302	-0.09649227	-1.8571591	5.192177	-1.9773229	-1.2619032	-4.8372025	-4.8436155	0.39340523	-2.2738755	-5.134259	2.9885502	-0.602055	-2.273273	1.7805547	-0.7598887	-1.6543906	-3.0380816	-0.70813704	-1.0021615
N5-cis-anhydromevalonyl-N5-hydroxyornithine	2.5548341	-3.906239	-0.030297078	4.138755	0.5823584	-1.3502637	-1.5060322	2.7522483	1.3030027	-2.9720497	-4.773837	3.8936734	-1.9898909	-1.764318	-3.542259	1.6131597	2.6486228	-0.25918382	0.9031791	4.810666	3.8077989	0.29013616	-1.5156851	-0.36840665	-1.469726	-0.29826957	-1.5046933	-2.3402104	-6.205911	-1.6592622	0.9491645	-3.3146331	-0.7225326	-1.0471091	1.6835351	1.18916	5.810018	-1.4305729	-0.40733108	2.9969406	6.16389	1.0657102	-3.4749463	-3.2960625	-1.4485275	-3.5890229	1.1765853	-0.12197209	-2.638891	1.049881	0.41418034	-4.725674	5.981191	-1.1930076	-2.623526	-2.1920824	-1.3927909	-0.5670837	3.5798202	-2.1706026	-0.37881353	1.2503508	-5.9576197	1.687962	-1.7066758	-4.188591	3.4613943	-3.1452298	-0.557591	-3.026605	-1.3149335	0.12637927	-3.0582705	-4.0558167	-1.0810953	2.8052065	-2.3844805	-3.3294518	-2.8442018	-4.0368223	-3.4614837	-6.3924127	2.2300324	-0.7878366	2.3780403	3.4637635	-2.6613214	2.6383567	-0.6836181	4.2534604	-0.7745464	4.222499	-1.3481609	0.7778106	-1.2420164	-3.7348535	-1.6789342	-0.044349372	0.61597055	-1.9148712	-1.999474	-3.4626133	-2.0999565	-0.49529457	-3.6055744	-2.588179	-3.527322	1.7598932	-2.602155	-1.954839	0.4647313	-0.23476732	-0.9957462	-5.3533735	1.7396232	-4.0047245	-3.2858462	3.28763	-1.7402295	-1.1889031	0.57598084	2.4805877	1.4312594	-2.446835	0.12792906	0.53810894	-0.62235373	2.458211	-3.9653945	2.8372083	-2.8889668	-5.0937614	5.25016	0.6444339	-2.9383345	0.19674444	11.425915	-0.61320287	-1.2862828	11.425914	-3.5538564	1.2590843	2.4509776	-1.4188082	-1.6281824	-0.37929448	-3.8459187	-2.7822666	-3.4382415	4.9222713	-3.0896719	-3.2612488	1.8177043	-3.5490782	2.7317297	-1.3513156	-5.280536	-2.3258004	-0.5114058	-0.6181834	-0.1324922	-2.2410517	-2.466041	-1.3321093	0.5903764	-6.3982306	0.8864655	-2.8682966	-2.1637406	4.9512467	-1.1907638	-2.36436	-1.3600531	-0.87384945	0.22382542	4.890849	-3.357933	5.175113	-1.6235596	0.35237736	-0.85623467	-0.053427503	-1.0378946	-0.6848516	-7.0765414	-9.106169	-2.4976013	0.8850791	-3.647456	0.5463438	-0.6674144	0.022122603	4.7058578	5.735355	-3.4348586	-3.680415	-4.3215065	-5.6889877	2.881254	-1.9996653	1.2873187	-1.1558306	0.26580474	-0.028285138	-1.959786	-0.5657085	-1.482505	-0.07595876	-2.4336119	-1.4924862	2.130569	-1.1205482	-2.5116587	3.3351595	1.7589322	0.5030475	4.8000927	-0.6392634	-3.120686	3.9772422	-2.498315	-1.9468514	-0.34245896	-1.4170392	-0.23555975	1.6050335	-1.3215866	-1.078863	-1.1869473	0.49742633	-0.96505857	-1.450658	-1.2221078	-0.8752243	-2.800014	-2.1625507	-5.3441415	1.9125698	-5.376499	-6.1072917	1.773239	-2.2145596	-2.0988045	2.1869473	-1.2385458	-1.0539391	-3.0848014	3.364106	0.6041934
N5-formyl-N5-hydroxyornithine	0.9788217	-1.3928891	-4.649801	-5.20796	-1.730187	-1.1607766	-5.2761693	-3.2144651	0.4682852	-6.115096	-5.124469	-1.7445043	-7.325569	3.1415243	-5.857352	-2.8898737	2.3710954	-2.784987	-5.9463925	-1.2173212	-4.428153	1.3888874	-0.2768174	-2.2808	-5.1606026	-3.4172807	-3.3739932	-0.73261744	-4.722985	-2.4837177	1.7840624	-5.0547748	-7.023375	1.0243185	1.6552247	1.1391639	-1.1217102	-1.8005176	1.7266734	-2.7530441	-4.858495	-0.45650628	-1.5471843	-6.2997336	-1.5402066	-2.7750356	2.432059	-5.2365103	-4.970218	-0.46568003	-2.4251304	-3.140162	-1.0324138	-3.4363575	-5.5621023	-4.469869	0.059442513	-4.681702	1.5862784	-4.0756097	-4.851193	-4.9320917	-4.037632	-3.3128986	-4.9825153	-5.8575983	-0.8236972	-4.6003323	-4.576339	-5.2681274	1.07012	-2.4153838	-3.550474	-4.5760393	-5.363666	-5.3459463	-5.319856	-3.3821783	-1.14755	-5.1209807	-1.3751702	-5.1874022	2.1513338	2.1390793	-4.908087	-5.439179	3.2198553	-3.698757	-1.9283822	-1.7697085	-5.039318	-0.028714042	-1.2928089	-3.03141	2.9922564	-0.5775106	0.52441996	-2.2888787	-2.1993198	-5.924962	-2.7474265	-3.998484	-6.2406044	-2.3303308	-5.695487	-1.5983998	-6.865366	-2.4794729	-6.18254	-0.2223739	1.2140625	-4.5582433	-3.4353616	-6.5955486	-4.7908792	-5.136171	-4.6050277	-0.40658575	-4.7979	-4.3170576	-5.574944	-3.4862916	-2.9157183	-5.5408444	1.0211633	-5.4546475	-4.823509	0.2750324	-3.9378984	-3.0717335	-5.687605	-3.9962783	0.6207128	-2.8095183	-4.7690406	4.088123	-0.61320287	4.088124	0.53152007	-0.6510591	-3.2815046	2.3112583	-2.6213443	-3.1372902	-5.2664084	-4.9349246	-2.3579168	-0.28283936	-5.1965103	-0.8216435	-3.833805	-3.5398192	-2.4019842	0.46185347	1.2140365	-2.9947102	-7.6699615	-3.8897855	-7.224671	-1.7299784	-1.1900115	0.5156065	-5.5508327	-4.3546524	-2.628931	-4.690468	-3.9355884	-2.7820153	-2.9013696	-3.1499658	-5.750941	-1.2164309	-3.9430299	-3.208896	-0.8106001	-7.5100102	-4.6169667	-3.145238	-2.9470048	-2.7168202	0.7914028	-4.467252	-0.987822	-3.6273065	-6.8688517	-7.0085425	-2.955314	-4.0592637	-1.5255344	-3.9656687	0.24508986	-1.9362398	-1.0631112	-2.3129432	-2.412549	-2.5952306	-4.7271466	-4.114731	-4.985793	-3.8306873	-4.242392	-2.487831	-2.7904608	-0.9861649	-4.012217	1.9917846	-1.583994	-0.95915246	-3.232413	-2.513411	-0.50997484	-3.6517792	-6.3560653	-3.362997	-2.661574	0.34496117	-4.39593	-5.883137	-3.1864126	1.4415464	-3.9184682	-1.6315892	-4.194385	-1.7486707	3.1499503	1.7926974	-4.4962215	-5.133329	-2.815685	-7.120799	-2.463074	-3.000331	0.3113733	-4.6199837	-4.3554325	-6.117039	-6.4043393	-4.5502453	-4.2756577	-6.540408	-2.488233	-3.1501079	-1.2144438	-0.4965496	-2.8231304	-4.710008	-3.7132916	-4.4059014	-3.903742
N5-hydroxyornithine	2.0887096	-2.8763938	-3.6689267	-3.5429628	0.628044	-1.5230057	-3.8652537	-0.4917026	-2.4308898	-4.293315	-6.358823	-3.1551604	-7.350734	-1.5203633	-7.04721	-0.98170793	-4.8885007	-5.381378	-3.9232597	0.57546234	-4.149158	-0.92604566	-3.5089662	-3.206545	-5.281713	-5.070858	-2.0862138	-4.9088736	-9.738983	-1.0596385	-3.3810663	-5.4663916	-3.255297	2.1909034	2.6768656	3.5794969	-3.3236802	-3.5493672	-0.3613514	-1.7847648	-0.9434215	-0.8206807	-4.479178	-7.49504	-4.809166	-6.2496524	-1.1137727	-0.76106286	-3.8999462	1.220606	-4.022443	-6.881284	-0.6862106	-6.8988795	-5.972607	-3.2427633	-3.737221	-5.6698008	-5.2120852	-5.7852955	-4.852163	-0.8969598	-8.797059	-9.086704	-2.5300312	-8.0974245	-0.16810876	-3.239522	-2.2249215	-5.0190334	-1.5762848	-1.1375966	-7.4498687	-4.730826	-0.1797703	-2.4411902	-1.8492373	-6.3681655	-3.7156515	-3.298512	-5.869408	-2.2430525	-0.5737088	3.6470122	-5.2351146	-5.0994034	-6.415857	-1.634874	0.62182117	-5.7443624	-3.1838114	0.2439189	-5.143235	-4.2576447	-0.97079474	-3.4508927	-3.1827152	-5.3327694	1.1637192	-6.744394	-1.2374831	-3.1755393	-1.6801054	-3.404191	-3.1398776	-3.0038593	-7.8509927	-4.341183	-2.8506064	-0.2742209	0.70976853	0.07802912	-2.7071972	-7.065392	-0.8522893	-7.8718514	-7.9017396	0.4352231	-1.4081414	-4.299992	-0.39368555	-4.342369	-2.3501775	-2.9936213	-4.390735	-7.005008	-1.4528892	-3.2987242	-2.1571681	-3.625005	-2.0285676	-2.8587885	0.17532603	1.300297	-2.4706657	-3.0573459	-1.2862828	0.53152007	3.6470132	0.7589598	0.120431386	1.0690529	-1.6312362	-1.5716141	-3.8035452	-5.7976627	-2.6209934	-2.7285018	-3.0842142	-1.5257646	-2.0414758	-3.396145	-0.29750016	-4.36048	1.9317553	-3.9582927	-8.344288	-3.5196545	-9.846968	-3.736413	0.21114036	0.17268594	-5.710547	-4.9186015	-3.8032517	-8.351267	-1.0301591	-5.5628843	-3.9688642	-2.7643585	-4.6320167	-2.5295932	-1.3214345	-4.8754015	2.4556723	-5.0869403	-1.2690561	-2.6428351	-2.161338	-1.65591	1.1215419	1.2729722	0.5645078	-3.1541533	-8.563574	-10.427705	-2.0916748	2.275752	-6.3949585	-5.5778613	-3.777756	-1.2060626	-0.6306938	-1.3909231	-5.915391	-3.5692387	-5.979745	-6.5404854	-0.1035935	-0.61026865	-5.228763	-4.179694	-3.45266	0.86325866	-5.3452063	-3.844469	-2.75425	-4.68879	-5.1026974	-0.5166869	-5.2513337	-1.8624194	-4.8174353	-1.3000052	-1.1120796	-1.7904129	-2.4867005	-6.895563	-2.3459	-5.3118505	-0.44048256	-6.0754385	-2.7753575	-2.543142	-3.820523	-4.6616745	-4.9425316	-5.1467395	-3.080477	-7.3551645	1.5885727	-4.918308	-3.5447748	-2.511131	-5.854767	-6.474031	-8.662512	-4.993845	-3.3151577	-9.954051	-5.247496	0.0683964	-0.3481943	-1.5736225	-1.1826074	-1.5800253	-5.877743	-2.8212757	-3.407417
N5-trans-anhydromevalonyl-N5-hydroxyornithine	3.5260355	-1.101543	0.5492893	2.818463	1.4550753	-1.5464768	-1.660733	1.5324275	1.2820941	-0.57618463	-0.96686316	1.5713954	-2.027164	0.38033202	-2.9740076	2.2919912	2.648405	3.1292663	-0.35102907	4.756929	3.1407042	1.2580237	0.20438085	0.79029936	0.58428407	0.71192163	-0.27644014	-1.6773006	-4.6104136	0.29984176	1.6309016	-1.7057675	0.44290596	0.73400325	0.36610237	2.1699393	4.4975677	0.1549599	1.7102002	2.6206403	4.455658	1.5866024	1.5941275	-1.1376617	0.18821527	0.057251457	0.89175385	0.73658925	-0.94235104	2.7907875	1.384787	-1.5846558	5.1016603	-0.5006229	-1.586947	-0.9632061	0.7832887	0.17192538	2.2647	-2.4673462	-0.5952535	2.4484553	-2.8167808	0.35656798	-0.8225618	-1.1361402	3.9038677	-1.6709733	-0.91831857	-0.5416134	1.0547227	0.21457657	-0.55796885	-0.34748587	0.65638983	1.1381176	-0.74897045	0.26136872	0.9293339	-0.7989779	0.7735427	-1.0651969	1.7935474	0.0019000085	2.298652	2.074929	0.15632851	1.8026023	-0.7040691	2.8012674	0.39562312	2.7276096	-0.4481473	0.99636304	1.4690007	-1.3215922	-0.08589289	-1.9643496	1.9968139	-0.9028199	-0.8939141	-1.5810307	-0.4350743	2.0390594	-0.46259835	-0.5856984	-0.6174986	0.3576471	-0.667888	0.7855768	3.4348707	-0.49622828	-0.35032392	-3.635211	1.8367841	-2.284356	-1.4390185	2.8088827	-1.1438208	-0.3788418	1.1392995	2.6677861	1.3578676	0.8507763	0.099754564	0.63453853	1.2931962	2.2094674	-0.0890396	3.188995	-1.1468216	-1.9675139	3.611237	2.5468643	-2.1099763	2.8375096	11.425914	-0.6510591	0.7589598	11.425915	-0.20643322	0.8767484	3.3805718	1.0696378	0.5983174	0.9578166	0.48210752	-0.067038104	2.0612264	3.8252482	-0.42112023	-1.8940217	2.2050114	3.45824	1.1492827	-0.49873132	-3.4514778	0.109248854	-1.3601124	-0.3620872	1.607738	1.6710365	-0.6308578	-0.6829605	1.3849353	-4.197086	1.0647277	-1.5855283	0.27024862	3.9415035	0.5697353	0.4362842	1.4475914	-0.3149867	2.4945753	2.696049	3.0073774	3.530581	2.7180252	1.0814631	1.2173158	1.0917269	-0.22356679	-0.6052431	-5.993088	-6.2754827	-0.31904355	0.01570338	-2.117296	0.91047555	0.3655593	1.6948129	4.492558	4.9085026	-2.9661887	-1.3992416	-1.7450624	-1.8637463	2.8908148	0.30442247	1.8368403	-0.7983226	3.367784	1.0392152	-0.83288646	0.736061	1.5602154	0.66940457	-0.030127404	0.8091834	1.2868468	0.5168481	-1.0988756	2.1783915	2.2443266	1.837672	5.354887	-2.032405	0.30464545	4.5038	0.99588364	-2.0160425	-0.69598097	0.45864072	0.3421389	3.1236458	0.021317905	-0.2589815	-0.6149539	0.4793345	0.5555556	-1.4850243	-0.013985663	-0.44636947	-1.9647734	-2.5421548	-4.000403	0.83728826	-3.371789	-6.1238713	1.7106977	-1.4803047	0.23488206	2.0928144	1.7013017	0.24496478	-1.5426999	0.67668784	0.862016
N6-hydroxylysine	-3.4068263	-1.7179828	-3.1863406	-1.7953943	-4.369458	0.9694052	1.3995067	-2.2042239	-3.3660712	-4.0440664	-4.665683	-3.097887	-9.74987	-1.5395855	-4.011135	-3.4255843	-0.031899903	-2.8676126	-6.5640087	-2.3902676	-0.98933923	-1.1436698	-2.8742416	-2.7444942	-4.801267	-1.1947367	-2.460555	-2.5640693	-6.965462	-4.660312	-2.0944757	-5.0423565	-2.8044174	-1.3508625	-1.3552381	0.5294875	2.0019684	-3.2237306	-1.3887384	3.733085	-4.3976426	-1.5517099	2.2437716	-4.7280393	1.5136681	-2.504985	-1.8159693	-3.1241055	-4.3639174	0.34076023	-3.4596696	-2.7350261	-2.9494123	-2.2754266	-1.0096911	-1.9780426	-3.9425201	3.4003406	1.2403312	-5.940384	-4.241707	-1.4262658	-5.99104	-5.216814	-2.292435	-3.7110019	-9.954223e-05	-0.21474819	0.17991738	-0.8887494	-2.9260552	1.9405811	-6.14011	-2.3911128	1.8519257	-3.7560143	-1.507627	-1.2664968	-0.68780494	0.83645844	-1.9494373	-8.489316	-1.8653555	-0.35007608	-3.422601	1.3865092	-2.4444506	-0.674796	-2.8095126	-2.6596217	-3.3200169	-1.5102051	-0.3962674	-2.5076857	-0.6251286	-0.78952307	-3.226221	-4.7754717	0.7637172	-3.8843396	-3.2028522	2.8907092	0.34646204	0.22147316	-3.2725883	-1.581937	0.8019971	-2.523854	-4.5713954	-1.0150206	-1.333843	0.5454463	-1.4230274	-2.4642386	-3.3560655	-6.730609	-6.3966675	-1.3514974	0.32992387	-3.9607334	-2.6695478	0.4553108	-0.6768851	-3.0814166	-0.14047152	-2.1586852	-0.7379211	-1.5336009	1.3715953	-2.0865288	-3.1121843	1.0884544	-0.5378809	-0.78721964	2.193572	-1.5223907	-3.5538564	-3.2815046	0.120431386	-0.20643322	4.6486964	-2.4510112	-0.92628944	-2.204651	-2.7279263	-2.2195783	-1.346042	-1.3303257	-2.0711071	-0.64013743	0.30670217	0.28771156	-0.6112814	1.3411703	-0.47276813	-2.5453806	-3.7779431	-1.276398	-8.147563	-2.424901	0.9740337	-0.11122886	-2.3500462	-2.2073014	-1.9891593	-1.7538393	-0.99207616	-0.41544703	-2.1189907	-3.6200612	-5.4635744	-3.2538953	-1.0127816	-0.7337877	0.5076127	-2.4023776	-7.261447	-3.5699499	-0.26373547	-1.924012	1.1124932	4.6486955	-2.8034809	-1.5378227	-5.4083214	-6.222652	-2.855931	-3.7335443	-2.9697008	-2.1749687	-3.446708	2.5104494	-2.018792	-0.013036566	-3.182994	-1.9396927	-2.719155	-0.61806715	0.9787125	-1.188611	-1.7702545	-2.6808693	2.1461155	-0.035877995	-2.6460922	-1.7110754	0.41457763	1.3220117	-1.564639	-2.7035365	-5.5226035	2.3821077	-4.7299185	-3.0230343	2.0050821	-1.8439728	0.15905635	-5.9286118	-0.09817009	-2.4886699	-0.40099773	-0.5724696	-4.135104	-1.7406485	-3.0039923	1.9597205	-3.0238242	-3.2163599	-1.5483825	-4.5226684	-3.297546	-2.3542874	-1.6268036	-2.450871	-4.670533	-6.756335	-6.2919903	-4.1403847	-8.796218	-8.542221	-3.401466	-3.8487525	-2.6267626	-0.1684197	-1.2947272	0.37350285	-3.2435243	-3.90639	-2.6419303
O-dimethylallyl-L-tyrosine	6.0245304	-1.5551045	1.926931	1.7999686	4.19572	2.4256365	1.1751295	-0.8394529	1.3961437	4.662998	4.707631	2.0601778	-7.4274063	2.8958607	-2.6293797	0.9624472	0.026165009	0.72710276	0.592402	2.4006505	3.6226394	0.7939045	0.4766854	1.8037366	2.2041473	0.9256164	3.7696602	4.7588615	0.7525519	2.1631935	0.22976951	2.0818622	5.4361124	4.440863	4.7249827	2.8739448	3.763631	0.935768	2.581119	2.1178095	2.4282255	0.81346524	3.9718895	-0.40796438	-2.0149345	2.8820634	1.4053788	-0.31099164	0.49091113	0.94971013	1.6954432	-0.0135034975	1.6740845	-0.83232033	-4.119295	-1.6738511	-0.41046774	1.0609503	1.6121744	-2.9748726	-1.9296879	2.3015373	-2.9007406	2.1904721	-1.9495771	3.8945334	1.3577262	-0.9987853	-3.0506094	-2.0193267	0.55287796	1.6842624	0.2625935	-0.7974113	-1.1341566	0.44509503	2.166263	-3.1705868	-0.6199854	0.08453809	-1.1128509	-3.5114384	1.8647676	4.568226	-1.4230868	1.9829469	2.5844975	1.895842	1.3937373	2.6334598	-0.0066862884	2.9784002	-2.0280385	2.260287	1.1102942	4.0938187	5.2779293	-2.5454886	1.0348328	2.0221205	0.15137498	-2.5528839	-0.10431753	1.7146482	-1.0646508	-0.0998631	2.9539669	1.7150601	3.4744706	1.3860039	1.8781526	-0.7579811	0.7798192	-1.6310933	-0.43711323	-2.7925026	-0.76546615	1.3912109	-1.4301375	-0.31010947	1.0501424	0.20953052	-0.060719766	2.37682	-0.009141922	1.0963305	0.7713922	2.6325922	0.35039613	-1.155154	-0.45813018	-1.7997202	1.43537	1.2544451	-0.39921093	6.032208	1.2590843	2.3112583	1.0690529	0.8767484	-2.4510112	7.3330617	0.10377452	1.6672632	0.70520097	0.50032157	1.5573895	1.7324659	4.448873	2.150715	1.3275687	0.19535498	0.87411124	0.8304215	3.201007	1.6030219	-0.2973906	0.5064126	-2.8697548	0.19032973	0.3163387	1.0548025	-3.3451338	-2.4434404	0.4967636	-2.013978	1.9165022	3.3999305	0.98951066	-1.1468453	-0.23854996	1.4511595	0.26663893	1.8717651	1.2597387	-1.3042184	4.325154	0.8501025	-0.8874663	1.4384568	-0.49941123	1.3847916	0.787513	1.1917845	-0.99310577	-4.711206	1.1045758	-0.276791	-1.8122891	0.195539	0.36354697	-0.22824043	2.0754793	7.3330607	-3.6520112	-0.83827776	-1.2229568	-3.9422474	2.129401	2.981073	-1.3273854	-0.7064896	-0.28131172	2.2882595	-0.34506208	1.2465781	0.32551494	1.0589641	0.08581734	1.9591178	2.8903413	-1.7638652	-2.347879	3.2254057	0.87737656	2.9174001	0.5288922	-4.8231716	1.3877325	2.375045	-0.6491131	1.457923	-1.4233873	2.0363052	1.5309721	-0.6412834	2.456135	-1.0843834	1.1729227	-0.631775	1.7067913	-0.33111575	4.731053	1.3543563	-2.8103368	-3.5684228	-3.9742355	4.8132887	-1.8606026	-3.981509	-0.12118046	-0.4374424	2.5944974	2.008963	-0.1744004	0.9500235	-0.20160872	-0.94301873	5.2265673
O-methyltyrosine	-0.49171692	-1.2495904	-0.27455607	0.81100935	0.04586209	4.0023565	-0.38464266	0.63309675	-0.26141384	-0.53938615	-2.5711665	-0.54029465	-4.06142	-0.29947093	-1.9918536	-0.021507336	4.097738	-0.040760726	0.22281216	0.6012585	0.2465059	1.4811311	-0.102109835	0.22301349	-2.1473284	0.6345696	0.48124722	-1.4134611	-5.0628223	0.010809957	0.74300796	-1.2692547	-2.9512098	1.329906	1.6249574	0.3168662	0.08225585	-1.1197623	-0.9062936	0.23572205	0.6120207	0.36717597	-3.5801737	-1.6576854	0.57049954	-1.3779426	0.93690526	0.15112607	0.7204485	0.8802642	1.1678278	0.35187614	3.6271622	-0.4551143	-0.67611825	0.38723835	0.9021636	4.2487516	0.75548977	-0.21976964	0.6509296	3.124134	-1.9679959	-0.75017166	-0.38819215	-1.9509536	2.3943923	-1.2217594	0.55799973	-1.2976053	0.48964477	1.0356345	-1.9547677	-1.1231253	0.7585018	0.9625392	0.2507926	-1.1461754	1.829196	1.2004224	-0.5357708	2.9942026	4.003133	0.13680261	3.2266147	3.5583491	-1.0885465	0.47839868	0.7785992	-0.50335515	-0.20497762	-0.15042444	1.6151893	-1.687646	0.81564	-1.973667	0.9598199	-2.1947236	1.2590849	-1.8694618	1.6438912	0.026998807	-1.6585143	-1.6609592	-1.4289876	-0.21970098	-1.4717144	0.2793304	-0.5121957	-0.14160244	2.9796762	2.4862874	0.5761809	-1.9639153	1.873059	-3.8993752	-2.6680667	1.184162	1.389871	1.8741153	0.47995296	0.5470262	0.5412463	0.27553517	-0.60300964	0.18033333	1.8895601	0.5616835	1.5099494	0.13878994	-0.00827137	1.1482017	1.2439513	1.0409276	1.0156782	-0.5922339	2.4509776	-2.6213443	-1.6312362	3.3805718	-0.92628944	0.10377452	4.9151917	-1.1759048	-1.9402736	3.9223225	2.7640908	0.149557	3.0391026	1.0519129	0.9041398	1.4211974	0.443925	-1.0060899	0.6346649	0.25464848	-0.5454439	1.6299952	-3.6901317	-1.963078	0.5330905	0.16066399	-2.4795225	-0.43603012	0.13948338	-3.3104486	0.64594054	3.4554393	-0.608616	1.3361118	1.1982116	4.9151907	2.5615737	-0.27449685	0.62542826	-1.6840199	0.2890041	0.81663173	-1.2797848	-0.36531204	1.3251904	0.60214317	0.0845614	-0.63894457	-5.1078377	-5.365228	2.4676964	1.878819	0.26254666	1.1502228	3.735543	1.0141286	1.1009372	1.3411517	-0.9658448	0.11044832	-0.7233351	-1.8538687	0.7373785	-0.02704417	2.1695027	-0.3147485	1.0223056	-0.9230876	0.036199477	0.5025617	1.2171258	-0.15327515	1.1290764	0.36844534	0.39795735	2.1484559	0.25343984	0.09136376	2.670846	0.9472004	3.4588513	-2.5469735	2.9820304	-0.5912613	-1.7948375	-1.1088728	0.4327991	2.7194254	-0.036986507	1.6351045	0.34101918	-0.894495	0.16476351	-3.1481555	0.55857825	-0.39914107	0.21745136	0.11304656	-0.20630105	0.29124472	-4.8097005	0.41908035	-3.4144604	-5.1435833	1.7853191	0.75304985	2.3029969	1.9299937	2.8495686	0.7643757	-0.52258235	0.21282695	0.3925778
R-3-hydroxy-3-methylproline	2.7844849	-0.35208175	4.6782475	5.238034	2.5802953	3.4868853	-1.1497548	2.3489964	2.390213	2.6203399	2.66271	0.9238665	-3.0022259	3.147262	-2.7620878	4.211719	-2.1635814	6.855713	2.7468843	1.2188106	2.4866397	1.9367462	2.9364076	3.241572	-0.74231607	6.239087	0.1978481	-3.027391	3.1705227	0.4962305	5.594156	2.2205544	3.3045676	-0.37420952	-0.37557375	1.5160683	5.4627204	-1.6878297	1.0409108	4.4716544	-1.7966248	2.9127955	-2.5910378	-1.6033369	-0.66799885	-3.717724	-3.012559	9.158188	1.6502122	0.67007947	2.6998265	4.3176756	0.68353516	4.1933794	3.3275573	-5.6670976	2.3368187	5.520259	2.018749	2.0396914	3.5599399	-0.55172676	-0.4081028	3.3565009	-3.3829067	-3.4826412	-2.32799	0.7371852	-4.3308616	-1.3439543	2.494103	-2.4229972	0.7207248	-2.1231685	0.7192158	0.8185831	-0.4007932	2.1384323	-0.5558315	1.1140736	-2.885452	-1.3373502	-2.6879885	6.0986	-2.324459	1.2525139	5.8384185	4.5328255	-0.100530244	4.729331	1.7297297	2.2576249	-4.708758	0.47297478	-0.6115114	-0.14045988	0.53905165	-6.412352	3.0567093	2.2402575	2.5332696	3.2337034	8.145455	2.2258198	6.6965637	3.2286692	3.3765543	2.6315815	0.7454679	-0.5997196	-0.89659655	1.0006217	1.2285761	1.6058909	5.0863786	-1.8920318	-0.80370927	0.51171386	-2.0648975	-0.24278443	4.2210054	7.659817	0.6611182	1.3119135	1.1464128	-0.06590777	0.9883024	3.1437786	-0.36611772	-0.28028384	-2.487233	-3.3260198	0.3932977	-1.1874477	-2.0217242	-0.8133358	-1.4188082	-3.1372902	-1.5716141	1.0696378	-2.204651	1.6672632	-1.1759048	9.158189	3.4063792	-3.5660903	-0.76621354	-0.21505134	-0.115251645	2.9758978	2.4963422	-1.8957614	1.5516173	-2.8175802	1.5915743	-0.87423277	-1.7044921	-3.8560972	-2.6897228	-2.5755508	-1.1561085	-1.074617	-3.711724	-3.1972492	3.5145094	-0.5973811	3.6637313	-1.3394543	0.798938	-2.195851	3.3159246	-4.8906093	-2.1202466	1.7160751	-0.36656153	-4.2488313	1.4058964	0.55435395	-1.8973539	2.6277962	-0.59571975	1.4558811	0.090292715	-3.2415054	-4.3578224	-3.4684217	-2.2755022	-2.8127644	-2.9556985	-0.767979	4.2890196	1.5117562	1.8807725	-0.3957642	-2.5323935	-3.7973073	-3.786272	-1.112379	1.2254117	0.13430084	-3.372945	2.1920683	-0.69956076	0.32428515	-2.357721	0.3467788	2.461983	5.454709	-3.2447777	2.403631	1.2243687	-1.4485118	1.4398293	1.9223188	1.4617693	-1.2864239	2.1188009	-3.570912	-2.9023724	1.0095149	0.035876103	-2.0585768	3.6482923	-1.0666424	0.49117616	-0.7290024	2.5941834	-2.122309	3.0333066	7.764732	2.5608642	0.66737527	1.8821241	3.5110624	4.20832	0.16639026	-3.6225536	2.6205492	-4.2070494	-4.0641866	-0.35832855	1.4059016	4.9676275	-0.33668968	-0.18096963	1.5670614	-2.5194697	-3.1596696	1.7949733
R-aza-beta-tyrosine	0.46831292	2.741469	4.607515	5.3388877	-0.84170574	-2.0749397	4.641538	2.2348704	4.919833	-3.4431024	-3.955254	4.3956804	-0.97021604	0.14349712	-2.748543	0.80856067	-1.5960377	0.9025616	-1.4221728	1.4510872	0.37256682	1.9165344	0.07296491	6.173447	1.946646	5.908292	0.037791945	0.2649491	3.4888577	2.7521794	0.29093036	1.083576	-2.9450078	0.87345725	1.2008646	3.0079658	1.9236747	-0.26203182	1.0471321	1.9268798	4.813356	-0.9322195	-0.2624068	-0.687102	-3.9218094	9.552661	2.2223856	3.532339	1.0586064	0.69111246	-2.2659287	2.0498164	0.012226328	3.5859985	4.769501	2.9505622	0.2674177	-1.2163	2.0259447	-1.0014333	-1.4349554	-4.2960353	-5.2663827	-1.4305358	-0.8938994	-0.9461159	0.4926628	3.2220366	-0.15888086	3.6874688	-2.207213	-1.8591281	-1.4664565	-1.6506828	-2.589846	2.836107	0.47487947	3.7663484	-0.498413	1.335264	2.949456	-1.0597615	1.2691946	0.17879462	-0.64104015	3.6449378	3.5358143	4.399059	3.3718667	3.9130158	3.8100286	4.3668866	-2.2792783	2.518613	3.3983343	11.251876	3.8159611	-5.659488	2.3950927	3.072092	4.025032	4.3270774	3.5806723	-1.7065166	0.50010306	2.240118	1.087287	2.338892	5.6716623	1.4169414	-1.9436651	-5.301703	3.8656046	3.5848577	4.514068	-0.10510854	-0.37692323	-0.8611639	-1.8966831	0.65752536	-0.8409579	4.4926586	-1.0890561	2.4343326	5.223635	0.02463084	-0.48780346	2.651021	-2.8761165	-1.3811792	-2.2482078	-5.5778494	1.7906375	6.898055	-1.6041222	-1.9791707	-1.6281824	-5.2664084	-3.8035452	0.5983174	-2.7279263	0.70520097	-1.9402736	3.4063792	11.251877	-5.0164123	-2.748966	2.2432098	-0.18124355	1.0285077	2.221713	3.883718	-3.1294427	3.8893042	3.4016364	-2.2585862	-3.6889274	-1.346238	-6.420146	3.1654873	1.8681798	-0.0063303653	0.11246966	4.0314546	6.672541	4.3779454	1.6047946	1.2118887	-1.1866257	-1.2222968	4.303681	-1.6886936	-3.4704795	3.4269655	1.5301629	4.861359	-0.45512238	2.984378	-1.0386417	1.3424819	-2.5271165	1.7335105	0.25463316	0.73180217	-4.383979	-4.103033	-3.02702	-0.57075304	-5.494721	1.7746518	5.685697	-0.107857205	2.6771822	1.9482956	-3.0600708	-2.6539211	-3.5910194	-3.5988333	3.4177837	-0.053120453	-3.298535	-3.3461673	1.358279	0.35519662	-2.4940915	-0.23040758	0.21279758	0.40259665	-3.1226728	-0.25773638	2.1604552	-1.7007103	-2.130498	-0.31377387	2.5535536	-0.046965823	2.3135967	-2.369705	-0.49220005	4.334754	-0.45821923	-1.6413335	0.86400443	-2.15946	-0.7929774	-1.7950454	0.15247081	2.5562317	2.492697	0.16870673	4.8082514	3.2804866	4.1489773	1.2638017	-0.5981857	-3.6089053	-5.2448153	7.2802024	3.7743769	-5.6992545	-1.6792282	3.4515054	2.9091847	-0.27928954	-3.0788693	4.8568172	-3.8488615	-0.39549384	-0.33886948
R-beta-hydroxyphenylalanine	-2.7668746	-1.602201	-0.13494629	-2.182619	1.0501953	-2.1181793	-0.9557788	0.42884773	0.71768695	-6.643681	-1.7860924	-2.6073775	-5.136335	-3.9936068	-4.987437	0.2848908	-0.8240006	-1.2221855	-3.229155	1.4760015	-0.23848066	0.61047894	-0.4597973	-1.3924967	1.6415222	-4.202421	-0.76547295	-2.0089655	-6.975403	-3.6392474	-0.078669	-2.802531	-4.606442	-2.86991	-1.6924257	-1.2837267	1.775795	-2.2285483	-1.5754288	-0.24548057	-1.8146732	-0.78422016	-3.925523	-1.8485277	-0.8629378	-2.4580882	3.9757113	-2.7480736	-3.2604177	-1.4019675	-0.097254284	-1.2324234	0.77857995	-3.163676	-2.0670028	-2.178062	1.8571237	3.1208827	1.2768955	-2.0630817	-1.6763641	2.971136	-3.8628366	-3.260801	-1.8461018	-3.607096	0.9299702	-1.6060272	-4.1350365	-2.1062129	2.1405041	-0.5761859	2.0016499	-3.075233	0.97775	-2.8546383	0.028991083	-3.8238063	0.7397552	-0.7884096	-2.8197796	-10.616833	-0.17918688	-0.17389514	-0.79934037	-0.38939142	-3.6475878	0.46230972	-1.4395267	-3.2023406	-1.3053743	-0.4191481	0.16495298	-2.4234498	0.15894516	0.7186393	3.5364199	-2.167022	1.9349343	-1.7412769	1.2848161	-3.0998447	-1.0462077	-2.9085336	-0.7462786	0.5797543	-2.6215017	0.1817485	-3.2734606	-2.8445258	0.9909978	4.881467	-1.4965596	-4.008869	-0.9055212	-7.0457973	-4.6146884	-0.09622444	0.031017294	-2.198015	0.5800804	-1.8946809	0.700907	-1.7382267	-1.8952222	1.1219773	-0.07238271	1.854947	-2.0223503	0.045561247	-2.5201118	-2.6646714	1.3541635	-0.44262058	0.9226237	-0.92253655	-0.37929448	-4.9349246	-5.7976627	0.9578166	-2.2195783	0.50032157	3.9223225	-3.5660903	-5.0164123	5.3267927	3.5320647	1.1955687	0.4339114	1.35423	1.406164	-0.1796498	0.57578224	-1.5577195	-2.290483	-0.090458095	0.5876446	0.537902	-1.5633327	-1.7030941	-1.5211484	0.09131091	-3.2222056	-3.2924054	-3.997063	-4.165151	2.0731137	-2.504369	0.9304567	-2.0558586	-1.1227508	5.002844	3.2066631	-4.184787	-0.67297244	-2.7290475	-4.9010887	-3.412059	-2.835754	-0.9400599	0.39433038	-2.3592653	-0.7460825	-1.7813485	-6.926205	-6.852989	0.50479615	1.1119282	0.4073269	1.41366	-0.58972436	2.0897267	0.13296013	-0.4383072	-3.2761178	0.44028828	-2.4069026	-3.5556142	-0.2918515	-1.1760519	0.037669115	-1.7700734	0.5487874	-4.0395417	-0.45225942	1.2450172	2.6740441	-0.39172792	1.5248864	-0.95130926	-3.813568	-2.910264	-3.6124578	-0.5328858	-1.1268998	0.23474257	0.5891141	-4.9789515	-0.3646479	-2.1005175	-3.049598	-3.2986407	-3.889308	5.326792	-1.4030912	-0.0298152	3.3446865	-0.385319	0.3630873	-3.8833952	0.3277353	-0.5199315	-3.9669528	-2.6329846	-3.1601036	-4.838556	-5.260619	-4.2350097	-7.745628	-6.153356	2.361586	-1.6777456	-3.0171447	2.0093737	3.4603972	-0.9572613	-1.1404542	-1.9012096	1.0029403
R-beta-hydroxytyrosine	-1.5677395	2.9027002	2.8540885	-1.8252873	-0.83091503	0.34433627	-1.3786405	4.1810155	-1.0400258	-6.4061503	-4.7384467	-2.234587	-7.351779	-0.7794313	-4.4644156	-0.50690854	-1.5500072	-0.8745406	-2.2745993	3.2804327	0.42316988	-0.6176667	-0.5436562	-3.8227625	-1.9011546	-0.97789824	0.35549745	1.2008592	-4.9630275	-1.7504467	-0.07083963	-2.2297723	-6.51957	0.42325422	0.3974471	-0.63935626	1.8618611	3.0616007	0.64736027	-0.30211598	-2.1280508	-0.6218679	0.12905324	-0.32160178	1.7708784	0.5424773	0.65902424	-0.92980045	3.635458	-1.1080431	-0.63773596	1.6513251	-0.56946325	1.2634965	-1.1396188	-3.096097	-1.7649586	0.5855389	0.17226402	-0.24372317	-0.6799934	2.6374638	-2.7240834	-2.542813	1.262537	1.6761264	2.4731443	-1.0812933	-1.5573033	-1.3909374	2.029532	-1.3031745	-1.0244181	0.46709257	-0.7674733	-0.45288426	-0.034387678	-1.3222358	0.45337006	-0.9241122	-0.1558956	-3.3813553	-0.39884305	0.47276303	-1.6162083	0.14057352	0.94058	-0.48145515	-0.7621794	-1.4822091	-1.1131517	-1.0137278	-0.28884077	-1.9678268	-0.34475923	-0.36686182	1.2684612	-4.4789205	0.6641298	-2.7680025	3.8427804	0.23711467	-2.4651103	-1.2067842	2.4142218	-0.5803458	-2.3877335	3.1646364	-2.6558418	0.6194808	0.25826812	2.3256803	-1.6186186	-4.106	-1.42252	-5.1077437	-3.106076	2.641488	0.72223693	-0.65245694	0.7212768	1.9533124	1.1274722	0.27751824	-2.1403797	-0.42852944	1.5577518	0.22226417	-2.6927524	4.8044295	-0.0641748	-4.317165	2.361824	-0.5304166	-1.2518393	2.1476758	-3.8459187	-2.3579168	-2.6209934	0.48210752	-1.346042	1.5573895	2.7640908	-0.76621354	-2.748966	3.5320647	4.8044305	0.48645845	2.2676775	2.6188226	0.8581678	4.612562	2.137412	0.5192662	2.2096486	-1.34306	-2.1817324	-0.05544689	-3.9503624	-2.083108	0.37931615	2.425537	-0.88662136	-1.577778	-1.3241467	-4.620963	-0.8570241	-1.4768249	-0.8165738	0.059069403	-2.8075826	2.0343986	1.7600006	-1.874153	0.18277885	-5.255383	-5.029381	-1.6714048	-0.029411828	0.4806333	0.3728581	-1.8662791	-1.3008708	2.934479	-5.6739426	-6.380297	0.06261092	1.258476	-0.46382433	-0.29798383	-1.1203159	0.44823432	-0.6498491	2.4402456	-3.2209964	-2.3536432	-1.7418691	0.12094786	-1.8824062	-0.045225777	-0.048309345	-2.496893	0.039742187	-3.1980457	0.21825102	1.056306	1.9017632	-1.5297672	0.102910526	0.10129566	-1.0543126	-0.27421886	-1.2092996	-1.4587831	1.4036466	1.1041445	2.358212	-6.5672646	-0.3701212	-0.27506185	-1.0741754	-1.3352153	-3.2844996	2.5659893	2.0568094	-1.0259782	0.8147649	-3.1633677	-1.0432885	-4.1180143	-1.4305882	-1.1887454	-0.1687184	-0.8389272	-2.3157797	-2.1806862	-4.8167315	-1.679578	-6.7921643	-5.2489834	1.1941247	-2.6862266	-1.6609795	1.6160187	2.2668877	-2.0676744	-1.2624893	-1.7050755	0.5760152
R-beta-methylphenylalanine	-0.6602341	1.0365802	1.8832761	1.9486175	-0.56040686	4.9441595	0.46867397	-0.19936335	2.533457	1.6084089	-3.0489488	1.7583466	-1.8778903	4.2236643	-3.5385163	2.375771	1.0593072	2.9559813	3.7513874	0.57881147	2.6348736	1.1876132	0.07473073	1.4544343	1.1445249	1.8260247	1.4878856	-0.25439543	4.206838	2.0442498	1.7135953	-0.100050695	0.5204555	0.051892005	1.5553181	0.8088037	0.48222518	5.1813	1.9232893	1.6675909	3.91925	1.0610807	4.741189	3.3566186	-0.31037313	1.9482684	3.686801	1.3511612	0.42333448	-0.77590626	-0.6848966	-0.49923083	0.33047873	1.8799642	-1.6641866	-2.4111679	-0.6400068	0.99376106	1.9506066	-2.2642298	-0.22938268	-0.6833579	-2.411613	5.167507	-1.5316823	3.9456925	0.6385149	1.0651697	1.105309	-2.1133494	0.15419456	1.4369873	3.5175679	0.5547119	0.4567241	1.3561324	0.8577018	-0.2007462	1.45713	2.3179996	3.2516103	0.45647022	-0.58128965	-0.44376323	-0.5152495	2.6587155	2.8205538	2.1501572	2.4896705	2.6986673	1.6316229	1.3765497	0.50877035	1.6156124	1.4402078	3.9989357	0.8018713	-2.439875	0.9297045	0.22613555	0.6993288	1.0357563	0.06291729	4.60298	-1.1613237	-0.27354094	-0.58340895	4.1844077	1.3904428	3.7579038	0.049083702	1.039418	1.9867568	-2.1968756	1.8400297	3.8164532	3.8452456	0.40971145	-0.44451255	-0.48055345	0.95474744	1.508997	-0.05643963	1.372028	1.1122191	0.54442686	-1.4889089	6.3100033	2.2620323	1.1461793	0.7832905	1.6400696	0.6901915	1.463051	1.207635	2.1250207	-2.7822666	-0.28283936	-2.7285018	-0.067038104	-1.3303257	1.7324659	0.149557	-0.21505134	2.2432098	1.1955687	0.48645845	7.775988	7.775987	2.654622	2.7177646	1.0956258	0.33846813	3.4585223	1.8954666	-1.2607911	-1.7521683	-0.6044985	-2.874057	0.6632579	-0.2766526	2.022139	-2.6721706	-1.086483	2.0736945	-4.169288	3.553386	-0.43404546	2.1876087	-1.5526603	2.1541834	-0.2953593	0.43695349	1.8332376	0.39650598	5.114045	4.4213657	0.98257005	1.2944835	0.8741148	0.72928864	1.1175312	2.3481734	-0.6924657	2.4634502	3.4605927	-1.1313919	0.08920513	-1.2090656	3.179789	2.714676	1.4175893	0.9985251	1.0733325	-3.0358462	-1.2854505	-1.8382753	1.3656163	2.136106	4.2177153	-0.83306456	-1.6806912	-0.02035161	0.9583684	-0.60835147	-0.00548566	3.0450394	0.5998682	-0.08797711	-1.232495	1.6002825	1.4559283	-1.3885369	1.4340779	0.39727882	1.6466091	0.1712733	-2.6448874	0.41905385	3.902921	-0.53672063	4.498094	0.58836704	1.308406	-0.9519462	2.743062	2.603718	1.5281767	-0.96569836	-0.15114275	1.8860831	-0.90389067	1.32243	1.2141758	0.2908409	-2.4888766	-2.2118888	2.8429356	-0.9306289	-2.4120758	0.6709198	-0.5748627	1.8080302	1.4002914	-0.60903215	2.9071882	-1.8257697	0.49684876	0.88143456
R-beta-methyltryptophan	0.46947238	-2.4459696	1.1037707	5.323699	1.0966974	5.494447	-0.21839657	-0.8652617	0.20779452	1.7620659	-2.8017588	-0.17979795	-4.731339	1.230918	-3.240743	4.4689617	0.5882821	2.935469	3.743951	0.6808382	0.8652915	0.29072443	0.7240475	-2.29397	0.55759454	-0.3283189	-0.27604815	-0.12176367	0.58018404	-1.0124824	0.44053945	-0.1403962	0.01020992	-1.2938392	-1.3643123	4.6916413	0.045512073	-0.5698726	1.7467989	1.3639328	2.2116516	0.35091513	0.17029524	2.6242423	-1.5334392	-0.7579956	0.4607924	0.63275105	4.0278335	-0.72022545	0.386655	-2.113276	1.7559068	0.63924	-3.7480888	-3.6099524	-0.6058802	-0.97114223	-0.57795393	-2.2201495	0.63612825	4.775448	0.23174284	4.9389024	-0.16294901	3.424641	1.5788639	-0.4166757	0.03510691	-2.5611591	-1.4583983	1.510442	1.8155613	-0.6854403	-0.041387632	0.86016613	0.49435964	-2.773868	0.06206667	3.7331214	2.881844	-4.028191	-1.7102157	0.45665202	0.1289399	3.8085506	1.5576172	3.1294994	2.0030599	-0.549596	0.5543877	1.9056634	-1.0097107	-1.256876	0.51430315	-0.282354	5.1940703	-3.6599913	0.6269663	-3.2164292	-0.7159526	-0.28736332	-1.6840038	3.5018682	-0.5312879	-1.5742496	-2.3928883	6.0305114	-1.0475217	-0.04534369	3.3664865	0.5813172	0.69211733	-2.1560056	3.3233817	-3.1063294	-1.3134255	3.3378196	-2.4045975	-1.05499	1.8887974	-0.52972496	0.14155866	3.3786623	-0.017540496	1.3292868	-0.2151675	6.348072	0.012913884	-1.0293472	-1.439169	0.38943502	2.92126	-0.047774024	1.4007335	0.53230846	-3.4382415	-5.1965103	-3.0842142	2.0612264	-2.0711071	4.448873	3.0391026	-0.115251645	-0.18124355	0.4339114	2.2676775	7.775987	7.775988	1.638734	1.2459736	5.2070713	0.03853532	4.35259	0.26621196	0.43134034	-0.42775273	-0.8196157	-4.1217494	-0.25623024	0.24235973	1.1606821	-3.308531	-2.1669884	-0.5293214	-5.552725	4.140222	-0.38250712	0.859582	-1.3116307	-0.49147746	1.5230368	1.5106719	0.92873234	1.2436659	4.884866	-2.8294108	-1.3159019	-0.5759083	0.9145926	0.289827	0.7875923	1.691421	-2.8908503	0.6072255	3.4161785	-0.5533678	0.8100107	0.46207148	6.3368506	2.2855062	-0.037621465	1.4398566	3.2628438	-4.1174974	-1.5064436	-2.4269242	-4.263279	1.3874911	4.6260076	-0.22977577	-3.544134	2.3360953	-1.1848083	-0.5784579	0.26156476	3.2346673	-1.0067879	-0.83754194	-1.2620914	-0.5879513	0.07395198	-1.2116964	-1.3585508	-0.002822363	2.4924097	-0.5249275	-5.2140183	0.16568415	2.4116256	2.5722742	4.7145405	-0.49781218	1.5534389	-0.8143398	-1.8821224	3.5085442	-2.037719	-0.52900314	-1.075798	0.5147723	-1.0967293	1.7836418	-0.14565878	0.034322653	-0.98773193	-2.9570897	-0.5927939	-4.3614774	-4.1506295	3.7468753	-1.5128857	-0.8286771	3.893282	0.4858478	3.6645463	-0.77908576	-1.0153383	1.5461917
R-beta-phenylalanine	-0.85378146	1.7708275	2.4434242	3.2289717	-0.20179015	0.30623987	1.6083797	3.8068218	2.6935835	0.09857681	2.0119352	2.5559027	-4.83231	0.87550664	0.75369453	0.7626159	-0.47487625	2.730294	2.207726	1.8005176	1.3192931	1.5532542	1.6635228	3.4928582	0.58420664	3.542887	1.5952984	1.0270991	-2.227609	1.507549	2.843313	0.21593112	0.9586704	0.926741	2.4242394	2.7682872	2.5729635	2.8778315	1.7963871	1.7008333	1.4674232	4.065321	3.902258	-1.1565982	1.2890512	-0.7380873	2.400066	1.9747572	-0.4337503	-0.34400815	1.9253001	1.1594516	0.48180175	2.0838985	-0.6274248	-2.060391	0.8996682	0.10941725	2.3975217	-0.527047	0.14014722	0.86510587	-2.7765334	4.5384817	-0.049031224	1.6377448	1.5197294	1.9911475	1.9025993	-2.058261	0.8127628	2.2759104	-0.29591626	-1.0173333	1.1210515	2.6536117	1.9224571	-0.3861903	-0.06964999	2.051073	0.3383816	4.635952	0.020316062	1.6076723	2.7409313	2.2839932	2.1337798	2.4702055	1.1658237	2.084137	2.2660854	2.2252843	0.35092714	0.25495723	1.7327704	2.6649945	3.2363286	-3.5319176	2.3342688	-0.25869548	1.9791535	-0.22589757	1.5950857	2.6465895	0.3276501	1.8633626	-0.0870367	3.3534749	-1.4451464	2.4452705	1.157674	1.9753896	2.0366335	0.51248455	3.4943752	4.2991896	4.188237	2.0919762	1.9402179	0.6419981	6.9361677	2.0582287	1.7429353	0.9140494	1.3096887	0.6342979	4.0956035	2.3330812	2.958412	1.4763995	2.8317466	2.3002112	2.7046392	1.6770216	2.4295242	3.5129142	4.9222713	-0.8216435	-1.5257646	3.8252482	-0.64013743	2.150715	1.0519129	2.9758978	1.0285077	1.35423	2.6188226	2.654622	1.638734	6.9361687	3.6124501	-0.3123423	1.1719284	-1.0814962	1.6433579	1.2684766	-1.7006115	-0.27386558	-2.370544	-0.5620629	0.3183019	1.476573	-0.815198	-0.33225906	4.0883427	-1.3887402	1.6138879	-1.0855346	1.4443133	0.64833635	3.2893207	-1.5723224	2.1789496	-0.04977402	1.4316018	-0.45578313	-1.3762567	2.599242	-0.38351685	1.2167218	2.1461575	1.4853014	1.377277	1.0440642	-2.8655348	-2.447602	1.7840248	0.62136334	-1.8309002	0.80456465	1.6991779	1.7571348	1.7787485	3.1957846	-1.816172	-0.87100106	0.41018382	-0.8507339	1.2025667	1.5540878	1.4496167	-0.048047528	0.27560622	1.2182345	-0.60785365	4.0050707	3.1009178	1.6644585	-0.22256416	2.243914	1.8087938	2.2982996	-1.5433083	2.2230654	0.45794094	3.7150302	2.3528235	-4.622677	1.0053407	3.3005872	-0.5566517	1.7516075	0.35730115	0.9668752	2.1337647	1.3483357	0.71075743	-0.20653738	1.9591842	-0.74293745	2.5509431	0.8133152	2.8541272	2.5471432	-1.336298	0.6040305	-2.121734	3.313165	-3.128404	-5.2958155	2.120016	-0.22499876	0.22832796	2.365731	0.132872	1.9973736	-1.1706623	0.3529596	3.2405863
R-beta-tyrosine	-0.8238782	-1.5401118	2.5087807	2.1566997	-1.0154266	0.53903	2.0889578	1.0066367	1.875985	0.70869756	0.40235412	2.024069	-8.545256	2.991135	1.4405812	-0.10717667	-0.07350459	0.74902976	-0.003943514	0.3318142	2.26973	1.083447	0.7453725	1.9660985	1.7762759	2.797018	2.5505226	2.7458694	-2.436359	1.5496664	-0.008725456	-0.73912144	0.08436598	1.1371031	2.0774026	0.6292012	-0.21464771	0.9237743	2.496734	0.7882049	3.7932665	1.2681706	-1.4732264	0.32729486	0.6459227	3.0262547	5.895695	0.8810156	-0.89825517	-1.124474	0.1508044	0.63900495	0.17691368	2.6315804	-2.0693002	-0.20373373	-1.2839967	1.0876025	1.5115864	-3.1698713	-1.5223289	1.3318542	-3.981093	-2.1225946	1.3652388	-1.606992	2.3354802	2.8712497	3.1341033	0.10454332	-0.69634753	3.641839	4.6986985	-1.5152487	2.2049375	0.97540253	2.529171	-2.1214445	1.4857078	3.6876128	-1.4723227	-0.68404907	0.15993164	0.7987902	-0.7091556	1.025543	0.0643492	1.9950721	1.3444055	0.88072646	2.8453543	1.6646258	0.6007903	1.8965862	1.6161431	1.9130238	4.821846	-3.8873036	2.0871496	-1.0709164	-0.43153048	2.2995417	1.1276596	-0.7152699	0.3456924	-0.15907447	-1.2625066	0.6201558	-0.5787023	0.81545043	0.4517307	5.62103	1.4451823	-0.4859265	0.3207748	3.3714669	3.117154	5.423053	2.7282171	-1.4279819	1.354831	2.384147	1.6727039	1.5823091	2.6571803	0.30100977	-0.24232186	0.2485824	4.4605255	0.34603736	2.7768521	4.0356083	2.0014577	2.1860907	3.692994	-0.29442516	-3.0896719	-3.833805	-2.0414758	-0.42112023	0.30670217	1.3275687	0.9041398	2.4963422	2.221713	1.406164	0.8581678	2.7177646	1.2459736	3.6124501	5.895696	2.2690153	1.5232267	0.38055357	2.5393553	0.18320529	0.1772602	-0.49871418	-3.1527944	1.0569453	0.48403403	3.42157	-2.6274796	-0.3137645	2.7993817	-3.4920967	1.8214005	-1.2631909	3.401024	-0.66651154	1.6845366	-0.060240082	1.8670455	-0.34804675	-0.7842881	3.7096376	2.5601544	0.34861222	0.061035782	1.1550415	3.4815695	0.19089651	1.9515176	0.21784909	-3.470922	-3.1596026	-0.09582421	-0.39460525	-2.4594488	0.8102309	4.359322	2.8205166	0.5514801	0.4818928	-2.2111325	-2.0948224	-0.49709076	-2.0937636	1.2711843	1.5769945	1.1469506	0.46710673	1.2442554	0.030006206	0.30875656	1.2273794	3.068498	-1.1574911	1.0365149	4.188245	0.31635273	3.4962451	0.51282257	-0.1064775	1.56621	1.3478975	0.5733195	-5.4622464	3.193315	0.27992103	-0.37749818	-0.7556737	2.968677	2.0913892	2.6225739	2.7569044	1.7936983	2.5542622	-0.23522799	-2.866486	2.6302867	-1.251622	2.0917287	1.5053679	-2.4168708	-4.6406255	-2.9202542	2.0245478	-2.5844858	-2.6713252	2.9882884	-0.34229672	1.048514	2.6737933	1.3611202	1.2453986	-1.9346586	1.7866596	1.0522165
S-adenosylmethionine	-1.7794915	-3.471587	3.2306	2.6189542	-1.4822927	0.66790116	-1.0934178	-0.20509186	2.4736521	-3.6708581	-4.3267612	1.4747895	-0.2648002	5.6254215	-3.2809048	7.059828	0.13721204	-0.19210577	5.644345	-0.100975804	0.6803664	-1.5036908	2.8652353	2.370036	0.40642798	3.392413	3.8333826	2.9501214	-2.7860997	5.5255156	1.2114203	2.3627455	-2.8038924	0.80293584	0.48760653	4.8170757	-0.04079187	-0.3913066	4.61267	6.475878	3.2901614	2.2914202	0.81429213	4.4837346	-1.4249387	3.7304235	-1.3572518	1.8742726	6.3612823	-1.9852222	-2.0425334	-0.551711	-1.2601355	2.9567358	-3.0743444	-0.99996245	0.9275856	-1.0440702	-0.45817727	-1.132834	0.09209773	1.6936305	-0.11117215	4.942198	-2.2727315	-1.574651	0.60350955	7.2987647	0.84677285	-0.9645341	0.12560067	1.5213878	2.667689	-2.5431747	3.6375463	2.212869	3.1183379	-1.2033845	2.9008665	1.6591223	-2.4748483	-6.134683	3.0992882	-1.1760101	2.3633068	6.0207295	0.3023825	6.250965	2.7168882	4.9869723	4.5399485	2.5086036	-2.2480159	3.6525533	-0.010380337	-1.7737672	0.31570518	-1.739219	3.0158103	-2.1129858	0.2759402	6.6084447	0.63735735	1.6296939	-1.3344326	-2.4939609	-2.2968485	0.44670725	3.61738	5.2052636	-1.4677261	0.66291255	4.938268	-3.0973408	-0.41970897	3.7091973	4.2624187	-0.85575235	-0.61730134	1.0720484	-0.55390143	3.848748	-1.7988281	2.3214848	2.8909016	5.512187	-2.8857749	-0.08825455	3.1588614	-0.7827804	-7.1647296	1.5630997	3.262567	5.1301603	1.5884638	-0.34817743	-3.2612488	-3.5398192	-3.396145	-1.8940217	0.28771156	0.19535498	1.4211974	-1.8957614	3.883718	-0.1796498	4.612562	1.0956258	5.2070713	-0.3123423	2.2690153	8.2125225	-0.33242008	3.235777	5.548225	-2.439985	-1.2585437	-0.5866784	-6.6290793	3.5098078	0.9454326	0.07785921	-2.8886032	-1.4995728	2.9879508	-6.1600256	3.886098	3.7778397	2.6672597	-0.87495804	2.6517215	-0.64222854	-1.4287776	3.3737571	-0.5043842	6.2693224	1.9111028	4.013778	0.13227603	4.408327	0.3304947	0.25160217	5.188463	-2.2795112	-1.5365092	-0.62727046	-0.89707315	-2.6302218	-4.929955	4.216065	3.0065618	0.8478063	5.2333674	1.7226365	-3.5078995	-3.6375525	-3.4976785	-5.49301	1.8989273	2.5936341	2.4639666	-3.0332897	2.2268014	0.6429057	-1.1287658	3.9784026	-1.2105206	-1.5104614	-2.8839982	0.20677117	6.418189	2.0369406	-0.20963618	-1.1028072	2.6342847	-1.1079346	-0.90139395	0.60999924	0.7219923	5.1224484	2.315594	-1.7864896	3.179851	-0.21836148	0.703543	-1.4359583	8.212522	3.1873457	-1.5811383	-2.84459	2.1672816	-2.3153968	2.6418154	1.2562469	3.3393567	-0.84069145	-5.8784127	6.423454	-1.281145	-5.1395707	-1.3381486	0.5263784	0.77517426	0.33579108	-1.4082862	1.8436098	-3.2069623	1.4984678	-0.6261775
S-beta-hydroxycyclohex-2S-enylalanine	1.8091295	0.21598035	0.6116952	0.45373476	0.39151698	-1.0091869	0.3741721	0.23767449	1.5569885	-2.0792644	-2.4648552	0.35492593	-0.66393846	0.33729786	-3.4165308	3.9253197	-0.11834577	3.3283594	-1.2398328	0.142774	1.0798713	0.29154024	0.19773148	-4.7255955	-1.1471698	-0.3151917	-1.5553957	-2.692415	-0.8085078	-0.53131074	3.312737	-1.0840296	-2.5133824	-0.39611906	-0.66528904	1.5307719	0.63939	1.7219679	0.6553158	1.5646282	-0.9160968	2.1769962	-2.7591372	-0.05501969	-0.011115028	-1.3368573	-0.26368228	2.723681	2.0493727	-0.25666294	0.13294004	-2.7614138	0.16027276	0.43924615	-1.0411494	-2.7869911	-1.1301886	-0.58650655	-0.64480716	1.5820191	2.6982477	-0.6323895	1.3087434	1.4990295	0.007966605	2.549003	1.1028227	0.28729877	1.3424689	-1.7227656	-0.37004578	3.1995804	-2.541793	-0.67597765	9.912389	-0.76612544	4.397858	0.045019567	-0.0031947365	1.7959791	0.8742916	-7.2833	-1.2614547	0.45271218	2.1497068	0.71756256	0.47698012	0.37275025	-0.36022976	-0.9928668	0.45891425	-0.06901774	-0.32964712	1.661433	0.65173763	-1.1518114	-3.2497025	-3.2556896	2.766995	-4.897012	-0.7551337	-1.2284163	-1.9098041	-0.90252894	-1.448402	-1.9942561	-3.6562877	-0.43035784	-1.636921	-0.3687743	-1.0635849	1.4938815	1.083073	-1.8016177	0.32128894	-3.8183215	-3.5074794	-1.200999	1.4636605	2.2470386	4.289717	0.18061282	0.6139964	-0.8948627	1.2932383	2.5145512	-1.1967213	0.8130942	2.3993108	0.42494425	-0.9656404	2.2319474	1.103816	0.7332375	2.4661174	-1.4112289	1.8177043	-2.4019842	-0.29750016	2.2050114	-0.6112814	0.87411124	0.443925	1.5516173	-3.1294427	0.57578224	2.137412	0.33846813	0.03853532	1.1719284	1.5232267	-0.33242008	9.91239	3.4626555	0.47651446	0.65037143	2.074478	1.9918396	-1.0917021	-0.7522274	1.3104962	0.57960474	-0.322903	-1.3610767	-2.5890338	-5.037024	1.3453263	-1.2944822	-0.16077386	-0.22921796	-0.49341714	-3.1175818	-0.4414545	-0.41231135	-0.19877563	-2.0281096	-3.5290203	0.36412793	-1.2340509	1.8608001	1.1576809	1.4871641	1.0588975	-0.17637455	1.3321272	0.34842557	-0.1997776	-1.3199295	0.17390741	-0.39252502	0.7048068	1.3584485	1.1945188	-0.6856776	-2.9040823	-3.1173112	-1.5808917	-0.035839766	1.1594197	3.8973482	3.5503697	1.7408442	1.3639129	-0.35445273	0.753661	0.60053945	1.1090999	2.9812539	0.43266085	3.6377325	-1.1738001	2.0342937	-1.6326231	-0.04848338	0.92599636	0.05279921	0.9008425	-1.0283743	1.3996092	0.34900934	-1.6167002	2.8461928	0.08967001	-0.21060798	3.1537333	-0.4079534	0.8699121	2.2167037	-0.5622031	0.8934201	-0.8755922	-2.1366806	1.4753504	-1.1669497	1.3063669	1.7508259	-4.86492	-2.6595833	-5.4086547	-1.2101641	0.14815582	-2.3977334	0.4028637	1.0163277	-0.3618786	0.5856622	0.6363858	-0.8659854	0.7971019
S-beta-hydroxyenduracididine	-2.2554135	-0.31975693	0.8344432	1.6049027	-2.4259586	1.6586765	1.4796326	-0.92152035	5.3905215	0.12963966	-2.8182755	-0.13738565	-4.8411703	3.8922915	-1.4175441	4.311884	-1.7778132	8.716267	2.394738	1.390915	-0.5608953	-0.7052311	2.321543	-0.3647529	0.5060202	1.9131122	0.41480532	-1.2266659	-2.6328766	2.68436	2.5259519	0.9630812	-0.12558062	1.5609008	1.7682927	2.103705	-1.3693726	-2.302827	4.333352	4.9727163	4.363787	-0.42383945	1.9415259	-1.6621238	-2.758357	5.781579	4.0173454	0.47406703	0.28444827	2.2470045	0.94559664	-3.027869	1.1492943	3.2228	-0.5944992	2.7674794	0.6374302	-0.0050678034	-1.7287412	0.37990165	3.3480651	-2.275832	-4.870986	-3.032589	0.1998523	0.88179153	1.3747846	1.4239211	1.1087993	2.1558266	-0.31076843	2.489171	1.3609217	-2.6929946	1.4758348	2.2332015	0.5049962	1.6330066	-0.7999602	2.6239204	1.0436598	0.99280185	3.252447	-2.015067	-0.7267485	-0.96961415	3.3596857	3.3947222	7.288122	-0.34071156	3.4010868	5.4248023	-0.4399259	0.2481507	6.191675	-1.6483849	1.7011173	-5.351885	0.4859344	-1.6125809	-1.2134228	2.6564798	-2.4296062	3.75752	-3.921825	1.0930935	-2.386943	-0.04460254	-0.058753606	-1.1107272	2.0703487	-2.8891976	1.0000839	-2.8851185	2.0911453	1.6037436	0.68552446	-0.23101991	-1.4683547	-3.8068764	-2.2175174	-1.6686538	-0.34814265	-0.49681017	5.7409787	-2.4076846	-2.5674534	4.975815	1.0494012	0.92724496	-3.67751	-4.417741	-1.0126508	2.2905414	-1.0372354	0.70553815	-3.5490782	0.46185347	-4.36048	3.45824	1.3411703	0.8304215	-1.0060899	-2.8175802	3.8893042	-1.5577195	0.5192662	3.4585223	4.35259	-1.0814962	0.38055357	3.235777	3.4626555	8.716268	4.0655046	-3.0394938	-5.2380867	-1.7881955	-5.1247673	0.22021952	4.4647274	4.1825876	0.24406071	2.3578644	-0.19823246	-2.8617992	3.599587	7.5445604	0.60616785	-2.5691264	0.6297346	2.5044358	1.4332602	4.0448766	0.7022742	6.4473586	0.7353072	-0.7233587	-2.9018276	1.283858	2.2922316	0.7154447	1.2408634	1.4705437	-4.533813	-4.5415626	-3.1891856	-0.7307365	-1.7367553	2.9214036	3.7708716	0.12206385	-0.54472876	-0.80068696	-3.001742	-3.054985	-3.6534462	-3.5604885	1.0416263	3.9562635	-0.7808232	-2.6646223	4.380513	-0.038603574	-3.257191	-2.2714615	0.028773708	2.421761	-1.5159767	-2.6012945	2.9386292	-1.037447	-1.0124396	-0.115615495	6.5317855	1.8922546	-0.7377553	-4.0529723	1.1924628	-1.205044	1.4604237	2.207235	-0.02187959	0.43924633	-2.093687	-2.8433554	7.489023	1.7985262	-0.5042038	-0.02682898	1.0556474	-1.504601	-0.14797337	0.24269974	3.619236	-5.5109944	-5.820924	2.6821318	5.4817076	-6.377534	-1.279278	4.072486	2.0393937	1.536267	-1.283259	4.1959877	-3.8233857	4.882675	-1.362678
acetic acid	3.9193819	3.154457	4.5673966	1.1262081	2.1807146	-0.08047203	0.3841814	1.3875262	2.2868876	-0.1592983	-1.2346123	1.3629622	-0.44708163	5.185038	-3.236927	2.6928835	1.0798172	2.4724581	7.423751	1.4396299	1.9529358	0.7950971	1.7187241	-0.13857234	3.583706	2.7011597	5.008813	5.4625793	-1.6781375	6.3836746	2.8146436	1.8169962	-0.5837264	4.7497487	4.6941004	3.1997683	0.20217691	0.8632181	3.937429	4.228	4.1332316	2.013357	0.7023	5.4578624	-1.3825264	4.266315	-0.44399732	4.378319	6.3022137	1.361205	0.9515906	1.8805311	0.22318645	2.6313932	0.109009095	2.0062065	1.2836801	0.8257648	0.33266875	3.1457942	3.7039862	0.13057728	-1.1915421	1.2883816	1.3007756	0.062686935	2.075327	3.71885	3.6811235	0.9415207	1.0609367	2.2715733	2.132557	0.41660765	1.0439279	7.2448997	1.8865404	1.2517532	2.000906	3.0846398	0.09803954	4.9963083	2.4572103	4.790905	2.139447	3.5011804	3.0024717	4.0513287	4.1976113	1.2303634	4.1087008	2.141171	-1.4965785	2.9521427	0.62837696	-0.08603538	1.4442713	-2.766845	1.9739832	0.011196922	3.347883	3.5168855	3.2912488	1.4400206	3.675739	-0.40518197	-0.08546188	1.0484914	4.4852695	6.1769395	1.698853	1.7755675	3.2774024	-1.3853381	3.0895643	3.4899662	3.4071898	3.524164	1.7920027	3.6559548	2.7858608	4.4733763	0.029582225	2.0655265	2.4385734	2.6137955	0.11500697	1.6793816	3.2218878	2.194897	-0.30414626	2.6306763	1.6411643	3.5008109	2.9420207	-1.2194636	2.7317297	1.2140365	1.9317553	1.1492827	-0.47276813	3.201007	0.6346649	1.5915743	3.4016364	-2.290483	2.2096486	1.8954666	0.26621196	1.6433579	2.5393553	5.548225	0.47651446	4.0655046	7.423752	-0.3624488	-4.245627	-0.010763949	-4.317675	3.8335993	0.53182256	0.46918994	-0.51898915	2.3655396	1.1287185	-3.2693794	3.0791175	2.0925705	1.1411382	1.6349388	3.860335	-2.8548577	-0.34073472	1.5115412	2.312528	4.221419	7.2428937	3.308489	1.8361161	4.778512	1.1488526	2.7991748	4.6415515	3.0601358	-0.4689782	1.5045962	0.21279587	0.44787264	-1.5368075	4.5268035	3.9140615	1.7776282	2.8690746	1.3313692	-1.8780681	-1.4267354	-2.2379997	-3.7324786	3.82226	1.5461236	0.6036506	-1.3789234	0.76330507	3.2204206	-1.4240696	2.7535622	0.3997099	1.2396013	-1.9892002	1.787913	3.7748964	2.2024422	3.1004674	3.9504962	2.9605148	3.2674387	-0.19261986	0.63762105	2.1331072	2.6305444	0.5857072	4.4582987	4.866915	-0.66840607	1.6645409	-0.31442818	3.3819175	2.1669261	1.3572588	-2.2320275	2.0311904	-0.84636974	3.5081913	4.4796968	2.5443199	2.678982	-2.7195704	1.7708468	1.8936589	-4.1869493	-0.48395416	2.3349533	4.4656677	0.17546603	-0.4297743	2.8063326	-1.8238089	3.6386056	1.586475
alanine	0.6499026	-0.13981085	-0.77350396	0.14837898	-1.2342584	-1.3170217	2.757564	-0.97955644	-1.6712805	-3.7678266	-3.3437302	-1.6512988	-6.6791196	-0.27518123	-4.7129817	-1.3042055	-1.0138202	-1.8987585	0.35882068	2.113533	-0.44580314	0.25807303	0.45840168	-1.1089892	-1.5893596	-1.9508568	-1.2248464	-2.424728	-0.65699565	-2.6741765	-0.6593608	-0.4339147	-3.4286304	-0.5944179	-0.44838163	-0.5007777	-0.043665487	-0.23337509	-0.30180225	0.14920872	-0.25933853	0.8259345	-1.9620817	-2.3412523	-1.6814581	-2.5798264	-0.8499336	-1.6167133	-0.56970036	-1.5681239	3.1973114	-0.8909777	-0.21155678	0.10174051	-3.8875062	-3.4023283	0.80289114	1.4405961	-0.3606209	-3.0735695	-1.5116382	-0.2849112	-0.7739082	-1.4678448	-0.26088014	-1.554202	-1.338492	-0.26619267	-2.5188658	-3.1918616	0.48082826	-0.8992968	-1.4062725	-1.3791455	0.32822663	-0.94726604	-1.4194283	-3.039543	-1.2438052	-1.7236462	-1.4763535	-3.0753539	-1.2918092	0.44738752	-1.0368725	-1.9085077	-0.3048106	0.19363564	-1.5512385	-0.8969132	0.99463487	-0.64640623	-1.8342223	-2.2354636	-1.2761172	-0.8663629	-1.9792869	-2.7665484	0.6014467	-2.3149374	0.21261238	-0.53318536	-0.33603242	-0.39297244	-0.5164937	-1.4043897	-1.3465645	-0.38547394	-2.7496083	-1.0455921	-0.026897123	-0.486971	-1.4851425	0.23359565	1.4982113	-3.6093097	-2.7177043	-1.2164038	3.1201682	-2.6928208	1.9845752	-0.6805088	2.1935146	-2.027395	-1.822067	2.214173	-1.8072649	0.017426169	-1.3532444	0.8807897	3.1130745	-1.2859166	0.53684133	0.7106057	-0.63824475	-1.2983992	-1.3513156	-2.9947102	-3.9582927	-0.49873132	-2.5453806	1.6030219	0.25464848	-0.87423277	-2.2585862	-0.090458095	-1.34306	-1.2607911	0.43134034	1.2684766	0.18320529	-2.439985	0.65037143	-3.0394938	-0.3624488	3.1973124	3.0675504	-0.7103231	-3.8373027	-2.0629368	-1.4195265	-1.381848	-3.8017476	-3.2500808	-2.4265435	-0.2726941	-0.12666418	-1.4288952	0.16665855	-2.3225842	-0.88534665	-3.2559397	-0.6758851	-2.9348786	1.8080999	-2.3458493	-2.4002526	-0.8494355	1.0665398	-0.6968961	-0.13350113	-1.3293928	-1.0270538	-2.0338142	-3.7173996	-3.3035564	0.5634381	0.5750223	-0.09102455	-0.2836339	-1.6615114	-0.78316534	0.39728606	-0.9714191	-3.1379404	-1.6719338	-1.3072197	-0.8297147	-0.8521234	-1.63741	-1.441387	-1.5500273	-0.5230453	-1.1592034	-1.7774416	0.44339404	0.5867534	-0.6723772	-2.0479028	-1.5347531	-0.8770518	-1.9200556	-0.85521555	-2.4396188	-0.8654069	0.8735275	-0.50037074	-5.407719	0.12663619	-0.27196264	-2.9704163	-0.11144614	-1.0107294	-0.55482626	-2.2072384	-0.05662713	-1.8928827	-2.7771437	-0.065708555	-2.2008507	-0.331659	-1.3797326	-0.7300031	-1.4614726	-2.31847	-4.642292	-2.8428085	-2.6620035	-4.637906	-5.121139	0.9386341	-2.6637466	-0.8713553	-0.5666858	-1.9547119	-1.7135869	-0.67672294	0.81533957	-0.5722489
alaninol	3.4425032	-4.211559	-2.0733252	-0.5240808	-1.0465455	-2.964832	2.1386006	0.16220658	-2.145687	-6.859959	-5.486886	-4.409401	-10.857192	-3.578407	-7.3580437	-3.8325596	-3.364083	-2.400054	-5.5697656	-1.864937	-2.6473563	-1.3312057	0.4154735	-2.576858	-4.492513	-5.662763	-4.499689	-7.139114	-7.4884152	-4.871962	-2.5865717	-2.007197	-5.8981376	-2.6244643	-0.8834204	-3.177902	-0.7205189	-2.7194679	-5.3398557	-1.0122894	-2.6151004	-2.1395874	-6.1896863	-5.4039536	-3.8226132	-0.18590753	1.6330601	-1.2858592	-4.161288	-3.7782402	0.6958409	-4.2127213	-0.16635622	-3.116456	-5.1723623	-5.250652	-3.934307	-1.3922881	-2.88858	-6.8276086	-3.0006237	-1.2454782	-2.1681976	-3.467874	-3.93418	-4.8484674	-1.3000913	-4.020548	-4.469766	-4.5483403	-3.326799	-0.0017525482	-5.598212	-4.246956	1.4641463	-4.4345403	-3.2581284	-3.9362185	-3.667285	-5.3213425	-3.5551655	-10.628142	-3.452239	-2.5380187	-1.5306277	-4.17942	-3.7358248	-2.0274334	-2.8596866	-3.249555	-4.617951	-4.1662207	-3.1667395	-3.9394479	-1.7121867	-6.0258994	-1.9112889	-3.1991014	-0.080875285	-4.053541	-1.6606842	-4.2140183	-4.327746	-2.8722663	-4.218881	-4.1893206	-5.622921	0.24797633	-3.48902	-1.5148574	-2.7182462	-4.66689	-3.4643004	-4.910049	-0.0731466	-7.6831264	-6.6890607	-0.66863906	0.25792843	-5.8581514	-0.8362311	-4.0274053	-0.24811989	-2.3923223	-3.8080912	5.3930125	-4.1114454	1.1556896	-5.1170716	-4.0478826	-2.4179568	1.8174416	1.3768054	-3.309998	-5.7050247	-4.60585	-5.280536	-7.6699615	-8.344288	-3.4514778	-3.7779431	-0.2973906	-0.5454439	-1.7044921	-3.6889274	0.5876446	-2.1817324	-1.7521683	-0.42775273	-1.7006115	0.1772602	-1.2585437	2.074478	-5.2380867	-4.245627	3.0675504	5.3930135	-1.595161	0.24522969	-5.0385184	-2.1450727	-4.4668393	-4.5158186	-3.6725373	-5.172898	-3.8165286	0.2431309	1.3194046	-1.4415765	-1.1434369	-3.1551125	-0.75424004	-2.2303069	-2.0122755	-3.4201875	-6.1965013	-6.4978204	-5.3009768	-4.319981	-3.0396595	-3.7223253	-3.2834473	-1.5135161	-2.0105762	-7.154825	-4.8451767	-2.1428359	0.6609409	0.19089825	-3.5992272	-3.2771204	-1.7034049	-2.952627	-4.4773364	-5.159613	-3.438515	-3.9135714	-3.2860181	-2.8870866	-1.9113599	-2.1604378	-1.6805245	3.54958	-5.0551324	-1.3969555	-0.9323616	-1.4056264	-3.1196444	-2.5416808	-3.3220522	-4.3010845	-4.8533406	-3.8458905	-4.1153607	-0.6307407	3.3927412	-3.4879792	-9.678307	-3.3524497	-0.24483469	-3.5455263	-3.324286	-3.836214	3.395884	-2.121748	0.5759456	-3.5349019	-3.4845517	-2.7312677	-3.0130591	-4.810268	-2.6285594	-6.151763	-3.7871077	-3.213821	-10.083764	-2.2413006	-6.6072974	-5.9214926	-2.3358238	3.8489623	-4.929987	1.5028521	-1.0569785	-2.225226	-2.61613	-1.2811791	-6.2104154	-1.714489
allo-isoleucine	-2.151641	-0.07265206	-1.047027	-0.7440356	-2.25613	-0.6138383	-0.63182944	-0.3220948	-1.2339597	-6.634463	-5.1703496	-1.8579062	-4.7875104	-0.79212856	-2.9602668	0.36007902	3.8407817	-0.23573223	-1.3627622	-0.044294406	-0.87846655	2.9275293	-0.59418255	-2.680209	-1.2979593	-3.2272108	-1.0862981	-1.2523102	-2.249892	-1.6607851	0.36487326	-1.8393033	-6.0397925	-0.4787095	-0.24301445	-0.4077489	0.2423498	-0.39496744	-0.8528029	-0.041372057	-0.4011048	-0.1130311	-0.73609173	-1.8968927	1.0231158	0.78101623	-0.72381884	-0.029312631	1.0863281	0.0074405377	0.123342864	0.40386924	-1.084606	-0.23762047	-2.183583	-1.6840479	-1.8433977	-0.51428545	3.5267856	-1.2502104	-1.3824376	-1.1065127	2.9410496	0.68176466	-2.1248727	-1.6115088	1.5307195	-0.35947424	-2.6137428	-0.7026255	-0.27485612	0.33836466	-2.2268658	-1.7766783	2.5445695	-1.2246654	1.3847054	-1.855074	3.8283503	0.8842842	-2.407612	0.57939094	5.6589823	-1.7741383	-1.1469694	-1.8077396	-0.6777959	0.2229877	0.1029959	-1.583099	-1.4544916	-2.2921097	0.45078966	-1.988089	-0.7515248	-1.4764411	-2.6035428	-1.8288636	0.58080024	-1.6268296	-0.82346344	1.5581937	-1.211573	-0.4109426	-2.7454228	-1.9511887	-2.6306012	-1.1692284	-2.8852916	0.91058326	0.56436056	-1.9118675	1.607121	-4.868596	-0.61419755	-4.575995	-3.000827	0.8160094	-1.915617	-1.152006	1.727165	-0.8233483	-0.061524447	2.4414432	-0.9759016	-0.64973164	0.363868	1.1701138	-1.8885509	-1.2527336	-3.0496662	-2.1759765	1.4004335	3.5021765	-0.048499744	-2.086332	-2.3258004	-3.8897855	-3.5196545	0.109248854	-1.276398	0.5064126	1.6299952	-3.8560972	-1.346238	0.537902	-0.05544689	-0.6044985	-0.8196157	-0.27386558	-0.49871418	-0.5866784	1.9918396	-1.7881955	-0.010763949	-0.7103231	-1.595161	5.658983	-5.334672	-1.7561576	-1.2293218	-0.28205267	-2.75637	-1.9020044	-2.2947779	-6.3815713	-0.3875791	-2.0579839	-0.6596178	-0.38365534	2.470522	-2.4040306	2.8014827	0.11032581	-0.007005549	1.554295	-2.9582999	-0.98864734	-0.09410612	-0.78047377	-1.9981974	-1.6045616	-1.4933155	-2.0683043	-3.7716749	-3.4673173	1.5223066	2.0013275	3.6907845	4.054581	0.073557444	-1.2974648	-0.2959946	-2.9092453	-4.0600286	-1.271119	-1.5374386	-2.2071366	0.38434	-0.039220326	-0.20147358	-2.0734432	0.565581	-0.90936816	3.2415307	1.7027644	1.1230277	-0.5608488	1.7432581	1.3387192	-1.8106097	-2.1385722	-1.9393913	0.9544828	1.9695088	1.4211646	-0.2920507	-4.0683303	3.1221535	0.0024351547	-2.9694273	1.1209918	-1.740133	0.028034456	1.1086619	3.0932662	-1.3212811	-2.5729575	-1.1130539	-4.4622936	1.829501	-1.6027665	-0.30655572	-1.1368759	-0.97165024	-3.71832	-6.1862597	-1.3399829	-5.6802063	-6.120497	0.26636994	-1.2114023	-1.397023	0.27300087	-1.0771095	2.4389257	3.458291	-1.7436205	0.9651515
allo-threonine	2.2340817	-3.1266732	-2.6202185	0.8562908	-0.4923347	-2.959998	-1.3576158	-3.5101402	-2.8765259	-9.551916	-8.367755	-3.2154586	-9.887346	-4.4680853	-9.192591	-2.3083398	-5.128647	-2.418657	-4.976853	-1.733743	-4.375467	-4.7472744	-2.5107021	-3.1035376	-2.0863261	-3.9664886	1.006728	-2.8479233	-2.0418692	-3.982487	-3.175426	-5.334377	-8.938541	-2.292265	-2.2103152	-5.5562973	1.1936777	-3.2235107	-3.018434	1.6292448	-2.761977	1.3155813	-5.7950916	-0.2957996	-6.410366	-7.8313727	-2.83198	-3.7129457	-3.2507355	-5.0252786	-3.252843	-2.704333	-2.187988	-2.5645268	-4.701695	-6.6067653	-4.5266156	-4.148528	-2.6816761	-2.2171466	-3.4482365	-5.9577355	-8.38077	-3.2484024	-3.3496273	-5.7256656	-5.164836	-5.7308364	-8.431045	-3.6027582	-3.128894	-4.0018706	-3.8606915	-1.635957	-1.9898218	-2.9759748	-4.226556	-5.317789	-3.9505005	-5.9086943	-2.7221575	-7.125519	-5.7955136	-4.9103713	-5.8967295	-3.0076845	-5.207974	-2.836249	-5.8292117	-0.7032771	-1.2218659	-1.9807276	-5.7350936	-3.8372216	-0.8622499	-3.879666	-5.2178206	-4.334162	-2.8897405	-4.360492	-0.38319904	-5.8608165	-3.4320488	-3.416696	-2.692553	-3.3449948	-5.5131416	-3.1424901	-4.907627	-3.7505145	-4.3105006	-2.8325934	-2.9543755	-7.0912385	-2.8587155	-4.5846643	-3.6714032	-4.5024433	-3.8884723	-4.9038396	-2.002975	-0.9465816	-2.912885	-4.1558685	-4.6045237	2.7805831	-6.3566103	-1.9578059	-4.913378	-2.307977	-5.012709	-0.56496584	-3.2770603	-6.3345275	-5.2179513	-5.10197	-0.5114058	-7.224671	-9.846968	-1.3601124	-8.147563	-2.8697548	-3.6901317	-2.6897228	-6.420146	-1.5633327	-3.9503624	-2.874057	-4.1217494	-2.370544	-3.1527944	-6.6290793	-1.0917021	-5.1247673	-4.317675	-3.8373027	0.24522969	-5.334672	3.324087	-3.4767716	-4.494156	-3.3593628	-6.179111	-4.615061	-3.3546042	-7.4105515	-2.6405685	-2.8053002	-3.2804866	-6.0163646	-2.6843302	-5.0419645	-4.2255125	-5.4175406	-5.4830155	-7.656484	-2.3649135	-2.5552301	-1.365081	-1.5554873	-6.225954	-3.5796902	-2.88955	-4.161559	-8.228763	-8.201088	-1.6552725	-2.2593467	-4.289691	-1.5477947	-3.6331267	-5.0489025	-1.6331302	-2.764141	-6.659437	-5.534606	-6.601904	-6.8762603	-1.9991772	-3.0246494	-4.6606193	-3.2492852	-3.4594424	-5.7914295	-3.5521424	0.9302589	-2.725865	-3.0355775	-3.1678321	-5.0592356	-1.7157565	-5.8971405	-4.006247	-4.5178375	-5.0694056	-1.3151693	-4.6853247	-8.063232	-6.407634	-4.4262195	-6.4046426	-2.9106965	-3.6149886	-2.6296897	-2.79111	-3.4055154	-3.0025866	-3.4097342	-3.796462	-1.1978135	-0.43535513	-3.5147192	-2.372711	-2.461002	-1.5650916	-6.0895686	-4.054828	-2.851314	-7.038001	3.324086	-3.0234258	-4.20148	-4.3005247	-3.164004	-4.9414325	-3.2250788	-4.2579823	-5.9301267	-2.5480583
anthranilic acid	-0.7258329	0.31141147	3.2789252	0.3860257	-0.056495793	-2.332863	0.40887207	2.973202	3.9836984	-1.4795372	-1.8006079	0.029949367	-0.9056849	2.6115482	-5.231422	2.104573	-2.1277854	1.2082973	5.809683	0.7566386	1.4616112	-0.98545694	0.045511838	0.17195164	9.664876	0.948699	2.190321	2.0569613	-3.6857672	5.158053	1.4115318	-0.6639378	-1.2734387	0.053582754	0.56355274	-0.34198835	-0.58577675	-0.34743425	1.8749266	1.1797186	5.294441	1.2154264	-0.12316639	-0.100734204	-2.068888	4.7595716	0.3611901	1.981772	2.5585532	-3.2559345	-1.4217122	-1.5895413	-0.6018547	1.5640565	-3.259684	-1.9029987	-2.374407	1.855423	-0.28572375	0.7278084	0.5422228	-1.7461351	-2.8061569	3.320977	-1.1748776	-2.3821166	-0.14775632	-0.34017408	3.822534	-1.3929013	-2.435715	-0.9862733	1.3619484	-1.2787906	-0.2853635	4.457298	-0.003387099	-1.9467738	-1.5817338	-0.17726949	-1.3352302	-2.0389092	-1.711708	0.62043875	-0.71002674	2.0480592	1.1714467	3.0034988	4.4710765	1.0028666	2.9237864	0.7217543	-2.3590794	0.8762491	-0.1465552	-0.16498166	-0.5152623	-4.410772	-0.122604325	-1.7394723	0.5151424	-0.62966526	-1.2447934	-1.7072282	-0.27270642	1.6391181	0.24660686	0.5680156	3.13647	6.528388	-1.485602	-0.5107737	4.292911	-2.7432294	-0.31358463	1.7537644	2.3131106	-2.3271422	-0.23024534	0.73419535	1.3381345	5.1133227	-1.0643839	-0.42832726	0.59857655	1.022328	-1.7335343	-0.69077337	1.1222476	-0.7660899	-1.2162752	-0.46768898	0.07606171	1.5480709	0.43181148	0.21816209	-0.6181834	-1.7299784	-3.736413	-0.3620872	-2.424901	0.19032973	-1.963078	-2.5755508	3.1654873	-1.7030941	-2.083108	0.6632579	-0.25623024	-0.5620629	1.0569453	3.5098078	-0.7522274	0.22021952	3.8335993	-2.0629368	-5.0385184	-1.7561576	-3.4767716	9.664877	-2.233702	-0.39159366	-3.6509414	-0.8211596	0.60624534	-3.867631	1.509638	1.0992634	0.30376613	-1.0285249	0.96642363	-2.3102398	-2.2941608	-0.86971015	-0.18472369	1.5075858	4.3425183	0.8169213	-0.91370636	3.9058719	0.18140317	2.4228163	4.035174	-1.4355342	-2.802975	-1.9575188	-1.0532925	-1.3347766	-1.4018627	-0.036108002	0.8951935	-1.6071805	0.8017183	1.0553901	-4.8166127	-3.472614	-3.3875859	-3.9984353	2.4501884	0.28853193	-1.2170515	-3.2849848	-1.1168048	-0.33224976	-2.3447955	0.103275776	-0.9891256	0.871597	-2.8638458	0.0058536613	1.5653964	-1.3772806	-0.540317	1.1778228	2.0054274	0.20983452	-1.5830814	-2.6181047	-0.9508925	1.7990134	-2.5898876	3.7545414	2.9196317	-2.058623	-0.25549024	-1.5248739	3.6374164	0.7391874	-0.7645891	-2.9912634	1.6575042	-1.9560204	1.0276424	0.7459131	0.27294698	0.22684598	-6.2387	2.9920409	-0.071900345	-4.787744	-2.0207248	-0.060658693	1.3409586	-0.80228513	-2.5518177	1.8599024	-3.014413	0.5066451	1.015652
arginine	0.068903685	2.7287529	-1.0322465	-0.44113076	-1.305828	3.6897936	0.033803005	-0.055098236	2.0163884	-1.9082069	-1.9065083	3.311272	-5.3792872	0.06417973	-1.3998958	0.12955967	0.88138574	0.81457245	-0.8979586	0.3917714	0.95013154	0.34034377	-0.3876969	-1.6912134	-0.54090387	-0.7195195	-0.3837785	-1.4652271	-2.7323701	-1.2093204	0.77496827	-2.0497248	-2.0594733	0.87763375	0.7640708	1.814548	0.942328	0.40361732	1.1167252	1.9463048	-0.4733547	0.8966148	2.275005	-2.0605793	-0.6446737	1.0332696	0.3552058	-0.8123655	-0.6528505	4.0027494	0.53477544	-1.698269	1.4703556	1.6151061	-1.7413311	-0.3240848	3.752347	2.5118265	-0.93609643	-1.2470454	-1.5101706	0.4566655	-0.43534786	-1.5248502	-0.6921255	-1.0946192	-0.089500934	-1.0440652	-0.69806826	-0.9553436	3.114576	1.8106669	-0.39227656	-0.65719265	0.39770392	-0.32681593	0.16525966	-1.7082977	-0.20162204	-0.1225919	-0.8803673	-2.1387885	-1.064269	1.9208808	-0.36063588	0.38623267	1.5724704	1.2211655	2.031537	2.2157602	0.4170993	1.0003133	-0.94838256	-1.2547086	0.8250189	1.4297452	-0.92360586	-3.6161203	0.93362314	-2.3571064	1.2988796	1.0333059	-2.556548	3.4006615	-0.75382555	-0.7260812	-2.441558	-0.52036786	-0.16961302	1.2316635	1.7170558	0.39197406	-1.62791	-1.5472703	0.16934474	-1.2596875	-0.94048876	0.11734457	1.504801	-0.72329146	-0.48940748	-1.144801	-0.009131025	-0.42790082	0.5914145	-1.2640129	1.4283969	1.4953707	-0.052392323	0.47193336	0.37924948	-0.3807509	0.88076663	0.51410127	-0.062197376	1.1440241	-0.1324922	-1.1900115	0.21114036	1.607738	0.9740337	0.3163387	0.5330905	-1.1561085	1.8681798	-1.5211484	0.37931615	-0.2766526	0.24235973	0.3183019	0.48403403	0.9454326	1.3104962	4.4647274	0.53182256	-1.4195265	-2.1450727	-1.2293218	-4.494156	-2.233702	4.4647284	2.833836	-2.2265272	-1.0547069	-1.0294654	-1.2520763	0.07307295	2.2307515	-0.049793575	-1.734446	-0.9746159	0.057898927	0.39610726	1.6923178	2.5500095	-0.4555081	-0.74140173	-0.6826846	1.0949798	-0.3103922	1.7076931	0.81753194	-0.84521484	-1.1237147	-4.433739	-2.962587	-0.41240746	1.1644351	-0.3412147	-0.7693926	0.11612088	2.5237758	0.62477607	0.5361977	-0.7325096	0.49720302	-2.3651612	-0.52906406	-0.43092307	2.9342098	-0.87733823	-0.3854508	1.339085	-0.9661132	-1.8700368	0.29149637	0.6181876	-0.3311446	-1.2331048	-0.059079815	1.9428897	2.7127836	-0.7729658	-1.3070929	2.5721378	1.1508398	0.8369867	-3.6983912	-0.091042265	-0.62716347	3.0959227	-0.9966802	-0.8087625	-0.6653866	0.066407494	-0.7753031	-1.1529673	-1.2577714	-0.9046392	-1.8314993	0.18523769	-1.6568772	0.2549839	-0.9965501	-0.07081814	-3.7914088	-3.9933336	-0.52661645	-2.0583448	-4.9801726	-0.28187302	0.7033293	1.1354369	1.0895886	0.05245296	-0.8224886	-2.0427728	1.0812798	0.41815323
argininol	-1.1453606	-0.0023971852	3.1888158	0.59976625	1.251743	0.6032419	0.27082735	0.72386736	1.4292109	4.3478055	1.9766216	2.6612482	-6.930882	2.5471246	-1.1867627	2.046114	0.7751767	1.4152625	-1.9817153	0.99063957	0.121913336	1.0683392	0.9577915	-2.1101897	0.9358085	-1.1222725	3.6937652	2.8286135	-4.7669353	2.2208426	1.5627986	-0.013425968	3.473355	2.5516737	1.4656788	2.240705	1.3581275	2.7815704	4.2452784	1.9555686	3.232696	0.37003034	0.77425396	1.094001	0.7594912	1.278995	2.06099	1.001708	2.9869978	0.5933492	0.416766	1.7935443	4.054056	2.009579	-2.0386522	-2.6116993	-0.5290505	1.204231	2.4464762	-2.8106813	1.816646	1.368697	-3.543299	-0.47710118	0.43788382	-3.532284	1.2520323	0.64989346	-1.2630976	-2.5352004	0.17315279	1.6788044	4.457141	-0.37592188	0.48595086	1.6981318	1.814704	-0.8662949	-0.5401119	-0.5765507	-0.51301056	-5.942903	-0.42869383	2.5067718	0.8550385	1.4592791	0.9685867	1.1323433	1.6057432	-0.10583764	1.9439623	3.2439768	-0.6909768	3.9732807	1.8703475	1.9757191	3.5866737	-4.6739774	1.8369007	-2.514082	1.0224358	-1.8347484	-0.4354362	3.8298948	0.5344026	0.0061522177	-0.9060194	0.307479	0.43310577	2.7710001	1.4228836	0.024206895	-0.83435535	-2.621762	1.6118993	-0.77406335	-0.4436031	6.785331	0.3868185	-1.8571873	3.0439346	1.0999111	1.0110716	1.7444837	2.1913822	-0.33319163	1.1883274	1.2088692	-1.1251146	1.0682453	-1.7136298	-4.370105	2.029343	1.4337846	-0.51875734	1.6984217	-2.2410517	0.5156065	0.17268594	1.6710365	-0.11122886	1.0548025	0.16066399	-1.074617	-0.0063303653	0.09131091	2.425537	2.022139	1.1606821	1.476573	3.42157	0.07785921	0.57960474	4.1825876	0.46918994	-1.381848	-4.4668393	-0.28205267	-3.3593628	-0.39159366	2.833836	6.7853317	-3.5848784	-2.3822398	-3.2049925	-2.587878	1.832141	-0.77592134	4.2521443	3.969883	2.2619805	-0.2675195	2.6908693	0.8674933	2.7978456	-2.6629353	0.64777267	-0.30654013	1.0505284	2.9457862	3.5265121	1.3472339	2.5056865	2.3750715	-6.119375	-4.2085304	0.09665246	4.28853	-0.84587	0.6826902	2.0167434	-0.86633337	1.2778622	0.5430582	2.3960369	2.7641623	-0.8230807	-3.022244	1.3938879	1.7811313	0.77544934	-0.8680951	0.80011785	2.3151875	0.96972424	2.389852	1.4706873	0.7508176	-0.44531173	0.9930368	-0.55510676	0.8242161	0.06896541	1.6762199	1.0595438	0.5502206	0.5823071	-3.8933873	0.14746009	1.7883875	3.814408	0.7094604	2.0902739	0.43960482	0.70230454	0.5825881	3.0003734	3.2238226	-0.96255845	-3.5448053	1.4265262	-2.5282686	0.863222	1.386165	-2.7208343	-3.1878288	-0.97119105	-1.6647795	4.637632	-5.4231634	0.737534	3.4757178	0.8850212	1.4016651	0.26524895	0.9886762	-2.2540214	1.0728173	1.9080126
asparagine	-5.5539646	-0.091364674	-1.4533005	-2.5227535	-2.010276	-4.498291	-2.0853665	4.320505	-2.1865108	-4.5453415	-6.4313917	-3.9185388	-8.163991	-3.036679	-5.6247	-2.9266746	-2.72785	-3.191338	-3.8368971	-2.5033462	-0.037462708	-2.1214044	-2.633285	-3.2108676	1.4701419	-4.079736	-2.4237177	-3.1022584	-5.175012	-1.6701136	-3.3782494	-2.6298347	-7.4074473	-0.296553	-0.96965015	1.7909013	-2.092221	0.92916375	-2.4067345	-1.7298235	-1.1121414	-0.08596332	-4.503834	-0.87446994	-3.5883207	1.2895052	-0.32817996	-2.6914241	-2.7221363	-0.16476288	-3.1273165	-1.387667	-2.8348234	-2.4421234	5.3034115	0.7510949	-2.6006627	-3.881119	-1.2974664	-3.3133385	-1.2082106	-2.3275342	-5.567575	-3.5221941	3.5349894	4.659482	-0.729212	-3.1086507	4.047164	2.620102	-0.88923025	-1.9043682	-4.6126866	0.94224477	-0.517972	-1.085662	-1.3318288	6.079692	-1.7413574	-4.494556	2.1528904	-3.6059794	-2.381266	1.5221117	0.80416614	-1.6765735	-1.2772877	-1.5776864	1.1657566	-2.967491	-1.6372356	-1.088128	-5.297752	-2.6989167	-1.7076838	-3.2390316	-3.7393208	-7.4058576	-0.9365183	-4.771238	-0.77161264	-1.7125064	-4.8326054	-3.848967	-0.9542299	-2.2148054	-4.85518	-3.3790672	-1.4339931	-0.1402494	-3.1833527	-3.8610415	0.50703347	-4.4582596	-2.5083046	-5.159798	-4.6727343	-1.5079638	0.042206027	-4.863618	2.0089629	-1.2007402	1.6443739	-4.233221	-0.98683494	-2.2615342	-1.695292	0.81174386	-1.8493749	-1.5435065	-3.8026931	-5.13145	-1.5689731	-1.135562	-0.6955573	-1.8961633	-2.466041	-5.5508327	-5.710547	-0.6308578	-2.3500462	-3.3451338	-2.4795225	-3.711724	0.11246966	-3.2222056	-0.88662136	-2.6721706	-3.308531	-0.815198	-2.6274796	-2.8886032	-0.322903	0.24406071	-0.51898915	-3.8017476	-4.5158186	-2.75637	-6.179111	-3.6509414	-2.2265272	-3.5848784	6.079693	1.1368588	-0.6840826	-4.9525104	-1.9576612	-1.2604423	-3.5720599	-0.27591762	-3.3554378	-3.5902212	-2.6358314	-3.2775917	-1.5903398	-1.9778872	-4.6177936	-0.8246341	0.061113946	-1.5539647	-3.7649884	0.584791	-0.9213856	2.6045425	-6.9272275	-4.9553957	-3.2802684	-0.017726306	-1.9538733	-1.6167551	-1.722486	-2.0790572	-0.85714686	-1.639043	-2.7289593	-0.6383899	-4.9957285	-2.0258687	-0.36903793	0.4072985	-1.269019	-2.909393	-0.19190605	-1.8453327	-4.502821	-2.8471885	-1.2781258	-2.2330709	-3.7512743	-0.7643792	-3.6505055	-4.2175317	-3.58327	-2.0160923	-0.28116944	-2.829796	0.22885111	-6.3652897	-2.230078	-4.235486	-4.282546	-3.7557435	-1.266685	-3.62761	-1.2702068	-3.752575	-4.7837563	-3.2106364	-3.0722497	-5.2665734	-0.7460575	-4.193922	-4.163281	0.4803537	-3.242062	-5.830093	-7.6002984	-2.0865145	-3.6574152	-7.7005496	-0.033034567	-0.26923317	-2.1828868	-0.8475563	-3.1038582	-0.31812134	-4.8602643	-4.0838175	-2.5509102
aspartic acid	-3.3188357	0.45080584	1.5850365	1.0667323	-2.260319	-2.820705	-0.4524521	0.8336012	-0.91407144	-3.9569423	-5.4217277	-0.8374281	-6.5967793	0.7674646	-3.9443183	-2.7720225	-3.5728123	-1.3570354	1.4131422	-1.9016054	-0.44414693	-0.30983123	-0.03948123	0.077692024	-2.458249	-0.6036317	0.84887093	-0.34607193	-4.6933126	2.2354817	-1.3478063	-1.6456689	-4.8811994	4.0709953	3.9454515	1.2016996	-0.4487173	1.7151396	0.8343926	0.69419175	1.1802753	0.49862793	-5.1867356	-1.9630313	-4.2324815	4.8512936	1.7739366	1.9759438	0.16565365	2.4466798	-2.0042875	-2.0839195	-1.4759928	-1.6208371	2.4239063	6.1859317	-0.23088746	-2.93572	-0.09369195	-1.8444968	2.7050693	-2.2117326	-4.101553	-2.4396303	5.1359553	0.9138148	0.35652488	0.41212806	3.8998415	6.012925	0.8034195	-1.7677715	-2.753682	1.355145	-2.0136375	3.8681214	-1.895724	1.5637112	-1.2327513	1.678552	3.7579558	2.1363297	2.9902418	0.73240453	-0.98169386	-2.2858753	-2.2887866	0.91813225	2.9591024	-0.4955707	0.17370218	1.5125762	-3.594295	-0.9681315	2.0855856	-1.6633579	0.081651695	-6.3610406	-1.1707404	-1.3583187	-0.57542026	1.8877964	0.20049167	-2.2550478	0.34883493	-0.32839334	-2.104702	-1.3278334	-1.0634127	-1.8537191	-1.5429003	-2.702192	2.0954597	-2.1504946	0.11665354	-3.956808	-3.696695	0.1841749	-1.0173855	-2.2762425	-0.5898953	-1.8129023	-0.8851986	2.437808	2.1387053	-1.8342956	-0.48120615	0.484422	-2.0018048	0.6402965	-2.6895971	-2.036875	-0.49427274	2.870113	-1.4557326	-2.0307302	-1.3321093	-4.3546524	-4.9186015	-0.6829605	-2.2073014	-2.4434404	-0.43603012	-3.1972492	4.0314546	-3.2924054	-1.577778	-1.086483	-2.1669884	-0.33225906	-0.3137645	-1.4995728	-1.3610767	2.3578644	2.3655396	-3.2500808	-3.6725373	-1.9020044	-4.615061	-0.8211596	-1.0547069	-2.3822398	1.1368588	6.1859326	2.0789511	-2.0270245	0.72560465	1.8074814	-2.6253495	-1.2694031	0.7276443	0.5037152	-1.375497	0.34050286	0.34416646	-3.4698021	-3.5797703	1.114836	-0.22998306	1.8166376	-2.325072	1.2828959	2.347925	4.999809	-5.540999	-3.6998956	-1.6386768	-1.8012356	-1.8234113	-2.9410655	1.9327267	-0.36017123	0.15811107	0.3573161	-1.2289996	-2.0521882	-4.2023044	-1.2955573	1.4500386	-0.21372543	-1.6549333	-1.0809474	-0.5848857	-2.12861	-3.822429	-1.8186656	-1.1595906	-2.8904471	-2.9837284	-0.14667797	0.9603525	-2.2038682	0.38064957	-0.64363337	1.62218	-1.1928157	-0.5336	-5.508586	2.5567827	-1.8767108	-2.5622976	-3.3214884	-1.2524959	-2.2708533	-0.2491199	-3.7963078	-3.5892348	-0.76532894	-1.1226872	-3.5316193	-1.0646678	-2.9210806	0.14065596	1.3983899	0.7190261	-5.093049	-6.0575275	2.0152366	-3.4535375	-6.1797543	1.4773706	0.9122031	-0.34636617	-0.96149933	-2.505688	1.5961806	-3.929505	-1.9395304	-1.0087163
aspartic acid branched	1.7371553	0.32846576	7.7181845	7.8277745	0.4367908	-2.9824538	1.5817972	4.605696	7.943457	-0.7346994	-1.7351032	4.3308787	-5.018989	2.393447	-2.1661503	0.66188586	-3.790646	2.194075	4.0961404	3.5153458	2.7906206	-0.47719014	1.1438295	9.040069	-3.7514966	8.793229	2.732371	1.297751	1.4135404	4.89897	1.2923017	-0.081785105	0.43390122	-0.6585082	0.008761262	-0.34244722	2.8695586	0.566636	3.3626966	3.0240602	1.772386	0.61088604	-0.39539823	-2.7155979	-2.0380495	-1.2508827	0.30900803	3.424702	3.8295703	-1.2868503	-1.8482764	2.1781	0.95111173	-0.7599682	1.5438476	-0.023432134	2.741845	-3.971699	5.0204673	1.782948	2.194553	-0.42340186	-5.256115	0.32796237	0.91919285	-0.35900846	-0.4996449	-1.3189758	0.26237854	0.92831993	-2.3261573	-0.06503383	-3.2811272	0.7558439	-1.8072265	6.095936	1.9163716	1.3352646	-1.5637261	3.3050272	3.2788284	6.563157	-0.35360226	0.85499513	2.0214908	6.171389	2.1454234	5.3044367	0.00024770157	6.6838474	6.748972	5.2619286	-2.8655536	-1.2528598	4.6424494	-0.71820015	6.3633113	-5.2856317	3.795991	-0.5372938	-0.37742895	0.52413124	6.001036	-0.7061395	1.9462905	0.9781667	1.6478275	4.4295454	2.6416585	3.6945598	-0.88677067	-0.22765459	6.7203493	0.5200928	5.7203555	1.5969887	-1.3567755	1.4481733	-0.70851946	2.961156	1.6616926	6.3865676	-1.852011	5.594198	0.017116763	-2.4826365	-3.0250564	3.757447	0.63587946	1.9399036	-0.43173003	0.19723618	4.3171644	2.0561967	1.1756697	-0.36340344	0.5903764	-2.628931	-3.8032517	1.3849353	-1.9891593	0.4967636	0.13948338	3.5145094	6.672541	-3.997063	-1.3241467	2.0736945	-0.5293214	4.0883427	2.7993817	2.9879508	-2.5890338	-0.19823246	1.1287185	-2.4265435	-5.172898	-2.2947779	-3.3546042	0.60624534	-1.0294654	-3.2049925	-0.6840826	2.0789511	9.04007	-0.7031882	3.3695846	-1.7916735	-1.1041324	0.6458445	7.5556173	-0.009540987	-2.0955977	-0.1301303	2.5116546	-3.2467515	-0.74392235	5.4116526	-0.4712394	3.4525752	-1.5546718	2.6548991	2.2799704	0.9014048	-4.3893867	-4.228201	-3.5372303	0.008349609	-4.1496944	0.92308205	1.7790285	-0.94441617	5.47042	2.2523918	-2.55855	-1.7863699	-3.8392184	-3.1519573	3.39896	1.1875868	-2.3527453	-1.381678	-2.846716	1.0006967	-3.5090747	-0.3510302	2.475425	0.0915799	-3.3152673	-0.5904156	5.3728185	-0.5210346	0.737731	2.692119	0.95529157	-1.8956186	4.7415166	-3.6396623	0.19376786	3.8430123	-2.1287532	-1.6030557	2.364431	-1.5512933	1.1668154	-3.2371278	-3.0002904	1.3979453	0.47263542	0.5971417	7.558816	-1.7170469	6.965931	4.7665005	1.1038754	-1.5513991	-5.1905484	8.816857	0.6741025	-4.3145547	-1.3353604	2.7628481	-0.77036065	0.8802415	-2.641721	6.7354755	-3.6541386	0.53880674	-1.4443964
azetidine-2-carboxylic acid	-5.9433765	-4.6495457	-5.282233	5.079761	1.3990017	-5.122863	1.920695	-2.906819	-3.4155118	-2.4232259	-1.2389187	5.521197	-7.0575166	-2.6762586	-5.5397997	4.7330804	-6.078876	-5.3666162	2.8340824	-0.24850118	-2.101237	-3.2048645	-1.9262156	-0.4059634	-3.741478	-1.649673	-4.8250837	-6.8049026	-7.4146156	-4.940417	-4.2692947	-4.3907757	-2.156755	-1.9655697	-1.2398416	-2.8762383	-1.433368	0.8895331	1.9095135	-4.0272512	-2.6870966	-2.3384285	-1.8762718	-0.17819726	-5.2827635	-1.3246926	0.3987521	-3.6983778	-5.1064973	-3.2789702	-0.4673519	4.1446104	-4.585964	-2.3455217	-4.806334	-4.117505	-4.446683	-5.1275234	-3.7933939	-4.5934744	-4.171678	-2.252122	-7.690173	-5.2263412	-1.581601	-5.665508	-2.8869076	-4.101964	-5.5576057	-2.0875056	-3.1524942	-4.8008394	-2.555769	-4.976214	-6.286318	-3.084083	2.5298553	-6.4912868	-6.6519017	-3.8375874	-3.4758487	-3.6944528	-5.3537903	-1.9530728	-6.505787	-1.0435293	5.3791265	-1.961207	-2.137923	-4.3653007	-1.120731	0.15256205	-3.883527	-3.8757925	-0.65674037	1.5085064	-1.0202134	-10.763575	2.6403902	2.3598745	5.452283	-4.807912	3.5782697	-5.270641	0.5840172	4.3714094	5.0618415	-2.1435704	-7.51034	-3.8590853	-3.06433	-3.5980422	-4.0903172	9.954853	-0.9254828	-2.7958295	-2.2357383	-4.2996087	4.4763093	-5.0045276	-3.432002	-1.1220512	2.3973148	-3.422525	-2.2585146	-3.8500204	-3.5130665	-4.04959	-6.273121	-1.9539984	4.680292	-6.197128	2.57691	-3.1108983	-4.4855375	-5.401524	-6.3982306	-4.690468	-8.351267	-4.197086	-1.7538393	-2.013978	-3.3104486	-0.5973811	4.3779454	-4.165151	-4.620963	-4.169288	-5.552725	-1.3887402	-3.4920967	-6.1600256	-5.037024	-2.8617992	-3.2693794	-0.2726941	-3.8165286	-6.3815713	-7.4105515	-3.867631	-1.2520763	-2.587878	-4.9525104	-2.0270245	-0.7031882	9.954854	-2.3144543	-3.598056	-1.0330486	-6.2641234	-2.4283724	-3.6836302	-3.961028	-5.19006	-1.9523034	3.5895813	-7.22888	-2.834395	0.45944315	1.6840403	-1.9333767	-1.1941603	-3.9874325	-3.4331646	-4.965801	-8.030829	-5.4273195	-4.786011	-6.342971	-2.891191	-1.934696	1.8580312	-2.7662885	2.6501062	-5.182634	-5.251084	-3.4752278	1.5647187	-2.584088	-2.3836038	-6.2130895	-0.943248	-3.2922504	-0.11811749	-5.777814	-2.9605193	-1.8541632	5.126706	-3.0938718	-6.0209894	-3.443958	-5.38711	-5.5955367	-0.66414785	-3.7147422	-4.467243	-2.5509937	-7.512353	-3.8178272	3.0341837	-3.0781043	-3.5501006	2.0921052	-1.276833	-1.9243922	-1.7644978	-4.029247	-1.3798579	4.557317	-4.0288196	-2.9366314	4.2204437	-3.3782988	3.3272882	-5.451467	-9.215478	-2.1774545	-2.9620197	-5.5927234	-9.349018	-2.4767992	-3.1971962	-3.833686	-0.9654509	-4.0596337	-3.5866833	-6.0879555	-2.777519	-2.4931228
benzoic acid	1.6017349	4.356666	3.6677685	3.0925221	1.6845329	2.1234846	1.187983	1.5104481	3.2065632	1.5272352	0.07651084	3.0801659	1.3815787	4.973828	-3.1411128	4.2203517	1.1436517	4.9474287	3.3168015	6.0473104	2.0331829	1.5284611	1.2306017	3.3489425	3.2464406	3.5826864	3.5495389	3.022857	-0.98999333	4.2872	4.426469	1.8394499	1.0787594	4.284796	0.9504251	2.2838624	3.7081044	1.6160609	3.420405	3.6055899	3.6996956	1.862331	-0.04509238	4.4580483	-1.7201687	0.63702	0.95467186	4.7012596	4.340799	0.617386	3.5040712	-0.037895527	1.2472192	3.683232	-0.22670706	0.94096637	0.6037028	1.9996115	2.09837	4.4667125	4.467503	0.45598587	0.22088294	6.1037974	0.24607778	1.9212213	1.3759019	1.4098647	1.6751232	0.7043554	0.6341036	1.5758876	5.618881	0.16183831	1.7818586	3.9643137	2.5447733	-0.14018099	0.030725949	3.0716543	2.036469	4.1324778	0.9768698	3.967508	0.5974737	4.4092093	2.9609025	3.5470023	4.321343	3.912758	4.691168	4.193603	-0.8073642	3.8120453	0.84215814	1.8523914	0.54922134	-2.1342742	1.8749303	-0.2125783	2.6310837	2.2467997	2.611341	0.94839066	1.1627933	0.57534456	1.341808	1.6761816	4.906334	4.2231255	-0.3988167	1.8384544	3.1528077	-1.1062353	4.80604	3.8410199	4.213207	-0.5224952	1.2737994	4.0774937	3.4477825	3.496811	0.7927801	3.7215402	2.4616349	1.9100847	-0.2416162	4.4923716	2.2741475	0.31176177	-0.31367654	1.6922114	3.2355306	3.302455	2.2357273	-0.68550575	0.8864655	-3.9355884	-1.0301591	1.0647277	-0.99207616	1.9165022	0.64594054	3.6637313	1.6047946	2.0731137	-0.8570241	3.553386	4.140222	1.6138879	1.8214005	3.886098	1.3453263	3.599587	3.0791175	-0.12666418	0.2431309	-0.3875791	-2.6405685	1.509638	0.07307295	1.832141	-1.9576612	0.72560465	3.3695846	-2.3144543	6.1037984	3.6329114	4.1776366	-1.0199881	4.940527	-0.25521746	0.4626024	2.5462015	2.665112	5.537071	5.2633343	3.4924366	0.70686567	3.8800733	0.39607066	3.4352198	5.556454	1.4250231	-1.4955372	-1.0490893	0.63686585	0.60108554	-0.44579405	2.4499106	4.096522	0.8906933	3.637596	3.728946	-3.4369407	-1.9464264	-2.2544873	-2.5764885	3.6710749	3.764255	-0.46714172	-1.5133537	1.0775828	4.7031054	-0.44889677	1.9956325	1.1647276	4.2239237	-1.1913263	2.5893095	3.4759908	0.7420012	1.0099283	3.372544	1.5420003	2.1700776	0.61021733	1.9941754	1.6614009	3.8574529	-0.7782405	3.471696	6.1027803	0.14405315	2.4122345	0.8067051	5.5482626	3.5985055	1.6145321	4.559752	3.0708613	0.027877167	3.2970662	3.6385324	2.6176844	3.1288233	-3.3158605	3.4901364	4.544974	-3.4151318	0.47617456	3.8039184	4.4890985	0.49144825	-0.3091748	3.672586	-1.0602648	1.6605471	2.6497126
benzoxazolinate	4.726164	-0.514398	1.2426353	4.3369946	-1.553327	5.9705772	-1.0767951	-2.2307665	1.9453568	-1.3551722	-4.612408	5.755712	-7.2689166	1.2009051	-2.8817608	6.1544557	0.20184846	3.2902353	2.097732	0.886246	1.6167754	2.1684892	1.7660333	1.1249977	1.2239014	6.545341	1.7503941	1.4124833	-3.5725179	3.1103375	4.1374164	1.3300091	-2.256734	2.4674227	4.648127	-1.1716503	-1.5187573	-1.4943491	0.58362997	1.8078042	3.7894273	-1.0399041	-0.46285692	-0.119420595	-2.0311456	4.2385263	1.9378194	0.74889237	2.0876105	0.23240797	5.2505813	-0.7160159	-0.70923936	1.7751362	-1.2929101	2.828717	3.3836045	8.861955	1.6355039	-1.8731793	1.2567737	-2.7858748	0.23643394	2.2491386	0.34179828	1.5328245	-1.0897104	-0.22737582	1.0517371	1.4097064	3.2599404	-1.0752974	3.4337552	-1.1065114	-2.1568646	2.5982416	3.7453673	-0.39380443	-0.67584515	0.9633232	-1.0992271	-5.6539216	6.853636	-0.99995357	-0.43852213	2.8974545	1.3089072	1.5045962	5.1454163	1.2596569	1.9577845	1.8528929	4.7157774	-0.3696231	0.7557462	-1.2566037	-1.8736354	-3.9589202	-0.05055695	-1.8459048	2.6878169	0.83656573	-2.7185843	2.1724703	-0.93379664	-0.60780746	0.26384425	0.9573364	3.2956612	4.1021276	-1.4875404	-2.1180844	1.6343094	-2.4930835	-0.24583964	4.3981767	5.359394	-1.7390323	-1.8231554	2.3697386	0.2051225	0.73888427	-1.4035819	1.8473278	2.0448458	3.2936444	-0.58488953	0.33030087	2.3052013	-1.4894006	-4.8393917	-3.0842407	-0.6066687	1.3926263	-1.3542135	-2.4661238	-2.8682966	-2.7820153	-5.5628843	-1.5855283	-0.41544703	3.3999305	3.4554393	-1.3394543	1.2118887	-2.504369	-1.4768249	-0.43404546	-0.38250712	-1.0855346	-1.2631909	3.7778397	-1.2944822	7.5445604	2.0925705	-1.4288952	1.3194046	-2.0579839	-2.8053002	1.0992634	2.2307515	-0.77592134	-1.2604423	1.8074814	-1.7916735	-3.598056	3.6329114	10.049738	0.29519522	-0.6003196	0.7464184	-1.4915252	-4.0438514	2.341431	1.2934479	5.7884836	1.6287563	1.9952056	-2.398957	3.2353127	1.6321428	4.153838	1.8340433	1.3606876	-1.8940558	-1.1605351	-1.1072843	0.124509946	0.3884387	0.9418539	3.572627	-0.027373465	1.1668041	3.475858	-3.1673138	-1.5094864	-0.9257146	-0.69490397	3.3208642	1.5260112	-0.74339604	1.4081696	-0.65269154	4.1572323	0.51670885	-0.32851472	-0.50214255	3.9426584	-1.5089419	-0.11832882	4.4878926	1.7383127	1.5534164	-1.4377466	5.4782104	6.0878468	-2.2402275	-4.0908895	6.224868	1.2792897	-2.9889088	1.3435696	4.1804466	0.1651466	0.36642578	1.7143822	6.94661	0.112325184	-0.6492127	-1.3657751	5.9006567	-1.0370117	-0.34595487	0.90729195	1.4564323	-2.4387653	-4.9129257	3.3581836	5.7672167	-3.1285195	-2.6761875	6.3689914	10.049737	0.34188148	-1.768324	4.5966363	-1.6926322	1.3947563	1.0238383
beta-alanine	-1.3741903	-1.051368	3.688736	1.3060677	-0.1200181	0.9752302	0.5219091	-0.22798257	2.2787838	-1.4723314	-1.8023254	2.6009853	-4.152783	4.8627596	-3.2188845	4.3631587	-0.3252064	2.9585366	0.17797358	1.514004	0.062971815	1.124299	0.4253138	0.6813292	3.4969015	1.2361648	4.2675357	0.9417196	-1.9174402	2.969797	3.561927	0.18679598	-1.1274219	-0.93966013	-0.37351367	1.038653	2.3760586	0.061829053	3.272341	3.6297762	1.2959391	1.1439735	0.06484228	3.915898	-1.0098537	0.6001174	2.2133262	1.1580514	-0.45376667	-0.45162016	2.937773	0.72049403	0.35857478	4.24639	-2.1396291	-3.0173798	1.2698996	4.5337944	0.8306886	-1.8018879	1.986471	-0.72424173	-1.1244106	1.6736989	-1.4543858	-0.2842758	-0.19009611	0.15178122	-1.7673972	-2.7279284	1.561402	0.2947527	9.08883	2.286199	0.42786142	-0.18662679	3.933562	-1.430003	0.005471606	0.36077926	-0.81130856	-0.8669517	0.3148806	2.5436823	1.1001627	3.4640481	2.2899072	3.6866577	2.3862307	0.52407086	4.2493153	5.3272905	-1.3960096	2.361451	0.77787036	-0.11700089	-0.6212226	-4.7474804	1.4224107	0.32500976	2.9229357	0.14505677	0.60712534	0.47553688	-0.22398862	0.19881149	3.2039437	2.5300786	0.3798068	2.0947444	1.0064824	2.3385756	1.439372	-1.4515429	4.2743254	1.1032488	1.0601487	-1.1501108	-0.3737627	-0.98202014	3.9667292	2.6001863	0.7885089	1.7767729	2.6191905	0.12551087	-0.5656459	1.1786109	1.196461	0.8366629	-0.7808158	-1.0133257	0.2893775	-0.19749677	-0.26802513	-0.4330515	-2.1637406	-2.9013696	-3.9688642	0.27024862	-2.1189907	0.98951066	-0.608616	0.798938	-1.1866257	0.9304567	-0.8165738	2.1876087	0.859582	1.4443133	3.401024	2.6672597	-0.16077386	0.60616785	1.1411382	0.16665855	-1.4415765	-0.6596178	-3.2804866	0.30376613	-0.049793575	4.2521443	-3.5720599	-2.6253495	-1.1041324	-1.0330486	4.1776366	0.29519522	9.088831	-0.10720836	5.1071744	-2.1246078	2.0059996	0.35882148	1.6143328	3.5284007	2.3996465	2.0889463	0.5837681	2.1670904	0.50242895	3.17795	5.8936996	-1.110852	-2.3785193	-1.773778	0.62122494	-0.51217157	1.7026345	0.24441712	4.019547	0.067748405	-0.067448154	-0.028557803	-2.4602413	-0.5347295	1.1534234	-1.5191036	2.4010484	1.741284	-0.056957405	-0.478862	-0.33143878	1.2081993	0.9845297	0.20782976	1.3247768	2.5578725	-0.99045706	-1.0507824	0.7508821	-0.8069621	1.4286166	2.066609	-0.02042158	1.8143842	1.1618685	-2.82457	1.2797648	4.447543	-1.1306337	0.64216965	2.150839	0.16285282	-1.2717295	1.9615629	5.988201	0.9650401	-0.2130624	0.9470466	1.4561031	-1.0326662	-0.05312841	1.6536967	-1.4611912	-2.5101173	-3.511397	0.27780256	1.6423519	-4.096017	0.9347565	0.9504793	3.923941	0.5173352	-1.3276907	2.6515756	-2.1226342	-1.0206956	0.49557278
beta-hydroxy-3-hydroxy-O-methyl-5-methyltyrosine	-3.6859891	-4.3677893	0.2315443	-0.37060884	-1.7727118	-4.608548	-1.8076705	5.920572	-1.7633278	-5.9054885	-4.0132117	-1.2821656	-5.0600185	-1.4547861	-2.0231724	-1.3222945	5.367122	-2.5154073	-1.9081434	-1.6739482	3.0116546	-0.8985427	-1.5498407	0.26214078	-2.799236	0.03452724	-2.200852	-1.9082338	-4.0817537	-1.0209305	-1.3457866	-0.49022925	-4.4265895	4.2418585	-0.45501956	2.6463253	-0.81331104	-2.8188243	-2.2288313	-2.1719627	-1.7236948	2.2106805	-2.5166135	6.175469	-1.0027846	-2.4134314	0.06842128	-2.2093585	2.9285107	2.6377873	0.4798337	-0.21789151	4.204172	-2.8295348	4.6546135	-0.9623121	-0.06865289	-1.8367552	-0.66746366	-3.4516675	-3.1192744	2.2132251	-4.526659	-5.0222855	-1.6181145	-1.0299346	0.50383717	-2.6434667	1.9213575	-3.4837246	0.44470605	4.5565567	-3.2958477	-0.2457678	0.33823743	-0.013606234	-1.1110847	0.8766127	-0.014190231	-2.7407556	0.08328181	-7.885718	3.4885757	-0.39699784	10.521435	1.3511515	-2.2422497	0.4760838	2.836934	-0.5058115	-2.102826	1.0670403	-1.4858167	-1.3144147	2.7004147	-2.3220127	0.6403831	-5.8972406	-0.4353142	-3.88909	-0.73777115	-0.50374097	-1.7871381	1.1782591	-3.2181363	-1.4892527	-2.9574714	0.40260717	0.25213778	-1.7441714	3.724641	1.7193	0.038256764	-4.71122	-1.8325733	-5.15999	-4.4748383	0.6770686	-2.523075	-0.69880676	-0.70418584	3.508232	0.3969762	-1.3653855	-1.3265126	-0.8244431	-2.9443877	-1.3661249	-3.6334977	-0.57734036	-3.286921	-4.1343503	-0.6200421	-0.4763052	-4.018876	-3.5862615	4.9512467	-3.1499658	-2.7643585	3.9415035	-3.6200612	-1.1468453	1.3361118	-2.195851	-1.2222968	-2.0558586	0.059069403	-1.5526603	-1.3116307	0.64833635	-0.66651154	-0.87495804	-0.22921796	-2.5691264	1.6349388	-2.3225842	-1.1434369	-0.38365534	-6.0163646	-1.0285249	-1.734446	3.969883	-0.27591762	-1.2694031	0.6458445	-6.2641234	-1.0199881	-0.6003196	-0.10720836	10.521436	-2.4481702	-3.5507736	-1.0443782	-2.4862237	3.9699845	-1.464931	-3.039276	0.0823698	-2.688284	-0.6928355	1.3204082	0.20095338	-1.3888621	0.07366246	-4.8340015	-3.648036	0.10957457	0.11840775	-3.5209253	2.4191697	-0.44813284	-1.140041	-0.15319921	-1.20349	-1.8623393	-2.6814635	-2.5465834	-3.4435246	0.17808351	0.91073036	6.3771935	-2.5463092	1.9724076	-1.867222	-0.48977676	-1.2357409	1.0694993	-2.2809813	-1.4265056	-2.9785836	-2.8479185	-2.7613282	-1.8631282	5.94685	9.415358	-1.1288224	2.6197832	-2.916357	-0.21913268	-1.0897022	-0.92131853	-2.9074295	-2.9803402	-0.5185248	-1.3450311	0.44988474	-2.7922897	-3.955889	-1.9562745	-5.8098946	-0.01352066	-2.8052173	-0.2780713	0.19080245	-1.9249858	-3.4256659	-4.557183	-0.15058768	-4.525947	-7.873067	-1.4469486	4.94093	0.033120718	3.4486973	0.12826808	0.3456238	-1.5131848	-0.49571013	-1.6875087
beta-hydroxy-gamma-methyl-hexadecanoic acid	1.6328127	-1.6123116	4.722129	6.485965	1.0344702	-1.4563155	2.669557	1.7057822	6.565712	-3.075381	-3.102023	4.304253	-0.7231638	6.1773396	-4.1569834	3.467384	-2.3098388	6.3199425	6.3775625	2.2694921	1.7695946	1.9276041	2.6510446	7.038331	1.5028906	6.8895793	5.3344417	4.6521897	2.8151786	5.176666	5.2874627	2.9136038	-1.3390056	0.37425336	1.25463	-1.0253674	2.638824	0.4345377	4.837628	4.87888	2.4597313	2.2545853	5.124942	4.3226132	-0.68347263	0.5533267	-0.07454135	5.2283382	1.2931645	-2.1536934	-0.300853	2.921073	1.6311634	2.593173	-1.5743814	-4.174877	0.88296235	2.3852968	3.8632128	3.8589392	4.2050967	2.547921	-5.136784	4.740077	-0.71620125	-2.7639954	2.9750597	-0.51713383	-2.7558353	-2.3528907	-1.84517	1.0447881	6.3070216	-0.04589885	-1.5269374	7.6263566	3.430627	0.4299974	-0.07233524	-0.8977128	-0.95214325	9.158562	1.3040172	1.6886557	-1.2647746	5.995833	3.4632027	5.3111286	3.3115368	5.448431	5.5420685	4.7080226	-1.4699497	5.787024	2.3415637	0.11157064	4.470809	-4.127817	3.1271307	0.6514836	0.9956125	-0.15460625	4.605266	1.8852186	1.7280443	1.0193032	2.1486428	3.0671947	4.548164	3.8777387	0.118745014	-0.08802333	7.0111856	-1.0542961	7.28771	1.1350735	0.8451407	0.47428238	2.2198803	1.2018152	4.1800857	4.6159616	-0.7024653	3.0876086	2.241655	1.7251365	-2.023547	4.0189114	1.0682079	2.619275	2.5326867	-3.4603226	2.913213	5.120568	-1.3486409	-0.8770678	-1.1907638	-5.750941	-4.6320167	0.5697353	-5.4635744	-0.23854996	1.1982116	3.3159246	4.303681	-1.1227508	-2.8075826	2.1541834	-0.49147746	3.2893207	1.6845366	2.6517215	-0.49341714	0.6297346	3.860335	-0.88534665	-3.1551125	2.470522	-2.6843302	0.96642363	-0.9746159	2.2619805	-3.3554378	0.7276443	7.5556173	-2.4283724	4.940527	0.7464184	5.1071744	-2.4481702	9.158563	-2.274593	-0.49485236	4.1626434	1.4411875	5.4367037	5.930962	5.420922	-0.6162779	4.262864	-3.1197937	4.8405957	6.078344	-1.2256733	-4.3947887	-5.0810485	-0.8462484	1.9284679	1.5570711	3.7687757	5.4212575	-2.3524444	4.1424303	4.626787	-1.8650914	-1.3893523	-4.1381993	-5.0064607	3.6781967	2.3261135	-2.9822595	-2.4667058	-1.4373214	4.6404223	-1.3095862	2.9049063	0.75624233	4.4179835	-1.9023216	0.617072	6.607332	-3.2597075	1.9992218	5.620783	-0.07240384	1.6060188	2.2845473	-1.2409314	0.22041877	4.5194225	-1.9420813	2.1153452	6.880503	-1.774077	0.20533939	0.4157175	4.020796	5.231809	1.8231919	4.8307147	7.3169217	-1.7158911	5.7244005	6.457169	2.8611019	-1.4459594	-5.4899287	7.184356	0.8086011	-3.6005578	0.015888829	3.5439477	5.0026555	0.57465863	-1.8606696	7.523543	0.41287354	3.617678	-0.084693894
beta-hydroxyphenylalanine	-3.6371644	-3.42016	-2.406751	1.0284597	-2.9183936	-2.2904527	-2.543835	-2.0469575	-0.17337869	-4.4231753	-4.4491844	-1.1796584	-10.009401	-1.510599	-5.69946	-4.2555747	-2.2529955	-1.7515631	-6.6576805	-1.6679586	-2.545037	-1.2176181	-1.9780912	-0.03613106	-3.4822326	0.4331643	-2.7971947	-3.6682656	-2.4625616	-1.3890612	-1.4906052	-4.23577	-5.416916	-3.1893253	-3.5447848	-2.3202062	-0.9418122	-3.4741216	-2.5507703	-1.0998423	-5.8021183	-2.0131092	-3.3824394	-4.9153605	-2.6274562	-2.0604455	5.0808873	-3.3333516	-3.1553488	-0.77760994	-3.5513377	-2.078935	-2.0072324	-3.2453086	-4.3579135	1.2535833	-2.9130442	1.0763327	-1.7752486	-4.9694676	-3.3404121	-0.6403921	-4.3034616	-6.3486958	0.07675704	-3.865176	2.1836543	-2.1942086	-1.6988169	1.7910464	-2.4161294	-3.4852936	-4.2549334	-3.1994162	-2.7464867	-2.1954272	-2.6129155	-2.7172632	-1.3239778	-1.1730833	-3.7034268	-8.045647	-0.4096222	-0.18246491	-3.3694358	-0.7302791	-2.0545702	1.6414961	-1.3357116	-1.7914013	-2.6339908	3.8445828	-0.46819738	-2.5752149	5.115519	-2.6480298	7.0821133	-4.514789	-0.6818644	-2.7761767	-1.2943127	-3.582219	-3.8800182	-3.8904533	-1.307989	1.0750107	-3.3681018	2.0129771	-6.846372	-2.4228127	2.1741877	0.5940783	-2.1957645	-2.8278472	2.947463	-6.236213	-4.847697	-2.1583223	-2.7977796	-4.77559	-2.958432	-3.2831044	-1.378428	-1.1593009	0.6757427	-1.5438042	-1.7901216	0.305941	-2.6386287	-1.552461	-4.6240163	-3.3960125	0.40345052	-1.601565	-4.1027875	-1.1564511	-2.36436	-1.2164309	-2.5295932	0.4362842	-3.2538953	1.4511595	4.9151907	-4.8906093	-1.6886936	5.002844	2.0343986	-0.2953593	1.5230368	-1.5723224	-0.060240082	-0.64222854	-3.1175818	2.5044358	-2.8548577	-3.2559397	-0.75424004	-2.4040306	-5.0419645	-2.3102398	0.057898927	-0.2675195	-3.5902212	0.5037152	-0.009540987	-3.6836302	-0.25521746	-1.4915252	-2.1246078	-3.5507736	-2.274593	7.082114	2.454965	-3.5418816	2.2527301	-6.3148055	-8.000305	-1.6128521	-2.868282	-2.109998	-1.5515811	-3.9572814	-1.8446368	-0.99570894	-9.063512	-7.243421	1.2807896	-0.54530454	-1.4970496	-1.8081331	-1.5970662	-0.79971373	-0.50733113	-3.3624113	-5.2911043	-3.97731	-2.5443923	-4.7715707	-2.3401184	-2.1797202	-1.3886898	-5.35318	-2.7198853	-4.603133	-2.8987057	-3.2297385	0.23254403	-2.194356	-1.195661	-1.3309263	-4.579755	-2.8680234	-4.730379	-0.59261703	-2.0593483	-0.9303709	0.09255943	-6.401319	-0.6113567	-3.9925954	-1.1592715	-1.3134145	-3.737923	6.107159	-1.6345717	-2.179884	1.544657	-3.660935	-1.5772568	-2.583901	-1.4604784	-1.2148843	-1.9744931	-4.216294	-3.318741	-8.340757	-6.5461893	-1.1582787	-7.6162133	-7.6390686	1.6109849	-1.4245499	-4.9638214	2.8513443	2.6786258	-1.7959514	-3.1877296	-3.2639518	-0.32416958
beta-hydroxytyrosine	-1.7268107	-2.15364	-0.8088598	-0.3069515	-0.61598057	-1.7977728	-0.27694967	-0.5400654	-2.103073	0.32637158	0.094796754	0.42031777	-3.9813852	-0.3822583	-2.665515	-0.14363208	0.47675171	-0.76057196	-3.7035148	-0.83955777	0.023984287	0.15384379	-0.44004148	-2.2839653	-1.4814372	-2.3875778	-0.80051583	-2.7107234	-4.5077014	-2.6034465	-0.10976673	-3.387917	-1.2914006	-1.3803333	-1.8971511	-0.37154597	-0.6013488	-1.953666	-0.95845795	-0.19487791	-3.3657556	-1.0827638	-1.5313374	-0.025636366	2.0071883	-1.455422	3.5202262	0.34971085	-2.555589	0.8794202	-1.2195661	-0.16235161	-0.7645099	1.0336412	-3.4254887	-0.8766644	-0.7372728	-0.13356881	4.367051	-3.4597454	-2.4713354	2.357288	-2.7279532	4.1104326	-1.2162639	-3.176376	1.5388445	0.7930717	-2.5777366	-1.5871094	2.3316414	-1.5430636	3.5881295	-2.7059448	0.16087234	-2.7724566	-0.055554867	-2.7950606	4.4174867	-0.8703384	-2.975635	-9.530803	-0.75074434	-2.3338506	-2.216868	1.3041967	-1.2061887	0.07909232	0.63760453	-2.1658611	-0.41552493	-0.20877534	-0.3101462	-2.5454037	0.47070748	0.085305415	-0.06005311	-3.4637856	1.0282378	-1.9302707	-0.7726109	-0.7227536	-1.5825678	-0.7514404	-1.1412958	-0.10831195	-1.6632982	-1.2447947	-4.721232	1.5861284	2.2763524	0.13648263	-2.2263963	-3.4682405	-0.39441675	-6.007362	-4.4666514	3.128505	-1.0126241	-0.8344337	0.7924856	-1.9182104	0.61095345	-1.7706839	-1.6499826	-0.513524	1.5450691	-0.22828266	-0.8615951	-1.2987295	-1.4627995	-2.2384984	-0.3682122	-0.21250352	0.34733844	-1.6670101	-1.3600531	-3.9430299	-1.3214345	1.4475914	-1.0127816	0.26663893	2.5615737	-2.1202466	-3.4704795	3.2066631	1.7600006	0.43695349	1.5106719	2.1789496	1.8670455	-1.4287776	-0.4414545	1.4332602	-0.34073472	-0.6758851	-2.2303069	2.8014827	-4.2255125	-2.2941608	0.39610726	2.6908693	-2.6358314	-1.375497	-2.0955977	-3.961028	0.4626024	-4.0438514	2.0059996	-1.0443782	-0.49485236	2.454965	6.330793	-3.2486744	2.0352793	-3.7878659	-4.3143845	-0.83211625	2.1994016	-0.617539	0.32878396	-2.0662806	0.44707945	-2.1608336	-5.96107	-6.3124537	3.7806647	-1.507816	-2.119791	2.0508125	0.5682353	-0.3895525	-0.46316993	0.07987341	-1.5716702	1.0157441	-3.2202406	1.2543048	-1.0698243	-0.043195967	6.330792	-1.3557549	0.7400686	-2.2222798	0.23945074	3.4477582	1.6064914	-1.3448302	2.5469465	0.16559702	-3.4972212	-0.8878701	-3.2213156	-0.9044435	-1.5340114	2.5871375	0.73466814	-6.3646917	0.35744393	-1.2481854	1.5399547	-2.3594258	1.5688106	2.4044447	0.9680196	-1.0299064	0.8736968	-2.429886	-0.30418637	-1.1164242	-0.32208723	-0.1031087	-1.9756589	-1.8222958	-3.815611	-5.53565	-1.6046437	-2.1957235	-6.686925	-5.2574534	4.5918527	-1.828152	-1.9128553	1.2554022	1.6617774	-2.0195878	-0.8867354	-0.65831363	1.91
beta-lysine	-0.32656175	-1.3072985	-0.109684244	4.496635	0.35200572	0.11984741	3.163435	-2.5232246	1.1295094	1.3952987	0.21039043	0.45326403	-3.9449518	0.5071739	-3.4492073	3.3213692	-1.7080305	6.227171	1.5931498	-0.43565464	0.6317054	0.87010163	-0.7582143	-0.532153	-0.34038746	2.7956417	-0.03205822	-1.4159611	-4.6255255	0.64091563	3.9207275	1.2150694	1.0051607	0.0035814147	0.20494777	2.6162543	3.1735775	-0.54010725	3.265379	4.328328	4.1373076	-0.9322843	-1.6468469	-1.9521393	-1.3822349	3.89042	-1.707565	1.3817458	-0.6574553	0.67471933	-2.0735722	-2.7367795	-0.15204357	1.2983413	-2.8381987	1.30349	-2.2211137	-1.846336	-1.8846762	-2.078302	1.9760594	-1.4161612	-4.9010854	1.3856146	-1.3240601	-2.3245764	-1.4505334	2.7231374	-0.5650643	1.4075177	-1.1812342	-0.43431517	0.24006912	-3.399648	-0.9438711	1.8921292	-0.25468948	-1.934581	0.72413296	1.1227587	-1.0132234	4.376071	1.5269114	-2.3785472	1.4265637	0.23214072	0.16814414	3.3606935	3.9228387	2.3754108	1.4324698	-0.0509212	-2.6701574	0.90938354	-0.444957	-0.69789284	-1.8003994	-2.351038	1.0131686	0.38337457	-1.47791	2.7770188	-0.4282769	-0.0946195	-0.032278698	-2.0843382	-2.602942	-0.43302706	-1.2671746	-0.054802816	-2.2112045	-1.6425538	-0.6226885	-1.3709773	5.378222	-1.940535	-1.3189878	-2.5868287	-1.8176612	-2.882268	-2.444393	3.7487335	-2.3686285	2.1955862	3.1767852	-2.1510766	-0.1115945	1.8568356	0.98320174	1.7308426	-2.263889	-0.42052656	1.5703833	6.515714	-0.61959404	0.8598229	-0.87384945	-3.208896	-4.8754015	-0.3149867	-0.7337877	1.8717651	-0.27449685	1.7160751	3.4269655	-4.184787	-1.874153	1.8332376	0.92873234	-0.04977402	-0.34804675	3.3737571	-0.41231135	4.0448766	1.5115412	-2.9348786	-2.0122755	0.11032581	-5.4175406	-0.86971015	1.6923178	0.8674933	-3.2775917	0.34050286	-0.1301303	-5.19006	2.5462015	2.341431	0.35882148	-2.4862237	4.1626434	-3.5418816	-3.2486744	6.515715	-1.7471638	3.5691495	-2.1357477	-0.054413114	-1.1731988	2.170242	-1.866656	0.5171126	1.827136	-0.68905574	-4.715951	-5.0849986	-2.2150645	-1.7043737	-3.3907726	1.4580854	2.7404048	1.2993824	0.9158287	0.58309406	-4.2180977	-3.8367052	-3.7526588	-3.151193	-0.009540029	2.2859066	-2.719273	-1.6314889	-1.5696548	0.10078157	-2.2884607	-0.28449485	-2.5259147	3.0249264	-2.8874824	-0.025570802	0.67114186	1.5988412	-1.1637654	2.4981694	3.0200598	-1.1365961	-0.7520362	-2.1158657	0.6551187	-0.19658539	-1.6707212	-0.6978151	0.7025937	-2.0958486	-1.0917106	0.6897533	5.2193804	1.393298	-1.3072091	3.3073308	-0.80378413	-2.1958568	1.0886459	1.317348	-0.4840887	-4.3882046	-6.3021083	1.5151587	-2.7393773	-5.9602423	-2.323319	3.9969325	-0.67768544	-1.2435943	-2.2543755	0.51389605	-3.485926	-0.4991349	2.5422983
beta-methylphenylalanine	2.2200747	-0.5607123	2.4526842	2.117379	0.94852823	1.1438475	2.8023791	1.2981509	1.8973013	-2.691856	-3.5968745	1.4757966	-3.0129902	1.5270725	-2.0050735	1.416454	0.09739131	1.0149498	2.8041573	3.212463	0.42244813	0.27127185	0.17807566	2.5586443	2.803629	3.4692826	3.0846703	2.7903004	-3.698209	0.8985487	3.0474322	3.9033535	-2.9892793	1.7966402	2.17137	1.0302004	2.28595	0.82475036	1.1130472	1.4591124	1.8098216	1.0265299	5.5148206	-0.6493488	-1.1325203	-0.10080354	1.5648831	2.9420328	5.512966	2.1891456	4.2429147	0.69455606	1.8781145	2.9277484	-0.9029161	1.6045321	0.7678141	1.0970424	1.0847608	-0.65409946	4.8326254	-0.6002762	-1.9252892	2.4954786	0.7982194	0.044760797	1.107364	-1.2669297	-0.90433544	0.9500519	0.6762593	0.9956597	1.0782154	-0.2531272	-0.6920008	1.8645767	-0.19356608	-0.3953474	0.40722284	1.0605699	-0.3518853	-4.1413946	1.066794	6.3273325	1.1307696	1.7759111	2.7284188	3.5786774	2.316707	1.061209	3.4276268	3.7906706	-0.35234034	1.9288688	3.654423	1.0891105	3.1095214	-3.9686458	2.2938821	2.309478	2.2638047	3.1922634	2.181272	3.2067409	2.1923366	1.3185838	1.2888516	3.5235863	0.95178336	3.3801608	3.3178303	-0.34886295	0.71777457	-0.55206794	3.8672562	-3.7204857	-2.1434972	0.18329123	1.8413234	1.6825573	1.5845613	1.4434078	3.5405412	2.2763984	0.5684195	2.5082178	1.8925126	1.0675266	-2.0751777	-0.11285502	1.3322643	-0.7883533	2.4564605	1.6108916	-0.590112	-0.21518953	0.22382542	-0.8106001	2.4556723	2.4945753	0.5076127	1.2597387	0.62542826	-0.36656153	1.5301629	-0.67297244	0.18277885	0.39650598	1.2436659	1.4316018	-0.7842881	-0.5043842	-0.19877563	0.7022742	2.312528	1.8080999	-3.4201875	-0.007005549	-5.4830155	-0.18472369	2.5500095	2.7978456	-1.5903398	0.34416646	2.5116546	-1.9523034	2.665112	1.2934479	1.6143328	3.9699845	1.4411875	2.2527301	2.0352793	-1.7471638	6.3273335	4.0671153	-2.3103049	1.2957722	2.649829	1.2535416	1.3990713	1.404845	1.7405266	0.3438792	-3.388154	-4.7924066	3.655346	1.8400822	0.37724575	2.219819	2.233441	0.06215681	3.458233	0.24335766	-1.6030749	0.5074829	-0.43177265	-1.8072295	2.512047	0.5360276	-1.0848962	0.039298054	0.9632793	1.5843593	1.0090578	0.5061133	1.8433005	1.6319298	0.1119679	1.0897843	-1.0364645	0.6098862	0.37162322	0.3745964	0.7912126	2.9236352	1.5412017	-0.49182576	0.98653245	0.37077406	2.913416	-0.70705724	-0.3841542	1.7145026	0.4656643	1.0968134	1.28426	1.2718978	3.5216603	-3.0206518	2.6066074	-0.34231156	2.024161	1.000668	0.5012335	1.0759076	-4.030299	1.3468583	-2.8055398	-6.36208	-0.049274232	1.5393156	1.3612282	0.71682894	-0.4080455	2.306552	-0.015718315	1.2604656	2.0434
betaine	-3.957716	-5.242559	-1.2034711	7.6965246	0.75085557	3.2912965	-3.0370116	-0.42574102	7.232152	2.929167	2.837815	5.533272	-5.642887	4.2230787	-1.2600371	6.0056257	4.5710406	-2.4408352	4.7915606	-0.2703562	5.753488	0.72879267	3.2134607	1.5405598	5.9758816	5.19017	5.258776	3.129532	-0.45883602	1.0590204	5.5799823	3.3064501	3.849894	-0.93920445	-2.5824566	-3.504686	-1.7979839	-2.3780148	1.645031	6.8487062	10.363481	2.6783926	7.117961	-2.1965234	-6.3146157	4.399958	-2.974968	-1.3675729	3.4481866	-4.2859764	-3.708572	3.534831	-0.16128188	0.58888555	-4.473779	-3.0301259	-4.0657964	-2.314237	4.0597253	-2.1791477	-4.490776	-1.9854647	-6.8355246	-2.3488407	-4.2680416	-3.5147815	0.031184427	6.532903	3.9802303	-0.0623939	-4.3069205	3.9946191	6.717224	-5.581444	-2.2581751	5.587407	7.2405357	1.1987264	2.7706556	1.8646355	0.3513576	0.59807134	5.6682863	1.4510372	-3.9244044	-1.9682171	-0.56808704	6.544271	9.323363	-1.2824721	5.4069605	4.389861	-1.507321	1.4577348	-3.695401	0.8575162	-3.6502447	-6.6340027	2.8510277	4.722578	5.5417476	1.1086041	-1.7862233	4.5252986	-2.679474	0.30643687	3.5673802	-1.5527713	-0.95072085	-0.5490008	-1.9596033	-5.3539767	4.224346	3.064078	-1.1982428	4.637712	4.803673	-1.6465002	3.8775158	-1.2022812	-0.64866227	1.3222013	-0.02741661	-0.46458963	-1.6052895	0.8288794	-4.5449853	3.3590138	-1.3176696	-2.6254563	-0.87765676	-5.6490874	3.409406	5.270882	6.196274	-3.8216345	4.890849	-7.5100102	-5.0869403	2.696049	-2.4023776	-1.3042184	-1.6840199	-4.2488313	4.861359	-2.7290475	-5.255383	5.114045	4.884866	-0.45578313	3.7096376	6.2693224	-2.0281096	6.4473586	4.221419	-2.3458493	-6.1965013	1.554295	-7.656484	1.5075858	-0.4555081	-2.6629353	-1.9778872	-3.4698021	-3.2467515	3.5895813	5.537071	5.7884836	3.5284007	-1.464931	5.4367037	-6.3148055	-3.7878659	3.5691495	4.0671153	10.663822	3.0425344	-0.7603622	1.8721869	4.236152	-3.7905836	5.037976	4.298843	-3.5735643	-2.2390769	-2.2863095	-3.9949508	-3.8850098	-5.3769355	5.6190696	10.663821	-2.594086	0.25413895	2.6123965	-6.4720507	-3.8415995	-2.853114	-5.8188367	6.3051124	4.733424	-3.219598	1.6639388	2.9802358	-1.6071151	-2.1603103	-2.1257963	-0.2069633	-1.0409167	-1.77357	0.736758	0.11054037	-3.9016638	-2.886966	1.1127473	4.834571	-4.2339616	-1.6217527	-6.7064033	4.9770823	-0.9006631	-2.6668437	-1.5444815	0.30004412	-1.3691365	4.499717	3.8300297	6.9434648	1.5982689	1.4010633	-3.9074767	8.126827	0.25879547	6.2613826	5.0787296	1.92326	-6.6397696	-4.0631046	0.69865996	5.1591835	-6.0679984	-5.0920887	4.5611544	3.801323	0.5079645	-2.7286813	7.239725	-2.520983	5.7369785	-1.1810608
butyric acid	2.4515738	-3.0997257	5.6957116	-0.504481	1.1110861	-2.5396132	-2.451838	-2.743582	3.1725955	0.929681	0.5867629	5.354329	-1.4665493	9.374217	-5.1086135	0.32745963	-0.7294621	3.988025	7.819662	2.6838882	-0.7299856	4.1712675	1.2175173	-1.525487	-1.0318369	5.231441	6.21889	4.4761324	2.0272672	10.055025	0.68203676	1.0951948	1.8060001	-1.1907219	-1.3608267	1.1688946	-1.5961932	-2.350891	4.2202005	0.5139407	4.957499	-1.0077442	5.23131	5.058763	-1.0855294	-2.3640018	-4.2288766	5.963004	4.4478536	-2.7463956	2.6643262	-1.1249924	2.8810444	-2.4254606	-6.0974207	-1.2472836	3.3076978	-1.1706445	-1.1156071	1.9131501	0.7995006	-1.4269376	0.79904574	-0.38687134	1.7076061	-4.5067973	2.8050487	3.7867532	-0.49001524	-3.4801145	0.84055966	-2.4088252	3.4222126	-1.3935754	-4.0617146	6.7060657	2.1117387	-1.001379	-3.6726704	1.1154298	-2.8199532	4.506071	2.3713593	-1.4006417	-5.104683	8.364576	-2.218596	4.003092	4.505401	-0.6440199	6.8981795	3.9699264	-4.312661	4.842377	-5.15773	-3.0801408	3.3754103	-6.7359676	-0.22771204	-3.3442924	2.8874476	-0.48969483	-0.694302	0.7515532	-1.4024038	-0.9765705	-1.8524741	-0.91746855	9.377881	8.790786	2.012387	2.9216323	5.4360895	-6.5904207	2.6895368	4.896021	3.5126505	1.9156088	-2.7715545	-1.894179	4.9116306	-0.28070205	-3.0978615	3.2580967	4.161487	-1.6617827	2.2952356	-0.45526293	3.9708662	-0.5646929	-3.1013157	0.60487556	-2.6760292	1.6214747	-2.8660781	-2.3262143	-3.357933	-4.6169667	-1.2690561	3.0073774	-7.261447	4.325154	0.2890041	1.4058964	-0.45512238	-4.9010887	-5.029381	4.4213657	-2.8294108	-1.3762567	2.5601544	1.9111028	-3.5290203	0.7353072	7.2428937	-2.4002526	-6.4978204	-2.9582999	-2.3649135	4.3425183	-0.74140173	0.64777267	-4.6177936	-3.5797703	-0.74392235	-7.22888	5.2633343	1.6287563	2.3996465	-3.039276	5.930962	-8.000305	-4.3143845	-2.1357477	-2.3103049	3.0425344	10.055026	1.4878278	-3.1805286	5.400517	0.95977193	5.2031693	6.3055053	-4.529199	-2.1991477	-0.69484305	-2.5359116	4.3301463	-3.0072472	-0.89832264	3.442948	-4.837122	5.5984783	2.3723545	-4.432266	-3.224567	-3.8737953	-4.1278925	7.21827	-0.7977907	-4.9217024	-0.6280598	-3.0400264	5.469726	-2.1568532	-1.3085113	2.5276675	-0.4678887	-3.1912966	-3.003358	7.4286103	-4.837608	-0.4951327	3.0775597	-1.3569995	8.868139	2.732235	-0.5245698	1.4041922	2.2110038	-2.7154415	1.8347856	4.0905433	0.5603558	-2.8494318	-3.8148487	3.7253866	2.6764178	-0.97831315	-3.518008	0.24662265	-2.7325823	0.2220331	3.4070315	0.43074185	-2.328011	-6.027854	-1.4788284	9.381954	-4.550791	-4.2924585	6.919993	9.891689	-0.04996383	-2.444569	4.443061	-2.1781979	0.9017759	2.8215132
caffeic acid	-0.02881708	-0.20596962	3.026105	4.643975	2.6394315	1.2437632	1.1340803	1.5637127	4.0271497	-0.16941306	-0.15990359	2.3205886	1.4057852	3.9749837	-0.005216601	1.7774034	0.8341447	2.1098218	3.9973056	1.5663422	1.4881092	0.6417812	1.2487365	4.7216754	2.4898267	4.72739	4.380818	4.3570223	0.118575595	5.413982	2.89222	4.5295005	-0.39209628	1.8019474	0.5412761	2.1576285	1.9218554	0.85478145	3.032236	3.0067322	3.0123262	3.0863369	-1.1379634	4.145111	-2.478359	0.2916365	-0.28977177	4.3512545	1.9990996	-0.018433861	1.2277567	0.8330338	2.3739488	0.37971926	-1.1373326	-0.31929052	0.14111525	2.3826098	2.9963987	6.784913	4.9641914	0.81035316	-4.501643	1.9836984	-1.0650895	0.8253356	1.0543423	1.5057957	0.41131613	-0.71887285	-0.1323651	-1.3195997	2.5119767	0.437252	1.815755	5.372793	2.1377232	-0.22711913	0.9813277	1.9952265	-1.4755626	6.324151	1.6464424	3.0598874	-0.7641605	4.4332294	1.707613	3.127189	2.7860215	3.7521203	4.7802906	3.6039662	0.27248433	3.1127894	2.3255525	1.4456211	4.104734	-4.3331575	1.9265577	0.6387742	1.2987279	6.54827	3.824505	4.009931	3.0137215	0.26558408	1.0749121	2.9314604	4.423836	4.661797	0.32224014	-1.3270916	3.785448	-1.9545426	4.509844	2.6032038	2.9697566	-0.020458432	-0.8753637	4.228013	3.5173602	5.466897	-0.97178066	3.0029378	0.45688292	2.3204057	-1.2139531	2.2452965	-0.7499954	2.3815923	-1.2100936	-2.3441253	2.757444	3.4725618	-1.0311646	-0.37520084	5.175113	-3.145238	-2.6428351	3.530581	-3.5699499	0.8501025	0.81663173	0.55435395	2.984378	-3.412059	-1.6714048	0.98257005	-1.3159019	2.599242	0.34861222	4.013778	0.36412793	-0.7233587	3.308489	-0.8494355	-5.3009768	-0.98864734	-2.5552301	0.8169213	-0.6826846	-0.30654013	-0.8246341	1.114836	5.4116526	-2.834395	3.4924366	1.9952056	2.0889463	0.0823698	5.420922	-1.6128521	-0.83211625	-0.054413114	1.2957722	-0.7603622	1.4878278	6.9379735	1.051842	3.3886533	1.8768535	3.673293	4.266562	0.6198649	-1.7201992	-0.18660323	1.1082864	0.36190706	-1.0772927	4.7436337	3.077121	1.1977775	4.113591	5.775734	-1.0493276	1.5503699	-1.681532	-3.5658677	4.4869633	2.0135252	1.0990827	2.4111352	-0.7722334	3.490121	-2.1617174	2.4346595	3.4098048	1.8169246	-2.198276	1.6937165	4.7579026	-1.8982326	0.05972716	3.6983886	0.48953968	-2.132845	6.1016383	0.43582335	0.98199904	4.4432135	-2.8501656	0.6505337	6.9379725	-0.92064893	2.366959	1.501526	4.111073	2.7257612	2.9393098	-0.11660912	4.9533806	-0.4420272	4.238063	4.9911995	3.6013253	4.306935	-2.7768269	5.8881893	4.914758	-1.6317317	-0.58613336	3.7565844	3.6026556	0.5988333	-0.45525634	4.212389	-2.7628005	2.17548	1.4385109
capreomycidine	0.34854794	4.2415667	2.4323225	-1.1490788	0.66884065	-1.4201978	3.7009454	1.5065149	1.5622307	-5.4361057	-2.1082187	-1.2872864	-2.031783	1.3973485	-4.888388	6.575029	-0.552335	-0.79185224	1.6753736	0.6287912	1.0422214	1.2991726	1.1355736	-3.676425	-1.7348431	-1.7868642	2.2638865	2.7719102	2.477071	-0.5555208	1.6621909	-0.76463115	-5.3416343	0.34097716	0.85455674	-0.2824903	0.44206226	2.4468017	4.235291	0.32341483	1.0748888	0.42275307	-1.8431557	3.203438	-1.3864084	0.9778101	-0.37994277	2.1192133	5.3908186	0.6490181	3.1479144	1.4252787	1.9366646	4.2471128	1.2789202	-1.5134934	-0.89783925	-0.5608928	-0.11656489	-1.2808801	3.114911	-0.51011604	-5.1486435	-1.927948	3.6724331	0.6391167	-1.3493133	0.7652503	-2.2744632	2.4230392	2.6798573	-1.7968448	0.037962027	2.6710463	-1.1918335	1.1354674	-0.9563946	0.58425915	0.86437446	-1.2070929	2.6631055	-1.1214345	-2.337949	2.6200182	-1.0693152	0.16149218	4.0942435	0.87639105	0.44750762	2.1259196	2.1730285	-0.14982794	0.2018614	0.33084533	1.2857989	1.0164096	-0.58475506	-3.077459	1.8289847	-0.6917865	5.60332	3.376714	-1.2228035	2.3276715	6.4633136	-1.4220129	-1.0193758	3.5649867	-0.4474506	-0.0432464	-0.43501857	-1.8833827	0.06198924	1.0271676	4.119598	-3.4551342	-2.6748328	-2.111126	2.770111	1.4917036	1.0109533	1.9016814	1.8397292	5.497879	2.819419	-0.9619376	-1.4424776	3.870065	-3.069859	2.9489036	2.6229246	-2.7610118	-0.08530338	0.6414884	-2.0905747	1.9414891	-1.6235596	-2.9470048	-2.161338	2.7180252	-0.26373547	-0.8874663	-1.2797848	-1.8973539	-1.0386417	-2.835754	-0.029411828	1.2944835	-0.5759083	-0.38351685	0.061035782	0.13227603	-1.2340509	-2.9018276	1.8361161	1.0665398	-4.319981	-0.09410612	-1.365081	-0.91370636	1.0949798	1.0505284	0.061113946	-0.22998306	-0.4712394	0.45944315	0.70686567	-2.398957	0.5837681	-2.688284	-0.6162779	-2.868282	2.1994016	-1.1731988	2.649829	1.8721869	-3.1805286	1.051842	6.57503	1.2419482	-0.68399584	-0.3395938	0.20835467	1.7351547	0.15977427	-0.15253562	-1.274234	2.701216	-3.2829056	2.1591215	0.16193813	-0.91197926	3.2600262	1.7711126	-0.434266	-0.84301376	-2.0572133	2.8335643	0.009297186	-1.2579721	-2.441049	-2.654971	-1.4111017	1.3182595	-1.5492787	0.030113773	-0.657319	1.1580448	-1.736824	0.6845535	0.06034329	-0.5863672	0.2949432	0.4509946	1.2983989	3.8124938	-0.80553174	-2.4899695	-0.9183916	3.9275172	-1.4102293	1.9439785	1.8036109	-1.4836793	0.48884913	4.920681	0.6771328	-0.4063516	1.4604995	-1.6383474	1.0413299	0.40202108	0.8293819	1.8437988	1.9922888	-0.19430162	-2.2008715	0.054920685	-4.661195	-5.0261536	-0.30735585	0.33130336	-0.51369786	0.33760983	-1.5860392	-0.9239928	-1.9833218	2.1401365	1.3898643
cinnamic acid	0.2611277	-0.74374026	7.430327	2.8452263	1.8639327	-1.2720636	1.6984608	0.5306777	3.8412628	1.7259395	1.8299013	2.4879913	0.73764956	4.3629766	-3.233471	4.402047	0.52750796	4.428419	6.2370124	2.5742834	1.5290679	0.39112645	1.2455072	2.6856742	3.3322542	3.3147202	6.177363	7.151494	-1.9145031	5.224478	3.649342	5.1047163	2.1425714	3.0353694	3.094702	1.3541235	2.652452	3.7693677	7.016113	3.1781802	2.385172	2.6799486	-0.10595341	2.0706937	-2.707079	1.161965	-0.4220772	3.4067714	7.112533	-0.40520722	0.3226748	0.4489653	0.4948599	1.5618925	-1.0561311	1.253288	-0.24991141	0.76714975	1.3640187	3.3923442	2.9873042	0.8134014	-1.8732494	3.9800503	0.18469408	-0.34435916	3.5369508	0.9317145	2.3483672	0.42159653	0.27884662	0.8448258	3.4865453	-0.4392564	2.3921077	7.3641186	2.3486137	-0.33549985	-0.3579895	1.3236736	-0.66340643	3.8831809	1.2027762	2.1101944	1.4087261	4.078177	1.3572227	2.9143164	3.55973	3.190325	4.0869265	2.6424112	-0.99672335	5.611908	0.00350478	0.09989723	5.054359	-2.667578	0.85816354	-0.12717111	1.4002967	0.6645468	1.7828943	0.34965742	1.2031552	0.42770126	1.2015415	1.5528463	3.8858645	4.7822804	0.26807296	1.0131087	3.2067842	0.94580525	3.4589767	3.9247706	4.1844974	3.2724764	1.1305994	2.1983185	2.1854892	3.967478	0.32130194	2.5042732	1.8795197	2.402808	-0.17902313	1.5369601	0.43952444	2.3255498	1.0604858	-1.6984674	1.3094367	1.853144	-0.60414016	-0.5315827	0.35237736	-2.7168202	-1.65591	1.0814631	-1.924012	1.4384568	-0.36531204	2.6277962	1.3424819	-0.9400599	0.4806333	0.8741148	0.9145926	1.2167218	1.1550415	4.408327	1.8608001	1.283858	4.778512	-0.6968961	-3.0396595	-0.78047377	-1.5554873	3.9058719	-0.3103922	2.9457862	-1.5539647	1.8166376	3.4525752	1.6840403	3.8800733	3.2353127	2.1670904	-0.6928355	4.262864	-2.109998	-0.617539	2.170242	1.2535416	4.236152	5.400517	3.3886533	1.2419482	7.430328	-1.3460472	3.2009935	4.714356	0.874721	-2.4688294	-2.4751744	0.37047932	2.299607	-0.68681717	1.8090023	3.2894511	-0.848986	3.6597128	2.369372	-2.41191	-1.6519041	-2.9660568	-0.9523183	3.3530247	2.3732672	-1.5512811	-1.2923719	-0.23970832	5.09745	-0.57199985	2.8216536	1.0679325	5.3056316	-1.8588556	1.1922933	3.1472518	-2.6571546	2.2549243	2.6467855	1.3104485	1.2164892	0.42361826	0.10411516	0.789818	3.4891758	-1.7343557	2.6477563	3.516834	-1.4146377	1.5685792	3.9804375	4.0068936	5.5818725	1.2274905	3.6644878	3.7487674	-0.43814215	4.4547668	5.6468167	1.8447391	1.9677016	-3.5183935	3.9906237	3.7918043	-2.4295394	1.775109	2.989766	3.9901328	0.28248012	-1.748607	2.830039	-1.2244688	1.6510555	2.3928359
citrulline	-0.14918035	0.72289544	-2.4990654	0.51202744	-1.801237	3.0806699	0.7681022	-0.42407802	-2.1764452	-2.174829	-2.410006	-1.978258	-3.1706166	0.8210406	-2.3697193	-2.155998	-0.39270955	-1.2990105	-3.5659404	-0.3812127	0.42066398	0.30313456	-1.7602692	-2.203304	4.390035	1.6524773	-0.7051342	-3.5554805	-6.08709	-1.6035088	-1.243975	-3.3945582	-1.0480471	0.50783134	0.3049736	0.7401309	-0.447474	-1.343741	-1.9608126	-0.7912962	-0.9315681	-0.3439413	-2.0966535	-2.1906729	0.07777367	-2.2210433	4.333828	-1.2708716	-2.102655	1.3845934	2.811126	-1.3783942	0.5411972	0.49031994	-3.2270136	-2.72632	-1.1743706	4.5429163	-0.29687294	1.0142885	-1.5891297	0.9210377	-5.8651795	-3.0937426	4.2763987	-4.22225	1.3359994	0.037051104	2.528498	-4.796453	-1.6346896	3.3868818	-1.6267712	-1.7869368	2.016875	-3.0184891	0.9405094	-3.5777442	-0.38158387	3.3113413	-2.1913853	-7.5166574	-0.029078206	-0.21437833	-1.51791	-0.20315304	0.32439685	-1.8648295	-1.52314	-2.4201105	2.4874172	0.83445483	0.9763102	-2.5658436	1.4406402	-1.5732019	-1.4163561	-4.6279206	2.0749052	-0.5336078	-1.0621874	-2.1424305	-1.2866669	3.067406	2.6768546	-1.0529169	0.7814018	0.11639713	-1.4564433	-0.30572188	-0.15411022	3.3231885	-2.4764616	-0.50538695	-1.3990333	-3.088775	-3.044944	-0.537777	4.7711043	0.67846084	-0.1234064	-0.83031154	0.66342837	-2.8691976	1.8370879	-1.2747177	0.42945775	-1.5435048	4.056974	0.62527686	-0.8828177	3.8251119	2.241192	2.1378999	3.555631	-0.44775388	-0.85623467	0.7914028	1.1215419	1.2173158	1.1124932	-0.49941123	1.3251904	-0.59571975	-2.5271165	0.39433038	0.3728581	0.72928864	0.289827	2.1461575	3.4815695	0.3304947	1.1576809	2.2922316	1.1488526	-0.13350113	-3.7223253	-1.9981974	-6.225954	0.18140317	1.7076931	3.5265121	-3.7649884	-2.325072	-1.5546718	-1.9333767	0.39607066	1.6321428	0.50242895	1.3204082	-3.1197937	-1.5515811	0.32878396	-1.866656	1.3990713	-3.7905836	0.95977193	1.8768535	-0.68399584	-1.3460472	6.930892	0.25572756	-1.5365052	-0.7417613	-5.29891	-5.4704666	-2.3641996	1.4122932	-1.5059667	-1.2471441	-1.3627738	6.930891	0.35128078	-2.9502661	-0.46851572	0.030297892	-2.1634338	-0.023564935	0.90092	2.7188365	-0.3331274	0.17324702	0.9022278	2.2407413	-2.5889	-0.6063896	0.6567009	-0.8383512	-0.055078384	-0.9490866	-1.2497369	3.6290884	1.244093	-1.4679568	-0.41351828	0.01176751	0.6176252	-5.037194	2.611265	-1.2223283	3.612818	-2.0647738	-1.7504839	0.42818865	-0.71186817	2.3323832	2.337556	-1.3287458	0.49454957	-3.2822514	6.922576	-1.0829141	0.5674608	-1.8503432	-0.86678433	-1.1599951	-3.2528486	-2.2394125	-5.097246	-7.1118994	-2.1027315	4.1586065	0.8384984	1.4395273	-0.062299326	0.10393658	-2.6236744	3.777958	0.15624274
colletorin D acid	-0.18883379	-0.8675053	3.3948193	3.768027	3.6502829	-0.42018488	1.1047231	1.2838073	2.6101072	1.6411651	0.88106334	2.3358347	-0.49127156	3.63408	-3.2164412	2.7981288	-0.27644768	3.7043395	5.0902905	0.7855015	0.84352505	-0.28597254	0.8839604	5.035369	3.4281905	3.8523276	2.8254573	0.2983932	-1.4596279	3.8988283	3.0289147	0.5629227	1.7834255	3.5782812	3.3036737	1.1548884	2.7964025	0.8663684	2.576306	3.5353835	2.80799	3.4236283	0.47673142	2.4406536	-3.0476947	0.15233251	1.181698	3.2856762	3.2900207	-0.5144721	-0.4819035	0.7750809	-0.17433706	-0.27347055	0.117392235	-0.6064395	-1.2558308	1.4168682	1.1961738	4.841905	5.911237	1.321015	-6.2425857	-0.68282014	1.8544983	1.6452932	1.6685901	-0.03955625	2.3016164	-0.24649704	-1.4352466	0.7132204	4.0869727	1.4783484	2.0469182	4.865654	2.1742156	2.614755	-0.9133271	1.4408193	0.1740403	6.0476837	0.7866512	1.4605937	0.5906921	3.2036264	0.77221006	2.8509498	2.707319	3.4148276	3.766774	2.3768332	-2.1910646	4.4751067	0.1981949	0.35512635	0.72304374	-4.5649796	1.2267317	0.71189976	1.635588	1.5292817	2.8517172	2.6604404	1.2272648	0.6075961	0.43933266	2.0342662	5.932875	4.73172	-0.1953404	-0.6991387	8.376452	-0.08517761	4.310587	0.729033	1.4379624	-0.5299072	-0.60212606	4.113152	2.1624982	1.7558321	1.8593546	2.1573203	3.4567513	3.4330926	-0.78912383	2.2651505	2.983652	1.9310088	-0.81077635	-1.9179183	3.6237125	3.606794	-1.391527	0.5636466	-0.053427503	-4.467252	1.2729722	1.0917269	4.6486955	1.3847916	0.60214317	1.4558811	1.7335105	-2.3592653	-1.8662791	1.1175312	0.7875923	1.4853014	0.19089651	0.25160217	1.4871641	0.7154447	2.7991748	-1.3293928	-3.2834473	-1.6045616	-3.5796902	2.4228163	0.81753194	1.3472339	0.584791	1.2828959	2.6548991	-1.1941603	3.4352198	4.153838	3.17795	0.20095338	4.8405957	-3.9572814	-2.0662806	0.5171126	1.404845	5.037976	5.2031693	3.673293	-0.3395938	3.2009935	0.25572756	8.381832	4.375738	2.2637932	-1.8366004	-3.011778	2.423075	-0.32738692	-2.151979	1.8575463	3.4102888	-0.5568109	2.9276147	2.1003516	1.6988854	-2.6837504	-0.5723644	-2.1093533	7.1059723	2.2744632	0.7266068	-2.5573146	0.08905737	2.9015052	-3.1902816	2.2432983	3.9735005	2.736798	-2.3810525	1.2273337	3.3944938	-0.98089576	0.5352362	3.5631833	0.67398965	0.91942185	1.8273852	1.5446638	-0.2195529	3.7360258	0.85362065	2.16219	4.611172	-1.4887822	0.9511184	-0.68509114	3.9250329	4.7856193	2.3245034	3.3323033	1.543597	-0.63615274	2.454941	3.5774157	4.10577	4.714512	-3.4057639	3.4678855	3.5932913	-2.9404225	-1.1693846	3.744326	4.586695	0.13595812	-1.3574269	8.381831	-3.3517962	1.3225049	0.9300801
coumaric acid	0.92340606	-1.2505515	3.8087683	3.0862887	1.8361412	1.2547901	1.1605914	0.14784674	3.9852946	-1.8050947	-1.1222284	3.4204695	1.45284	6.370719	2.9582946	3.8912632	0.304505	3.1020195	6.120959	2.5732517	1.6840874	0.9489944	1.3885461	1.395695	2.7284598	3.367598	4.267656	3.4697638	-1.4363091	6.462388	2.980835	1.7642863	-1.3431529	3.6129348	3.310615	0.2927957	1.9348385	0.1185219	4.0836353	3.8687177	3.9810724	2.9989264	-0.63081765	6.560527	-4.037627	1.2972101	1.199559	4.561557	4.4361634	0.89865565	0.5157158	-0.186207	4.1852145	3.9092088	-0.7091036	1.8688719	-0.8120935	2.998481	1.6000038	3.8719907	4.161366	1.5703329	-4.8563414	6.8628464	1.8638122	0.42688116	3.629568	1.2434496	1.7447157	2.651287	-0.0036912628	1.6104293	7.4825444	1.0506436	0.6403784	5.559157	3.111743	2.2738626	0.15728743	0.7828455	0.2602795	5.499929	1.7944572	2.6319957	-0.7083657	5.6508675	2.906949	3.9828084	4.80914	2.3066378	5.0919604	3.8510597	-2.811348	6.34884	0.8116043	-1.7157235	0.86218923	-2.8130388	0.62847555	-1.2246615	1.6156126	1.2215209	1.5034599	-0.54918337	0.6894414	-0.34540492	1.8536382	1.487477	6.5553045	4.5611	-0.39042524	1.0508189	3.2884853	-3.4258866	4.15927	4.328303	3.9822338	0.23485556	-0.12609845	2.3418252	3.8627548	2.6089702	-0.13506325	1.3525046	2.8434188	1.9694622	-0.3219206	1.974803	-0.5040474	1.574671	2.5112014	-2.55375	1.6940262	3.2220068	-1.5314333	-2.0134091	-1.0378946	-0.987822	0.5645078	-0.22356679	-2.8034809	0.787513	0.0845614	0.090292715	0.25463316	-0.7460825	-1.3008708	2.3481734	1.691421	1.377277	1.9515176	5.188463	1.0588975	1.2408634	4.6415515	-1.0270538	-1.5135161	-1.4933155	-2.88955	4.035174	-0.84521484	2.5056865	-0.9213856	2.347925	2.2799704	-3.9874325	5.556454	1.8340433	5.8936996	-1.3888621	6.078344	-1.8446368	0.44707945	1.827136	1.7405266	4.298843	6.3055053	4.266562	0.20835467	4.714356	-1.5365052	4.375738	7.4825454	1.9274431	-1.3795561	-2.8842916	0.3417217	-0.37431374	0.23505504	2.7171648	5.3250017	-0.5520496	3.2799823	3.6239622	-1.7580496	-0.69985	-4.174874	-3.5490794	4.1230893	2.6676762	-1.3810724	1.8848556	-0.6916041	4.3928566	-1.4031383	2.100883	0.42488798	2.2684703	-2.3481817	0.78694445	3.8829138	-2.8051138	1.8664894	4.748046	0.96896285	1.5301428	0.40391308	1.4804926	1.062597	4.3420167	-2.6984303	1.5932603	6.417284	-1.3004586	1.4850487	-0.08872019	4.887399	5.8201137	1.0352932	-0.14998393	2.3082423	-2.0980182	2.298213	4.19135	3.5623546	2.5930872	-4.162641	2.9781063	6.354987	-3.0458434	-0.034752026	5.0037556	5.8535748	-0.02553458	-1.3902545	3.3946815	-2.965765	3.5663238	1.051028
cysteic acid	-0.40720773	5.1197596	2.0804365	-0.8318165	0.8384039	-0.4076624	1.463733	3.9233847	-2.933791	-0.7589492	-3.9607105	-0.6380102	-4.0185885	1.7381035	-4.577742	-1.8941414	-3.039997	-1.7707281	-3.854122	-0.34643152	-0.65815115	-0.5263235	-0.10592224	-3.4617589	-0.96694416	-1.6232647	2.6865883	3.3168724	-1.3294111	0.4739154	-0.53190726	-0.04597692	-3.3357377	2.8328784	2.6383567	-0.17740978	0.5144001	1.5865779	0.42043447	0.5951253	4.0711784	0.40613765	-4.0957417	1.0207776	-3.4306662	2.2934175	2.914421	1.3654286	2.9206927	-0.85287887	0.50873464	0.103861436	-2.2086506	4.5823674	3.769544	3.8860235	0.12233995	-0.33916056	-2.0628383	1.266399	4.050539	-2.1047494	-2.318294	-3.2292204	6.85613	3.0582385	-0.32848957	-1.1690319	2.9188504	4.348605	2.2377503	-1.9217364	0.15035993	3.8028018	0.13489778	1.7203705	-0.5081348	3.4342813	0.2540667	-1.4673603	4.9402413	-6.790353	1.2065086	0.37530798	0.15153965	0.24054632	4.5684314	0.09844608	3.211116	2.5206153	3.3328588	0.5118822	-2.696905	0.35775873	1.0547794	-0.6011862	-2.3622704	-4.781179	0.70058554	-1.6311466	2.9455726	-0.30811137	-3.5209813	-2.5243208	2.843311	0.2132839	-0.98740435	-0.8811611	1.4437745	-0.4114344	-1.4745575	-0.76258636	2.029835	-1.2186376	-0.79907477	-3.1383677	-2.5435433	1.0606173	0.5535411	1.8051096	2.185543	3.1896548	0.5601151	1.9741806	0.78561723	-1.1419017	-1.0583559	0.58803535	-1.6386456	1.0044239	-0.79745144	-1.8626326	0.37939385	1.5536985	-1.0895722	-0.5503485	-0.6848516	-3.6273065	-3.1541533	-0.6052431	-1.5378227	1.1917845	-0.63894457	-3.2415054	0.73180217	-1.7813485	2.934479	-0.6924657	-2.8908503	1.0440642	0.21784909	-2.2795112	-0.17637455	1.4705437	3.0601358	-2.0338142	-2.0105762	-2.0683043	-4.161559	-1.4355342	-1.1237147	2.3750715	2.6045425	4.999809	0.9014048	-3.4331646	1.4250231	1.3606876	-1.110852	0.07366246	-1.2256733	-0.99570894	-2.1608336	-0.68905574	0.3438792	-3.5735643	-4.529199	0.6198649	1.7351547	0.874721	-0.7417613	2.2637932	1.9274431	6.856131	-3.4883456	-2.6168416	-0.3032987	2.017759	-0.34271732	-1.19447	1.2730132	-1.5032316	0.862743	0.77079487	-0.93338126	-2.684739	-3.7210963	-1.6392422	1.9008965	-0.18003273	-3.232498	-2.3226442	-0.341768	-1.3929465	-2.535892	0.40276682	0.5319815	-0.9082411	-1.5747191	3.9524853	1.8370234	-3.1342187	1.2245579	-0.48125374	1.716641	1.7742743	-2.945423	-3.8720448	0.82342196	-1.3157474	-2.1086237	0.27506793	-0.73873746	-1.5561872	5.0197825	-0.61947393	0.47063702	-0.88996994	-0.17268355	-1.8062273	-0.14717448	-1.3392938	0.8588188	1.6687028	1.5881912	0.7613301	-3.1238627	-0.26034942	-4.369822	-4.2233887	0.24439558	0.51720303	0.71961296	-0.6778021	-1.8578212	1.6197288	-2.638448	1.4951373	2.3402083
cysteine	-5.8545375	-1.6694701	-2.8170774	-2.537896	-1.2396284	-1.5835226	-0.7148997	-2.172478	-1.0077409	-3.9404376	-4.2515416	-0.7512002	-10.480311	1.2471752	-7.085418	-0.24465914	-1.6003098	-3.7567406	-1.0232458	-3.9038057	-2.800569	-1.6863543	-3.0010853	-5.8351383	-4.4346514	-5.4894133	-2.9508905	-3.8791687	3.385792	-4.413547	-0.18039486	-3.1864336	-3.2333043	-1.86929	-0.17040549	-3.1781635	-4.69526	2.6841044	0.42509001	-4.2926807	-1.7692374	-2.9509506	-4.401278	1.2902533	-6.037125	-5.2967544	-5.9127307	-2.7988887	-2.4388816	-3.0153143	-3.9814873	2.051372	-2.262693	-0.22236724	-6.2620077	-7.222993	-1.220118	-3.2466264	-2.7734895	-4.341776	-2.3940318	-4.442521	-2.9540174	-3.836809	-4.1407685	4.031997	-5.2702465	-3.6602714	-6.06839	-5.8392005	-0.82810295	-4.349727	-1.8761243	-2.241757	-0.35104996	-4.3836064	-1.4267842	-6.15788	-3.7978792	-4.6727953	-0.24679075	-5.1368637	-3.5240502	-2.0838077	-1.4386368	-2.487224	-1.3587924	0.08677321	-4.174074	-3.2135355	-0.55625194	-3.923712	-4.5906663	-1.826247	-4.5814056	1.6004381	-0.0849868	-4.880046	-1.4370762	-1.3655639	-1.5106723	-1.5351126	2.5326235	0.049192805	1.4855726	-5.2147064	-3.4102855	2.5956974	-5.5928946	0.069002494	-5.565291	-6.1760664	2.3416443	-3.6980202	-3.478392	-3.3955307	-3.6779404	-5.451462	-1.2064949	-2.9127023	-2.1236475	1.2958673	-2.5334775	-3.2408755	-2.5759773	-2.1955652	-6.3411975	0.5309221	-3.9016647	1.9822724	-0.47031876	-6.4269824	-0.045818105	-2.1568878	-4.421524	-4.367934	-7.0765414	-6.8688517	-8.563574	-5.993088	-5.4083214	-0.99310577	-5.1078377	-4.3578224	-4.383979	-6.926205	-5.6739426	2.4634502	0.6072255	-2.8655348	-3.470922	-1.5365092	1.3321272	-4.533813	-0.4689782	-3.7173996	-7.154825	-3.7716749	-8.228763	-2.802975	-4.433739	-6.119375	-6.9272275	-5.540999	-4.3893867	-4.965801	-1.4955372	-1.8940558	-2.3785193	-4.8340015	-4.3947887	-9.063512	-5.96107	-4.715951	-3.388154	-2.2390769	-2.1991477	-1.7201992	0.15977427	-2.4688294	-5.29891	-1.8366004	-1.3795561	-3.4883456	5.7438326	5.7438316	-2.6678388	-3.7457864	-5.2592287	2.5247934	-3.4693737	-4.6232386	-3.1514387	-2.2892764	-7.2947745	-6.6755333	-4.481145	-3.924296	-1.6009512	-1.7640995	-5.5476794	-6.269023	-5.506845	-5.0471916	-5.2115116	-4.296416	-2.5538018	-3.1899583	-5.06987	-5.6375074	-0.6379697	-5.78751	-2.348656	-3.1061995	-3.6626527	-2.0919504	-4.5503254	-6.862076	-5.14802	0.2772034	-5.4478674	2.999872	-2.6002724	-5.3103814	-4.398749	-0.4543423	-3.9298599	-3.8832512	-3.2857773	-4.1323524	-1.8820289	-4.5132227	-0.7870871	-1.8002763	-4.577693	-6.937085	-4.5087256	-1.3368827	-4.022843	-4.069924	-5.9033747	-3.926326	-3.7835367	-3.7567348	-6.2315683	-2.7950592	-4.961144	3.475513	-0.69744456
cysteine branched	-5.6660805	-0.34643337	-2.5779035	-1.5633557	-0.48695412	-1.250839	-2.8402598	-2.4917188	1.7064158	-5.951113	-7.409877	-0.18912454	-5.510036	1.61654	-5.248709	-2.2342894	-0.40468436	-4.592289	-0.64316803	-4.654557	-4.2350974	-1.3412491	-2.2953384	-5.893621	-3.7594955	-8.733064	-0.8922986	-1.9791504	3.656575	-8.043766	-1.7777748	-4.1375055	-5.220146	-1.0018157	-0.083194725	-2.847772	-5.5967674	3.5496438	0.7543765	-5.2078977	2.7908878	-2.9300714	-3.0747721	1.741384	-5.746401	-3.9207056	-6.8301873	-3.7522595	-4.0223823	-0.7024031	-4.465452	4.985862	-1.4853021	-0.75408727	-5.6112566	-4.588119	-1.924965	-4.2203865	-2.131202	-6.1943364	-0.7293011	-6.6847568	-1.2326722	-5.1300364	-3.8100066	4.3774705	-5.842322	-6.9241934	-6.149455	-2.4328628	-0.7682942	-4.160141	0.49599832	-2.0571678	0.06821207	-5.811144	-3.5580704	-2.8552942	-2.6070077	-4.0275846	0.018993974	-9.398819	-3.225048	-0.04451331	-1.1398437	-3.8196416	-2.4311316	-0.10919645	-4.4085345	-2.5246077	-1.5154536	-2.8317335	-4.2473726	-0.65940773	-2.0882328	1.7422242	2.6836655	-4.752168	-0.64925367	1.5334163	-2.4465213	0.22585724	5.5339217	2.1044407	4.5189495	-6.228072	-0.4747378	5.7893553	-4.8490424	0.21517506	-4.0837884	-7.667804	1.3688042	-6.500424	-5.1401596	-8.518444	-4.664286	-6.1742797	-4.598425	-3.2811265	-0.27257183	0.5842285	-1.9144299	-5.23703	-2.5817385	-1.4478707	-7.128032	0.86164737	-2.9311688	4.5592885	-6.3835807	-6.289932	-1.8986229	-1.2443433	-3.9946039	-4.051577	-9.106169	-7.0085425	-10.427705	-6.2754827	-6.222652	-4.711206	-5.365228	-3.4684217	-4.103033	-6.852989	-6.380297	3.4605927	3.4161785	-2.447602	-3.1596026	-0.62727046	0.34842557	-4.5415626	1.5045962	-3.3035564	-4.8451767	-3.4673173	-8.201088	-1.9575188	-2.962587	-4.2085304	-4.9553957	-3.6998956	-4.228201	-8.030829	-1.0490893	-1.1605351	-1.773778	-3.648036	-5.0810485	-7.243421	-6.3124537	-5.0849986	-4.7924066	-2.2863095	-0.69484305	-0.18660323	-0.15253562	-2.4751744	-5.4704666	-3.011778	-2.8842916	-2.6168416	5.7438316	6.338855	-3.0428152	-2.8896427	-5.7877994	3.004111	-5.2844005	-3.9703019	-1.4713576	-2.477521	-6.7549167	-5.582948	-4.359965	-3.8436286	-1.7396624	-0.94894004	-3.5862048	-5.8261967	-3.84168	-5.5061088	-4.0675116	-3.2156677	-2.2419636	-6.1922693	-4.25618	-6.812864	-0.2518546	-5.2948256	-5.197181	-2.6350362	-2.8556235	-0.45471516	-3.9754915	-6.319051	-5.6679482	-0.92624986	-1.424051	2.9406593	-2.8285663	-3.8041773	-3.7135284	0.21860051	-2.5625498	-2.3873007	-1.1797892	-3.3774433	0.52605563	-3.3305926	-0.08032609	-1.4352363	-3.3773267	-8.328769	-2.8470666	-2.7790363	-5.504041	-1.8109924	-6.381238	-1.304087	-3.873849	-2.9271255	-6.0171747	-2.77392	-5.0935884	6.338854	-2.391191
dehydrophenylalanine	0.43435815	-2.1426082	2.3391674	-1.0755018	-0.20252346	0.73200524	-0.039839577	-0.3545844	-1.7331493	-3.1340332	-2.457565	0.07222548	-0.16402325	-1.3939335	-1.6500683	0.023430135	0.94858503	-2.0344136	-2.552085	0.4494788	0.3004157	1.1152703	0.14026725	2.1047227	3.5652487	1.9816813	-0.40184546	-1.4430712	-2.9299543	-1.1639973	0.565179	-1.2414502	-3.0385711	0.08585959	0.23816665	0.4259513	2.3042386	-2.511741	-1.1121099	0.4832637	-2.378209	1.6548512	-3.9981594	-1.2673041	-0.4185844	-1.0164915	0.87301356	-2.2247305	3.9798641	0.12669528	1.0996164	1.0902008	-0.17183328	-2.3693056	-2.6761737	-0.32367676	-0.12967782	0.7045824	0.013017636	1.4734883	1.8600999	0.49842447	0.4554921	0.754289	-2.910299	-0.1325271	1.1508315	0.5146549	-0.1192728	-1.5238521	-0.49534282	0.27255508	1.4668925	3.2906983	0.5866374	-1.0226136	0.18151923	-3.0858896	0.97952557	-1.1241418	-1.828408	-5.9736137	1.5863792	-0.3546954	2.57201	-0.09233983	-0.7422402	0.23849319	1.2707807	1.848436	-0.046689417	0.6534579	0.42099452	-0.13498864	0.65746635	-1.8401495	-1.6537918	5.228398	0.23472963	-0.8563177	-0.17613605	2.4956975	-3.5023656	-3.0652118	-2.6729085	1.1552314	-0.3018344	0.2871059	-0.38840392	0.27904922	1.2784784	0.68528974	1.5634772	-4.2797756	-1.2462641	-3.9802778	-2.6146963	0.13776737	-1.2096406	2.0456655	-0.17133957	-0.3822622	0.2654949	1.601195	-2.8140533	2.0523505	2.722403	0.08224258	2.2802608	-0.69177115	0.06409915	1.5773141	2.5274537	-0.041966043	-0.60752106	-2.5917222	-2.4976013	-2.955314	-2.0916748	-0.31904355	-2.855931	1.1045758	2.4676964	-2.2755022	-3.02702	0.50479615	0.06261092	-1.1313919	-0.5533678	1.7840248	-0.09582421	-0.89707315	-0.1997776	-3.1891856	0.21279587	0.5634381	-2.1428359	1.5223066	-1.6552725	-1.0532925	-0.41240746	0.09665246	-3.2802684	-1.6386768	-3.5372303	-5.4273195	0.63686585	-1.1072843	0.62122494	0.10957457	-0.8462484	1.2807896	3.7806647	-2.2150645	3.655346	-3.9949508	-2.5359116	1.1082864	-1.274234	0.37047932	-2.3641996	2.423075	0.3417217	-0.3032987	-2.6678388	-3.0428152	5.228399	-2.0856206	2.3296387	-1.0621536	-1.2971759	-0.59458804	0.01973091	0.7285593	-3.3741906	0.3346196	-1.9526027	-2.8269756	0.54765296	-1.1025231	0.23346074	-1.694245	-0.050856147	-0.3112524	2.1419802	0.3383268	1.559172	0.5221023	1.0581796	1.8657662	-0.2930885	-2.077857	1.3537027	-0.077432185	0.51320595	1.3802859	-0.69584846	-0.25877458	3.6411963	-0.93263674	-3.0216007	-1.4808685	-1.111816	0.9334334	2.0740678	-0.9930254	1.2185777	-0.81003505	0.046193175	-2.143825	-1.2388794	0.39509878	-2.242191	-0.8186255	-0.9698151	0.5736132	-4.851885	-0.8594572	-4.8258486	-0.24931027	0.8589257	-1.175278	0.46747082	0.5192123	1.9770072	1.7048429	1.065075	-2.93039	2.8568554
dehydrotryptophan	-0.6909376	-1.8890517	1.984155	-1.367068	-1.4573704	-2.5884297	1.111108	0.80451185	-0.15650333	-4.8072934	-5.2757974	0.68564886	-6.76748	1.7336817	-3.0603952	-0.48012102	1.8770664	0.9590999	2.0442524	-1.1642153	-1.4536712	3.9193954	0.26490796	-1.3988822	-0.8523289	-0.82219833	3.6372094	4.7364397	-3.7426455	1.1947923	0.8391052	3.5184562	-3.6498687	-2.0389667	-0.49392998	3.132597	-1.446133	-0.9394353	3.3312938	-0.91685593	5.956314	0.4200221	2.8269794	-0.9522628	-0.2855491	-1.9111733	1.1339735	0.73188967	1.9294318	0.53084534	0.94386417	-0.80314565	-0.76256895	-1.1946405	-0.7729368	-0.77002	-0.26013613	0.68653876	2.1534786	-3.7364001	1.4501337	1.4989567	-0.88709515	-1.3334711	1.025089	0.9148024	-0.08381581	0.6271531	-1.8649671	-1.4831634	-0.35873446	-0.40054807	-1.5880208	-2.5118175	-1.5627517	2.0767121	-2.4801497	-1.5128628	0.84137684	-2.4979608	-1.3011267	4.6350365	1.8321941	-0.40277037	-1.8077847	-0.10252789	0.87896127	1.951295	2.6917405	-1.1149846	0.34326056	0.3241493	-0.9836316	1.4656633	0.7275448	1.544108	3.1637778	-0.63342583	3.486768	-1.8459597	1.3738366	-2.8559484	-1.556273	2.2180808	0.11853538	-1.9475124	-1.6992416	-0.8131141	2.4294977	1.8902304	7.9785457	0.5124283	-1.2846588	-4.9998994	2.6189802	-4.1054993	-3.4291873	3.834097	0.08771357	-2.7209213	1.8098186	3.988123	-0.8382301	-2.9212785	-1.4314061	0.60514474	-0.5529913	2.1988592	-3.6021037	-0.41418362	-0.93924445	-3.9526865	1.3443658	1.9205196	-1.5802995	-0.7534163	0.8850791	-4.0592637	2.275752	0.01570338	-3.7335443	-0.276791	1.878819	-2.8127644	-0.57075304	1.1119282	1.258476	0.08920513	0.8100107	0.62136334	-0.39460525	-2.6302218	-1.3199295	-0.7307365	0.44787264	0.5750223	0.6609409	2.0013275	-2.2593467	-1.3347766	1.1644351	4.28853	-0.017726306	-1.8012356	0.008349609	-4.786011	0.60108554	0.124509946	-0.51217157	0.11840775	1.9284679	-0.54530454	-1.507816	-1.7043737	1.8400822	-3.8850098	4.3301463	0.36190706	2.701216	2.299607	1.4122932	-0.32738692	-0.37431374	2.017759	-3.7457864	-2.8896427	-2.0856206	7.9785466	1.3645416	0.3246932	1.7303145	-1.7795357	0.4678824	-0.8978146	-3.4016895	-2.4956179	-0.63746184	-4.295217	-0.08811514	0.34447855	-2.34479	-1.0143169	0.5087143	0.19286852	0.31630003	0.6517046	0.87465096	-1.2946234	-0.17455623	-2.457104	1.2340208	-1.2968428	-1.9362303	0.7755619	4.758203	1.7683939	-0.38588205	-5.739779	2.000133	-1.3189992	2.5437455	-0.7302358	2.0155323	2.235013	-2.2052155	1.9541115	-0.290031	-0.5112647	0.024905415	-5.030568	3.7868793	-1.977255	1.4563733	2.839983	0.69361794	-7.360816	-5.9297414	0.22806057	-2.1265454	-5.6265464	0.50416404	2.2030728	3.0211313	2.8348436	0.1598665	0.028771123	2.037649	-0.6674347	-0.84847695
dehydrovaline	-0.1535363	-0.03318752	1.6595044	-0.92276764	-0.80916977	3.167206	-1.7642391	1.26824	0.11237883	-7.9922676	-7.0199018	0.8005654	-6.9905972	0.5257561	-4.136625	0.8212068	3.1490278	-2.3505962	-3.314551	1.4709127	-1.46519	1.4424635	-0.41353485	-2.5246463	2.8768337	-0.18079959	0.32640076	-3.7478557	-4.94944	-0.21094203	0.74491614	-1.7708485	-7.490956	0.19406886	-0.27500466	-2.5283766	1.0199393	-2.0044963	-1.2901342	1.3382812	-3.0073159	0.68035656	-1.8810942	-1.4863762	-2.167912	0.38598695	-0.38743383	-1.6406631	-0.3339353	-1.0650162	1.0747032	-2.2337792	-2.3327157	-0.76888055	-3.2001302	-2.3111348	-1.0126463	3.6376097	0.24674763	0.21025802	0.46341896	-2.079871	3.84396	-0.68130136	-1.5370307	-0.6576638	-0.60249615	-3.8845267	-0.9736237	-0.53019345	-1.5435182	0.47744364	0.88693774	2.0551536	1.2973435	-2.5240655	0.865175	-1.2934163	0.8745158	-3.5755818	0.00803452	-9.0120535	0.5045342	-0.709996	-3.5445926	0.46490893	0.012997976	0.37314934	-0.3159284	-0.9848486	-0.21570945	-1.2845124	1.1812719	-1.5924697	-0.48576725	-4.045016	-3.3496025	-1.0943589	-0.86191016	-5.1329165	-1.1802866	-0.7015453	-3.207052	-2.0842628	-4.8122416	-2.5238876	-2.174966	1.1990058	-2.7542236	0.64749604	-2.5109205	-3.6869788	-1.4293106	-6.506833	-1.7583797	-3.0030477	-1.4223093	-2.4479043	-2.3963501	0.058890227	-1.6412599	-0.6897212	-1.6569142	-0.90625966	-2.5028076	-0.7945696	-1.1723766	0.13488151	-2.5825043	-2.291978	-1.4630299	-2.6974413	1.464769	-0.23296641	-0.43267834	-1.7200085	-3.647456	-1.5255344	-6.3949585	-2.117296	-2.9697008	-1.8122891	0.26254666	-2.9556985	-5.494721	0.4073269	-0.46382433	-1.2090656	0.46207148	-1.8309002	-2.4594488	-4.929955	0.17390741	-1.7367553	-1.5368075	-0.09102455	0.19089825	3.6907845	-4.289691	-1.4018627	-0.3412147	-0.84587	-1.9538733	-1.8234113	-4.1496944	-6.342971	-0.44579405	0.3884387	1.7026345	-3.5209253	1.5570711	-1.4970496	-2.119791	-3.3907726	0.37724575	-5.3769355	-3.0072472	-1.0772927	-3.2829056	-0.68681717	-1.5059667	-2.151979	0.23505504	-0.34271732	-5.2592287	-5.7877994	2.3296387	1.3645416	4.488348	-2.1630485	-2.1399958	-1.0173231	-0.005533236	-2.003827	-2.5499988	-2.4201198	-4.8190227	-2.125335	-0.46654734	-1.6592447	-4.4280057	-2.6870975	0.32894254	-3.7515295	2.6378994	0.26471853	0.6604466	-0.52568334	-0.34237733	-0.7526428	-1.2441145	0.28000498	-0.6007097	-1.297833	-0.15752974	2.006074	-4.297583	-5.552988	1.5593345	-0.6924723	-4.398805	-0.41495642	1.7404792	-0.94802463	-2.2337983	1.44726	-0.07173217	-2.4517806	-1.7905102	-6.52293	-0.008379226	-2.1156304	-3.033591	-1.1158693	-2.284685	-2.037989	-4.5287604	-2.6121485	-6.871964	-3.7446446	-1.122026	-1.597032	0.3369661	0.102906674	-1.0164216	-0.13317606	4.488347	-3.568683	1.1407583
dihydrolysergic acid	-2.1339805	-0.87159395	2.2091887	2.7023256	2.148708	0.89359856	1.848998	-0.36809167	3.595343	-0.71216893	-1.2929101	2.5494952	-1.0162246	2.8382676	-4.029951	4.434479	6.9203286	2.2354944	3.3328137	0.8383653	1.2949024	1.2970212	3.1212807	-0.6739768	2.9687402	2.6979039	2.0030887	1.8686857	1.9882803	1.0994484	1.8490478	0.40732983	0.12904653	-0.52581096	2.7305317	2.0167863	0.32345152	3.1115484	2.7421765	2.4122095	4.439191	2.2900887	0.19216865	2.0430725	0.93123007	0.84757376	-0.030567355	2.5385766	0.81054205	-0.16554943	-0.60301614	5.07013	-0.65504605	2.4882166	-2.6696045	-3.235895	1.1211513	2.3577738	1.8739418	-0.016759684	3.0218863	0.37543583	0.027594535	0.49777955	-0.2643834	4.871453	1.242207	3.7347047	-2.3170946	-1.5183079	0.28646326	0.5167915	1.3913836	-0.40563965	-1.0795206	3.696733	-0.5940545	-1.1392957	9.416204	-0.80875856	1.7483492	5.832815	5.1306357	1.0449026	0.066364825	2.1386936	2.8985693	4.6569138	2.7387857	3.0277212	2.5736117	0.20911695	-0.3580046	3.7357163	-0.097025275	2.5567088	-0.45407152	-2.4992316	2.2316034	-1.1866705	1.1804987	5.134102	-0.64520776	1.596662	-0.8780436	0.084758624	1.2170486	3.1426554	-0.15813848	3.0831664	1.0673475	-0.35365716	2.5919993	-1.1475421	3.3985791	-0.37113562	-0.29674172	-1.3514435	0.82183176	-0.63345116	3.8531203	4.209046	0.3386487	0.1954296	1.8123581	4.2465806	-1.0234395	5.9398456	-0.89161277	2.2252975	1.1322536	-1.8650894	2.8962688	5.4948707	-2.0376906	-0.5756127	0.5463438	-3.9656687	-5.5778613	0.91047555	-2.1749687	0.195539	1.1502228	-0.767979	1.7746518	1.41366	-0.29798383	3.179789	6.3368506	0.80456465	0.8102309	4.216065	-0.39252502	2.9214036	4.5268035	-0.2836339	-3.5992272	4.054581	-1.5477947	-0.036108002	-0.7693926	0.6826902	-1.6167551	-2.9410655	0.92308205	-2.891191	2.4499106	0.9418539	0.24441712	2.4191697	3.7687757	-1.8081331	2.0508125	1.4580854	2.219819	5.6190696	-0.89832264	4.7436337	2.1591215	1.8090023	-1.2471441	1.8575463	2.7171648	-1.19447	2.5247934	3.004111	-1.0621536	0.3246932	-2.1630485	9.416205	4.125021	-0.6023906	4.3641405	2.3363528	-4.2529955	-3.060958	-0.32361522	-4.8149724	2.1611063	2.446195	0.9385725	0.7301342	0.1008965	1.6520853	0.20836325	3.8880773	-0.0011724093	0.19695878	-1.7348847	-2.2196646	2.9538193	-0.20452057	1.1739272	2.218296	3.6411867	1.4557296	-1.0448978	-0.303781	4.412549	5.136087	1.2235837	3.036776	5.5342712	-0.21377902	-0.19053756	5.09041	3.2143145	0.8390942	-0.7198791	-1.0456307	4.5604095	-1.4831313	2.9254036	3.5235562	3.502829	-2.87803	-2.2619925	0.25884867	-1.8619022	-0.5428954	0.8655269	1.4373088	1.7208654	0.09214691	-2.1485157	2.472361	-0.92552674	2.9120574	0.47922495
dimethylsulfoniopropionic acid	-0.3301282	0.6265984	3.5152802	6.2899666	1.4762226	0.91674113	0.23945223	0.70973057	4.935756	1.8791325	2.3000615	3.7663789	0.3147409	4.6512175	-2.2417502	3.405584	2.428534	5.1128306	5.6076746	2.3227143	3.3295865	2.079632	2.544324	2.1745598	3.0383964	7.0558825	5.2940364	5.6531754	-1.1748682	4.721224	6.481814	4.1040506	3.0161674	-1.1590704	0.7327809	0.4582775	3.477363	0.2670128	2.9944892	5.698407	7.2629633	1.4701068	7.058142	6.2026753	-3.0313897	6.359442	1.5775759	4.439051	2.8381207	-1.4936881	-0.01141893	1.682145	5.4981065	2.256045	-0.26492974	1.9791746	0.07843654	0.6898232	2.0173588	-0.42989698	3.6314366	0.7788405	-4.6085095	-0.5794317	0.17776504	-0.81746036	0.5782766	3.555017	1.337162	1.3489368	-0.44872713	1.1955398	5.736492	-0.51052934	0.91235584	5.2437344	4.3308454	2.8075414	0.72047424	0.10604681	0.89655936	7.24518	3.5367568	2.7705827	-0.8401046	2.4180462	4.4221196	5.745631	6.2816095	3.5731475	4.373672	4.2146387	-1.0868453	3.3194504	2.53494	2.182345	1.1726787	-4.684701	2.3192885	1.31	2.4454887	2.5193355	2.279601	4.035805	0.74453944	0.71627545	0.9499599	0.93751544	2.3687928	3.3739383	2.3821182	0.83516395	2.0801785	-1.1333728	5.6731567	2.6845968	3.0661974	0.69354683	1.4959068	-0.7666728	2.2556	6.0347433	0.6382709	0.9475662	3.0750678	0.71972823	-1.1667172	3.0529337	0.31029403	0.5839519	5.204269	-3.642327	1.1854193	5.351737	2.4555135	-0.9044544	-0.6674144	0.24508986	-3.777756	0.3655593	-3.446708	0.36354697	3.735543	4.2890196	5.685697	-0.58972436	-1.1203159	2.714676	2.2855062	1.6991779	4.359322	3.0065618	0.7048068	3.7708716	3.9140615	-1.6615114	-3.2771204	0.073557444	-3.6331267	0.8951935	0.11612088	2.0167434	-1.722486	1.9327267	1.7790285	-1.934696	4.096522	3.572627	4.019547	-0.44813284	5.4212575	-1.5970662	0.5682353	2.7404048	2.233441	10.663821	3.442948	3.077121	0.16193813	3.2894511	-1.3627738	3.4102888	5.3250017	1.2730132	-3.4693737	-5.2844005	-1.2971759	1.7303145	-2.1399958	4.125021	10.663822	-0.3462828	2.754339	3.0478554	-2.8559835	-2.1303053	-0.29357508	-3.2573493	3.5540853	2.735136	-1.7451022	-0.48326808	0.80791897	3.3839993	-1.5710808	2.0878255	1.2697293	5.4328156	-2.1299126	5.4600806	2.5246468	-1.9205347	1.4538008	5.7411976	3.017893	0.099568345	-0.16990292	-0.8348173	2.9906375	1.9900291	1.8779323	1.1928917	0.8368085	-0.92630327	4.383632	2.339694	4.4726944	1.7706959	0.7487958	6.3839684	5.3330364	-0.9779016	4.0267606	5.236998	3.9572365	-2.3047097	-4.088071	2.9829838	7.566314	-4.1242995	-0.57094604	6.859567	3.7675636	0.37473556	-2.0019784	4.4250145	-1.9651843	4.370278	1.5848142
enduracididine	-0.72081524	-1.0200053	-1.6252921	1.4230304	-0.34958562	1.5357428	-0.79553914	-0.35828876	-0.510289	-4.7157664	-2.9873853	-0.5279098	-6.512095	-1.3259832	-1.6849908	-1.15798	-0.017266324	-0.38455367	-0.7980588	1.1891084	1.6065843	-0.06317576	-0.8569682	-2.8607357	-2.1198208	1.8965595	-1.1720629	-2.6186109	-5.4644823	-1.4733499	0.3646581	-2.1172326	-3.3391368	0.1423031	0.007470229	-0.047275223	-0.2329877	0.28619587	-1.2129872	0.67102426	-1.6029915	0.30004022	-0.70663	-1.2489263	0.25393716	-0.024309916	0.62156624	-0.88361657	-2.0040658	1.1983856	2.0284042	-1.2345688	-0.19069833	-0.52505136	-0.8684162	0.11215478	-0.45330665	3.3606095	-0.21198934	-0.6583682	-1.3764274	0.5176325	-3.9869926	-0.6473833	-0.32023928	-1.4551971	2.4189014	1.34358	3.3078878	-0.3943539	0.033413824	3.864496	0.4072246	-1.1357628	2.2374048	-1.9021757	1.3128856	-1.4185171	-0.44136563	3.9614134	-0.93336433	-4.939071	0.31573573	-0.44512096	1.3470476	-1.0920942	-0.0324259	0.11231324	0.038790688	0.0663044	-1.3831552	1.099309	0.5402877	-2.1631515	2.0829728	-1.3061658	-1.8978137	-4.7653594	1.4788021	-1.4910532	-0.16576959	2.4271545	-1.5479963	2.2355597	-0.4070464	-0.30153304	-0.64464444	0.7390968	-3.592476	-0.89834505	-0.8475346	4.084521	-1.803132	1.6623229	-0.68083245	-2.9905303	-2.5962484	0.22016078	1.7561696	-0.27399272	-0.5022957	-1.4527729	0.30389047	-0.29551393	2.5382617	-1.2041564	-0.04585543	-0.09241923	4.6685615	-0.07983622	-0.8739958	4.417323	2.037767	2.2428825	4.0568256	0.76796025	0.022122603	-1.9362398	-1.2060626	1.6948129	2.5104494	-0.22824043	1.0141286	1.5117562	-0.107857205	2.0897267	0.44823432	1.4175893	-0.037621465	1.7571348	2.8205166	0.8478063	1.3584485	0.12206385	1.7776282	-0.78316534	-1.7034049	-1.2974648	-5.0489025	-1.6071805	2.5237758	-0.86633337	-2.0790572	-0.36017123	-0.94441617	1.8580312	0.8906933	-0.027373465	0.067748405	-1.140041	-2.3524444	-0.79971373	-0.3895525	1.2993824	0.06215681	-2.594086	-4.837122	1.1977775	-0.91197926	-0.848986	6.930891	-0.5568109	-0.5520496	-1.5032316	-4.6232386	-3.9703019	-0.59458804	-1.7795357	-1.0173231	-0.6023906	-0.3462828	6.930892	-0.16001928	-0.6045535	-2.904088	-0.15596056	-2.2397194	-2.6645021	0.3192734	1.4343826	0.27264807	-1.7055523	1.9272598	3.5616295	-1.7161037	-0.121011384	1.3318242	0.28056225	-0.80848527	-1.5001824	-2.196852	4.583702	-1.0096469	-1.4330792	-0.48302326	-0.69265515	2.4517643	-5.8220897	2.6505682	-0.898989	2.7859876	-1.6090877	-1.415045	0.67162144	-1.7891277	-0.80493224	-0.24577953	-0.7093186	0.69718176	-1.2084053	-2.4300857	-0.52041745	0.54105765	0.94722235	-1.5949522	-0.52161443	-4.905597	-2.8730206	-6.261028	-6.7622232	-0.5886939	-0.9449934	-0.40386274	1.0595477	1.1930724	-0.9867326	-1.6294372	-3.093253	1.9935443
fatty acid	4.9610786	-0.27900362	5.1583424	3.5101771	2.8517652	-1.8618304	1.2062767	1.7068256	6.119845	1.557402	-2.8761494	1.8723508	1.3714378	3.9529748	-2.2676647	3.8505192	1.3303059	2.5904806	5.4280033	5.0388494	1.9052961	0.3623081	1.1939608	4.6831794	1.7243135	4.823644	3.5531113	3.723199	-0.8650934	4.8186564	3.2576277	1.2769816	-1.0979193	1.6564755	0.7224949	0.92639685	2.7223327	1.408138	3.8713317	3.855585	5.09883	2.4895906	-0.2066537	1.349993	2.9577858	0.7452095	-1.2190099	4.8091116	4.715122	0.2126904	3.4178512	-0.5745737	7.7390103	1.3178773	1.7120389	0.2317335	1.0553062	-0.48562726	2.6289	3.2162673	6.325555	0.62517256	-0.89921945	-0.19252916	0.65714675	0.059657045	0.84304535	0.47565266	-0.8251901	-0.30129826	2.061561	1.4134016	-0.026994025	-0.058357857	1.2370505	4.11746	0.57056355	0.8036508	1.9439814	-0.30726185	0.8777796	5.360919	0.86292946	5.430013	1.7551904	4.486315	1.6601709	2.8581772	2.0524368	4.2354946	5.1223793	2.3591785	0.13547337	3.505741	0.84094644	-1.4970825	1.4478601	-1.9828488	1.3452433	-2.1145592	0.4256006	3.1489654	2.6141143	0.22419718	1.4315305	-0.6729246	0.2035836	0.18803188	3.611474	3.1068592	-0.25911257	-0.6734899	4.206418	-2.842585	4.602437	1.5860437	3.6312206	-0.92491317	-0.3708618	3.250565	3.8563607	5.4038243	1.9030228	2.3019369	1.7027625	2.3165987	1.2475369	3.035091	-0.81170726	1.1083997	-0.1855325	-2.9014556	2.6571593	3.0009675	-0.04822093	0.5143098	4.7058578	-1.0631112	-0.6306938	4.492558	-2.018792	2.0754793	1.1009372	1.8807725	2.6771822	0.13296013	-0.6498491	0.9985251	1.4398566	1.7787485	0.5514801	5.2333674	1.1945188	-0.54472876	2.8690746	0.39728606	-2.952627	-0.2959946	-1.6331302	0.8017183	0.62477607	1.2778622	-0.85714686	0.15811107	5.47042	-2.7662885	3.637596	1.1668041	-0.067448154	-0.15319921	4.1424303	-0.50733113	-0.46316993	0.9158287	3.458233	0.25413895	5.5984783	4.113591	3.2600262	3.6597128	0.35128078	2.9276147	3.2799823	0.862743	-3.1514387	-1.4713576	0.01973091	0.4678824	-0.005533236	4.3641405	2.754339	-0.16001928	7.7390113	6.702047	-1.7182498	0.11597802	-1.5398425	-0.98589075	3.5038486	3.1970384	1.0037798	-0.91310334	1.9483821	1.9784781	-0.8788557	2.2003531	0.61216426	3.1307602	-0.067211434	0.4341175	4.0148454	-2.8097904	0.26836777	2.9227922	1.5098851	2.1901865	-0.4481449	1.3461972	0.52733725	4.0494394	-2.1045084	1.607424	7.4790816	-0.05849631	1.2042866	3.8558083	2.7708585	1.4290732	0.84697264	2.086435	4.1310797	-1.7243054	5.3426194	5.205744	3.5469224	3.4419966	-4.4066176	4.692242	4.6282554	-3.5252118	2.383381	3.012866	3.6689782	1.2681357	1.3536611	3.7102613	-1.5216281	2.401963	2.5767422
fumaric acid	3.1333303	-1.3966831	1.446444	4.5971074	2.739716	-0.61286134	3.0995734	2.2849312	6.116338	1.9306316	1.4897257	4.1824613	-0.467239	5.1562805	-2.3940833	3.243588	1.1897418	1.417341	2.9542196	4.49379	5.4728723	1.2008206	0.97028	0.30555877	-0.5597459	3.4523795	1.1346341	-0.24971326	-0.5818879	4.5839524	2.319861	3.835409	1.8566719	-0.43421444	-0.049919706	5.1617236	8.9964075	4.3880725	4.3104935	1.867856	6.864466	3.2246506	-2.2428398	-0.0027211334	-1.4363256	-0.9359009	-0.7258658	2.981679	2.307169	0.86837304	-0.48937857	-1.0330358	4.2160015	2.4837809	-2.7981095	-0.54182035	2.7229857	-0.96213216	0.7617368	-0.793863	2.783815	-0.113766	-5.055847	1.0941811	-1.2230598	3.0771472	-1.5590903	1.1306406	1.0551869	-1.82474	1.2274014	1.8569605	0.82913023	-1.0137173	-0.80054855	4.74716	0.7626156	-0.10544717	-1.2742131	4.925782	-1.8192195	5.3832126	1.8172094	7.5600605	-1.4313948	7.622646	3.3519685	6.406686	2.0761762	5.745821	2.5383325	7.784242	1.3240823	0.5477929	-1.5665221	3.485406	-0.2754859	-4.462509	0.7774272	-1.8895441	0.6840364	-0.27828324	2.2575943	-0.31794092	0.5377808	1.449	-0.25880212	2.9731312	1.2432725	3.5668297	-1.2782661	2.8124745	1.8424357	2.2568872	4.1822367	1.7488629	1.1881171	-0.7922646	-0.44838536	2.3787835	3.8251348	5.9133844	1.8810384	5.701916	2.9364872	0.567895	-2.2076023	1.7020375	5.3505073	0.8984761	0.22486503	-4.011157	3.148444	4.205786	2.7698667	2.1616104	5.735355	-2.3129432	-1.3909231	4.9085026	-0.013036566	7.3330607	1.3411517	-0.3957642	1.9482956	-0.4383072	2.4402456	1.0733325	3.2628438	3.1957846	0.4818928	1.7226365	-0.6856776	-0.80068696	1.3313692	-0.9714191	-4.4773364	-2.9092453	-2.764141	1.0553901	0.5361977	0.5430582	-1.639043	0.3573161	2.2523918	2.6501062	3.728946	3.475858	-0.028557803	-1.20349	4.626787	-3.3624113	0.07987341	0.58309406	0.24335766	2.6123965	2.3723545	5.775734	1.7711126	2.369372	-2.9502661	2.1003516	3.6239622	0.77079487	-2.2892764	-2.477521	0.7285593	-0.8978146	-2.003827	2.3363528	3.0478554	-0.6045535	6.702047	8.996408	-3.025487	-1.2567097	-2.6955717	0.67858905	2.251187	4.0088387	-1.9025377	1.1614863	-1.158385	3.0847156	-3.0080264	2.1588845	0.5507254	4.922808	-1.5354565	-2.2793138	2.7977085	-3.9235394	0.40356725	4.559509	3.0300305	-1.3916422	0.49158418	1.584118	2.9649098	4.987741	-2.2178485	4.7858186	6.281006	-0.57872325	3.3110332	2.846596	3.5624146	0.11489825	-0.019916428	-0.2701746	0.42758325	-0.7793938	4.4245725	3.1338782	1.7357768	-0.3795951	-3.9465084	2.8218966	6.1149516	-3.814828	-1.8734901	5.6133575	3.2369523	0.67301667	2.5386834	1.3788203	-1.771558	4.25598	5.079455
glutamic acid	-4.487514	-0.80743635	-1.3721981	-1.1052818	-0.6562633	-2.5825853	-2.084411	1.8882598	-2.6089308	-2.255393	-2.7721412	-0.02019831	-8.077341	-3.3368852	-3.5650735	-3.4577296	0.87897646	-4.3112764	-5.302166	-3.3842943	-2.175629	-2.936745	-1.4717567	-3.6417332	-3.44462	-3.2106705	-3.4680657	-4.1850305	-4.139202	-2.812459	-2.5410535	-3.6511865	-3.3537502	-1.373652	-2.237508	-2.0256276	-1.7829692	-2.964789	-3.6065354	-2.1206765	-3.1383338	-0.04717367	-1.9999915	-0.68239653	-1.7572532	-2.4598565	-2.9320662	-1.7223326	-3.5531127	-2.4122956	-3.3676217	-3.5786347	-2.591677	-1.9633096	-1.3272412	-0.9874751	-2.3121696	-1.4787208	-2.2014515	-3.4094987	-3.6600223	-2.6437042	-4.8480577	-4.0512114	-0.40652558	-3.244551	-3.1487932	-3.3677645	-2.5628104	-1.1115069	-0.37458068	0.4319963	-2.312343	3.955797	-3.942497	-3.3074362	-3.4062607	-2.0167127	-2.6610107	-3.2078283	0.5744476	-5.83419	-2.9804833	-3.137504	0.47791213	-3.334305	-1.8029746	-3.2286856	-2.6299012	-3.1125124	-3.1043282	-0.5517528	-1.2680923	-3.589881	-1.6380793	-4.213634	-4.027848	-4.821287	-0.8503689	-4.4927	-1.9509443	-2.0082707	-4.781847	-2.1958609	-1.6084222	-2.6840158	-3.3321795	-3.9048119	-3.0973294	-3.3303225	-1.8967568	-3.785446	0.8743347	-4.6411214	-3.031449	-4.57409	-3.1445303	-3.1896117	-2.6434925	-4.456777	-2.22459	0.21857421	-0.964335	-3.1058402	-0.05368488	0.27044147	-3.489871	-2.113734	-4.9965205	-2.385919	-4.4321876	-5.4863214	-2.401794	-3.1394114	-3.7863462	-1.7656065	-3.4348586	-2.412549	-5.915391	-2.9661887	-3.182994	-3.6520112	-0.9658448	-2.5323935	-3.0600708	-3.2761178	-3.2209964	-3.0358462	-4.1174974	-1.816172	-2.2111325	-3.5078995	-2.9040823	-3.001742	-1.8780681	-3.1379404	-5.159613	-4.0600286	-6.659437	-4.8166127	-0.7325096	2.3960369	-2.7289593	-1.2289996	-2.55855	-5.182634	-3.4369407	-3.1673138	-2.4602413	-1.8623393	-1.8650914	-5.2911043	-1.5716702	-4.2180977	-1.6030749	-6.4720507	-4.432266	-1.0493276	-0.434266	-2.41191	-0.46851572	1.6988854	-1.7580496	-0.93338126	-7.2947745	-6.7549167	-3.3741906	-3.4016895	-2.5499988	-4.2529955	-2.8559835	-2.904088	-1.7182498	-3.025487	3.955798	1.1154492	-4.812922	-0.57100487	0.058058735	-3.3803394	-2.9495206	-2.1267483	-1.7173573	-3.1791835	-4.08075	-0.3155353	-1.1597589	-3.5198188	-3.5099087	-3.3594158	-3.68063	-2.6312952	-3.7565184	-2.205558	0.35705405	-1.9324436	-0.7565441	-7.3334002	-3.39647	-2.5156972	-2.2185485	-4.922905	-2.0953438	-3.4930599	-2.318888	-2.3638186	-3.6396127	-3.817317	-2.2986176	-5.1950173	-2.6772733	-3.8809705	-4.1449485	-2.1023042	-4.903038	-4.896459	-6.1644874	-3.6253784	-2.0741081	-7.583037	0.66340387	3.7150102	-3.020425	-1.5728699	-2.8549001	3.1703374	-4.4271126	-2.944546	-2.7346685
glutamine	-0.27219346	-0.35549453	-1.6161803	-0.7837537	-2.6623135	-1.3598983	-1.9636623	1.1343365	-0.8278964	-2.3665354	-1.7865396	-1.1838768	-8.010728	-2.530947	-3.7894897	-2.8351336	-2.5797355	-3.814488	-4.10041	-1.9012531	-0.24143152	-0.097254284	-1.7459027	-2.123511	-2.5172453	-2.062558	-1.5338955	-3.606661	-5.163122	-3.526518	-1.7174237	-2.8934488	-1.9675628	-1.3570763	-1.163363	-1.0801889	-1.7549404	-2.1198936	-2.6913366	0.12387764	-2.6227038	0.36915356	-0.4640951	-4.3698964	-2.0511239	-2.1032987	-1.7312852	-2.2161963	-2.5393717	-0.71538895	-0.4202106	-2.1985016	1.5012845	-1.8153037	-0.607088	-0.6884954	1.9670826	-1.1752372	-0.90142703	-5.4282255	-4.2962236	-1.6348269	-3.0837848	-3.761536	-0.5682107	-2.1133094	-1.0276939	-2.34501	-1.3032793	-1.7916515	3.3358784	-2.177656	-2.281873	-2.1027222	-2.840296	-2.1284795	-1.9355576	-0.7336697	-2.2065682	-3.7399387	-0.16794863	-7.502017	0.7315199	-1.2975918	-0.23159176	-2.3178742	-1.4587097	-1.2225481	-2.019406	-2.413741	-2.4105976	-2.4006622	-1.7975788	-1.7632947	-1.1599512	-2.8132174	-2.6519718	-4.003149	-0.2545893	-1.838861	-1.99362	3.5721397	-3.459699	0.312379	-3.911222	-3.002815	-3.8251448	-2.457685	-1.244534	-2.4263957	0.375072	-3.2359095	-1.2274591	-5.089073	-2.4968333	-2.8490417	-2.1596766	-1.2243855	-1.0638344	-4.0048084	-0.9086986	0.41040927	-0.28945488	-3.6889603	-1.3919675	-3.2371361	-2.3390114	-0.87022233	-4.083119	0.85598963	-4.220329	-4.4669485	-1.5971459	-2.966732	-0.5956181	-0.6312723	-3.680415	-2.5952306	-3.5692387	-1.3992416	-1.9396927	-0.83827776	0.11044832	-3.7973073	-2.6539211	0.44028828	-2.3536432	-1.2854505	-1.5064436	-0.87100106	-2.0948224	-3.6375525	-3.1173112	-3.054985	-1.4267354	-1.6719338	-3.438515	-1.271119	-5.534606	-3.472614	0.49720302	2.7641623	-0.6383899	-2.0521882	-1.7863699	-5.251084	-1.9464264	-1.5094864	-0.5347295	-2.6814635	-1.3893523	-3.97731	1.0157441	-3.8367052	0.5074829	-3.8415995	-3.224567	1.5503699	-0.84301376	-1.6519041	0.030297892	-2.6837504	-0.69985	-2.684739	-6.6755333	-5.582948	0.3346196	-2.4956179	-2.4201198	-3.060958	-2.1303053	-0.15596056	0.11597802	-1.2567097	1.1154492	3.5721407	-2.2559903	-2.5938404	-2.3946133	-2.4316492	-1.6199487	0.34929746	-0.124800384	-2.578903	-2.4557526	-1.6425749	2.1216185	-2.665338	-1.4426309	-2.4102376	-2.4073308	-1.8410662	-4.9215927	-2.9582863	-2.6104093	-0.27997434	2.3271148	-6.348187	-0.12853631	-2.6610749	-1.4135084	-4.071577	-2.2191727	-1.4606669	-2.6145835	1.7022239	-3.4310958	-2.7886257	-1.00469	-4.793818	-0.56036013	-2.9910893	-2.2803922	-1.7600638	-5.4168954	-6.496946	-4.5061016	-2.5268636	-4.1494503	-5.6158385	0.64728594	-2.9902585	-1.602232	-0.19232742	-1.9754139	-1.0751606	-3.0730133	-3.319749	-1.8094741
glycine	-4.327367	-2.5338383	-2.3733804	-2.2890813	-1.1504655	-5.085527	-0.6443662	-2.6143763	-2.1451037	-3.3856237	-3.6572404	-3.3977156	-8.67327	-4.1778126	-5.2138824	-4.5876803	0.23855795	-2.8994582	-3.702078	-0.20824505	-1.6616583	-1.4572517	-1.2086707	-2.533006	-2.8865993	-3.6479943	-2.4706125	-3.3121228	-3.0075867	-5.1515646	-0.5120648	-2.5094392	-3.051867	-2.909261	-1.7341933	0.9468449	-1.4202639	0.5660552	-2.8857496	-2.2112224	-1.9359878	1.0335017	-2.635352	-1.93082	-3.322716	-3.3511465	-1.8460647	-4.089489	0.13538624	-0.39088115	-0.41027278	-0.8609415	-2.585479	-1.9351282	-4.671457	-4.0420604	-1.3274909	-2.9663367	0.72219473	-6.0960684	-4.839338	-2.9324133	-1.6708636	-3.3217874	-1.8727378	-2.609863	-2.7721112	0.9069452	-4.2509804	-4.4104195	-1.1020479	-1.7032732	-3.3775609	-3.1198103	-1.5672767	-4.523223	-3.173411	-5.5998497	-1.868372	-2.5512705	-2.876506	-5.6606407	1.6311573	-0.03220298	0.2741732	-3.0518978	-2.2849288	-0.73154163	-1.8546046	-2.8487744	-1.1982243	-2.1879978	-2.1675675	-3.4119859	-0.75103104	1.0418591	-1.7141119	-6.095633	-1.3242388	-4.111641	-1.4065033	-1.6609107	-3.8857694	-1.3221749	-1.9887819	-3.3292243	-2.622691	-0.4465069	-3.4940474	-1.0314162	-1.4932835	-3.2728562	-1.4120414	-2.7189798	-3.7757664	-4.1541796	-3.5649009	-2.7737396	-1.1765232	-4.9558067	-0.09412462	-1.8189594	0.57061213	-3.6273556	-2.9026842	-0.7438776	-0.25095055	-1.0638876	-3.3949056	0.2776054	1.0685294	-3.6006987	-1.179503	-2.5526497	0.6119794	-1.9875512	-4.3215065	-4.7271466	-5.979745	-1.7450624	-2.719155	-1.2229568	-0.7233351	-3.786272	-3.5910194	-2.4069026	-1.7418691	-1.8382753	-2.4269242	0.41018382	-0.49709076	-3.4976785	-1.5808917	-3.6534462	-2.2379997	-1.3072197	-3.9135714	-1.5374386	-6.601904	-3.3875859	-2.3651612	-0.8230807	-4.9957285	-4.2023044	-3.8392184	-3.4752278	-2.2544873	-0.9257146	1.1534234	-2.5465834	-4.1381993	-2.5443923	-3.2202406	-3.7526588	-0.43177265	-2.853114	-3.8737953	-1.681532	-2.0572133	-2.9660568	-2.1634338	-0.5723644	-4.174874	-3.7210963	-4.481145	-4.359965	-1.9526027	-0.63746184	-4.8190227	-0.32361522	-0.29357508	-2.2397194	-1.5398425	-2.6955717	-4.812922	-2.2559903	2.3021226	-3.2462907	-0.51432365	-2.5449436	-2.9749525	-2.3745093	-0.8644646	-2.6550963	-3.084266	-1.1489654	0.52310693	-1.4382358	-3.149102	-0.15522069	-2.7760026	-3.3581085	-3.7071033	-2.5961745	-1.3306383	-0.7066492	1.3071438	-6.2998033	0.25374585	-1.6502936	-4.10989	-0.8349733	-4.008272	-2.2133784	-1.051747	-0.45464635	-4.744348	-3.3260586	-2.3397384	-5.6153564	0.2737387	-3.403626	-2.0167367	-3.2159977	-4.1182637	-6.4961834	-6.270984	-4.6548886	-5.2436814	-6.6821632	-0.91898394	-3.9616685	-1.1953459	-1.1849054	-3.2444444	-0.33727816	-3.7227113	-3.443019	-0.13597152
graminine	-6.19835	-3.0684059	-1.8394954	-3.7586663	-0.14216271	-3.741378	5.4391866	-0.7497986	-3.170936	-0.7389941	-4.480856	-1.5982099	-11.084954	-2.827886	-6.107279	-2.16753	-1.3698758	-3.9362605	-3.7759655	-1.6994863	-1.8599178	-0.3907213	-3.3614135	-0.55575275	-4.186405	-4.0611734	-4.743998	-2.5482953	-5.215847	-4.9073486	-1.8811196	-1.3678961	-4.7798233	-4.6836467	-5.0627747	6.272465	0.24773052	2.601575	-3.0302613	-1.3270102	-4.050447	-0.625617	-3.07085	-1.7297043	-1.8719131	-2.2640164	-0.76463044	-4.351379	-2.2389226	0.27939197	1.8612584	0.13709694	-3.3846087	-3.6364326	-1.3101158	-1.0940865	1.4112793	-2.9621875	-2.224238	-4.0743504	-3.355844	-0.031979606	-1.9301536	-4.9442163	-2.20862	-3.2356467	-3.742848	-4.857236	-3.7213397	0.13484652	1.7798414	-2.9050322	-0.9724337	2.9823265	-4.6635923	-4.9436545	-4.2980943	-2.5036204	-3.3419292	-2.0059407	-0.6136175	-10.904657	-1.5643556	-2.4992292	-5.3817887	-1.7300602	-2.7917905	-1.6543415	3.5642338	-3.3358288	-3.6745107	-2.5103996	-1.7216576	-2.6663113	-2.3041518	-4.178557	-5.477866	-7.569597	-0.18839167	-1.8490125	0.2612181	-2.4908419	-3.5737894	-3.1611516	-2.0388343	0.13573314	-0.5235752	-2.2109425	-0.8991139	-4.0147266	-2.2681737	-4.374464	-4.6186066	2.5358524	0.0057607098	-2.4372478	-0.8920716	-4.180519	4.2616653	-3.3692708	-2.7834125	-3.2198524	2.7807667	-1.7719239	1.2838273	-3.5916626	-3.1325247	-2.5451748	-6.323551	-1.5211266	2.206322	-6.645712	-1.8846407	-2.7758827	-1.4065522	-1.4375457	-5.6889877	-4.114731	-6.5404854	-1.8637463	-0.61806715	-3.9422474	-1.8538687	-1.112379	-3.5988333	-3.5556142	0.12094786	1.3656163	-4.263279	-0.8507339	-2.0937636	-5.49301	-0.035839766	-3.5604885	-3.7324786	-0.8297147	-3.2860181	-2.2071366	-6.8762603	-3.9984353	-0.52906406	-3.022244	-2.0258687	-1.2955573	-3.1519573	1.5647187	-2.5764885	-0.69490397	-1.5191036	-3.4435246	-5.0064607	-4.7715707	1.2543048	-3.151193	-1.8072295	-5.8188367	-4.1278925	-3.5658677	2.8335643	-0.9523183	-0.023564935	-2.1093533	-3.5490794	-1.6392422	-3.924296	-3.8436286	-2.8269756	-4.295217	-2.125335	-4.8149724	-3.2573493	-2.6645021	-0.98589075	0.67858905	-0.57100487	-2.5938404	-3.2462907	6.272466	-1.492193	-3.19962	-4.928361	-2.6145115	1.0463991	-0.9692537	-1.8919363	-3.3865132	-1.049783	5.676683	-2.7843037	-3.501814	-0.9321241	-3.85413	-2.9033682	-1.3144239	-1.784508	-0.9498777	-3.3892665	-8.550426	-2.2292361	0.32233897	-3.3127043	-2.108446	-3.4410484	-2.4885132	-3.9970386	1.5410041	-5.1937237	-4.8481445	-0.15566957	-3.0939739	-2.818633	-0.4896228	-4.8492446	0.087463684	-4.358255	-7.1848135	-2.1069014	-6.3313165	-8.394391	-6.6861615	0.9642572	-2.5987504	-0.5525049	-1.3427374	-3.5688558	-2.1151896	-3.0224013	-4.0721607	-2.957944
grifolic acid	0.4908035	-1.0666796	3.712183	3.9301312	3.8420727	0.6791604	1.6971916	0.3303969	3.1950502	3.2180693	3.057405	3.2017562	0.05898028	4.408622	-2.7915463	3.2476723	-0.77576816	2.7222664	6.9587555	1.9278371	1.9384861	0.59326804	1.3103681	3.0900514	4.295406	3.9928951	3.4440844	2.2056696	-0.79335684	5.289846	2.7526062	0.78908587	3.8883219	2.58012	1.6757798	0.803003	1.3238661	1.495522	2.6535833	2.8838294	3.7011223	2.659413	3.5984035	1.915252	-0.97317046	2.8239913	0.042115685	3.510443	4.5992036	0.24120662	1.3108202	0.5373176	0.8766684	1.9668785	-0.19168995	0.53357655	-0.7860339	1.4369613	2.9582427	5.9788923	5.3637905	0.17808308	-3.5028446	0.14274181	0.60621417	0.69431126	2.1880276	1.8870745	2.096045	0.3293357	-0.6116438	1.2229626	2.9548695	0.7226868	1.6725835	4.4708443	2.3411298	0.96175605	-0.937904	2.2127872	2.6137953	1.0709746	1.7417974	3.724701	-0.14066258	4.2783637	1.8111588	2.8412573	3.3791597	2.6437554	5.046862	2.5674684	-1.6486567	3.6568606	0.68217444	2.1062403	1.48015	-3.5679185	1.809869	1.6878425	1.7667093	1.8883122	2.5813062	2.6754608	1.9138681	1.0835836	2.222342	1.5229344	7.5695887	5.630725	1.5698749	0.3492288	6.177005	-0.9999933	3.1814766	5.2304	5.304845	-0.31149182	-0.8396864	3.381785	3.0521026	2.7262447	0.8316344	2.732383	2.3164148	2.759773	0.39717934	2.103637	1.990338	0.80267906	-1.8929112	0.62195045	2.819432	2.6006978	2.7027137	-0.8246258	2.881254	-4.985793	-0.1035935	2.8908148	0.9787125	2.129401	0.7373785	1.2254117	3.4177837	-0.2918515	-1.8824062	2.136106	1.3874911	1.2025667	1.2711843	1.8989273	1.1594197	1.0416263	3.82226	-0.8521234	-2.8870866	0.38434	-1.9991772	2.4501884	-0.43092307	1.3938879	-0.36903793	1.4500386	3.39896	-2.584088	3.6710749	3.3208642	2.4010484	0.17808351	3.6781967	-2.3401184	-1.0698243	-0.009540029	2.512047	6.3051124	7.21827	4.4869633	0.009297186	3.3530247	0.90092	7.1059723	4.1230893	1.9008965	-1.6009512	-1.7396624	0.54765296	-0.08811514	-0.46654734	2.1611063	3.5540853	0.3192734	3.5038486	2.251187	0.058058735	-2.3946133	-0.51432365	-1.492193	7.5695896	2.6274922	-0.24128814	-0.78716695	1.8287295	2.3575118	-0.48387155	2.0146108	3.068094	2.4527712	-1.2799627	0.85788316	4.1565056	0.1942796	0.6682617	2.6805983	1.3482832	2.9197898	2.3574648	0.31046307	1.7668992	4.112723	0.31745663	1.4095843	6.547352	0.082231365	1.3929375	0.6027033	4.123959	3.3664196	3.1581466	0.48822203	3.7136915	-0.03422408	3.3855152	3.982051	4.2131705	3.8353758	-3.4750297	4.5402913	3.4979503	-1.8471531	0.36055273	3.0995686	4.967367	0.19576839	-0.24347676	6.159837	-1.9592294	2.0628223	0.11011056
guanidinoacetic acid	-0.7486735	3.1896527	-0.048776764	0.57160413	2.7864547	3.0572793	0.19183034	2.6442873	3.8022826	4.7086997	4.185991	4.7269707	-1.6373128	2.4923239	0.19369948	4.289835	1.7496258	1.4887626	2.8489056	0.5841527	2.1644597	-0.29913673	0.08782674	-0.16060269	0.7826295	1.0414268	2.3706973	-0.7073124	-1.6426212	1.5807825	2.1265738	-0.47088155	5.0628443	0.37919486	0.51922405	1.0334371	0.2543405	-0.430819	1.7964194	2.1289513	2.2819629	1.5817395	0.20223531	2.3341968	-0.9621208	0.3941724	2.0181541	2.3017097	-0.8144704	2.3997977	-0.2460134	0.09726959	0.70113033	3.6974282	1.2489853	-1.4921166	-0.31034002	-0.04058298	0.29344454	3.371905	2.2564788	0.88707393	-1.7711799	3.4702492	0.5307715	4.563393	0.9315397	3.4243426	1.9462712	-1.5974426	0.08985146	2.0195305	3.1970603	-0.93322045	3.7515793	2.609132	3.2504947	1.7417389	-0.5766469	3.4818726	2.9572847	3.4883752	0.56488025	4.2014084	3.5676672	1.4099349	3.6729558	2.7835965	3.5767632	0.7635385	2.299089	1.433693	-0.6308819	1.0696638	0.64935344	0.10351758	-1.0836754	-4.0321217	2.311186	-0.0627656	0.9461213	-0.4640163	0.24085958	1.1724756	0.022873707	1.2318445	0.82814604	0.16693382	1.9440204	0.4864422	0.1293286	1.4307553	1.4741889	-1.4188086	1.8610008	3.9580944	4.0377502	-1.4669238	1.8797803	2.1214216	2.6113882	0.5244348	0.16065498	3.473351	1.2931799	0.45477584	-0.9839987	4.616907	2.7082179	1.3725795	0.8405797	1.3080797	1.7717218	1.2758864	1.4182059	1.4899788	-1.9996653	-3.8306873	-0.61026865	0.30442247	-1.188611	2.981073	-0.02704417	0.13430084	-0.053120453	-1.1760519	-0.045225777	4.2177153	4.6260076	1.5540878	1.5769945	2.5936341	3.8973482	3.9562635	1.5461236	-1.63741	-1.9113599	-0.039220326	-3.0246494	0.28853193	2.9342098	1.7811313	0.4072985	-0.21372543	1.1875868	-2.3836038	3.764255	1.5260112	1.741284	0.91073036	2.3261135	-2.1797202	-0.043195967	2.2859066	0.5360276	4.733424	-0.7977907	2.0135252	-1.2579721	2.3732672	2.7188365	2.2744632	2.6676762	-0.18003273	-1.7640995	-0.94894004	-1.1025231	0.34447855	-1.6592447	2.446195	2.735136	1.4343826	3.1970384	4.0088387	-3.3803394	-2.4316492	-2.5449436	-3.19962	2.6274922	5.062845	2.5609143	3.8814332	0.076715514	1.3339869	-1.5868633	0.057356875	0.43427524	1.8670696	-0.71657526	1.1557761	3.4696298	1.1750482	2.6314352	2.6411057	1.6492631	1.3989835	0.90762454	-1.0233127	1.0780011	3.996211	0.5177913	4.388863	3.442086	-0.9794648	1.3847848	-0.31942895	3.7814386	0.6517576	1.5706165	-0.39989161	2.0525885	-0.617889	2.0625944	1.9808582	3.5084877	1.7830666	-2.724288	1.8128538	-2.876241	-4.5511065	-0.27763107	1.207321	0.85257185	1.0820045	-1.1213242	2.9575164	-1.9464551	2.2594497	0.055239607
histidine	-3.9122696	-2.6197617	-1.649187	-1.4250891	-1.0342078	-3.7389715	-1.2522392	4.7753716	-2.8914378	-3.7998984	-2.774676	-2.2815306	-5.9127803	-2.5330288	-2.1924531	-2.2676964	3.4832227	-0.015791968	-2.0570836	-1.8418261	1.4833105	-0.9231534	-1.3983383	-2.007355	-1.5472215	-1.9474996	-1.6648927	-2.8563898	-3.4893367	-0.9692907	-0.9369529	-2.7019858	-3.638644	1.538776	0.5290288	0.8230673	-1.7878206	-2.1834443	-2.2604754	-1.1961187	-2.652558	0.14808543	-2.5712242	0.37071523	-1.1556247	-2.897048	2.6345904	-1.7065618	-0.67117846	-2.2722774	-0.038015686	1.2076714	3.2899218	-3.7183943	1.4868554	-1.5130497	1.0692211	-3.01588	0.4512629	-1.688549	-0.9637766	1.7448679	-4.691394	-4.5106754	-1.6539154	0.252834	3.2180216	0.026158184	2.2128844	-1.5501328	2.0956292	3.1263428	0.91825366	-0.22636221	3.8913574	-0.059297644	1.9914192	-0.21577798	0.7915307	-0.4249736	-1.770859	-6.2817693	1.2796813	-0.36542222	7.2802486	4.1635475	-3.3671844	1.5915617	0.57225615	-2.2705648	-2.573188	-0.30548838	-2.1817636	-2.1414778	1.936237	-2.4417188	-0.0040334575	-4.923463	1.105914	-3.309483	0.9267326	-0.6477585	-3.6575215	-2.2095826	-3.045321	-1.1243491	-3.3714814	-0.50682884	-0.32431665	-1.6540961	0.26968554	-0.582426	0.7188515	-4.1317225	-3.340528	-5.7135572	-5.5530205	-0.23961855	-2.5330532	-0.7168132	1.6617855	-1.7966872	-0.46982944	-0.99559855	0.37047416	-1.4041044	-1.2434928	-1.5138949	0.0575802	0.9315868	-2.6703298	-0.09468299	0.056211594	-1.4471595	0.006199517	-2.506897	1.2873187	-4.242392	-5.228763	1.8368403	-1.7702545	-1.3273854	2.1695027	-3.372945	-3.298535	0.037669115	-0.048309345	-0.83306456	-0.22977577	1.4496167	1.1469506	2.4639666	3.5503697	-0.7808232	0.6036506	-1.441387	-2.1604378	-0.20147358	-4.6606193	-1.2170515	-0.87733823	0.77544934	-1.269019	-1.6549333	-2.3527453	-6.2130895	-0.46714172	-0.74339604	-0.056957405	6.3771935	-2.9822595	-1.3886898	6.330792	-2.719273	-1.0848962	-3.219598	-4.9217024	1.0990827	-2.441049	-1.5512811	-0.3331274	0.7266068	-1.3810724	-3.232498	-5.5476794	-3.5862048	0.23346074	-2.34479	-4.4280057	0.9385725	-1.7451022	0.27264807	1.0037798	-1.9025377	-2.9495206	-1.6199487	-2.9749525	-4.928361	-0.24128814	2.5609143	7.2802496	-2.5684426	-0.083575785	-2.8808105	-2.4583662	0.9280865	2.2576444	-0.7657163	-0.8696429	-0.029988963	-3.58372	-0.34743625	-2.6333191	-2.4135418	5.480056	-1.5195595	4.6035633	-4.4117756	-0.17357215	-1.0182966	-2.0879817	-1.5622988	-0.48775753	0.69563025	2.0781682	0.20307963	-2.2252944	-1.2109371	-0.60945606	-4.5632815	-1.4074008	-2.0182877	-0.092258185	0.25510707	-0.24045244	-3.8550878	-5.4107413	-2.425734	-1.9141961	-6.6885033	3.5063832	0.23560973	-0.073991545	3.1152053	0.6575261	0.9209055	-2.6840625	1.2317452	-0.480781
homoserine	-1.7572151	-0.13227709	0.31638837	-0.88030714	-0.06705339	-0.89299005	-1.4780741	0.35833684	-0.6914676	2.836921	2.2410803	5.1225758	-7.8731585	-0.96394104	0.46768954	3.851423	1.3544621	-0.5561334	2.0164135	1.1152469	1.571544	0.6862752	-0.8225744	-2.8910952	-1.2014983	-0.592421	0.88410264	-3.5888588	-5.124388	1.4313087	-1.7733146	-2.6182752	3.885919	1.0161319	0.9218318	-0.38693586	-0.32806337	-1.5095874	-0.5718369	2.694984	0.03869598	1.5829018	-2.106063	-3.6007397	-2.0438185	-2.492744	-0.029341422	0.15497601	-2.5117414	-1.1680301	0.7692172	-1.2770277	0.2876234	1.6243514	-1.1699026	-1.0627277	1.6659235	-0.5560529	0.05124119	-3.3825374	-2.1329508	-1.3039318	-2.049797	-1.4615238	-0.6066243	-2.957665	1.01476	4.2600536	-3.220865	-1.2825817	2.5011153	1.8133596	0.542201	-1.5668874	-1.3618621	-2.0771537	-1.8264492	-2.3647203	-2.7011812	-2.8433378	0.4436368	-2.4815533	2.329043	-1.46051	-1.5153424	-2.082504	3.7806053	-1.0894519	-0.08252141	-0.32749614	0.158656	0.4736588	-2.5909932	-3.0049279	-0.21217093	-1.5048971	-4.1004004	-5.107543	0.728608	-1.1708795	-1.3201877	1.7991397	-1.7243822	1.1306818	-1.2165422	-2.3776083	-0.5702092	-2.6302643	-0.5350323	-1.3766305	-0.69169384	-1.7576703	-2.3506587	-2.2429762	-2.348133	-0.9662126	-1.0857337	-2.5321088	-1.8500506	-3.4789522	-0.58232373	-0.8272322	0.40807086	0.3300856	0.9713579	1.295871	-3.1083965	1.3948947	-4.658312	2.0337887	-2.9963188	-5.3893247	-1.4186947	-1.3767214	-2.7895024	-2.1848307	-1.1558306	-2.487831	-4.179694	-0.7983226	-2.6808693	-0.7064896	-0.3147485	2.1920683	-3.3461673	-1.7700734	-2.496893	-1.6806912	-3.544134	-0.048047528	0.46710673	-3.0332897	1.7408442	-2.6646223	-1.3789234	-1.5500273	-1.6805245	-2.0734432	-3.2492852	-3.2849848	-0.3854508	-0.8680951	-2.909393	-1.0809474	-1.381678	-0.943248	-1.5133537	1.4081696	-0.478862	-2.5463092	-2.4667058	-5.35318	-1.3557549	-1.6314889	0.039298054	1.6639388	-0.6280598	2.4111352	-2.654971	-1.2923719	0.17324702	-2.5573146	1.8848556	-2.3226442	-6.269023	-5.8261967	-1.694245	-1.0143169	-2.6870975	0.7301342	-0.48326808	-1.7055523	-0.91310334	1.1614863	-2.1267483	0.34929746	-2.3745093	-2.6145115	-0.78716695	3.8814332	-2.5684426	5.440393	-0.04555186	-1.5109175	-2.2556999	-2.3805928	0.8376153	-2.1079383	-0.6657147	-2.8592823	-0.80493104	-2.038682	0.26562542	-0.052924473	0.26715738	-0.19309889	5.440392	-6.044626	1.4866589	1.7117692	-1.9582785	-2.569946	0.75675356	-1.5365837	-3.0578303	-0.67343163	-2.4483786	-3.5424347	-0.45309597	-2.078809	-0.19822244	-2.073113	-1.9114579	-0.23185371	-2.6267467	-6.4842405	-4.0503283	-1.2020768	-1.0229868	-5.2810674	-2.0726912	-0.110772066	-0.8280182	-0.8616369	-1.8928816	-2.633571	-2.6663647	-1.8645302	-1.50262
homotyrosine	-1.0870123	1.8346224	-0.63921845	-0.3143287	-0.65850466	0.56052804	0.35591274	0.57520145	-0.7243487	-0.1882451	-2.6431088	-0.92168325	-6.232751	-0.54891574	-3.4277287	-0.15882614	0.13459332	3.7169437	2.035442	0.7643419	-0.048198458	0.30299032	1.127178	-3.1070328	0.08271685	-3.4144893	-1.105579	-2.484484	-4.750032	-1.0851301	0.068194784	-1.1064032	-1.8813276	1.000047	0.51280856	2.6045105	-0.21157746	-0.22238801	-1.0543283	1.7731129	0.122627445	0.3703133	1.1624476	-0.5247638	0.022025216	2.0835798	-0.39309663	-0.32374263	1.800907	0.6289374	-0.008068962	-0.22343254	-0.50537056	-0.0030320012	-0.22462367	0.06583983	0.2725867	0.69010943	1.2015631	-0.54852396	-0.6213189	0.17011985	-1.0948168	-0.5672281	-0.48657352	-0.458169	2.742059	-1.0106013	-0.6990565	0.33842465	0.5044175	2.0751371	-2.1120248	0.38986063	0.44130385	-0.72390527	-0.6524019	1.0850438	0.8176035	-2.1115234	1.2803154	-6.8133516	-0.71180797	-1.6556005	-0.19350475	0.15673594	0.36677292	0.25377166	0.18440732	-0.48125482	-0.7671321	0.32529023	-0.33328414	-1.1948968	0.7814336	-1.1927226	-2.0055628	-2.8220332	1.1423529	-1.3478823	-0.5902377	0.041128647	-1.8400173	3.454393	-1.274338	0.01756112	-0.21772748	-1.3103276	-2.1155417	2.671818	3.6130023	0.8830614	-0.9058566	-1.9611107	-0.8541515	-4.183889	-2.6658983	-0.8103852	-0.7336334	-1.8814824	1.0015097	-1.5856527	0.8453557	-1.3041669	-0.1162979	2.9360201	-1.2263249	0.7121027	-3.3026297	0.59996074	0.18721266	-3.291041	0.35099474	0.79727364	0.26812717	-0.55801773	0.26580474	-2.7904608	-3.45266	3.367784	2.1461155	-0.28131172	1.0223056	-0.69956076	1.358279	0.5487874	0.039742187	-0.02035161	2.3360953	0.27560622	1.2442554	2.2268014	1.3639129	4.380513	0.76330507	-0.5230453	3.54958	0.565581	-3.4594424	-1.1168048	1.339085	0.80011785	-0.19190605	-0.5848857	-2.846716	-3.2922504	1.0775828	-0.65269154	-0.33143878	1.9724076	-1.4373214	-2.7198853	0.7400686	-1.5696548	0.9632793	2.9802358	-3.0400264	-0.7722334	-1.4111017	-0.23970832	0.9022278	0.08905737	-0.6916041	-0.341768	-5.506845	-3.84168	-0.050856147	0.5087143	0.32894254	0.1008965	0.80791897	1.9272598	1.9483821	-1.158385	-1.7173573	-0.124800384	-0.8644646	1.0463991	1.8287295	0.076715514	-0.083575785	-0.04555186	4.380514	-2.131064	0.91691506	0.2500873	1.6366496	-0.64176726	0.26815698	-0.33429566	-0.8211641	0.60512483	-0.22723025	-0.8556374	0.20961575	0.36171666	0.789782	-5.4805017	-0.79523426	-0.71614647	0.5234263	-1.340508	0.6039815	0.3077474	-0.9724178	0.93094623	0.44952163	-2.5118341	-0.28173754	-2.1774995	-1.1561087	-0.40699995	-0.09497336	-0.8892466	-0.35987124	-5.416443	-4.7874403	-1.3106103	-5.812868	-5.686236	2.2518542	-1.7346857	-1.0166355	1.8046211	0.5179496	-0.52021104	-0.107979126	-1.5072079	-0.07723393
indole pyruvic acid	1.7739679	-1.0532826	3.5642269	2.4332247	3.0870495	0.16676033	1.781319	0.61519206	2.5665033	3.1370373	3.0231671	1.7943522	0.23627146	4.145685	-1.3013757	2.4248073	0.23622972	2.6176589	3.4300177	8.452424	1.0186927	4.856106	0.41069704	-0.5691639	0.035784066	0.33425495	4.7676454	5.368368	-2.0964577	4.970335	3.1127985	1.2201908	3.7991185	1.5125573	2.4185312	1.9424596	0.48030758	5.1542654	4.786791	1.2279316	3.647847	3.3806758	-1.1767662	3.9140732	-2.518567	-0.5972299	-0.98621356	3.2259846	0.23560019	0.9223199	0.7309492	-0.85032547	0.50138193	-0.6804059	-2.3636196	-3.3017957	0.19737466	3.2877	0.45495152	0.7776207	2.2746935	2.255316	-3.9923372	1.105849	-1.4604504	0.3486505	4.2041655	-0.58564764	-1.8039293	-2.0084505	-2.026672	0.6285642	2.2457743	-0.734085	-1.1020316	4.1693945	1.3573873	0.17577809	-2.0408566	-1.4779375	-1.8748446	6.5047135	2.168228	2.2028189	-2.5428138	2.0510569	1.5127703	2.1938329	3.2304528	3.7425244	3.743569	3.1296668	-1.7347581	7.964493	-1.8961818	0.22870524	0.24282813	-3.044671	-0.12900825	-1.4179716	0.21875696	1.9177828	-0.08452053	3.4836872	-0.35286546	-1.0141628	-0.108611986	1.3445072	2.7208424	2.4071207	0.3941961	-1.2316886	1.1839272	-0.10251822	4.3617706	6.4069963	6.613614	3.6932023	2.3336568	2.5859761	3.0843341	0.48179668	-0.05887048	1.0956167	2.914482	1.4082581	-0.19426721	2.6787682	-1.2821168	1.0577774	1.7596385	-2.3910797	-0.23574108	3.399784	-0.9626871	1.7568123	-0.028285138	-0.9861649	0.86325866	1.0392152	-0.035877995	2.2882595	-0.9230876	0.32428515	0.35519662	-4.0395417	-3.1980457	0.9583684	-1.1848083	1.2182345	0.030006206	0.6429057	-0.35445273	-0.038603574	3.2204206	-1.1592034	-5.0551324	-0.90936816	-5.7914295	-0.33224976	-0.9661132	2.3151875	-1.8453327	-2.12861	1.0006967	-0.11811749	4.7031054	4.1572323	1.2081993	-1.867222	4.6404223	-4.603133	-2.2222798	0.10078157	1.5843593	-1.6071151	5.469726	3.490121	1.3182595	5.09745	2.2407413	2.9015052	4.3928566	-1.3929465	-5.0471916	-5.5061088	-0.3112524	0.19286852	-3.7515295	1.6520853	3.3839993	3.5616295	1.9784781	3.0847156	-3.1791835	-2.578903	-2.6550963	-0.9692537	2.3575118	1.3339869	-2.8808105	-1.5109175	-2.131064	8.452425	-0.6901077	2.206754	0.048761237	3.8316238	-2.629936	1.3017457	3.1805568	-3.8825505	-0.19888176	4.4918137	1.1336492	0.6928728	0.7253973	0.6346288	-0.502311	2.8010669	-1.0482067	2.7979953	0.9959116	-1.8729936	1.066471	4.6269245	2.610916	7.2144046	0.28667665	-2.2938356	1.8082427	-1.2088135	2.4406123	7.2984023	1.6660426	-0.061971117	-3.5754244	0.31198597	7.4043555	-6.189601	-1.2796456	5.4976335	4.5406475	4.0524836	-2.2655954	3.4462693	-2.8154225	1.3329514	1.5311242
isoleucine	-1.0321982	-1.3934804	-1.9123272	-2.3365197	-3.213805	-0.9947092	-1.3156804	-1.8948581	-2.3630357	-5.02013	-5.6256623	0.021532554	-7.240482	-1.5939577	-4.340973	0.8334895	2.4262247	-1.9098758	-2.3899665	1.6520011	-0.51137936	1.3211681	-1.5682589	-3.2644925	-2.0920844	-2.986709	-1.276646	-2.5378892	-4.2553115	-2.4782743	1.0668148	-2.1915238	-5.4837427	-1.2308315	-1.3200552	-0.33696717	-0.51646435	0.70934284	-1.6663085	-0.024439396	-1.8710716	-1.9472134	-3.1556215	-1.881658	-1.1416365	-0.6064049	-1.898356	-1.8144418	-0.5472782	-0.19546592	1.53014	-1.4362607	-2.1994102	2.4354591	-4.336734	-3.9703875	-0.18021718	-1.2213315	1.5722046	-4.0835547	-3.159731	-2.2220905	1.5240601	-1.2731622	-4.0715103	-3.1101515	0.3410956	-2.7393427	-3.0267735	-3.7158353	-0.6270434	0.85711586	3.1752083	-1.841508	0.6055247	-2.8547928	1.3294843	-3.90181	-0.091479726	-1.774592	-2.9813716	-3.4295676	0.6634763	-2.2085254	-2.082227	-1.9985243	-2.2300472	0.07113516	-1.1763165	-1.7672067	-1.3523837	-0.8974725	-1.169188	-1.5879949	-1.8175292	-1.6346282	-2.5758538	-2.7308593	-0.7894042	-2.34429	-1.5878661	-1.0045447	-2.0509367	-2.122869	-3.4900782	-2.817661	-2.511708	-0.9864923	-1.8742576	0.25630444	-0.08247048	-0.5176043	-2.747222	-4.0420227	-1.5528986	-0.66053796	-0.22871684	-0.7644601	-1.8145148	-2.0798433	0.09940819	-1.9889332	-1.2094207	-1.0125494	-2.648642	-1.0737712	-0.05995066	1.2895044	-1.9279559	-2.8591197	-2.156226	-1.5329285	0.8136673	-0.6788292	-0.36299476	-1.8728592	-1.959786	-4.012217	-5.3452063	-0.83288646	-2.6460922	-0.34506208	0.036199477	-2.357721	-2.4940915	-0.45225942	0.21825102	-0.60835147	-0.5784579	-0.60785365	0.30875656	-1.1287658	0.753661	-3.257191	-1.4240696	-1.7774416	-1.3969555	3.2415307	-3.5521424	-2.3447955	-1.8700368	0.96972424	-4.502821	-3.822429	-3.5090747	-5.777814	-0.44889677	0.51670885	0.9845297	-0.48977676	-1.3095862	-2.8987057	0.23945074	-2.2884607	1.0090578	-2.1603103	-2.1568532	-2.1617174	-1.5492787	-0.57199985	-2.5889	-3.1902816	-1.4031383	-2.535892	-5.2115116	-4.0675116	2.1419802	0.31630003	2.6378994	0.20836325	-1.5710808	-1.7161037	-0.8788557	-3.0080264	-4.08075	-2.4557526	-3.084266	-1.8919363	-0.48387155	-1.5868633	-2.4583662	-2.2556999	0.91691506	-0.6901077	3.2415316	-0.89497125	0.19337505	0.1439664	0.9956513	-0.20140146	-1.1386441	-2.4108057	-1.7029028	-2.4145703	0.3805792	1.4985093	-1.5478557	-5.8402233	1.2386557	-0.8649567	-3.6959345	-0.31146297	-1.469311	-1.2081895	-0.8469472	1.9332286	-1.7163962	-2.1133606	-2.294831	-3.4039855	-2.269559	-2.656753	-0.7460762	-2.5039237	-3.4819884	-6.171042	-6.4722886	-2.3415933	-1.984829	-4.632463	-0.7316594	-2.1499357	-0.23898074	-0.8027889	-2.2786844	-2.0894282	1.6700352	-2.8629591	1.0539896
isovaline	0.58481807	-0.469311	3.2926493	0.6192651	1.3964369	-1.3133787	2.1533082	-0.11433115	0.60090864	-0.811633	-1.6183119	0.45681822	0.32806757	1.6501213	-3.68642	0.8525493	1.3375952	0.33259326	2.364085	-0.05233444	0.115401976	1.1796188	8.186221	-0.3184164	2.031547	-0.060516894	5.3185515	6.701932	2.9956605	2.2041671	2.7482634	4.3454967	-1.1522968	1.3318775	1.8242711	1.4353869	0.6531989	-0.34981012	5.0063443	2.6413646	0.35465539	4.276031	-0.90032554	1.8127446	-2.8664155	-0.7837489	0.6100581	1.9862385	3.596777	-0.55131006	0.5458686	-0.242705	-0.68466675	-0.5048658	-2.5468922	-3.509113	-1.0782224	0.4207803	1.7499821	2.2371469	1.8052125	0.15359254	-0.59248734	3.2876518	0.13824223	0.21120536	1.440403	-0.7707384	-2.2035987	-2.443002	-0.506399	-0.15226713	-0.106881626	-0.36245954	0.5320653	3.4781375	1.3200953	-0.49285898	1.3440937	-2.422774	-1.1118292	3.5555549	1.2618687	1.1891154	-0.78185654	2.395275	-0.034245912	1.5348544	1.3921676	2.1006622	2.7418807	0.64660794	-2.26789	3.2083166	-0.25513026	0.007172582	-0.35851395	-3.2633133	1.4593829	-0.3181462	2.3037646	-0.82230085	2.095186	2.0278065	1.4940064	1.7014304	0.7990174	1.2665472	0.1707053	0.9064848	0.49808344	1.1351528	2.5227337	0.46301347	1.7650951	-2.1401505	-1.7965771	-0.30780044	-1.1113077	3.8707538	5.085151	1.3843701	-0.20058528	-0.5019556	0.039261818	6.6515923	5.057834	1.0885721	-0.36700833	-0.04544027	-1.761504	-2.4735544	1.4290531	1.8729275	0.14172192	-0.1453166	-0.5657085	1.9917846	-3.844469	0.736061	-1.7110754	1.2465781	0.5025617	0.3467788	-0.23040758	1.2450172	1.056306	-0.00548566	0.26156476	4.0050707	1.2273794	3.9784026	0.60053945	-2.2714615	2.7535622	0.44339404	-0.9323616	1.7027644	0.9302589	0.103275776	0.29149637	2.389852	-2.8471885	-1.8186656	-0.3510302	-2.9605193	1.9956325	-0.32851472	0.20782976	-1.2357409	2.9049063	-3.2297385	3.4477582	-0.28449485	0.5061133	-2.1257963	-1.3085113	2.4346595	0.030113773	2.8216536	-0.6063896	2.2432983	2.100883	0.40276682	-4.296416	-3.2156677	0.3383268	0.6517046	0.26471853	3.8880773	2.0878255	-0.121011384	2.2003531	2.1588845	-0.3155353	-1.6425749	-1.1489654	-3.3865132	2.0146108	0.057356875	0.9280865	-2.3805928	0.2500873	2.206754	-0.89497125	8.186222	1.1847322	3.3318303	-0.18863086	2.973574	2.4750202	-1.2535292	-1.1497202	1.6626915	-0.17389761	3.9313045	0.81613845	-0.1781566	-0.3124443	2.642796	-2.6158311	-0.6585431	5.884239	1.4392139	3.7031178	0.36377338	2.6745644	2.936615	0.93298113	-1.8046876	2.2405512	1.1430064	3.165481	4.6910195	0.6401157	4.0507483	-3.9638076	0.89038765	-3.3197863	-1.7904322	1.3311847	1.9587041	0.87910104	0.75698054	1.4850309	1.6984717	0.044447195	0.63417476	4.1347175
kynurenine	0.7535455	0.19328652	1.2200799	2.158658	1.3836505	-0.64347386	0.673269	1.85625	1.151932	-1.6548395	-1.4635422	1.4096057	-4.567967	0.3500219	-1.8285016	1.0605769	0.33684582	1.3286232	-0.4897248	1.5068009	1.120237	1.1460654	1.115763	2.167448	0.31683892	2.1096876	0.35801134	-1.1182635	0.012984711	1.0209191	1.3606403	-1.6315131	-2.2864938	-0.51955044	0.6231635	1.0211107	1.3311995	1.0669174	-0.08619928	1.4404951	1.1643156	2.4718943	0.28946477	-1.156204	0.57590395	-0.5390822	3.3905232	1.2022141	0.92882437	-0.5481661	2.4781594	0.5373721	-0.15601727	0.29678383	-0.66618985	-1.6904808	3.9211667	1.1299568	3.6374714	3.029011	2.441276	0.9706165	0.656556	1.1287923	-0.366764	0.034157652	1.5340959	1.2922791	-0.017907802	-1.6532087	3.7380435	0.16685903	0.015467758	-0.52508277	1.0969179	0.4792319	1.3589461	-0.78371084	1.8561732	6.365675e-05	-1.2674489	-2.1924114	1.3489538	1.8109114	1.4015378	1.3678309	0.7567302	1.7213438	-0.3765397	1.3137015	1.4436784	1.9857644	-0.8889136	0.09808835	2.0703168	2.5396936	2.2741766	-2.6035106	1.7999085	-0.8204737	1.1970121	3.7565033	0.79240346	1.2133684	-0.11589553	1.2062644	-0.39880347	2.322469	2.0234954	0.44949877	1.6370237	0.4542297	3.4617038	-1.3931932	0.4682856	4.3039675	4.1053634	5.141431	0.10846017	-0.6407005	1.1166295	2.3545973	1.4035357	1.2162286	-0.22191271	2.2654197	-0.96529734	1.2113987	-1.4315737	0.7720777	0.57526946	-2.2349377	1.2180637	0.4334423	2.2619762	2.1160457	-1.482505	-1.583994	-2.75425	1.5602154	0.41457763	0.32551494	1.2171258	2.461983	0.21279758	2.6740441	1.9017632	3.0450394	3.2346673	3.1009178	3.068498	-1.2105206	1.1090999	0.028773708	0.3997099	0.5867534	-1.4056264	1.1230277	-2.725865	-0.9891256	0.6181876	1.4706873	-1.2781258	-1.1595906	2.475425	-1.8541632	1.1647276	-0.50214255	1.3247768	1.0694993	0.75624233	0.23254403	1.6064914	-2.5259147	1.8433005	-0.2069633	2.5276675	3.4098048	-0.657319	1.0679325	0.6567009	3.9735005	0.42488798	0.5319815	-2.5538018	-2.2419636	1.559172	0.87465096	0.6604466	-0.0011724093	1.2697293	1.3318242	0.61216426	0.5507254	-1.1597589	2.1216185	0.52310693	-1.049783	3.068094	0.43427524	2.2576444	0.8376153	1.6366496	0.048761237	0.19337505	1.1847322	5.141432	1.1305902	0.45875823	1.8645945	1.1623292	0.069692455	-2.9391818	1.9775932	0.9059251	1.8110987	4.367045	-4.09316	0.85920656	0.80752236	0.36478245	-1.2222311	-0.9483366	2.1658587	1.0739208	0.6748817	1.252674	0.5383623	0.89586693	-0.051361836	2.635711	0.25669956	0.6086102	0.27564755	-0.41000336	0.81193626	-2.7682383	1.5946767	-3.0454285	-3.4926527	3.181349	-0.7070698	1.6334211	3.3985696	0.87869143	3.5347543	0.16951801	-1.056426	0.9481151
lactic acid	1.511515	-1.7453287	3.3828914	2.8671596	1.0365249	-1.3235836	3.9242318	-0.096469246	3.1557083	-4.1258416	-3.0470583	1.6142796	-0.24805444	2.4950492	-3.4599571	5.5478315	1.1302264	6.8109503	5.7098475	1.7377181	4.1455064	0.5045505	2.18989	-0.54744416	5.6166887	2.0874393	2.118529	-0.45485657	-2.3679447	1.8330882	7.566948	4.419963	-2.802359	-1.0873535	-0.6963268	1.3488768	5.57972	6.019687	3.3662536	5.4120026	1.4670298	1.7536283	-1.725419	0.21355325	-2.2555406	-1.9853275	-0.6543093	4.6281424	2.585099	-1.9121346	1.7073532	-0.09519463	0.14398216	0.30844536	0.23924747	-6.0658283	-0.20783605	1.7678885	0.81602067	2.1791477	3.4918828	0.07699427	-2.2918777	-0.7071019	-2.5446184	-0.7837239	0.12140138	1.7812562	-2.0931368	-2.1352446	0.13125347	-1.3373842	1.3144878	-0.37761137	3.1454296	2.9908822	3.4302776	-1.9344244	-1.2554449	-0.79304934	-1.5525724	5.346498	-0.33143315	2.2793136	-1.3393917	2.6437275	4.428226	3.8152416	1.8129832	5.342343	2.7284985	3.375879	-0.48661593	0.99987024	0.9576698	0.033061385	-0.040128537	-4.35541	-0.06131867	-0.058973733	1.4860029	0.73871946	3.3936768	0.1264887	0.60047483	2.029627	1.8440775	2.7764587	4.864727	2.6140594	-1.2412981	-1.114509	1.3321682	4.661342	6.2806816	-0.58690184	0.7744481	-2.0532715	3.5267224	2.747539	2.0441504	4.060591	2.5113187	1.4423759	2.0960095	1.3591291	1.4055948	1.7448865	3.8299172	-0.024052791	3.1439037	-1.4941708	1.5524132	2.0262446	-0.5747126	0.036047984	-0.07595876	-0.95915246	-4.68879	0.66940457	1.3220117	1.0589641	-0.15327515	5.454709	0.40259665	-0.39172792	-1.5297672	0.5998682	-1.0067879	1.6644585	-1.1574911	-1.5104614	2.9812539	2.421761	1.2396013	-0.6723772	-3.1196444	-0.5608488	-3.0355775	0.871597	-0.3311446	0.7508176	-2.2330709	-2.8904471	0.0915799	5.126706	4.2239237	3.9426584	2.5578725	-2.2809813	4.4179835	-2.194356	-1.3448302	3.0249264	1.6319298	-1.0409167	-0.4678887	1.8169246	1.1580448	5.3056316	-0.8383512	2.736798	2.2684703	-0.9082411	-3.1899583	-6.1922693	0.5221023	-1.2946234	-0.52568334	0.19695878	5.4328156	0.28056225	3.1307602	4.922808	-3.5198188	-2.665338	-1.4382358	5.676683	2.4527712	1.8670696	-0.7657163	-2.1079383	-0.64176726	3.8316238	0.1439664	3.3318303	1.1305902	8.105014	-0.7929384	3.400495	1.1318353	-2.8215866	1.2326605	2.5959184	-0.013275478	0.87711346	-2.0999475	-0.46182677	0.0013008654	3.349757	-3.1741188	2.8899205	4.7685747	-0.16880101	2.4778054	6.399479	4.0310583	-0.80178493	1.9087486	8.105013	0.28139734	0.47897464	1.0617685	5.3543553	1.5863807	4.0041246	-2.6693122	-0.26264453	1.019149	-4.876063	-0.45556635	3.8660285	1.7163051	0.098151	-1.4370158	1.8134503	-0.6398884	0.71680546	3.4705987
leucine	-2.5893145	-1.4904253	-2.7143483	-1.5644372	-2.3559487	-0.558359	-1.6051316	-0.83495593	-2.5040147	-3.7939234	-3.9593534	-0.93301857	-7.279985	-2.61215	-3.966119	0.36387277	0.45143357	-1.371354	-2.8223684	-0.6637449	-0.23829304	-0.026813515	-1.4465804	-3.1691372	-1.2165948	-2.5891767	-2.1999805	-2.6225867	-3.5213246	-2.80237	-0.47781795	-3.1847825	-2.9237742	-1.1235328	-0.9272342	-1.4004588	0.4983007	-1.2597473	-2.294211	-1.2117779	-0.34183928	-0.7256619	-1.1131604	-2.7487574	0.52921593	-1.1973648	1.1002415	-1.2316295	-2.1088955	-1.3056545	-0.91914517	-1.6043234	-1.4629127	-1.2990475	-3.746475	-3.3066092	-0.846635	0.017389534	2.3873963	-3.5252101	-3.0435686	-1.0100147	-1.277818	-1.7665973	-2.2684639	-2.8219097	0.2902236	0.10251894	-2.2055695	-3.3083932	0.29125562	0.06354376	-2.4757903	-2.7242954	0.4285058	-2.4492435	0.50641984	-3.5908637	3.5065682	-0.33276343	-2.7775216	-3.779395	-0.5397103	-2.507445	-2.0310314	-2.2250097	-1.7885963	-1.669138	-1.9480097	-0.50099015	-2.7580276	-2.5567691	-0.69772536	-3.3021514	-0.34511688	-1.5772831	-1.5470934	-3.6547935	-0.29026225	-2.0606554	-1.305838	-1.4786819	-2.91711	-1.4881319	-2.4404633	-0.9161837	-1.7309788	-1.2247347	-1.7938657	-0.047203697	1.410556	0.60937613	-2.5243597	-2.9839392	-1.4943558	-3.5969844	-2.0330906	-1.0211166	-1.6035793	-1.1727504	1.0222708	-2.9046888	-0.49979353	-2.2766793	-1.4853451	-0.993578	3.6066792	-0.19734335	-0.31750745	-0.35566854	-2.2341316	-0.85660875	-0.52131844	-0.6006585	0.1357552	-0.93275285	-2.4336119	-3.232413	-5.1026974	-0.030127404	-1.564639	0.08581734	1.1290764	-3.2447777	-3.1226728	1.5248864	0.102910526	-0.08797711	-0.83754194	-0.22256416	1.0365149	-2.8839982	0.43266085	-1.5159767	-1.9892002	-2.0479028	-2.5416808	1.7432581	-3.1678321	-2.8638458	-1.2331048	-0.44531173	-3.7512743	-2.9837284	-3.3152673	-3.0938718	-1.1913263	-1.5089419	-0.99045706	-1.4265056	-1.9023216	-1.195661	2.5469465	-2.8874824	0.1119679	-1.77357	-3.1912966	-2.198276	-1.736824	-1.8588556	-0.055078384	-2.3810525	-2.3481817	-1.5747191	-5.06987	-4.25618	1.0581796	-0.17455623	-0.34237733	-1.7348847	-2.1299126	-0.80848527	-0.067211434	-1.5354565	-3.5099087	-1.4426309	-3.149102	-2.7843037	-1.2799627	-0.71657526	-0.8696429	-0.6657147	0.26815698	-2.629936	0.9956513	-0.18863086	0.45875823	-0.7929384	3.6066802	1.1199046	-2.3640401	-1.0286269	-3.0820975	-1.7909714	-0.7399827	0.1693178	-0.13451184	-6.113981	0.6684341	-1.978064	-2.9110267	-0.518121	-2.2220533	0.05783778	-0.2613754	-0.040457074	-1.3702369	-3.4792066	-1.5421789	-3.7510595	-1.365864	-1.9438632	-0.33980995	-2.7467692	-3.8170497	-4.605291	-6.071363	-3.63378	-4.5251346	-5.64477	1.4228423	-2.7885988	-1.9047902	0.3999684	-1.0463917	-1.2438163	-0.5717265	-2.3684072	0.19163668
leucinol	0.9424362	-0.33859032	2.5344024	0.8096603	0.5024686	3.0953593	1.0561023	1.1629813	-1.0234301	-6.2256527	-5.364282	-1.2065252	2.9956617	-0.3235896	-4.8211846	0.31607896	0.61813754	3.9033606	-0.40422615	-0.5444365	1.6082846	1.2417586	1.807013	-2.0932138	0.12634277	-0.18319155	1.911422	2.2773883	-3.5648801	-0.050482374	2.9678528	1.6483419	-5.870626	0.37979183	0.5955463	0.13219859	4.5150466	0.18031546	-0.033307396	2.3686862	4.7578735	2.4403214	-2.9232748	1.5741316	-3.3440003	0.535616	1.0080506	3.139162	6.091769	-2.6683044	0.4578211	-1.1719788	-0.7509425	-2.7093787	0.6915888	-2.4991314	2.500441	2.447169	1.1487623	0.59761727	-0.123987466	-1.8375516	-0.0920768	2.0585442	0.20835467	-1.211646	1.0983298	-4.084206	-1.8168864	0.14462544	1.9823973	0.54910904	-1.9240296	3.1897843	3.358342	1.2190193	3.2488263	-0.36477807	-1.5499742	-4.223224	0.24699672	-4.979284	1.0248249	-0.558556	-1.55038	-0.68842375	-1.2232598	1.1761227	3.6257927	5.9987807	2.0263472	1.425589	-1.9053799	0.026294194	-1.3747978	6.175717	0.1857994	-4.0004654	2.1791208	-1.908831	1.5524788	-2.7179267	0.7315659	-0.8543616	0.34176654	1.5761998	-1.5171545	0.34007064	6.491667	3.3600996	-0.72273374	-2.3872993	-0.52039707	-4.531132	1.3497219	-3.5362196	-1.655193	-2.5428462	-1.9502559	4.1762986	4.643246	2.373703	1.154195	-3.2079813	-0.09978553	-0.6027633	2.8413982	0.076164305	3.0526783	-1.0476536	0.039667625	1.7209507	1.5718539	1.6283413	1.7090471	-0.5322904	-1.4924862	-2.513411	-0.5166869	0.8091834	-2.7035365	1.9591178	0.36844534	2.403631	-0.25773638	-0.95130926	0.10129566	-1.232495	-1.2620914	2.243914	4.188245	0.20677117	3.6377325	-2.6012945	1.787913	-1.5347531	-3.3220522	1.3387192	-5.0592356	0.0058536613	-0.059079815	0.9930368	-0.7643792	-0.14667797	-0.5904156	-6.0209894	2.5893095	-0.11832882	-1.0507824	-2.9785836	0.617072	-1.3309263	0.16559702	-0.025570802	1.0897843	0.736758	-3.003358	1.6937165	0.6845535	1.1922933	-0.9490866	1.2273337	0.78694445	3.9524853	-5.6375074	-6.812864	1.8657662	-2.457104	-0.7526428	-2.2196646	5.4600806	-1.5001824	0.4341175	-2.2793138	-3.3594158	-2.4102376	-0.15522069	-3.501814	0.85788316	1.1557761	-0.029988963	-2.8592823	-0.33429566	1.3017457	-0.20140146	2.973574	1.8645945	3.400495	1.1199046	11.088428	2.908619	-0.29557446	0.21683365	-0.9062602	0.23101908	1.1671064	-1.3848469	-2.2783737	1.5483415	0.1474809	-1.7994957	3.227119	0.21192732	-0.4406946	11.088427	1.4970506	3.5069878	-0.9178164	1.5961207	5.3113174	-0.087538175	-0.4380003	2.1921153	0.6356125	0.8414792	1.1190326	-5.0815334	2.2590454	-4.3049045	-5.636502	0.6972388	-0.40455332	1.2947043	0.10417537	1.5584294	1.5400311	0.11748868	0.9276948	7.5765805
linoleic acid	1.8148699	0.25713336	2.6161096	4.248627	3.5694804	-1.8186593	2.2821937	-1.3263726	4.5628304	3.4691553	3.6148636	3.9267075	2.4680958	4.7653327	-2.293655	1.9316976	-0.71716297	2.1803036	4.4027314	1.9372292	1.1009007	0.91857845	1.7213869	5.02915	1.2114886	4.766535	4.1878085	3.7423024	1.8316109	6.4014487	1.9766854	0.8208483	4.047225	2.0546055	1.8273133	-0.34655982	-0.13856097	0.4565729	3.4413764	4.099213	3.765502	1.9108772	1.5516697	3.637722	-2.7668312	1.1260704	-3.3794532	4.526758	2.3953052	0.45951745	2.5314887	1.3803258	2.9482353	2.9004643	-2.7919436	-1.137797	4.7693806	-1.0466868	3.3195398	7.052405	3.176593	0.62832314	0.91109747	3.4312527	-0.14476506	0.0015381619	0.14777057	0.7776638	-1.3504459	-1.7353609	4.7964587	-0.99512535	1.2876588	-0.67757106	-0.30085966	6.9059663	2.7096517	-0.9871716	-0.62621236	-1.0832694	-1.7405217	5.552214	2.2159526	-0.26092416	-3.2232628	5.2939725	4.1124296	3.3306975	2.7189872	3.9288847	4.7338524	3.4131875	-1.6006664	2.959521	0.030437144	1.7903154	1.730223	-2.3705714	1.8280666	-0.8318313	1.2639304	0.44339806	3.0685093	0.49163416	2.3379436	-1.0407007	0.12584157	1.05587	6.0623837	4.789791	0.18720506	-0.7035843	4.3895826	-2.5164757	3.6509907	6.511927	5.9567237	-0.023718372	0.6273612	2.9470623	3.72955	3.1859715	-1.1864353	2.3339217	0.109461494	2.060603	-0.5244717	1.575054	-0.1603742	1.722471	0.7986789	-0.90348047	1.7434242	1.9195579	-2.8257966	3.5098128	2.130569	-0.50997484	-5.2513337	1.2868468	-5.5226035	2.8903413	0.39795735	1.2243687	2.1604552	-3.813568	-1.0543126	1.6002825	-0.5879513	1.8087938	0.31635273	6.418189	-1.1738001	2.9386292	3.7748964	-0.8770518	-4.3010845	-1.8106097	-1.7157565	1.5653964	1.9428897	-0.55510676	-3.6505055	0.9603525	5.3728185	-3.443958	3.4759908	4.4878926	0.7508821	-2.8479185	6.607332	-4.579755	-3.4972212	0.67114186	-1.0364645	0.11054037	7.4286103	4.7579026	0.06034329	3.1472518	-1.2497369	3.3944938	3.8829138	1.8370234	-0.6379697	-0.2518546	-0.2930885	1.2340208	-1.2441145	2.9538193	2.5246468	-2.196852	4.0148454	2.7977085	-3.68063	-2.4073308	-2.7760026	-0.9321241	4.1565056	3.4696298	-3.58372	-0.80493104	-0.8211641	3.1805568	-1.1386441	2.4750202	1.1623292	1.1318353	-2.3640401	2.908619	7.4600086	-3.5743544	3.6676798	3.7840397	1.7522403	4.2718086	0.50133944	-1.5290337	1.4290564	4.3081336	0.93907934	2.9781692	7.4600077	0.2650717	2.507279	1.2154785	4.140127	1.565934	3.1054811	-1.5145179	4.3235993	-2.991589	4.7691703	4.953185	4.888227	1.5872269	-4.7927356	6.1523566	5.5119205	-1.9607211	-0.3446016	4.523718	5.394883	-0.12231663	-1.9906714	3.8010614	-1.3837428	2.7738836	1.9867983
lysine	-2.8434098	0.6811062	-0.7295576	1.4070133	-3.7336671	5.1624303	-3.1107602	-3.0929325	-1.0485762	-4.044096	-3.7045765	-1.5807288	-7.671232	-1.7332783	-1.5886616	-2.6503055	-1.6385019	-1.8467993	-4.4620833	-0.71768177	1.6459558	-0.20731632	-1.9739652	-2.7845466	-3.424637	2.6055524	-0.25395155	-4.1492195	-5.8769975	-4.059729	-0.9973435	-3.0237937	-3.4798791	1.1539967	1.6557478	-0.54528385	-1.165951	-3.2764552	-2.5360508	-0.691348	-2.7567954	-1.6169263	-0.813989	-3.4288082	1.4370133	-2.022482	-1.770067	-2.8570716	-0.5823571	-0.0409835	-0.55401367	-1.5129659	-1.7864455	-1.9023631	-4.132247	-2.8939788	-1.5551234	4.3073673	-1.5927354	-3.121676	-4.192957	1.111554	-5.0957775	-4.152226	-3.2586403	-5.2009416	1.7528652	2.0604184	4.1123104	-2.43774	-1.7156188	4.5118375	-3.9201124	-0.8846937	2.993601	-3.4367037	1.9954412	-4.0418553	0.3892127	4.7560396	-1.5723295	-4.3600616	-2.639536	-2.1489763	-2.2974703	2.3176954	-1.4929713	-0.2938559	-1.1083744	0.94997513	-3.3782582	1.986931	-0.34511647	-3.5104146	1.9558029	-2.1883519	-1.886659	-3.547931	1.9466588	-3.6063867	-2.6832325	1.5534817	-2.611126	0.44439468	-1.8034562	-2.8928323	-3.3790963	-0.23962541	-2.9784636	-1.899259	-0.33026713	4.0104427	-4.537091	-0.14974584	-2.8073971	-3.1516075	-2.983102	0.3978925	2.1563437	-0.6817745	-3.4273722	-2.7179434	0.31819674	-2.702669	2.533939	-2.4744012	0.5148211	-1.5839305	5.533574	1.9808441	-4.249909	5.295846	2.2226098	-0.8057263	5.0251517	-1.0605282	-1.1205482	-3.6517792	-1.8624194	0.5168481	2.3821077	-1.7638652	2.1484559	-1.4485118	-1.7007103	-2.910264	-0.27421886	1.4559283	0.07395198	2.2982996	3.4962451	2.0369406	2.0342937	-1.037447	2.2024422	-1.9200556	-4.8533406	-2.1385722	-5.8971405	-1.3772806	2.7127836	0.8242161	-4.2175317	-2.2038682	-0.5210346	-5.38711	0.7420012	1.7383127	-0.8069621	-2.7613282	-3.2597075	-2.8680234	-0.8878701	1.5988412	0.6098862	-3.9016638	-4.837608	-1.8982326	-0.5863672	-2.6571546	3.6290884	-0.98089576	-2.8051138	-3.1342187	-5.78751	-5.2948256	-2.077857	-1.2968428	0.28000498	-0.20452057	-1.9205347	4.583702	-2.8097904	-3.9235394	-2.6312952	-1.8410662	-3.3581085	-3.85413	0.1942796	1.1750482	-0.34743625	-2.038682	0.60512483	-3.8825505	-2.4108057	-1.2535292	0.069692455	-2.8215866	-1.0286269	-0.29557446	-3.5743544	5.533575	0.07474589	-4.1028204	-0.88030195	-0.06329572	1.2008597	-5.524589	3.3026316	-3.2662783	1.4784584	-3.0172386	-2.201534	-0.8023252	0.10463677	-2.4660797	-2.4322813	-0.11760577	-0.48396388	-3.7040954	-2.5883415	-1.4614217	1.3614568	-1.8004179	-3.4423435	-3.444845	-6.165962	-4.0334396	-4.547694	-6.08274	-2.8416064	-2.2704148	1.5433334	1.1495713	0.1521478	-2.2167504	-2.262527	-2.351349	-0.06726975
malic acid	-2.193996	-1.817877	8.736558	0.55596805	2.7197459	-2.1851315	-0.8443617	-1.3606495	0.6995313	-1.3333285	0.14928728	1.4828634	-4.3132315	4.1526184	2.6030946	3.4605026	-0.6567971	2.1190014	1.5808179	-0.35940492	0.32795486	-1.0832461	1.5112461	-0.4974726	-0.5548258	0.5424364	0.71837175	-1.5446476	-4.115558	4.3546047	3.494586	-0.30613193	-0.5608051	2.8178666	3.1648822	-1.8189869	1.3509881	-1.9587688	0.9311796	0.5711195	6.44519	-1.8650178	-2.8562152	-0.40401343	-4.244854	-2.7638094	3.7061799	2.1170683	9.474761	-0.41138887	-3.2533748	-1.2243972	-1.4876326	2.105478	-2.90986	-2.1581552	-3.3238888	-1.2473581	-1.2539121	-1.8737316	0.68602145	-1.231658	-3.9791682	1.7362477	0.049971253	-2.590613	-1.8694677	-0.65184224	-3.2666824	-1.9141281	-4.0910883	-2.0158818	4.0541277	2.8842056	-1.5824279	5.3341236	1.3449488	-2.900672	-3.2543662	-3.7121902	0.8687911	3.6516294	0.6060754	-1.8671509	-0.49295416	1.9372844	1.4156613	2.9442043	3.1587172	1.3317989	2.45819	4.571167	1.0991657	-1.72486	-1.2258108	-3.7559783	0.7865125	-3.185873	-0.464885	-2.4472613	-0.97443306	5.3820605	-0.3529687	0.42115483	-0.23505771	-2.9190118	-1.8694577	0.4621572	3.0640771	1.048547	-1.6678752	0.36727062	0.03314229	-4.5929184	2.412404	-1.7250428	0.19372047	-2.4109828	-1.1772254	0.7546194	-1.641909	2.412522	-1.8048933	0.13157183	-0.023791235	-2.2719975	-3.4812284	1.2752262	-0.6090566	9.7518635	-1.2715287	-1.9297023	-0.18039708	-0.12166346	-3.3420339	-4.2302055	-2.5116587	-6.3560653	-4.8174353	-1.0988756	-4.7299185	-2.347879	0.25343984	1.4398293	-2.130498	-3.6124578	-1.2092996	-1.3885369	-1.2116964	-1.5433083	0.51282257	-0.20963618	-1.6326231	-1.0124396	3.1004674	-0.85521555	-3.8458905	-1.9393913	-4.006247	-0.540317	-0.7729658	0.06896541	-3.58327	0.38064957	0.737731	-5.5955367	1.0099283	1.5534164	1.4286166	-1.8631282	1.9992218	-4.730379	-3.2213156	-1.1637654	0.37162322	-2.886966	-0.4951327	0.05972716	0.2949432	2.2549243	1.244093	0.5352362	1.8664894	1.2245579	-2.348656	-5.197181	1.3537027	-1.9362303	-0.6007097	1.1739272	1.4538008	-1.0096469	0.26836777	0.40356725	-3.7565184	-4.9215927	-3.7071033	-2.9033682	0.6682617	2.6314352	-2.6333191	0.26562542	-0.22723025	-0.19888176	-1.7029028	-1.1497202	-2.9391818	1.2326605	-3.0820975	0.21683365	3.6676798	0.07474589	9.751864	0.40072545	-1.1351514	-1.0850723	-1.7212055	-2.3122227	0.54246587	0.68740946	-2.7925086	8.068601	0.58390915	-2.5802002	-0.7848759	2.9164722	2.6377642	-0.46316648	-1.5516253	1.2319064	-0.23710918	-3.7071044	0.45267338	4.091864	-0.40727642	-2.6994638	-5.7726736	0.055210847	3.118553	-4.1722684	-3.2457774	2.352996	0.72278845	-1.838099	-0.04423005	3.5756826	-3.1436396	1.5308568	-1.3259718
malonamate	0.5982271	0.9504559	0.31574327	2.8852844	5.5919256	-2.279046	2.2457514	1.4085943	4.197789	5.190109	5.0475755	3.4522214	2.156715	4.3724604	-3.019849	1.5565786	-0.85527533	3.8849976	4.720702	1.7251468	1.8403873	1.3237149	0.8385641	1.7597747	1.6713129	2.065132	3.3827615	1.3817698	-1.832526	3.8501754	3.5997095	1.5314385	5.7874327	2.8326051	0.77897453	3.350611	0.24273016	0.6552534	2.2901258	2.9813454	2.752374	1.7856792	-2.5538943	7.53101	-1.7693905	0.33724588	1.4644713	3.9425783	-0.714127	-0.83800024	1.3649516	1.3676114	2.4319465	-0.2750353	-1.7694355	-4.1678452	-1.4579821	-0.13899718	0.17783245	0.7194053	4.191125	2.2573705	-4.0319505	-0.4558402	-0.12701449	-0.71874547	0.8553852	-0.3462498	-0.8482479	-1.9524138	-1.0383173	-0.6349322	2.8522086	-0.25620937	-0.18097366	4.7849884	0.95805794	1.4566349	-0.8729656	1.3081295	-2.2825158	7.99789	2.437865	2.043604	0.6049064	3.2729948	-0.3056188	4.405675	3.2273624	1.2405534	3.201886	2.6939971	-2.5112076	3.5793788	1.6349854	-1.6786727	1.6724297	-3.175001	2.5232856	0.48221242	7.8885393	0.10546835	1.7510929	-0.22824524	2.0645633	3.9106123	1.6682007	1.983029	0.8722947	1.9303968	-0.28707433	-1.3966597	1.0784965	0.80066097	5.8182693	0.7833957	1.0748131	4.6460323	0.30348346	1.7943178	1.3429544	3.9364674	-0.5692005	3.389732	0.9421355	0.9375589	1.2507876	2.8252563	-1.5029566	1.8551488	1.0894784	-4.9195213	1.5444489	4.660045	-0.32275856	-2.1237357	3.3351595	-3.362997	-1.3000052	2.1783915	-3.0230343	3.2254057	0.09136376	1.9223188	-0.31377387	-0.5328858	-1.4587831	1.4340779	-1.3585508	2.2230654	-0.1064775	-1.1028072	-0.04848338	-0.115615495	3.9504962	-2.4396188	-4.1153607	0.9544828	-4.5178375	1.1778228	-1.3070929	1.6762199	-2.0160923	-0.64363337	2.692119	-0.66414785	3.372544	-1.4377466	2.066609	5.94685	5.620783	-0.59261703	-0.9044435	2.4981694	0.3745964	1.1127473	3.0775597	3.6983886	0.4509946	2.6467855	-1.4679568	3.5631833	4.748046	-0.48125374	-3.1061995	-2.6350362	-0.077432185	0.7755619	-1.297833	2.218296	5.7411976	-1.4330792	2.9227922	4.559509	-2.205558	-2.9582863	-2.5961745	-1.3144239	2.6805983	2.6411057	-2.4135418	-0.052924473	-0.8556374	4.4918137	-2.4145703	1.6626915	1.9775932	2.5959184	-1.7909714	-0.9062602	3.7840397	-4.1028204	0.40072545	7.997891	1.3456181	-1.3712248	-0.21131854	0.7846066	-0.6778231	1.6028998	-3.307004	0.9575252	0.16343734	-0.44320863	-0.04350734	-0.95356995	1.3525238	1.712637	3.155913	0.5688464	2.5546792	3.460961	3.5109348	4.7014794	2.3828793	1.4418867	-4.420401	0.85591084	5.36147	-4.566949	-0.041076344	7.3345146	3.3174567	1.4396824	-0.96842706	2.7474794	-3.068232	3.1153014	1.4397978
meta-tyrosine	-0.14129487	-0.041137066	2.0208237	0.69792664	-0.6325005	-1.5304605	1.978342	3.1525676	2.097273	-0.712287	-3.271797	-0.17433524	-0.53789085	0.51647264	-2.1294034	2.6759193	4.270149	0.67959833	2.3591497	1.861926	0.92958885	2.3599772	1.2718004	1.3682154	-0.120335974	1.0508657	1.680043	2.2438498	0.91414994	0.7075185	0.7657098	0.46629247	-1.7323427	2.2823012	2.1738226	1.278179	0.9727248	0.36381292	2.4235659	2.1558979	5.175863	0.39303935	0.86583173	1.9120992	0.14138673	4.0552707	0.23824558	0.63879865	0.5142648	1.7901917	0.042411912	-0.778623	4.5367017	2.047504	2.5783963	2.462868	0.11424037	-0.15606135	1.1994137	-1.4973221	0.56496406	4.8362484	-2.691074	-1.2010071	0.53030956	0.24771494	0.8976979	1.9978831	1.3408039	1.6252638	0.38652316	1.8798288	-0.6953601	-0.59216577	1.2243665	1.5883873	0.2975265	0.5650404	1.9411188	-0.39689463	-0.34282753	-0.45950478	3.3132231	0.17962167	6.5592623	1.7759368	1.1300352	2.1881504	5.044996	0.56670195	1.1613187	1.9240303	1.045776	1.3334038	1.6245894	0.0874646	-0.76041186	-1.9283396	1.5410031	0.23528482	1.4094667	3.632673	0.91217977	0.21989466	-0.48889932	-0.8480056	2.0957966	0.12746002	2.3721092	0.20070972	1.0912892	-0.5370219	0.9893913	-2.5312445	0.60743314	-3.0085638	-2.1583633	1.9424105	0.7980988	-0.10576299	0.5229452	3.7803652	1.2754066	1.4390218	1.7288173	-0.9978164	-1.5179838	0.2327117	-2.3681774	0.70504093	2.3049762	-3.5043554	0.86311096	3.396704	-1.1603031	0.9564079	1.7589322	-2.661574	-1.1120796	2.2443266	2.0050821	0.87737656	2.670846	1.4617693	2.5535536	-1.1268998	1.4036466	0.39727882	-0.002822363	0.45794094	1.56621	2.6342847	0.92599636	6.5317855	2.9605148	-0.8654069	-0.6307407	1.9695088	-5.0694056	2.0054274	2.5721378	1.0595438	-0.28116944	1.62218	0.95529157	-3.7147422	1.5420003	5.4782104	-0.02042158	9.415358	-0.07240384	-2.0593483	-1.5340114	3.0200598	0.7912126	4.834571	-1.3569995	0.48953968	1.2983989	1.3104485	-0.41351828	0.67398965	0.96896285	1.716641	-3.6626527	-2.8556235	0.51320595	4.758203	-0.15752974	3.6411867	3.017893	-0.48302326	1.5098851	3.0300305	0.35705405	-2.6104093	-1.3306383	-1.784508	1.3482832	1.6492631	5.480056	0.26715738	0.20961575	1.1336492	0.3805792	-0.17389761	0.9059251	-0.013275478	-0.7399827	0.23101908	1.7522403	-0.88030195	-1.1351514	1.3456181	9.415359	1.8376286	1.0972979	-2.9401972	1.7393734	1.0691086	-1.9542239	0.974826	-1.4345031	0.42757228	0.5245087	3.7801743	1.1166575	2.2879274	-0.30361632	-4.195572	2.1716623	-1.3126955	3.226353	1.959432	0.86065364	-4.2822213	-4.5987387	2.0152154	0.73589677	-3.7028227	-0.14481479	2.21462	1.4571663	2.1960044	2.3695612	1.4340129	0.14314292	2.1523926	1.2460545
methionine	2.761046	8.596662	1.7596829	0.4876379	-0.2252824	-1.3598588	1.1230316	-0.54065406	1.4061648	-5.565317	-3.6766598	2.7477865	-6.550381	5.432526	-1.386544	-0.54062206	0.33327714	1.5762354	2.806532	1.5041002	-0.6389265	1.7277886	2.038124	1.0132793	0.23017202	1.4465058	1.975901	0.052829627	4.088693	5.110202	2.606622	-0.91216266	-3.9887795	1.0555229	0.5844632	-0.82172817	1.0985398	-0.1829649	0.2400577	2.1496549	-0.6181652	1.8993596	5.294528	0.37398484	-0.24342182	1.9222335	1.2133665	1.6640376	0.877014	0.028146595	4.4260426	-0.30690536	2.2065647	8.829593	-3.0329587	-0.7309769	3.6494732	0.969775	0.9320128	2.9925597	0.31541768	0.40667078	1.8282816	-2.3588545	0.23247887	-1.4638876	1.3036761	1.4354507	0.55198675	-1.1201565	3.783891	-0.29186624	1.4242183	-0.61108094	0.55518246	2.0925376	0.3670198	-2.8795624	0.81588095	-0.03846965	-0.9608547	-3.2234542	3.2972627	1.7059385	-2.0064278	3.5595012	8.860018	1.8341657	0.38115072	-0.24035296	2.9235868	0.66196275	0.059408028	0.9883935	0.3134329	0.46490762	0.232111	-2.6396337	0.55849063	-1.1516843	2.2006116	-0.48285845	0.6372551	1.5026672	-0.60423034	-0.19842438	-0.7099744	1.2412176	4.6071634	4.2541494	0.7285244	2.2163548	1.1103152	-2.8175905	1.7725245	3.532153	2.8832605	1.6934955	0.22020201	-3.5062351	1.2632008	1.724532	0.44059703	1.9642248	0.14553833	2.2638774	5.173004	2.2264025	1.0011923	0.4253587	2.5897148	-0.10849456	0.41160744	0.15840074	-0.59189314	3.6933408	0.5030475	0.34496117	-1.7904129	1.837672	-1.8439728	2.9174001	0.9472004	-1.2864239	-0.046965823	0.23474257	1.1041445	1.6466091	2.4924097	3.7150302	1.3478975	-1.1079346	0.05279921	1.8922546	3.2674387	0.8735275	3.3927412	1.4211646	-1.3151693	0.20983452	1.1508398	0.5502206	-2.829796	-1.1928157	-1.8956186	-4.467243	2.1700776	6.0878468	1.8143842	-1.1288224	1.6060188	-0.9303709	2.5871375	-1.1365961	2.9236352	-4.2339616	8.868139	-2.132845	3.8124938	1.2164892	0.01176751	0.91942185	1.5301428	1.7742743	-2.0919504	-0.45471516	1.3802859	1.7683939	2.006074	1.4557296	0.099568345	-0.69265515	2.1901865	-1.3916422	-1.9324436	-0.27997434	-0.7066492	-0.9498777	2.9197898	1.3989835	-1.5195595	-0.19309889	0.36171666	0.6928728	1.4985093	3.9313045	1.8110987	0.87711346	0.1693178	1.1671064	4.2718086	-0.06329572	-1.0850723	-1.3712248	1.8376286	8.86814	0.86558336	-3.8345442	2.8408873	0.76503026	-0.7494186	-0.34936258	0.1357739	2.9226794	2.086066	0.4291069	1.0506575	-1.5563844	0.5305681	-3.7107935	1.4590365	-0.31479385	1.0394305	1.1307126	-0.5950514	-1.9308888	-2.9522462	-1.9765389	1.7645653	-1.4822932	1.0221094	0.017032607	5.690337	1.0338783	-0.1916094	0.6805746	0.7245045	5.18553	3.7290728
methylglutaconyl hydroxyornithine	-2.1087344	-1.1523523	1.4656715	4.313856	-0.7951357	-2.104898	-0.9963672	2.0527437	1.8672932	-0.29028472	-1.3662754	2.4453285	-4.1242266	1.2307014	-0.61767143	0.21957746	1.7616776	-0.06376481	0.42971474	4.0142426	2.7013376	1.174941	-0.8873937	4.117277	0.1554587	4.222829	0.88706553	-1.1862459	-0.52553993	1.9638598	-0.10553061	-1.7753795	1.7792407	-0.56634635	-1.2202848	0.87690353	0.6526462	0.22442628	0.30402705	1.235299	0.09162955	2.1096816	-0.68839383	-0.2797403	1.043831	-0.91250235	1.0731558	1.3829498	-1.3110386	0.77378625	0.6567301	-0.605768	0.099603504	0.8416492	0.4391843	-1.6213852	0.2184947	0.55449724	2.1557276	-1.894874	-3.2518864	-0.5508176	-4.6205916	-2.5434735	-0.3462702	0.04645968	2.2608542	1.3631994	0.43118545	-2.000271	0.3903526	-0.27679482	1.1618894	-1.8696162	0.4892991	2.1528797	-0.85186857	-0.297776	-0.49062395	0.29935083	-1.7154983	-0.26229915	1.089612	-0.36180776	2.3304858	2.3229456	0.9290358	1.6285404	0.20710568	2.2623866	1.1515911	2.9235055	-1.8686917	-1.0998787	2.9601707	-0.2154682	4.043837	-4.2434406	2.1795807	0.3553603	-0.19787563	6.0835853	1.9363859	2.145984	1.1611239	0.9747463	1.1900259	2.8278391	-0.046808273	0.38131112	2.0723612	-0.27553296	1.7901303	-1.1618549	0.38447475	0.024046242	0.06751837	0.99089086	-1.2233018	-0.33170894	1.1237553	0.3181445	-0.23232013	2.5847073	-0.49986836	-1.3189563	0.38561934	1.6490463	-1.1016873	1.8582377	-1.2974863	-3.979934	1.058828	-0.6723352	0.08440804	2.8667436	4.8000927	-4.39593	-2.4867005	5.354887	0.15905635	0.5288922	3.4588513	2.1188009	2.3135967	0.5891141	2.358212	0.1712733	-0.5249275	2.3528235	0.5733195	-0.90139395	0.9008425	-0.7377553	-0.19261986	-0.50037074	-3.4879792	-0.2920507	-4.6853247	-1.5830814	0.8369867	0.5823071	0.22885111	-0.5336	4.7415166	-2.5509937	0.61021733	-2.2402275	1.1618685	2.6197832	2.2845473	0.09255943	0.73466814	-0.7520362	1.5412017	-1.6217527	2.732235	6.1016383	-0.80553174	0.42361826	0.6176252	1.8273852	0.40391308	-2.945423	-4.5503254	-3.9754915	-0.69584846	-0.38588205	-4.297583	-1.0448978	-0.16990292	2.4517643	-0.4481449	0.49158418	-0.7565441	2.3271148	1.3071438	-3.3892665	2.3574648	0.90762454	4.6035633	5.440392	0.789782	0.7253973	-1.5478557	0.81613845	4.367045	-2.0999475	-0.13451184	-1.3848469	0.50133944	1.2008597	-1.7212055	-0.21131854	1.0972979	0.86558336	6.1016393	-2.3225415	0.9532929	2.0589314	-1.8196042	-2.165222	-1.0979779	2.0629869	-2.0912251	-0.4352179	-0.48640826	-0.78297085	-0.61147916	-1.3349546	3.0033267	-0.7599954	2.584756	2.2496722	-3.537414	-5.22081	-1.7701353	3.652683	2.9663374	-3.1687014	0.2179312	1.7670043	-0.19375126	1.6341982	0.42487139	2.0494382	-3.0096056	-1.5427972	0.19503148
nicotinic acid	1.8056842	-6.1311784	-2.804374	-3.914829	3.3744454	-6.5675673	-4.1270156	-4.88535	-0.2449267	-6.936024	-7.2502723	-5.696245	4.980372	0.29622716	-7.094021	2.177034	-2.0355945	-5.53775	-4.210179	0.24779266	-4.998367	-4.309132	-1.2978652	-4.1337485	-4.494431	-0.8503776	-1.3563318	-2.6690667	-6.228934	0.39334413	-1.6299175	-5.014993	-5.939292	-3.6333117	-5.176418	-3.536202	-4.509087	-5.3707075	-2.739455	-2.164532	1.572845	0.5744953	-7.253533	3.0427155	-7.328145	-1.1135113	-4.781706	1.0949911	0.1409886	-5.90211	-1.1315706	-3.0295868	1.2594768	-5.750562	-4.2054124	-6.14714	-6.8334136	-3.7691412	-5.210203	1.1571459	-0.48997685	-1.2198265	-4.660337	-1.2106237	-2.6809678	-4.3415112	-5.406635	-1.7827259	0.3185237	-2.9397628	-6.67887	-2.6216745	-0.9258385	-3.7373435	0.20603357	-1.4510332	1.3339384	-3.08657	-4.47206	-3.055687	-0.1121618	-4.626061	-1.0916476	-1.8222215	-6.1960316	-0.21372901	0.900299	-1.1696951	-0.107865386	-3.8615975	0.5351874	-1.6179384	-6.0096536	0.71405596	-3.3745492	-5.8448954	-3.2880013	-8.46178	-2.4892364	-7.8279023	-1.7111827	-1.9498287	-4.3221335	-3.9895036	-5.2655787	-4.6406097	-5.834397	-2.7368002	-0.5094751	-2.5205414	-6.7895393	-4.666088	-0.42308444	-6.345649	-1.6864287	-0.15120845	0.07967112	-6.2023454	-2.6311665	3.7709205	-1.6529424	-1.4898814	-3.777973	-1.5094883	-3.7204936	-0.26195556	-3.6351402	-1.3774638	-2.0966508	-2.9998841	-6.8489666	-6.1916504	2.0782688	-0.05479657	-8.057068	-4.83389	-0.6392634	-5.883137	-6.895563	-2.032405	-5.9286118	-4.8231716	-2.5469735	-3.570912	-2.369705	-4.9789515	-6.5672646	-2.6448874	-5.2140183	-4.622677	-5.4622464	0.60999924	-1.0283743	-4.0529723	0.63762105	-5.407719	-9.678307	-4.0683303	-8.063232	-2.6181047	-3.6983912	-3.8933873	-6.3652897	-5.508586	-3.6396623	-7.512353	1.9941754	-4.0908895	-2.82457	-2.916357	-1.2409314	-6.401319	-6.3646917	-2.1158657	-0.49182576	-6.7064033	-0.5245698	0.43582335	-2.4899695	0.10411516	-5.037194	1.5446638	1.4804926	-3.8720448	-6.862076	-6.319051	-0.25877458	-5.739779	-5.552988	-0.303781	-0.8348173	-5.8220897	1.3461972	1.584118	-7.3334002	-6.348187	-6.2998033	-8.550426	0.31046307	-1.0233127	-4.4117756	-6.044626	-5.4805017	0.6346288	-5.8402233	-0.1781566	-4.09316	-0.46182677	-6.113981	-2.2783737	-1.5290337	-5.524589	-2.3122227	0.7846066	-2.9401972	-3.8345442	-2.3225415	4.980373	-4.2651486	-0.18497263	-6.027	2.8704748	-1.1003661	-4.8745756	3.2606516	-3.4163005	-0.11943781	-0.6832361	-1.7746657	-7.5930257	-1.6133406	-5.5181723	-2.7181265	-2.4363716	0.47847903	4.656566	-9.028688	-2.1951125	1.8152481	-7.249198	-7.1949563	0.4936145	0.8614758	-4.855302	-5.7420173	-0.14616145	-7.4108605	-3.8333838	-1.3673998
norcoronamic acid	-1.6579102	-1.582028	0.36430362	2.305849	-1.7044171	-2.0516527	-1.3889403	-0.5223319	0.8714616	-4.699411	-4.5752997	0.1161841	-6.4779696	1.1667433	-2.6724179	0.85209465	3.7874606	-1.3222668	-0.5807546	-0.35536852	1.395768	4.251063	-0.093613	-0.089357324	-0.6174802	2.8748295	0.19827695	-1.6026498	-4.937629	2.0094275	1.1663492	-1.1010761	-3.355109	2.7740407	2.8128858	0.10327872	-0.2836861	-1.2344244	-1.2064508	1.6173095	2.7176342	-0.4962011	-1.4860765	-0.719232	-0.14276834	1.3406383	3.0222268	-0.36402428	1.1478612	0.23140648	1.4594512	-0.44699633	0.65378994	1.2160954	-1.2642114	3.045101	-0.35820535	0.7523467	2.5450242	-2.9217865	1.9516163	-0.20734528	0.7714963	-2.4233172	0.95429033	-2.141033	1.8104706	2.7606454	3.491331	2.1869547	0.8873336	3.249451	1.3701614	-1.4817678	2.0193937	1.9339168	2.452467	-2.1769946	3.3979151	4.1976204	-0.81142855	-6.2311645	6.6358004	0.26096743	-0.9928153	-0.27334195	-0.23935895	1.2311864	2.521655	-1.558974	0.18188347	2.7393472	3.5060282	-1.6717739	1.5845858	-0.2882244	-0.9031151	0.17678142	1.5066117	-0.9663679	0.35179296	2.221064	-3.1754563	-0.6803252	-2.4883778	0.06421413	0.17510784	1.1490834	0.16464362	0.12199948	0.5542878	3.0476253	1.572193	-0.43985757	-1.9586354	-0.030655356	-0.013735264	0.35061002	1.263932	-0.1491363	-1.2587928	0.11976455	0.79135865	3.3087225	2.2353125	-0.8732227	0.6170312	-0.4655747	4.4130573	-0.7235812	-1.0973264	4.3114715	3.375178	2.2136862	4.389831	-1.0228703	-3.120686	-3.1864126	-2.3459	0.30464545	-0.09817009	1.3877325	2.9820304	-2.9023724	-0.49220005	-0.3646479	-0.3701212	0.41905385	0.16568415	1.0053407	3.193315	0.7219923	1.3996092	1.1924628	2.1331072	0.12663619	-3.3524497	3.1221535	-6.407634	-0.9508925	-0.091042265	0.14746009	-2.230078	2.5567827	0.19376786	-3.8178272	1.6614009	6.224868	1.2797648	-0.21913268	0.22041877	-0.6113567	0.35744393	0.6551187	0.98653245	4.9770823	1.4041922	0.98199904	-0.9183916	0.789818	2.611265	-0.2195529	1.062597	0.82342196	-5.14802	-5.6679482	3.6411963	2.000133	1.5593345	4.412549	2.9906375	2.6505682	0.52733725	2.9649098	-3.39647	-0.12853631	0.25374585	-2.2292361	1.7668992	1.0780011	-0.17357215	1.4866589	-0.79523426	-0.502311	1.2386557	-0.3124443	0.85920656	0.0013008654	0.6684341	1.5483415	1.4290564	3.3026316	0.54246587	-0.6778231	1.7393734	2.8408873	0.9532929	-4.2651486	6.6358013	0.33298934	-0.3225927	0.8360623	-2.1668403	1.6196346	0.5220075	3.7786865	0.14524813	-0.60822237	0.39387852	-3.3696542	2.1598966	-0.78815407	2.2744005	-0.50227666	1.1825917	-3.9528308	-5.201469	0.8696159	4.9675426	-4.5917196	-0.16556574	4.265736	2.205398	0.69274014	-0.72396654	1.2862636	1.3655831	-0.20737834	1.0358661
ochratoxin beta	-0.37356108	-1.9817934	3.9820561	3.0405061	0.5411572	2.1994953	5.142829	0.78008914	4.1659846	-0.259023	-2.7586184	3.8401747	-0.22591452	4.0547943	-1.4553341	4.728705	2.0406737	3.2473683	6.018119	1.4055172	1.8900278	0.7703769	1.8758359	3.2127442	3.2328627	3.299727	3.1716793	2.266548	2.666518	4.1467443	3.0515456	1.1725814	-0.72943205	1.2160523	0.9247568	0.14782748	1.143508	3.105212	3.9248576	2.340457	1.7162039	1.9924765	1.1942371	2.828588	-1.6072756	0.81680906	1.0351027	4.147107	4.171119	-0.9669876	1.3681651	-0.34540406	0.078612134	2.8625486	-2.6784627	-5.068161	-1.161715	2.7939415	2.9751103	1.9379001	3.4757264	-0.38450655	-1.4924201	5.175812	-3.3622026	1.6301322	-0.3600979	-0.44973668	-2.2194734	-4.0409	0.104205914	-0.034020003	5.285286	3.1153076	0.52039355	4.0852027	1.4135897	-1.6396984	2.2063017	-1.0403101	-1.1878736	3.432104	-0.0018441832	1.5714369	-0.12668018	4.2717605	2.7412748	3.51197	2.7369184	3.8925498	4.364916	2.5620022	0.31011865	3.7335172	0.69123954	2.166171	1.5964024	-3.060936	0.57312423	-0.01057543	1.2950704	1.123046	1.6293262	3.4811027	1.079332	-0.15244941	4.0085707	3.417436	7.758971	5.231156	-0.1075237	-1.1234509	4.891434	2.0889313	6.1682234	5.270516	5.2852483	0.45782754	1.1430577	2.2553267	4.2561903	2.229267	0.5724261	1.3555973	1.1172379	2.422823	-1.2843653	4.07884	0.24463	0.66262895	2.2717383	-3.4957104	2.8032253	1.7103978	-2.4992843	5.347206	3.9772422	1.4415464	-5.3118505	4.5038	-2.4886699	2.375045	-0.5912613	1.0095149	4.334754	-2.1005175	-0.27506185	3.902921	2.4116256	3.3005872	0.27992103	5.1224484	0.34900934	-1.205044	2.6305444	-0.27196264	-0.24483469	0.0024351547	-4.4262195	1.7990134	-0.62716347	1.7883875	-4.235486	-1.8767108	3.8430123	3.0341837	3.8574529	1.2792897	4.447543	-1.0897022	4.5194225	-3.9925954	-1.2481854	-0.19658539	0.37077406	-0.9006631	2.2110038	4.4432135	3.9275172	3.4891758	-1.2223283	3.7360258	4.3420167	-1.3157474	0.2772034	-0.92624986	-0.93263674	-1.3189992	-0.6924723	5.136087	1.9900291	-0.898989	4.0494394	4.987741	-2.5156972	-2.6610749	-1.6502936	0.32233897	4.112723	3.996211	-1.0182966	1.7117692	-0.71614647	2.8010669	-0.8649567	2.642796	0.80752236	3.349757	-1.978064	0.1474809	4.3081336	-3.2662783	0.68740946	1.6028998	1.0691086	0.76503026	2.0589314	-0.18497263	0.33298934	7.8213005	-0.76971275	3.0499227	7.8212996	-1.3135598	0.44521013	5.1319127	4.60636	1.8582238	0.4209787	2.3340876	3.304119	-1.7375039	3.4554021	4.16674	3.8806822	2.1236145	-2.2075639	5.538923	-0.88424474	-3.9979055	-0.37529343	1.8429255	3.3301985	1.7635678	-2.591971	3.5177758	-1.3389627	2.7133381	0.9778339
ornithine	-0.44337884	-0.6728647	-3.2799747	-0.10819555	-3.0143535	-0.44230303	-0.9044448	0.9187494	2.0591977	-3.0328028	-2.4333253	1.3637784	-7.280682	0.4593776	-1.287841	-0.90052396	-1.9523668	2.4347684	-0.49211937	-2.469961	-0.6259703	-0.3797509	-1.6588433	-1.3227363	-0.99256545	-1.4464107	0.16748908	-1.4336206	-6.0541368	-3.497721	2.421332	-1.9440812	-2.258228	-2.2555847	-0.9534327	2.6804934	-0.40062526	-2.5756242	-0.6450802	-0.36964634	-0.04604291	-0.18613726	3.920919	-3.8932354	-2.206082	-2.4083667	1.2198029	-2.4421194	-2.7070472	0.8083839	-0.5393685	-3.0062866	-0.39468974	-1.8788321	-3.99556	-1.6038401	5.620285	-0.4866512	-1.4735179	-2.8676126	-2.9733944	-1.9740077	-0.07892828	1.4798028	-1.0211095	-3.8109472	-0.68748915	-2.0979958	-0.9061182	-3.0172546	4.5262527	0.40318412	-1.9550503	-2.8580198	-0.9174031	-0.36757728	-0.6622417	-4.366249	-2.9070175	-0.49869123	-1.6315827	-9.005929	0.57936275	-0.46267062	0.090736374	-1.6695012	-1.2524055	0.95518774	-1.6610649	-0.5607386	-1.0011153	1.1213464	-2.3588889	-2.725152	0.4568389	0.67600614	-0.8210363	-5.753233	0.91587466	-3.0223022	-0.7836163	-2.0556026	-4.1766	4.8849845	-3.1537974	-0.4268565	-3.5212216	-0.14763722	-0.6033391	-0.5536984	2.1192155	-0.08189277	-0.83552754	-2.8684592	-2.0286674	-3.498353	-3.398011	0.063463844	0.9251716	-3.1155612	-0.29384902	-0.6547169	-1.0573696	-3.0569744	-1.1596698	-0.061505888	-0.654599	0.5592257	-0.011316425	-2.0902205	-3.1362443	-0.15476893	1.0273197	0.3300007	0.4968588	-0.4042917	-2.498315	-3.9184682	-0.44048256	0.99588364	-0.40099773	-0.6491131	-1.7948375	0.035876103	-0.45821923	-3.049598	-1.0741754	-0.53672063	2.5722742	-0.5566517	-0.37749818	2.315594	-1.6167002	1.4604237	0.5857072	-2.9704163	-3.5455263	-2.9694273	-6.4046426	-2.5898876	3.0959227	3.814408	-4.282546	-2.5622976	-2.1287532	-3.0781043	-0.7782405	-2.9889088	-1.1306337	-0.92131853	-1.9420813	-1.1592715	1.5399547	-1.6707212	2.913416	-2.6668437	-2.7154415	-2.8501656	-1.4102293	-1.7343557	3.612818	0.85362065	-2.6984303	-2.1086237	-5.4478674	-1.424051	-3.0216007	2.5437455	-4.398805	1.2235837	1.8779323	2.7859876	-2.1045084	-2.2178485	-2.2185485	-1.4135084	-4.10989	-3.3127043	0.31745663	0.5177913	-2.0879817	-1.9582785	0.5234263	-1.0482067	-3.6959345	-2.6158311	0.36478245	-3.1741188	-2.9110267	-1.7994957	0.93907934	1.4784584	-2.7925086	-3.307004	-1.9542239	-0.7494186	-1.8196042	-6.027	-0.3225927	-0.76971275	5.620286	-3.19117	-3.035613	-2.1834178	2.0059657	-2.9770417	-1.0415232	-3.355899	-1.9585106	-5.064623	1.1530846	-2.8995368	-0.16890076	-3.0020182	-2.473593	-5.9565134	-6.0811834	-3.1687286	-2.0428984	-7.1221642	-0.8954414	1.9419146	-1.8968128	-0.24151479	-2.2703183	-0.25597537	-3.5582669	0.8804133	-1.5631423
p-hydroxymandelate	-0.476258	-1.0539844	2.4653318	2.2634494	1.1111866	2.6478074	3.0436473	2.6783864	2.0545123	0.70090294	1.6123047	2.0436022	0.16766033	1.3312386	-3.333505	5.3284497	0.74167013	2.0310237	1.5836835	1.6604853	1.013699	1.2281194	-0.3251835	-4.717902	3.0685403	-1.4973376	1.5652767	1.022247	3.9380517	4.4758563	1.9438854	-0.92188305	2.0638404	1.8725076	3.9301212	-0.865915	0.98111767	5.58404	3.105198	1.0499876	3.9501424	-0.94650644	-0.533803	2.8559844	1.5241717	-1.5776594	-0.31822643	2.0358207	4.397291	-2.2334387	-0.8426649	-1.6025895	0.26304236	1.3458401	-2.399317	-6.212068	-1.5024595	-0.86666244	0.41739905	0.5759256	-0.38009444	-1.5458958	-1.9340253	1.6064255	0.36288548	3.0842571	-2.5889277	-2.625198	-1.4572744	-3.672991	-1.4140254	-0.47677207	2.050775	-1.092016	1.8986516	3.2539258	2.5069041	-3.1086273	-0.8598178	-1.539915	1.7973057	-3.1060507	0.451573	-0.62374634	-1.6618752	2.3304672	0.53278595	3.4668813	2.80699	-0.28470612	2.86551	2.55186	5.8776884	2.896995	-1.5446358	3.7737293	-1.6942767	-1.0161519	1.2750685	-4.1084404	1.0088422	-1.498536	-1.9457957	3.115915	-0.50184315	-1.7217604	-2.560097	4.2621775	2.7402594	4.4555306	-2.1833963	-1.86231	3.6127467	-2.1975112	0.490425	1.7799597	3.7311435	-1.673068	0.089194186	2.1635745	3.2765002	5.120004	0.6227013	-1.0663664	1.281413	-0.21645531	-2.2198308	4.8804655	1.1772611	1.177274	0.4509596	-4.8438454	1.551731	1.1161665	0.8114912	3.314088	-1.9468514	-1.6315892	-6.0754385	-2.0160425	-0.5724696	1.457923	-1.1088728	-2.0585768	-1.6413335	-3.2986407	-1.3352153	4.498094	4.7145405	1.7516075	-0.7556737	-1.7864896	2.8461928	2.207235	4.4582987	-0.11144614	-3.324286	1.1209918	-2.9106965	3.7545414	-0.9966802	0.7094604	-3.7557435	-3.3214884	-1.6030557	-3.5501006	3.471696	1.3435696	0.64216965	-2.9074295	2.1153452	-1.3134145	-2.3594258	-0.6978151	-0.70705724	-1.5444815	1.8347856	0.6505337	1.9439785	2.6477563	-2.0647738	2.16219	1.5932603	0.27506793	2.999872	2.9406593	-1.4808685	-0.7302358	-0.41495642	3.036776	1.1928917	-1.6090877	1.607424	4.7858186	-4.922905	-4.071577	-0.8349733	-2.108446	1.4095843	4.388863	-1.5622988	-2.569946	-1.340508	2.7979953	-0.31146297	-0.6585431	-1.2222311	2.8899205	-0.518121	3.227119	2.9781692	-3.0172386	8.068601	0.9575252	0.974826	-0.34936258	-2.165222	2.8704748	0.8360623	3.0499227	-3.19117	8.068602	1.177651	-2.1839201	2.731356	6.3747487	4.637094	1.0614028	-0.8244537	-3.2645154	1.9384648	-2.097861	2.6044686	1.6691941	0.7252641	-0.17270707	-2.9638164	1.693767	6.698539	-4.709757	-2.0771797	4.812164	1.9045033	-0.2372418	-3.2428658	2.2064793	-1.2360184	4.092275	3.0606072
para-aminobenzoic acid	-1.1369504	-2.7394824	1.9857256	4.1995716	0.39020097	0.16715248	2.3758864	-1.0079583	5.039496	-1.5921285	-2.5802016	5.777819	-0.011587625	6.3168902	-4.6502266	2.7268376	-1.5750827	3.908496	5.7267246	-0.10569587	3.0101986	0.38797235	3.858041	1.7454462	3.9121513	1.9164461	5.023204	4.25846	-2.5966394	7.1996484	1.7036763	3.2824547	-1.8094537	4.158537	-1.0306985	-0.4333763	1.3288398	-1.4851646	6.020564	2.6300468	5.2508106	4.2595696	-2.403636	4.591564	-4.24019	-0.35113776	1.1349828	6.5936794	3.2565768	-1.905594	2.711258	-0.46549797	-0.45748484	7.707874	-0.101310104	-3.3948345	-1.3891108	0.55717415	4.9571314	2.537753	1.6917796	-1.715941	-4.886692	7.2482405	3.7971056	-0.9137798	-1.0536512	0.11722091	1.6796143	-2.3994164	2.9444292	-2.075844	3.7090294	-0.33785224	1.8602499	6.536804	2.2316313	1.3331505	-2.246797	-2.1523871	-1.2627269	2.6304436	-2.5002453	0.7588438	-2.8590689	8.0515785	5.2029896	1.0121497	3.788033	6.147056	7.8874445	1.0401968	-1.5472025	4.0295467	-0.7755784	-1.1138481	-0.6652528	-2.9546127	1.5765363	-1.2804228	0.09362357	-0.37331653	1.3775005	-1.1704041	4.052863	2.254299	4.2034607	-0.52710855	4.6943913	4.431251	-1.9779395	-1.0170009	7.192982	0.9391409	1.9457629	5.1077056	4.6898413	-2.6123447	-1.0484723	2.8110075	7.761586	4.1499925	-1.5079054	0.1899126	-0.96571404	6.052642	-3.1925507	0.75706935	-1.9411978	-0.5159798	-2.7935688	-3.0277019	2.9784334	-0.15547656	-3.2853193	0.039783556	-0.34245896	-4.194385	-2.7753575	-0.69598097	-4.135104	-1.4233873	0.4327991	3.6482923	0.86400443	-3.889308	-3.2844996	0.58836704	-0.49781218	0.35730115	2.968677	3.179851	0.08967001	-0.02187959	4.866915	-1.0107294	-3.836214	-1.740133	-3.6149886	2.9196317	-0.8087625	2.0902739	-1.266685	-1.2524959	2.364431	2.0921052	6.1027803	4.1804466	2.150839	-2.9803402	6.880503	-3.737923	1.5688106	0.7025937	-0.3841542	0.30004412	4.0905433	6.9379725	1.8036109	3.516834	-1.7504839	4.611172	6.417284	-0.73873746	-2.6002724	-2.8285663	-1.111816	2.0155323	1.7404792	5.5342712	0.8368085	-1.415045	7.4790816	6.281006	-2.0953438	-2.2191727	-4.008272	-3.4410484	6.547352	3.442086	-0.48775753	0.75675356	0.6039815	0.9959116	-1.469311	5.884239	-0.9483366	4.7685747	-2.2220533	0.21192732	7.4600077	-2.201534	0.58390915	0.16343734	-1.4345031	0.1357739	-1.0979779	-1.1003661	-2.1668403	7.8212996	-3.035613	1.177651	8.051579	-1.4353851	1.7093344	-0.5815462	6.163331	3.104546	1.2362955	1.9184508	4.5486555	-2.4285262	1.4433872	6.861516	2.4600208	1.0976592	-4.1127014	5.111165	-2.4197092	-3.8798914	2.537741	-0.09249127	5.3393416	-0.3475344	-3.035671	5.2729473	-2.100468	4.5362463	-0.16940112
phenylalanine	0.09638415	-0.5993756	-1.1221081	-0.4754238	0.34239003	-1.0579022	-0.2320019	-0.70662487	-0.2198713	-3.2836883	-3.6557107	-1.7077925	-6.4411125	-0.32392484	-4.234723	-1.8697683	-0.61612314	-0.03888883	-2.0341103	0.18443015	-0.61725783	-0.23592082	-0.6607313	-0.45131627	0.92459255	-1.1471374	-1.5527844	-1.9069836	-2.8733613	-1.6074259	-0.5788747	-1.5076913	-3.0270698	-0.23462616	-0.09464974	0.9644007	0.97167754	-0.9779735	-1.7972957	0.00223083	-0.57171476	0.07789475	-0.9877745	-2.4487834	-0.6583437	-0.8573262	3.4025104	-1.8445461	-1.7121205	-1.2933252	1.1630162	-1.2249988	-0.33771646	-0.22728474	-3.1570787	-1.5891566	-1.2417496	1.1248277	0.6896611	-2.1946518	-0.89809716	0.8439672	-1.7542346	-1.2834796	-1.1664246	-2.7531774	1.696342	-1.293815	-1.27286	-2.4301496	-0.11249722	-0.22907212	-0.57048583	-3.0936036	0.2856716	-0.016151622	-0.27034557	-3.4000337	0.40871972	-0.44970176	-2.6768177	-3.7735734	2.321702	0.23963898	-0.43534297	0.030366462	-0.15758005	1.6292697	-1.0705937	-1.1862662	-0.15754277	1.2256162	-1.2413476	-1.8279914	1.8302867	-0.85770285	2.9279907	-2.571449	1.0922791	-1.8417215	0.14072374	-0.8219166	-1.849872	-0.13431384	-0.2917126	0.010064271	-1.4955205	1.4360377	-1.1467017	-1.324475	0.7970717	1.6632022	-0.46608362	-0.9491155	-0.20956628	-2.5556855	-2.557819	1.0845243	0.06059381	-1.7532879	0.9911419	-1.4009207	0.24828613	-0.8009691	-1.1738106	1.0799656	0.14363492	0.39281407	-0.14895663	-1.1433102	0.16383299	-0.0984701	1.5652922	0.12223768	0.25495303	0.018297639	-1.4170392	-1.7486707	-2.543142	0.45864072	-1.7406485	2.0363052	2.7194254	-1.0666424	-2.15946	5.326792	2.5659893	1.308406	1.5534389	0.9668752	2.0913892	-0.21836148	-0.21060798	0.43924633	-0.66840607	-0.55482626	3.395884	0.028034456	-2.6296897	-2.058623	-0.6653866	0.43960482	-3.62761	-2.2708533	-1.5512933	-1.276833	0.14405315	0.1651466	0.16285282	-0.5185248	-1.774077	6.107159	2.4044447	-2.0958486	1.7145026	-1.3691365	0.5603558	-0.92064893	-1.4836793	-1.4146377	0.42818865	-1.4887822	-1.3004586	-1.5561872	-5.3103814	-3.8041773	0.9334334	2.235013	-0.94802463	-0.21377902	-0.92630327	0.67162144	-0.05849631	-0.57872325	-3.4930599	-1.4606669	-2.2133784	-2.4885132	0.082231365	-0.9794648	0.69563025	-1.5365837	0.3077474	-1.8729936	-1.2081895	1.4392139	2.1658587	-0.16880101	0.05783778	-0.4406946	0.2650717	-0.8023252	-2.5802002	-0.44320863	0.42757228	2.9226794	2.0629869	-4.8745756	1.6196346	-1.3135598	-2.1834178	-2.1839201	-1.4353851	6.10716	-0.28670517	-0.79058164	1.1848439	-1.9014119	-0.35720262	-1.5755802	1.252441	-0.9440631	-0.15949595	-2.0072184	-1.9821804	-3.7055864	-4.9750896	-2.308623	-3.2772002	-4.7478743	3.0939245	-2.2216263	0.11208445	1.8982311	1.4766963	-0.51936	-1.3414669	-1.5278175	2.0571938
phenylalaninol	0.72112423	2.5774271	2.0269773	0.86774355	1.4064105	3.714013	0.7869791	2.6087604	1.2413396	-5.688998	-4.597114	-0.8427261	3.487729	0.4075342	-3.9909613	1.0956146	1.2884191	1.6883497	-1.0783554	-0.36492184	-0.029356785	0.9616709	0.9856735	0.43646592	-1.438463	0.7798137	1.892248	1.7948502	-2.8901136	0.92467785	2.4282372	1.1082335	-3.9420624	0.8368429	0.7889467	-0.8553572	3.2051184	0.5678907	0.04920746	1.5738361	2.7660964	2.004252	-0.7824429	1.7131406	-3.0488112	0.00014543005	-0.45240828	2.4096029	4.607113	-2.9292226	-0.4300866	-0.65786105	0.033239137	2.1156442	0.07162543	-2.7997394	1.1031113	3.084909	0.70211947	2.2669098	1.1036925	-1.635791	-1.477619	1.7597778	0.6816292	0.08356537	0.5258727	1.4850142	-0.9694264	1.0092313	0.73820394	-0.9167509	-0.6688757	2.2445734	3.3058639	0.8814338	2.729931	-0.649473	-1.710544	-3.2240217	0.9431113	-6.5728617	1.0685308	-0.73163635	0.35298198	0.94434357	2.3759472	1.066271	3.531078	5.070404	2.446376	0.6705544	-1.4255661	1.1111623	-1.8505836	4.33146	-1.0766995	-3.9361396	1.2087505	-1.7193195	1.3232859	-2.6414597	-0.377042	1.6827197	-0.16452537	-0.398748	-2.1800137	-0.31322825	2.5724847	-0.82492363	-1.090944	-1.7237272	-0.2217706	-2.287549	0.27457106	-2.0931532	-1.5392475	-2.2394655	-0.8467442	4.8234987	3.5980647	1.5812277	2.127486	-0.86645305	0.2688716	0.32093158	2.9251158	-0.08144126	2.1136432	-0.45265612	0.7113262	1.7244549	1.9237065	2.3369079	-0.41076854	-1.5376525	-0.23555975	3.1499503	-3.820523	0.3421389	-3.0039923	1.5309721	-0.036986507	0.49117616	-0.7929774	-1.4030912	2.0568094	-0.9519462	-0.8143398	2.1337647	2.6225739	0.703543	3.1537333	-2.093687	1.6645409	-2.2072384	-2.121748	1.1086619	-2.79111	-0.25549024	0.066407494	0.70230454	-1.2702068	-0.2491199	1.1668154	-1.9243922	2.4122345	0.36642578	-1.2717295	-1.3450311	0.20533939	-1.6345717	0.9680196	-1.0917106	0.4656643	4.499717	-2.8494318	2.366959	0.48884913	1.5685792	-0.71186817	0.9511184	1.4850487	5.0197825	-4.398749	-3.7135284	2.0740678	-2.2052155	-2.2337983	-0.19053756	4.383632	-1.7891277	1.2042866	3.3110332	-2.318888	-2.6145835	-1.051747	-3.9970386	1.3929375	1.3847848	2.0781682	-3.0578303	-0.9724178	1.066471	-0.8469472	3.7031178	1.0739208	2.4778054	-0.2613754	11.088427	2.507279	0.10463677	-0.7848759	-0.04350734	0.5245087	2.086066	-2.0912251	3.2606516	0.5220075	0.44521013	2.0059657	2.731356	1.7093344	-0.28670517	11.088428	1.1291144	3.469223	-0.38025662	0.91377765	2.9417021	0.7603275	-0.5487029	1.4080187	0.7306167	1.6037387	2.4561827	-5.601692	2.2562454	-1.6503782	-4.002502	-0.53764784	-0.32555425	1.1394906	-0.34419277	-0.4258677	1.3766627	-1.1526295	0.5686512	6.2991714
phenylglycine	-1.2981751	0.49479178	0.62968886	3.5310922	0.5016475	-1.0441928	2.7202659	-0.34274888	2.099595	-4.3318067	-4.8347373	0.28032747	-3.6801636	0.16757043	-1.3826948	5.5315022	6.592375	-1.0790474	1.1391938	-0.054673683	1.7300386	3.5105174	0.8133025	-0.1116129	-0.018228257	-2.242849	0.71464294	0.9359659	-0.66950554	-1.8672074	1.3381495	-1.0526001	-3.8493435	0.1491751	3.2187963	0.72462755	-0.48586982	7.9424095	3.8957877	0.43038294	0.73686504	1.3456422	-1.3217453	-0.7338369	0.7680192	-1.6541638	2.2436512	1.5490009	-0.46412605	-0.8865194	1.0904392	0.18939672	2.9982412	3.751069	-2.636341	-4.7097383	-0.1955904	0.8310323	5.073993	-1.9186605	2.0787468	-0.29526398	-0.44359803	-2.0203285	-0.39788446	-0.51536226	1.5720097	-1.6280805	-3.7438304	-3.1876132	0.9008762	-1.4718772	1.0160835	-1.0274862	0.389666	-1.8305181	0.04001843	-2.6115742	3.3060825	-2.639532	-0.94747263	-5.157752	4.196906	1.760368	-0.4851796	-0.25795987	2.8844326	0.7882877	1.2632937	3.089455	1.4956175	-0.7058687	4.8311634	3.3904946	-0.2650518	2.103032	-2.1941528	-1.134053	0.8498096	-1.5999191	2.0417578	0.6332632	-0.7734887	2.329226	-0.022495784	-0.93531877	-0.39749599	1.8125994	-0.9394704	-0.59879386	-1.1728213	-0.028674861	1.024163	-2.0371397	0.7284432	-3.7321055	-2.5180233	0.012696412	1.0460991	1.9336878	-0.47742245	0.72720367	0.86931217	2.1043355	-0.16624093	-0.41764274	-2.5042815	2.2191665	-3.0304801	2.735509	-0.013886148	-2.6294143	1.5725971	1.4607931	-1.8982524	2.289854	1.6050335	1.7926974	-4.6616745	3.1236458	1.9597205	-0.6412834	1.6351045	-0.7290024	-1.7950454	-0.0298152	-1.0259782	2.743062	-1.8821224	1.3483357	2.7569044	-1.4359583	-0.4079534	-2.8433554	-0.31442818	-0.05662713	0.5759456	3.0932662	-3.4055154	-1.5248739	-0.7753031	0.5825881	-3.752575	-3.7963078	-3.2371278	-1.7644978	0.8067051	1.7143822	1.9615629	0.44988474	0.4157175	-2.179884	-1.0299064	0.6897533	1.0968134	3.8300297	-3.8148487	1.501526	4.920681	3.9804375	2.3323832	-0.68509114	-0.08872019	-0.61947393	-0.4543423	0.21860051	-0.9930254	1.9541115	1.44726	5.09041	2.339694	-0.80493224	3.8558083	2.846596	-2.3638186	1.7022239	-0.45464635	1.5410041	0.6027033	-0.31942895	0.20307963	-0.67343163	0.93094623	4.6269245	1.9332286	0.36377338	0.6748817	6.399479	-0.040457074	1.4970506	1.2154785	-2.4660797	2.9164722	-0.95356995	3.7801743	0.4291069	-0.4352179	-3.4163005	3.7786865	5.1319127	-2.9770417	6.3747487	-0.5815462	-0.79058164	1.1291144	7.9424105	-0.00713511	-0.29696727	0.4532587	-2.673801	1.6044728	-0.84885556	0.21391898	1.3680547	0.6819539	-1.8797357	-2.8292866	-3.4690204	-1.99502	-3.3230326	-1.3959152	0.24050932	1.0303832	1.1271037	-1.8488557	-0.10150097	1.7781581	2.8327265	-0.77886826
phenyllactic acid	-0.14360915	-1.1220573	4.0833297	2.0673575	1.4729644	1.9131986	1.4199508	-1.7849536	2.4338696	1.1067322	-1.118039	2.8527162	3.1048408	4.130793	-4.0983443	6.7569184	-0.18900006	6.430891	6.5153446	2.2972798	0.76054955	0.6250581	1.7097028	0.7149817	7.2755756	3.7693021	4.935351	4.4366827	-2.3441987	4.4105916	4.480973	2.965604	1.163714	2.2869725	1.0655438	1.1691369	2.8370607	0.078141704	4.686132	4.455609	4.197063	2.3534045	0.68894696	2.9734707	-3.2989793	1.9989564	2.3432398	3.714484	6.3559537	-2.044242	1.9497278	-0.36054665	0.3052305	3.7577865	-2.4242826	-4.76268	-1.8482224	3.8826063	0.55680364	4.673951	3.5708783	-1.9253342	-2.593302	6.067498	1.3619266	0.005410499	0.4898904	2.9127338	-1.8071843	-3.7445781	-1.1193546	-0.5667075	7.1430387	1.092491	1.7184232	3.7810907	3.0164993	0.2935596	0.58726704	0.05994675	-0.59201705	-3.470735	0.8296389	1.0891101	-1.928279	4.8305807	2.8178666	3.6829512	4.417599	3.0572605	5.0729322	3.934695	-1.5301082	3.1509833	1.5739928	-1.2500817	0.41416928	-3.2765996	1.4113829	-0.9895381	1.8554871	1.2717355	1.030861	2.2179232	1.3673615	0.27633002	1.1576909	2.1114519	6.0189915	4.4729514	-0.3403209	2.0580761	3.1548092	-3.661566	4.0339227	3.2339215	5.0296454	2.9349935	-0.9016905	4.289611	3.0407946	4.8030806	-1.4660829	1.3287646	2.8196414	2.2030296	-1.0701067	2.2322555	5.5535364	-0.2697245	-4.929709	-0.12479455	2.0476768	1.9749951	-1.0779301	0.4719049	-1.3215866	-4.4962215	-4.9425316	0.021317905	-3.0238242	2.456135	0.34101918	2.5941834	0.15247081	3.3446865	0.8147649	2.603718	3.5085442	0.71075743	1.7936983	8.212522	0.8699121	7.489023	3.3819175	-1.8928827	-3.5349019	-1.3212811	-3.0025866	3.6374164	-1.1529673	3.0003734	-4.7837563	-3.5892348	-3.0002904	-4.029247	5.5482626	6.94661	5.988201	-2.7922897	4.020796	1.544657	0.8736968	5.2193804	1.28426	6.9434648	3.7253866	4.111073	0.6771328	4.0068936	2.337556	3.9250329	4.887399	0.47063702	-3.9298599	-2.5625498	1.2185777	-0.290031	-0.07173217	3.2143145	4.4726944	-0.24577953	2.7708585	3.5624146	-3.6396127	-3.4310958	-4.744348	-5.1937237	4.123959	3.7814386	-2.2252944	-2.4483786	0.44952163	2.610916	-1.7163962	2.6745644	1.252674	4.0310583	-1.3702369	3.5069878	4.140127	-2.4322813	2.6377642	1.3525238	1.1166575	1.0506575	-0.48640826	-0.11943781	0.14524813	4.60636	-1.0415232	4.637094	6.163331	1.1848439	3.469223	-0.00713511	8.2125225	4.0219383	1.7875981	3.8271606	2.6949358	-2.2208698	2.3553634	3.4846795	4.062305	4.6798363	-5.484958	4.517699	-0.50135237	-5.3323994	0.92823344	1.7332501	4.321745	0.7475324	-0.9799699	3.5440083	-3.3375418	2.4384522	2.957881
phenylpyruvic acid	-3.056142	-2.1065788	5.471368	1.657744	3.0520895	-3.5330815	1.4158643	-1.7711828	1.9306916	-1.1792573	-1.3113236	0.46916205	-1.2573857	5.2351823	-2.764081	2.6646953	-2.3384926	3.648949	1.7776823	3.06826	0.043115538	-0.44729614	0.8309749	0.6389187	1.4105152	1.3912238	5.4843974	5.434338	-3.1273026	2.4214954	2.9689617	2.115895	-0.4136042	3.013098	-0.4708084	-1.8368676	-0.39595586	1.9259043	5.5675445	1.6523352	1.1074746	4.269231	-2.262409	3.2683725	-2.0934384	2.9819632	-1.5445802	2.290366	1.21047	0.0317707	-2.257439	-0.789714	-0.47856122	0.5601169	-2.7185771	-0.6980688	-0.5242387	-1.0998745	1.7807492	-0.287169	-0.99750584	2.6570952	-4.5739446	3.144649	-1.744148	-1.4045119	6.0094614	0.06275718	0.09086236	0.1335454	-0.57595915	3.3426352	2.4011314	-0.6578407	-0.70616806	3.5023553	-0.38689697	-1.9624785	-2.0110986	0.2683048	-0.4427635	-1.6041648	-1.523505	-1.3647873	-2.966401	2.3940804	1.090523	0.5369139	1.9137769	3.057462	3.870411	1.6937629	-3.4212372	10.14405	-1.2031548	-1.2729988	1.0450927	-4.7051077	-0.10544767	-1.5138662	-0.2256743	-0.1396251	-0.102541946	-1.4762466	-0.46340346	-1.9507649	-0.35726762	-0.58264244	1.7088304	2.4501066	-1.4526718	1.6477225	3.7106302	-1.760311	2.0083554	0.075319074	0.025667716	-1.082644	-0.6948292	-0.18858397	3.2206733	1.5491569	-1.3949711	-1.4356005	4.3797646	2.308347	-1.5933774	1.0423781	1.032573	-0.708427	-3.155103	0.6054946	-0.7305807	3.9052618	1.5783643	-1.5178533	-1.078863	-5.133329	-5.1467395	-0.2589815	-3.2163599	-1.0843834	-0.894495	-2.122309	2.5562317	-0.385319	-3.1633677	1.5281767	-2.037719	-0.20653738	2.5542622	3.1873457	2.2167037	1.7985262	2.1669261	-2.7771437	-3.4845517	-2.5729575	-3.4097342	0.7391874	-1.2577714	3.2238226	-3.2106364	-0.76532894	1.3979453	-1.3798579	3.5985055	0.112325184	0.9650401	-3.955889	5.231809	-3.660935	-2.429886	1.393298	1.2718978	1.5982689	2.6764178	2.7257612	-0.4063516	5.5818725	-1.3287458	4.7856193	5.8201137	-0.88996994	-3.8832512	-2.3873007	-0.81003505	-0.5112647	-2.4517806	0.8390942	1.7706959	-0.7093186	1.4290732	0.11489825	-3.817317	-2.7886257	-3.3260586	-4.8481445	3.3664196	0.6517576	-1.2109371	-3.5424347	-2.5118341	7.2144046	-2.1133606	2.936615	0.5383623	-0.80178493	-3.4792066	-0.9178164	1.565934	-0.11760577	-0.46316648	1.712637	2.2879274	-1.5563844	-0.78297085	-0.6832361	-0.60822237	1.8582238	-3.355899	1.0614028	3.104546	-1.9014119	-0.38025662	-0.29696727	4.0219383	10.144051	-0.28533873	-1.4248347	2.6252096	-1.9125441	2.9169056	3.7801747	-1.8719904	-0.78807646	-6.1791263	3.0251753	-0.73373437	-4.2797613	-1.2472364	-1.407171	4.598561	-0.4564052	-2.5964453	1.879543	-3.0588555	2.0660503	0.63058466
pipecolic acid	0.16963695	-0.8149439	0.061078332	0.997117	2.917441	-1.3708973	1.7257257	0.5509551	1.386244	0.46651715	0.46926913	1.2622275	-1.0250368	-0.1722194	-2.6600273	0.34157157	-1.1051222	1.089736	0.8369844	0.355113	0.06808671	-0.72340816	-0.13147372	1.85426	-1.4987066	1.3485835	0.70852023	-0.02218923	-3.5532644	1.9123856	1.3705475	-0.8134357	1.0529526	1.7894258	0.56637794	-0.26307318	1.2332159	0.16999349	0.025972506	1.493623	0.007970641	0.90710914	-0.8042528	1.0200254	-1.9008253	0.6219824	1.0997474	1.9446236	-0.30961633	-0.8727741	2.7803023	5.3425508	0.45305264	-0.24932499	-2.0353885	-1.4404477	1.2431152	0.5036885	0.2667618	6.4407663	3.7075891	-0.5649266	-2.586244	0.5832228	-1.1992005	-2.4228976	-0.3047408	-1.3883861	-0.55498123	-1.4516644	1.0223359	0.13978465	-0.6415123	-0.86610395	0.5862353	2.4496994	1.2099429	-1.5553335	-1.7796887	0.51221406	-1.661334	2.4932363	-0.80069536	1.9508721	-1.0932834	1.435248	1.3895856	0.8820974	0.7013996	0.2778347	2.7882028	1.7613742	-1.5472758	-0.40553936	1.1238161	3.005283	0.9990567	-5.1847434	2.967884	7.6449156	3.995763	-0.76556176	3.6657386	-1.2360443	5.276846	4.6337557	6.1598306	1.1144075	1.7145762	-0.9570574	0.1602061	0.34587312	0.63881946	4.4064956	2.077182	-0.1723171	0.34465718	-0.7339529	2.8624535	2.7378013	2.9201467	1.8509922	1.6057276	0.34938297	0.3484392	-0.11431651	0.7425072	0.13747269	0.24159838	0.95408183	2.819986	0.3711989	1.5001022	1.0515504	0.9096562	-0.8681196	-1.1869473	-2.815685	-3.080477	-0.6149539	-1.5483825	1.1729227	0.16476351	3.0333066	2.492697	0.3630873	-1.0432885	-0.96569836	-0.52900314	1.9591842	-0.23522799	-1.5811383	-0.5622031	-0.5042038	1.3572588	-0.065708555	-2.7312677	-1.1130539	-3.796462	-0.7645891	-0.9046392	-0.96255845	-3.0722497	-1.1226872	0.47263542	4.557317	1.6145321	-0.6492127	-0.2130624	-1.9562745	1.8231919	-1.5772568	-0.30418637	-1.3072091	3.5216603	1.4010633	-0.97831315	2.9393098	1.4604995	1.2274905	0.49454957	2.3245034	1.0352932	-0.17268355	-3.2857773	-1.1797892	0.046193175	0.024905415	-1.7905102	-0.7198791	0.7487958	0.69718176	0.84697264	-0.019916428	-2.2986176	-1.00469	-2.3397384	-0.15566957	3.1581466	1.5706165	-0.60945606	-0.45309597	-0.28173754	0.28667665	-2.294831	0.93298113	0.89586693	1.9087486	-1.5421789	1.5961207	3.1054811	-0.48396388	-1.5516253	3.155913	-0.30361632	0.5305681	-0.61147916	-1.7746657	0.39387852	0.4209787	-1.9585106	-0.8244537	1.2362955	-0.35720262	0.91377765	0.4532587	1.7875981	-0.28533873	7.6449165	1.7410495	0.14657533	4.075853	1.5237089	1.3845036	2.6818223	3.7548945	-3.9628747	0.69007057	-4.690171	-4.3692646	-0.11567764	1.044785	0.86391276	0.10311977	-1.4828945	2.0698493	-2.4932804	0.7687029	1.1639141
piperazic acid	-0.19675834	-3.7732227	4.1736608	2.6980886	-0.39565465	-0.648248	-2.8125505	-1.4667997	3.678899	-4.094197	-6.7382083	0.09207132	-6.8633814	2.8489285	-5.8087664	2.9006584	-3.0832884	8.359136	0.16056587	0.15333155	0.7741431	0.29434487	1.219398	0.1282768	-0.11739072	3.0915108	-0.7070681	-3.999457	-2.8989706	-3.040583	6.9184456	3.1883855	-5.105158	-4.000861	-2.5991514	-0.9517066	7.323715	0.8410413	2.3105454	5.4066806	-3.9522064	1.3785487	-3.1697166	-3.5693362	-5.1172423	-3.663061	-1.2278491	5.592121	1.5456132	-4.641418	0.13872188	-0.7857795	-1.0261126	-0.661509	-1.1821288	-6.685515	0.15219796	-2.5648227	-0.55509245	-5.300975	-0.05986664	-4.2869883	-4.723415	-2.9322765	-4.984158	-4.2472525	-0.2627178	-5.0229125	-7.779678	-3.234316	-0.36750537	-1.4809623	0.038786713	-3.3753357	2.577103	-0.90611035	1.9521862	-5.0601296	-3.328934	-1.1837583	-1.4239746	2.126982	-4.5677376	2.0331779	-2.114124	-1.0406649	2.6664474	4.8105097	-0.58635676	7.6330442	2.143445	3.518503	-3.5014625	-3.2636552	-0.7665701	-4.5586667	-2.442228	-6.5501084	-1.7723147	1.4955857	0.26226312	2.5806715	5.4998193	1.4054046	2.1280863	0.92144305	1.9077749	3.0577939	3.5785668	-3.6046236	-4.2372084	-2.5930471	-0.30287522	-1.8815775	6.506261	-0.53905886	1.2701674	-1.1869752	-3.2554686	-4.1303205	-1.1160055	6.033253	-1.5662098	0.4535337	2.1142483	-5.379181	-4.063168	1.5364419	2.3742733	-0.26631293	-4.5132003	-0.025135932	0.90043306	-1.0129068	-1.3213226	-3.3256302	0.49742633	-7.120799	-7.3551645	0.4793345	-4.5226684	-0.631775	-3.1481555	7.764732	0.16870673	-3.8833952	-4.1180143	-0.15114275	-1.075798	-0.74293745	-2.866486	-2.84459	0.8934201	-0.02682898	-2.2320275	-2.2008507	-3.0130591	-4.4622936	-1.1978135	-2.9912634	-1.8314993	-3.5448053	-5.2665734	-3.5316193	0.5971417	-4.0288196	4.559752	-1.3657751	0.9470466	-5.8098946	4.8307147	-2.583901	-1.1164242	3.3073308	-3.0206518	-3.9074767	-3.518008	-0.11660912	-1.6383474	3.6644878	-3.2822514	3.3323033	-0.14998393	-1.8062273	-4.1323524	-3.3774433	-2.143825	-5.030568	-6.52293	-1.0456307	6.3839684	-1.2084053	2.086435	-0.2701746	-5.1950173	-4.793818	-5.6153564	-3.0939739	0.48822203	-0.39989161	-4.5632815	-2.078809	-2.1774995	-2.2938356	-3.4039855	-1.8046876	-0.051361836	8.105013	-3.7510595	5.3113174	-1.5145179	-3.7040954	1.2319064	0.5688464	-4.195572	-3.7107935	-1.3349546	-7.5930257	-3.3696542	2.3340876	-5.064623	-3.2645154	1.9184508	-1.5755802	2.9417021	-2.673801	3.8271606	-1.4248347	1.7410495	8.359137	-1.5324746	-0.7300569	0.0014959938	3.6230314	-1.3153675	-5.674891	-7.234192	-0.5783146	-6.4800463	-5.394246	0.62128264	1.9715664	-0.6925844	-1.3070863	-2.6359644	2.6153674	-4.580147	-1.2259624	4.375561
piperonylic acid	1.5217252	-0.18360443	5.8227706	6.8081617	1.0918728	-0.19993635	3.279063	2.579107	6.1320395	2.2681544	-2.4362082	4.3035464	-1.0426304	4.408189	-3.1423728	2.4660788	-0.14489143	-1.077185	4.47696	2.979718	2.4520872	0.5225237	2.1808124	6.9806504	3.9130518	7.1479807	3.781384	4.235383	0.64457554	3.3849783	1.4850425	0.39194682	0.4458951	0.5318761	0.33205414	3.0959532	1.319876	0.7063869	4.8981395	3.6675098	4.8465037	0.8562067	2.1969619	0.6702161	-1.8821566	-0.3258065	2.826144	2.9026833	2.1112669	1.2097902	2.3590016	1.0370871	0.5678478	3.2664685	-0.73330307	-2.7819757	1.5373913	1.2283362	4.268358	0.31020296	4.3096437	-1.907808	-3.1950564	1.5570128	2.7103055	1.8966656	-0.24639605	0.8301492	-0.027281981	-3.8994513	-0.390979	-0.26633582	2.4574156	-1.4946839	-1.3502553	4.6641507	2.3017232	-0.031791013	0.23652673	-0.09713189	0.31534782	0.11473256	2.4049234	4.374292	0.20976453	4.696034	2.8752375	3.9058754	3.701226	4.8732867	5.5169315	4.40053	-1.5644377	4.65495	2.8476362	2.6005886	4.518894	-3.154925	3.657762	2.264948	2.3501046	-0.5252747	4.7502275	-0.26276374	2.670132	-0.069621354	5.7628064	2.922381	2.2732139	2.9775636	0.78263754	1.4188961	6.564227	-1.0326248	3.4867547	0.08498828	-0.52843374	0.12533353	4.592065	1.8543936	2.714641	4.466092	-0.55081826	3.1969182	0.6380363	2.2626946	-2.6707273	2.3631394	1.0507908	0.2536194	-0.3798416	-3.0834274	2.8221383	1.1250187	3.1995888	-0.09649227	-0.96505857	-2.463074	1.5885727	0.5555556	-3.297546	1.7067913	0.55857825	2.5608642	4.8082514	0.3277353	-1.4305882	1.8860831	0.5147723	2.5509431	2.6302867	2.1672816	-0.8755922	1.0556474	2.0311904	-0.331659	-4.810268	1.829501	-0.43535513	1.6575042	0.18523769	1.4265262	-0.7460575	-1.0646678	7.558816	-2.9366314	3.0708613	5.9006567	1.4561031	-0.01352066	7.3169217	-1.4604784	-0.32208723	-0.80378413	2.6066074	8.126827	0.24662265	4.9533806	1.0413299	3.7487674	6.922576	1.543597	2.3082423	-0.14717448	-1.8820289	0.52605563	-1.2388794	3.7868793	-0.008379226	4.5604095	5.3330364	-2.4300857	4.1310797	0.42758325	-2.6772733	-0.56036013	0.2737387	-2.818633	3.7136915	2.0525885	-1.4074008	-0.19822244	-1.1561087	1.8082427	-2.269559	2.2405512	2.635711	0.28139734	-1.365864	-0.087538175	4.3235993	-2.5883415	-0.23710918	2.5546792	2.1716623	1.4590365	3.0033267	-1.6133406	2.1598966	3.304119	1.1530846	1.9384648	4.5486555	1.252441	0.7603275	1.6044728	2.6949358	2.6252096	0.14657533	-1.5324746	8.126828	-1.7447752	5.4146504	3.2492201	2.3503065	0.19811653	-3.4780507	6.8829637	-0.34247667	-0.69877684	-1.3007817	5.3507085	4.39959	0.3628956	-1.4134997	7.000284	0.13278276	3.6202931	0.94509584
proline	-2.013212	-1.2180763	-0.43539423	-0.9664016	0.48262042	-1.8614274	1.2109954	1.1898948	-1.145959	-3.0449536	-3.0611799	1.6926124	-7.298579	-1.4615537	-5.039078	-1.3734176	-2.0737653	-0.9787944	-1.4966829	-0.55534786	-0.712419	-0.40173876	-0.38917884	1.2666887	-0.54184145	-0.4788317	-2.7898097	-2.522261	-3.5682335	-2.7499166	-0.640755	-1.5494874	-3.017341	0.035165474	0.67393535	0.65504605	1.1816293	0.3345571	-1.8103834	-0.72836107	-2.1678	1.0815952	-3.1042762	-0.14528109	-2.2794313	-1.9568661	1.4584541	-2.4608135	-2.4287589	-1.5894426	-0.015594805	4.512341	-1.8103002	-1.6652542	-3.2718017	-3.295083	1.30384	-1.0974387	-0.88799834	-3.1295695	1.0070275	-0.79276776	-2.5525186	0.30897984	-2.3595877	-1.6887208	-0.12900889	-1.8288846	-1.735487	-2.203656	0.9084958	-0.6182557	-2.9488652	-2.5345855	-1.6816171	-2.040611	-0.73742396	-3.9633956	-1.6443858	-0.55083597	-2.440159	-1.3926145	-2.4918716	-1.2190645	-3.1232455	-0.96480674	-0.89986396	-0.29491717	-0.6706771	-2.011333	-1.1996887	0.04233395	-2.868975	-1.8251344	1.5943379	4.0840135	0.15463884	-5.4017625	2.3349593	5.491737	4.7558274	-2.7287693	1.3707244	-1.643768	3.586605	5.6742496	4.7561264	1.0811633	-3.8678482	-1.1719033	-0.38632464	-0.75142777	-0.45463288	4.4225974	-0.835985	-2.7941952	-2.0799313	-1.7021161	1.360645	-3.5281606	0.2523673	-0.22206004	0.22595307	0.24627888	-0.87306553	1.4893299	-0.33341274	0.074902296	-0.84841645	-0.14681472	1.2888545	-1.0502586	-0.36169234	-0.463021	0.28282332	-1.8571591	-1.450658	-3.000331	-4.918308	-1.4850243	-2.3542874	-0.33111575	-0.39914107	0.66737527	3.2804866	-0.5199315	-1.1887454	-0.90389067	-1.0967293	0.8133152	-1.251622	-2.3153968	-2.1366806	-1.504601	-0.84636974	-1.3797326	-2.6285594	-1.6027665	-3.5147192	-1.9560204	-1.6568772	-2.5282686	-4.193922	-2.9210806	-1.7170469	4.2204437	0.027877167	-1.0370117	-1.0326662	-2.8052173	-1.7158911	-1.2148843	-0.1031087	-2.1958568	-0.34231156	0.25879547	-2.7325823	-0.4420272	0.40202108	-0.43814215	-1.0829141	-0.63615274	-2.0980182	-1.3392938	-4.5132227	-3.3305926	0.39509878	-1.977255	-2.1156304	-1.4831313	-0.9779016	-0.52041745	-1.7243054	-0.7793938	-3.8809705	-2.9910893	-3.403626	-0.4896228	-0.03422408	-0.617889	-2.0182877	-2.073113	-0.40699995	-1.2088135	-2.656753	1.1430064	0.25669956	0.47897464	-1.9438632	-0.4380003	-2.991589	-1.4614217	-3.7071044	3.460961	-1.3126955	-0.31479385	-0.7599954	-5.5181723	-0.78815407	-1.7375039	-2.8995368	-2.097861	-2.4285262	-0.9440631	-0.5487029	-0.84885556	-2.2208698	-1.9125441	4.075853	-0.7300569	-1.7447752	5.6742506	-1.7007772	-0.61763084	-0.44009778	-4.875398	-5.189916	-3.49604	-1.2317265	-6.194671	0.18222891	-0.6378944	-1.5599228	-0.27321622	-1.818928	-1.106307	-2.4196873	-1.0135434	0.51098824
pyrrole-2-carboxylic acid	1.4726007	-0.34026393	6.0267987	5.5930567	3.8130887	-1.3830523	2.0403469	2.2549913	6.478066	3.9829996	3.356949	3.0007286	-3.1472178	3.2462256	-2.961887	2.0060446	0.31925878	2.2019563	5.494089	2.3237154	1.8969486	0.08351072	1.1499047	6.298789	2.620712	6.1649036	7.1285086	8.228748	0.9923802	3.954423	2.291945	4.007493	4.1855636	1.6573601	1.840214	1.0722101	2.4150882	2.0639703	5.5598125	3.2859216	3.0022662	1.2870609	2.0711224	0.9369748	0.0029853939	-0.12375436	-0.48960954	3.6019506	2.7115552	0.03211656	-0.60600233	1.611101	2.2671254	0.5307287	-0.4454096	-3.8011923	0.72466326	-1.9969366	3.3233676	2.6437728	1.7848519	1.1382937	-3.6271567	0.84791815	-1.3208823	-0.76611406	0.75415194	1.4889612	1.4215583	-3.6916864	-1.1015058	3.5856223	0.487886	-1.3492304	1.3947688	5.540422	2.8230097	-1.0249821	0.77162725	2.2156396	-0.5862539	5.6241765	-0.79301727	0.46041915	0.29169872	4.2187514	1.8221964	3.5947495	3.2592325	4.591362	4.7766314	4.5878253	-0.78667724	3.2570775	2.2711499	2.233768	5.7599072	-3.6923077	2.3651896	1.2921458	1.4480531	3.0168602	4.5081134	4.0624404	3.4145503	-0.0753973	2.3146224	2.7580957	4.0976567	3.4175885	0.6220772	1.1262699	4.3723354	-0.7074484	4.0684924	0.24740379	-0.34460485	1.0468901	-0.3315616	3.9658756	2.8909318	4.292477	0.67545223	2.8862329	1.3144096	1.268312	0.14720936	2.9415684	2.54584	3.1235614	0.22056888	2.5891235	4.2531314	3.5839734	4.3867497	5.192177	-1.2221078	0.3113733	-3.5447748	-0.013985663	-1.6268036	4.731053	0.21745136	1.8821241	4.1489773	-3.9669528	-0.1687184	1.32243	1.7836418	2.8541272	2.0917287	2.6418154	1.4753504	-0.14797337	3.5081913	-0.7300031	-6.151763	-0.30655572	-2.372711	1.0276424	0.2549839	0.863222	-4.163281	0.14065596	6.965931	-3.3782988	3.2970662	-0.34595487	-0.05312841	-0.2780713	5.7244005	-1.9744931	-1.9756589	1.0886459	2.024161	6.2613826	0.2220331	4.238063	0.8293819	4.4547668	0.5674608	2.454941	2.298213	0.8588188	-0.7870871	-0.08032609	-2.242191	1.4563733	-3.033591	2.9254036	4.0267606	0.54105765	5.3426194	4.4245725	-4.1449485	-2.2803922	-2.0167367	-4.8492446	3.3855152	2.0625944	-0.092258185	-1.9114579	-0.09497336	2.4406123	-0.7460762	3.165481	0.6086102	1.0617685	-0.33980995	2.1921153	4.7691703	1.3614568	0.45267338	3.5109348	3.226353	1.0394305	2.584756	-2.7181265	2.2744005	3.4554021	-0.16890076	2.6044686	1.4433872	-0.15949595	1.4080187	0.21391898	2.3553634	2.9169056	1.5237089	0.0014959938	5.4146504	-1.7007772	8.228749	6.291958	0.8973319	0.86990255	-3.7716923	6.1671762	-0.3849876	-0.5571478	-0.8834019	2.2985277	1.322736	1.005901	-1.316386	4.318071	-2.2942355	2.8229716	1.9538517
pyruvic acid	-0.77479345	1.9748023	8.485362	2.8476388	2.6886811	-1.3201226	2.505285	2.5452461	4.8444314	-3.2826073	-2.9693427	3.4232461	-2.1647263	7.842315	-3.4412758	2.9247992	-0.85511553	4.8863993	6.2530603	1.9187243	2.8002834	2.0314982	3.0745678	3.762017	4.304588	4.010398	8.163632	9.410435	-1.8706403	5.3721514	4.548579	5.7464004	-2.1992726	1.874135	2.331724	-0.389129	2.5707064	5.714676	8.349129	2.99629	2.7483108	2.7371185	3.9997132	3.880739	-2.932047	0.9129859	-1.6410723	5.119696	6.0725207	-0.73390245	-0.7015912	3.0002635	-0.074831665	2.4902358	1.0727319	-0.8885037	-0.47922024	-1.4007453	2.798806	1.6304492	3.2312312	3.5928748	-3.1289089	2.4394038	0.033528242	1.4612125	1.8532224	0.69027305	2.1274679	-0.30609027	-0.8525995	1.091759	2.5573685	0.06586198	-0.8077841	6.3951616	0.78138375	1.3122483	-0.8378065	-1.8018415	-0.28662315	8.246722	0.8632181	0.86614436	2.065774	3.435151	2.910217	3.6711617	4.1901636	3.0701945	5.215701	2.1023655	-1.3975267	4.900178	0.59367895	-0.58296984	3.7197547	-3.2799609	1.0704031	1.1950625	2.2029402	8.634424	3.9008079	0.86453074	3.7633915	1.5956035	2.5127842	0.68366563	5.062355	4.566863	1.0473346	-0.49137458	4.5193787	2.472341	6.13126	5.2505574	4.6344013	0.993306	2.086888	0.060686097	4.662579	3.4321773	0.4191629	0.43354443	1.8010664	3.1438313	-1.0234574	4.8518915	-0.4929601	4.075082	2.0093617	-2.999092	1.2542516	4.4319906	-0.11618457	-1.9773229	-0.8752243	-4.6199837	-2.511131	-0.44636947	-2.450871	1.3543563	0.11304656	3.5110624	1.2638017	-2.6329846	-0.8389272	1.2141758	-0.14565878	2.5471432	1.5053679	1.2562469	-1.1669497	0.24269974	4.4796968	-1.4614726	-3.7871077	-1.1368759	-2.461002	0.7459131	-0.9965501	1.386165	0.4803537	1.3983899	4.7665005	3.3272882	3.6385324	0.90729195	1.6536967	0.19080245	6.457169	-4.216294	-1.8222958	1.317348	1.000668	5.0787296	3.4070315	4.9911995	1.8437988	5.6468167	-1.8503432	3.5774157	4.19135	1.6687028	-1.8002763	-1.4352363	-0.8186255	2.839983	-1.1158693	3.5235562	5.236998	0.94722235	5.205744	3.1338782	-2.1023042	-1.7600638	-3.2159977	0.087463684	3.982051	1.9808582	0.25510707	-0.23185371	-0.8892466	7.2984023	-2.5039237	4.6910195	0.27564755	5.3543553	-2.7467692	0.6356125	4.953185	-1.8004179	4.091864	4.7014794	1.959432	1.1307126	2.2496722	-2.4363716	-0.50227666	4.16674	-3.0020182	1.6691941	6.861516	-2.0072184	0.7306167	1.3680547	3.4846795	3.7801747	1.3845036	3.6230314	3.2492201	-0.61763084	6.291958	9.410436	2.0388222	-2.6672885	-3.2992125	3.6755114	4.4143643	-4.053027	0.2068133	4.8665285	2.8862712	0.6271951	-1.170664	3.6101909	-2.6406004	3.2367845	1.722007
quinoxaline-2-carboxylic acid	2.709685	-0.73934484	0.8038275	0.7922838	1.7619916	0.0937735	-0.71787065	-2.5226154	2.7275512	-6.8790054	-6.923466	-0.09239663	0.14940344	2.3208349	-2.4198635	2.0614192	-1.236099	1.8959943	3.5170698	-0.4530215	-0.93968743	-1.1190267	0.6716893	-0.6189313	-0.14144865	1.03044	2.815575	-0.6260983	-2.0558825	2.7272117	2.961715	-0.093904465	-4.9650073	6.5169983	5.4964495	-2.4866629	-1.9880625	-1.337424	1.7706957	2.5191176	7.093267	1.0734519	-0.5138184	2.8945491	-4.4293375	0.070991814	-1.4430022	6.518597	3.8548217	-1.4494072	0.36416867	0.29744455	-0.7109173	2.468236	-1.7248336	-0.13785571	-3.6615229	-0.6732392	-2.2536085	6.127647	11.788775	2.115134	-5.9304852	-0.94285333	-0.64065534	-0.8200829	-2.156904	-0.96263444	0.6377098	0.7218898	-3.4162335	-2.5612955	-0.5494984	-0.93523866	1.2076964	3.4300508	0.57915324	-0.4685751	-0.62336856	1.5094949	-1.6964538	5.6102242	1.7492158	2.101584	-1.8562764	2.6774104	4.7534404	1.6705304	2.5870633	0.9768658	3.2549899	0.75560856	-2.5084512	-0.07997319	-0.117142454	-1.1464291	-0.7610606	-4.683543	0.19505873	-2.534251	0.20859289	-1.1687857	3.2612453	-1.3577014	0.69102657	-2.2915337	-1.8791653	-1.2247714	2.7839956	3.095245	-0.9185295	-2.1484437	1.8731686	-5.7691336	3.2266452	2.1941786	1.7273712	-2.8649373	-1.3727396	3.4696217	1.1987752	0.45040616	-1.6104709	1.8007616	-0.37038633	-0.084585324	-1.0270832	5.278693	-1.3739882	-0.8779755	-1.5244883	-2.6391404	1.9794149	2.2970588	-4.31034	-1.2619032	-2.800014	-4.3554325	-5.854767	-1.9647734	-4.670533	-2.8103368	-0.20630105	4.20832	-0.5981857	-3.1601036	-2.3157797	0.2908409	0.034322653	-1.336298	-2.4168708	3.3393567	1.3063669	3.619236	2.5443199	-2.31847	-3.213821	-0.97165024	-1.5650916	0.27294698	-0.07081814	-2.7208343	-3.242062	0.7190261	1.1038754	-5.451467	2.6176844	1.4564323	-1.4611912	-1.9249858	2.8611019	-3.318741	-3.815611	-0.4840887	0.5012335	1.92326	0.43074185	3.6013253	1.9922888	1.8447391	-0.86678433	4.10577	3.5623546	1.5881912	-4.577693	-3.3773267	-0.9698151	0.69361794	-2.284685	3.502829	3.9572365	-1.5949522	3.5469224	1.7357768	-4.903038	-5.4168954	-4.1182637	-4.358255	4.2131705	3.5084877	-0.24045244	-2.6267467	-0.35987124	1.6660426	-3.4819884	0.6401157	-0.41000336	1.5863807	-3.8170497	0.8414792	4.888227	-3.4423435	-0.40727642	2.3828793	0.86065364	-0.5950514	-3.537414	0.47847903	1.1825917	3.8806822	-2.473593	0.7252641	2.4600208	-1.9821804	1.6037387	0.6819539	4.062305	-1.8719904	2.6818223	-1.3153675	2.3503065	-0.44009778	0.8973319	2.0388222	11.788776	3.996035	-6.0443096	0.22114253	0.42512354	-1.6899226	-1.7704235	3.2949746	1.479507	-1.6430944	-3.3211305	2.1505609	-3.718608	4.6779323	2.1838946
salicylic acid	1.0386796	-2.8692613	-1.2748437	-1.6643226	2.7790275	-4.6951785	-2.883188	-4.655687	-0.806306	-7.931421	-8.734878	-5.1014314	2.093663	-0.33177435	-7.1770835	1.6858511	-4.4320383	-5.157127	-1.0943533	0.45017278	-3.6835377	-4.282169	0.93002784	-3.0082839	-4.831747	0.33320126	-1.1409373	-1.7820523	-4.288531	4.692187	1.4353757	-3.88016	-9.330831	1.582601	-5.501498	-5.3648977	-1.9349618	-6.48362	-2.0229437	2.4734282	2.3205435	1.9421737	-5.730266	1.7132835	-5.8511333	-3.3744442	-1.041831	3.718651	1.0048414	-7.364417	1.4253463	-3.01554	1.7169675	-4.0379066	-2.4848514	-6.6406627	-5.615357	3.4977849	-5.820747	6.9751644	6.034883	-1.7855837	-1.345756	0.49027106	-3.777185	-3.7452357	-5.826965	-5.7114425	-2.9040737	-4.505417	-4.105872	-3.5196745	1.03349	0.744557	2.7816648	0.70982236	1.9972037	0.14111303	-5.836094	-2.0777876	-1.8130443	-5.1709976	-4.0292873	3.4529142	-5.3390665	1.8131365	0.5548365	-1.5721473	-0.09575456	-1.4007572	2.9676354	2.0404677	-3.3479035	-0.29381174	-2.5733926	-8.787181	-5.8792057	-10.141863	1.2422453	-9.059183	0.7599599	-6.960158	-0.8202042	-2.4074442	-1.1296575	-5.598794	-7.4702005	3.686532	1.7921962	-2.2373235	-7.2355647	-1.7006861	2.7866764	-6.933646	1.678141	0.57670647	1.039985	-5.1729803	-2.48056	6.609487	0.49123752	1.821286	-1.421638	-1.6358372	-2.3476183	1.676309	1.346095	-3.7764008	-1.8684287	-4.7682767	-7.2057056	-2.533451	1.7755469	0.3182055	-3.2136323	-4.8372025	-2.1625507	-6.117039	-6.474031	-2.5421548	-6.756335	-3.5684228	0.29124472	0.16639026	-3.6089053	-4.838556	-2.1806862	-2.4888766	-0.98773193	0.6040305	-4.6406255	-0.84069145	1.7508259	-5.5109944	2.678982	-4.642292	-10.083764	-3.71832	-6.0895686	0.22684598	-3.7914088	-3.1878288	-5.830093	-5.093049	-1.5513991	-9.215478	3.1288233	-2.4387653	-2.5101173	-3.4256659	-1.4459594	-8.340757	-5.53565	-4.3882046	1.0759076	-6.6397696	-2.328011	4.306935	-0.19430162	1.9677016	-1.1599951	4.714512	2.5930872	0.7613301	-6.937085	-8.328769	0.5736132	-7.360816	-2.037989	-2.87803	-2.3047097	-0.52161443	3.4419966	-0.3795951	-4.896459	-6.496946	-6.4961834	-7.1848135	3.8353758	1.7830666	-3.8550878	-6.4842405	-5.416443	-0.061971117	-6.171042	4.0507483	0.81193626	4.0041246	-4.605291	1.1190326	1.5872269	-3.444845	-2.6994638	1.4418867	-4.2822213	-1.9308888	-5.22081	4.656566	-3.9528308	2.1236145	-5.9565134	-0.17270707	1.0976592	-3.7055864	2.4561827	-1.8797357	4.6798363	-0.78807646	3.7548945	-5.674891	0.19811653	-4.875398	0.86990255	-2.6672885	3.996035	6.9751654	-7.250332	-0.1545004	-4.691216	-7.4715195	-4.826063	2.2937987	2.7369373	-2.2551975	-3.8882146	3.5036438	-5.6479225	-2.72762	0.04649066
serine	-1.0536841	-4.042784	-5.988774	-3.140568	-3.327853	-3.1311712	-2.0018265	-1.9288633	-4.302672	-3.6551633	-1.4370677	-3.2982764	-10.677744	-4.783742	-5.201064	-4.2257648	-3.8946223	-5.504428	-5.246234	-2.3273566	-3.640452	-3.0478897	-4.285849	-5.3819623	-4.169421	-4.227229	-3.4736414	-5.204142	-1.8076181	-4.7139487	-3.8180811	-6.704737	-3.1066794	-3.845882	-4.0286145	-2.3479297	-3.2374992	-1.0095588	-5.1404424	-2.5182695	-1.2294357	-1.4674999	-3.7269123	-2.252355	-6.54317	-6.079641	-4.463491	-5.7900906	-2.7136889	-4.3757553	-3.8319278	-2.3067791	-2.1147873	-3.4145474	-4.371592	-7.143814	-1.7748444	-5.0672603	-4.435997	-5.372846	-5.3729563	-2.492402	-6.198812	-4.7384076	-3.7299922	-2.187541	-4.712057	-3.0739758	-7.050454	-5.975651	-2.6996043	-5.637142	-2.9217966	-5.2621274	-4.8108897	-5.0081778	-5.009542	-6.3292756	-5.9207535	-5.314792	-4.989825	-7.5205326	-5.7696266	-3.715682	-5.9696636	-4.8377366	-3.1915677	-4.025845	-6.0551004	-3.7101438	-4.8998933	-4.3047543	-4.924592	-5.0407104	-2.5668569	-2.2271159	-4.819831	-6.8326163	-2.9215128	-4.4106145	-1.8840476	-1.1438854	-2.6449797	-3.2925892	-1.0132624	-4.268782	-2.9093394	-1.4171795	-5.2007318	-5.7430363	-4.63356	-5.813048	-2.6311002	-2.190464	-3.8404772	-4.643065	-5.0325046	-5.6057744	-0.62441033	-4.912741	-1.5804062	-2.951327	-2.120218	-4.1369753	-4.291311	-2.7737298	-5.78037	-3.0791862	-4.7200093	-1.7913041	-1.4623256	-5.5061803	-3.7144678	-2.7896998	-4.9144206	-4.8436155	-5.3441415	-6.4043393	-8.662512	-4.000403	-6.2919903	-3.9742355	-4.8097005	-3.6225536	-5.2448153	-5.260619	-4.8167315	-2.2118888	-2.9570897	-2.121734	-2.9202542	-5.8784127	-4.86492	-5.820924	-2.7195704	-2.8428085	-2.2413006	-6.1862597	-4.054828	-6.2387	-3.9933336	-0.97119105	-7.6002984	-6.0575275	-5.1905484	-2.1774545	-3.3158605	-4.9129257	-3.511397	-4.557183	-5.4899287	-6.5461893	-1.6046437	-6.3021083	-4.030299	-4.0631046	-6.027854	-2.7768269	-2.2008715	-3.5183935	-3.2528486	-3.4057639	-4.162641	-3.1238627	-4.5087256	-2.8470666	-4.851885	-5.9297414	-4.5287604	-2.2619925	-4.088071	-4.905597	-4.4066176	-3.9465084	-6.1644874	-4.5061016	-6.270984	-2.1069014	-3.4750297	-2.724288	-5.4107413	-4.0503283	-4.7874403	-3.5754244	-6.4722886	-3.9638076	-2.7682383	-2.6693122	-6.071363	-5.0815334	-4.7927356	-6.165962	-5.7726736	-4.420401	-4.5987387	-2.9522462	-1.7701353	-9.028688	-5.201469	-2.2075639	-6.0811834	-2.9638164	-4.1127014	-4.9750896	-5.601692	-2.8292866	-5.484958	-6.1791263	-3.9628747	-7.234192	-3.4780507	-5.189916	-3.7716923	-3.2992125	-6.0443096	-7.250332	4.05679	-4.768235	-6.279527	-4.072583	-3.548502	-5.2385106	-4.6229863	-4.2051682	-6.2545643	-4.7694583	-6.7943263	-2.9714057	-4.2204585
succinic semialdehyde	1.9248646	-1.2191452	6.7404013	7.119682	0.41588426	-3.2652042	2.2544405	3.3411481	7.126938	-1.2404019	-2.2130556	4.2624397	2.0152235	4.0496793	-3.8876634	4.63008	-3.306255	-1.6980944	1.7503494	2.4339123	2.113992	1.2469336	1.4509797	8.226471	1.7690059	7.9758596	2.5885844	2.2424872	0.52512807	4.6021957	0.76291084	-1.5456568	-0.8336575	0.07783077	0.27770045	-1.0533804	2.463388	-1.204848	3.5991936	3.7885575	4.3377905	0.82664496	0.1731576	2.7552645	-3.0543334	7.734539	0.31885836	2.5372128	4.333582	-0.541818	0.8420563	1.745817	1.080318	2.0559442	0.36593837	0.5691178	2.0418801	-1.4192814	5.204644	1.7207619	0.99137765	-2.3885813	-5.827088	5.242002	-1.1819273	-1.8814602	-2.4947853	2.2966595	-1.7034724	0.9431399	-2.2507381	-1.2242529	0.18185647	0.9976827	-1.9986932	5.8727627	3.0940716	0.194293	-1.8645165	-0.28178036	1.4648637	2.2105703	-0.44561902	-0.4253788	1.0208313	5.9724884	2.8264008	5.158649	3.4747114	6.0914245	6.231011	5.188774	-3.3470309	1.2922415	4.0687037	-0.6856558	5.1695876	-4.8144956	3.640444	-1.5477833	-2.631647	2.0509262	5.0035515	-1.8850324	0.5350911	0.07086226	1.8124585	3.3734653	4.0255227	4.525409	-1.8587104	-0.24113375	6.2107935	-0.91832066	4.0662665	1.5381737	1.4404733	1.0303131	-3.8664799	2.8552804	2.1645892	5.933676	-2.868318	3.9738483	2.506916	-0.24295361	-5.018773	2.5057359	-0.6322868	1.8685464	-4.505151	0.13955097	4.251229	5.105536	-1.0499357	0.39340523	1.9125698	-4.5502453	-4.993845	0.83728826	-4.1403847	4.8132887	0.41908035	2.6205492	7.2802024	-4.2350097	-1.679578	2.8429356	-0.5927939	3.313165	2.0245478	6.423454	-2.6595833	2.6821318	1.7708468	-2.6620035	-6.6072974	-1.3399829	-2.851314	2.9920409	-0.52661645	-1.6647795	-2.0865145	2.0152366	8.816857	-2.9620197	3.4901364	3.3581836	0.27780256	-0.15058768	7.184356	-1.1582787	-2.1957235	1.5151587	1.3468583	0.69865996	-1.4788284	5.8881893	0.054920685	3.9906237	-2.2394125	3.4678855	2.9781063	-0.26034942	-1.3368827	-2.7790363	-0.8594572	0.22806057	-2.6121485	0.25884867	2.9829838	-2.8730206	4.692242	2.8218966	-3.6253784	-2.5268636	-4.6548886	-6.3313165	4.5402913	1.8128538	-2.425734	-1.2020768	-1.3106103	0.31198597	-2.3415933	0.89038765	1.5946767	-0.26264453	-3.63378	2.2590454	6.1523566	-4.0334396	0.055210847	0.85591084	2.0152154	-1.9765389	3.652683	-2.1951125	0.8696159	5.538923	-3.1687286	1.693767	5.111165	-2.308623	2.2562454	-3.4690204	4.517699	3.0251753	0.69007057	-0.5783146	6.8829637	-3.49604	6.1671762	3.6755114	0.22114253	-0.1545004	-4.768235	8.816858	-0.24725744	-4.0931444	-3.2295403	2.4805987	2.9444504	0.6059039	-3.1833882	6.185742	-3.5677228	3.01671	1.2956657
succinyl-hydrazinoacetic acid	-3.3752713	1.3678801	4.1180224	2.952321	4.2257633	1.6547147	-2.102281	-1.3316216	7.6909413	-2.421686	-6.7081976	0.038790688	-4.045531	4.8300805	-3.5708675	-1.723196	3.989895	-1.8018641	1.5697008	7.286995	-1.7218528	2.9276357	-3.4257276	-0.4530538	-3.1351962	4.3088684	1.2403991	2.7517195	-4.92207	10.358889	3.4432335	-1.4064702	-3.7658348	-2.6002412	-3.0238247	-0.08696785	-0.5441689	-5.1551547	-1.0951346	4.080262	9.840121	-3.34119	-1.1034272	6.2438183	-7.13136	-2.016982	-4.269875	7.055111	1.9842771	-5.6848183	-4.3043575	-4.602954	-3.2580876	-2.2290802	-5.577764	-5.2670302	-3.2706769	-3.4065976	2.472715	3.7422917	3.923526	-5.1635237	-6.8370395	1.9299102	-2.5758677	-5.248897	-3.0446696	-1.6860077	-0.0089373905	-0.11178358	-4.893863	-3.5852544	5.3011007	3.1414158	-5.4441223	7.945115	6.6400156	-0.3338302	-0.27449685	-3.233143	0.008734675	2.1132488	5.7281895	-3.9112053	-3.008603	4.5402446	-1.917606	0.019229654	8.725364	-0.8772907	6.929543	8.809194	-0.9054481	1.7721468	-3.0262203	-1.6920004	-1.4199004	-8.295466	0.31883702	-4.622622	3.0731583	4.0276837	-3.3122756	-3.822661	-4.0865245	-3.5805724	-3.9318357	-2.0833204	7.9406586	5.957784	-4.0171514	0.8671158	0.30745283	-4.053323	-0.5954579	8.270978	8.451345	-4.274115	-4.879512	-0.7731325	-1.3925446	0.06060977	-5.3228106	-1.1115288	2.5226154	-3.2080255	2.259964	-2.4135659	-2.0867567	-4.319697	-5.1085773	-5.711606	-2.9746575	5.140552	0.77902687	-2.2738755	-5.376499	-4.2756577	-3.3151577	-3.371789	-8.796218	-1.8606026	-3.4144604	-4.2070494	3.7743769	-7.745628	-6.7921643	-0.9306289	-4.3614774	-3.128404	-2.5844858	-1.281145	-5.4086547	5.4817076	1.8936589	-4.637906	-5.9214926	-5.6802063	-7.038001	-0.071900345	-2.0583448	4.637632	-3.6574152	-3.4535375	0.6741025	-5.5927234	4.544974	5.7672167	1.6423519	-4.525947	0.8086011	-7.6162133	-6.686925	-2.7393773	-2.8055398	5.1591835	9.381954	4.914758	-4.661195	3.7918043	-5.097246	3.5932913	6.354987	-4.369822	-4.022843	-5.504041	-4.8258486	-2.1265454	-6.871964	-1.8619022	7.566314	-6.261028	4.6282554	6.1149516	-2.0741081	-4.1494503	-5.2436814	-8.394391	3.4979503	-2.876241	-1.9141961	-1.0229868	-5.812868	7.4043555	-1.984829	-3.3197863	-3.0454285	1.019149	-4.5251346	-4.3049045	5.5119205	-4.547694	3.118553	5.36147	0.73589677	1.7645653	2.9663374	1.8152481	4.9675426	-0.88424474	-2.0428984	6.698539	-2.4197092	-3.2772002	-1.6503782	-1.99502	-0.50135237	-0.73373437	-4.690171	-6.4800463	-0.34247667	-1.2317265	-0.3849876	4.4143643	0.42512354	-4.691216	-6.279527	-0.24725744	11.897487	-5.163781	-7.3738823	11.897486	7.3686037	-1.1569484	-3.2829711	3.2110054	-6.178392	0.033559658	5.28843
threonine	1.4665238	-3.1345482	-3.2236927	0.47969675	-0.6854866	-4.2930326	-2.0186584	-4.8199058	-1.7523179	-7.7869606	-7.4360294	-3.0025585	-8.60884	-3.4459715	-8.4044485	-4.0412626	-6.637832	-4.4550247	-2.955471	-2.15571	-4.759502	-4.837323	-4.2725263	-5.4103684	-4.457694	-4.4919677	-1.7819537	-4.767217	-1.2332181	-4.338024	-2.8584924	-6.7593355	-5.901823	-3.8318791	-3.8559005	-4.04203	-4.381183	-3.2504785	-5.145389	-1.8188003	-2.2710598	-1.6394775	-3.8063495	-4.1550336	-5.889621	-6.7487564	-3.312684	-4.9658494	-4.889484	-2.2665453	-4.6928253	-2.6421766	-3.2950037	-4.9605603	-7.469335	-8.030032	-3.6137183	-5.4615817	-5.5232015	-3.7811148	-2.4467428	-3.8152804	-7.481095	-4.1574783	-4.864659	-1.6118724	-3.434212	-3.7172413	-7.074266	-7.5091667	-2.9503596	-3.832869	-5.132602	-3.2792058	-3.701268	-4.305309	-5.6340528	-6.5711927	-4.1724396	-4.9839277	-4.6596684	-5.1811066	-7.067729	-3.031041	-4.7189317	-5.2313595	-4.138889	-3.2606156	-5.758493	-1.1466979	-1.8641405	-2.8513737	-6.247399	-3.3837113	-1.0104331	-3.9824617	-3.8455832	2.979941	-2.8104968	-0.94816905	-4.341059	-1.3060219	1.1696119	-3.5410101	0.13574071	-6.726615	0.32290325	-2.8341167	-4.297486	-1.7780068	-3.9490223	-5.30994	-3.3639357	-8.114767	-4.1748195	-6.7001066	-6.132823	-5.932632	-5.2365427	-5.6550565	-4.434733	-3.0765102	-3.9454262	-2.1529942	-4.5360546	1.1531509	-6.964502	-3.713582	-2.877949	-2.6405563	-5.446675	0.8922333	-4.687506	-2.189606	-5.871722	-5.134259	-6.1072917	-6.540408	-9.954051	-6.1238713	-8.542221	-3.981509	-5.1435833	-4.0641866	-5.6992545	-6.153356	-5.2489834	-2.4120758	-4.1506295	-5.2958155	-2.6713252	-5.1395707	-1.2101641	-6.377534	-4.1869493	-5.121139	-2.3358238	-6.120497	3.324086	-4.787744	-4.9801726	-5.4231634	-7.7005496	-6.1797543	-4.3145547	-9.349018	-3.4151318	-3.1285195	-4.096017	-7.873067	-3.6005578	-7.6390686	-5.2574534	-5.9602423	-6.36208	-6.0679984	-4.550791	-1.6317317	-5.0261536	-2.4295394	-7.1118994	-2.9404225	-3.0458434	-4.2233887	-4.069924	-1.8109924	-0.24931027	-5.6265464	-3.7446446	-0.5428954	-4.1242995	-6.7622232	-3.5252118	-3.814828	-7.583037	-5.6158385	-6.6821632	-6.6861615	-1.8471531	-4.5511065	-6.6885033	-5.2810674	-5.686236	-6.189601	-4.632463	-1.7904322	-3.4926527	-4.876063	-5.64477	-5.636502	-1.9607211	-6.08274	-4.1722684	-4.566949	-3.7028227	-1.4822932	-3.1687014	-7.249198	-4.5917196	-3.9979055	-7.1221642	-4.709757	-3.8798914	-4.7478743	-4.002502	-3.3230326	-5.3323994	-4.2797613	-4.3692646	-5.394246	-0.69877684	-6.194671	-0.5571478	-4.053027	-1.6899226	-7.4715195	-4.072583	-4.0931444	-5.163781	3.985514	-6.442549	-5.004796	-3.6744173	-4.407674	-6.3307486	-3.4579103	-4.901978	-1.1909301	-1.437525
trans-2-crotylglycine	0.6269865	-0.72916204	-0.4865752	-1.0232369	1.1869959	0.5404138	-0.24412625	0.71694577	0.063944675	-3.6166697	-2.6837714	-0.9118867	-8.47652	-1.0048181	-2.3274713	-2.1197867	-1.047713	1.9357239	-1.0421984	-0.2837838	-0.12787642	-0.13874942	0.38575166	-0.8597771	-0.382951	-2.3684046	-0.10310392	-0.47893864	-3.866651	-1.4222225	0.57251924	-1.0185263	-4.1052456	-0.5045519	0.13640691	1.4099978	1.5187141	-1.4225965	-0.5753867	1.317054	-2.242809	1.8473842	2.6739962	-0.25417462	0.27186465	-0.4574748	4.597885	0.1822818	-2.805696	-0.27624935	0.9661866	0.7762934	1.655597	-2.5198252	-1.1787742	2.410698	-0.6618067	0.84101456	0.6270965	-2.8680367	-1.1639391	5.971071	1.0831076	-2.3688984	1.0072451	-0.26148856	7.507427	1.2801422	-0.42888308	2.5940678	0.6116885	-1.2490153	0.26020476	-1.0271598	-0.067262724	-0.43993482	-0.37474242	-0.03618095	1.8677118	-1.1823454	-0.148552	-2.6179254	-0.3726839	0.5740316	0.5951873	-0.47857684	-1.8083541	0.15875621	-1.1296849	-1.1511341	-0.18676838	-0.38364667	-1.6595148	-0.2866654	1.6532723	-1.4708382	6.9356604	-2.9005237	1.2911375	-0.5965157	1.2239085	-1.366864	-1.0283583	-1.1265745	1.1784275	1.5276785	-0.6316455	-1.7084357	-3.38907	-0.5746952	0.88117766	-0.9287037	-0.3048209	-1.929778	0.37179586	-2.753748	0.69732344	-0.3263887	1.113072	-3.334204	1.1768887	1.1585195	0.9546729	-1.046189	-0.16258278	0.3768309	0.16099267	1.2874061	-1.1235273	0.8962304	1.8721328	-1.6534983	0.65803933	1.0400072	-1.3692861	2.9885502	1.773239	-2.488233	-5.247496	1.7106977	-3.401466	-0.12118046	1.7853191	-0.35832855	-1.6792282	2.361586	1.1941247	0.6709198	3.7468753	2.120016	2.9882884	-1.3381486	0.14815582	-1.279278	-0.48395416	0.9386341	3.8489623	0.26636994	-3.0234258	-2.0207248	-0.28187302	0.737534	-0.033034567	1.4773706	-1.3353604	-2.4767992	0.47617456	-2.6761875	0.9347565	-1.4469486	0.015888829	1.6109849	4.5918527	-2.323319	-0.049274232	-5.0920887	-4.2924585	-0.58613336	-0.30735585	1.775109	-2.1027315	-1.1693846	-0.034752026	0.24439558	-5.9033747	-6.381238	0.8589257	0.50416404	-1.122026	0.8655269	-0.57094604	-0.5886939	2.383381	-1.8734901	0.66340387	0.64728594	-0.91898394	0.9642572	0.36055273	-0.27763107	3.5063832	-2.0726912	2.2518542	-1.2796456	-0.7316594	1.3311847	3.181349	-0.45556635	1.4228423	0.6972388	-0.3446016	-2.8416064	-3.2457774	-0.041076344	-0.14481479	1.0221094	0.2179312	-7.1949563	-0.16556574	-0.37529343	-0.8954414	-2.0771797	2.537741	3.0939245	-0.53764784	-1.3959152	0.92823344	-1.2472364	-0.11567764	0.62128264	-1.3007817	0.18222891	-0.8834019	0.2068133	-1.7704235	-4.826063	-3.548502	-3.2295403	-7.3738823	-6.442549	7.507428	-2.363533	-1.6828268	3.0383594	1.1795766	-1.0892001	-0.68976015	-2.260952	0.33862254
trans-2-hexenoic acid	-1.5554494	0.24837099	3.250721	6.402433	2.7141554	0.51412654	2.3659103	2.042445	5.9033685	-3.5121593	-5.9303927	0.8969295	-1.4998153	3.519782	-3.2989607	1.0401188	2.373532	3.495548	1.2307718	5.4306216	0.8361806	2.1198137	0.96473855	2.3931136	2.5581846	3.767126	0.88308597	0.77812064	-2.505222	8.456277	4.2885294	0.78166085	-4.6984444	2.7850208	2.481365	1.3324437	1.1094005	0.098641716	0.9889605	4.0761256	7.958227	0.02137782	-0.21057777	4.864455	-3.6622295	-0.4387905	2.4355254	5.3784637	3.415363	-1.670575	-1.0115488	-1.6261538	0.2568002	0.91203505	1.6909597	-0.094970986	-1.8909578	-0.610213	1.5616431	5.4160533	3.7020242	-2.536295	-4.990458	1.2330384	0.97936237	1.565157	-2.89049	-1.1942414	2.64374	0.35113236	-2.8452508	-0.21251903	3.356087	1.4050869	-1.3629287	6.3783245	4.914241	1.8804972	-0.6846051	-1.23472	-0.23125556	2.8246768	4.973575	0.05310477	1.165806	3.3509414	2.3105862	2.0065243	7.083929	1.6362314	5.3018904	6.9940104	2.7410738	0.32499924	1.4093033	0.029287616	2.2081058	-5.2168584	2.0855935	-2.4420264	2.017328	2.4140477	1.7162805	1.8941612	-1.3677238	0.3242762	-1.0988634	1.5086191	7.3880076	4.0788326	-2.0712845	1.0739474	2.5373526	-1.1632041	4.078949	6.1886387	6.40615	-1.6750335	2.914364	1.5681818	-0.03295131	1.5361758	-0.67459387	0.668907	1.4976659	1.2284259	1.1727927	1.3374579	-1.3139164	-1.4543393	-0.55868816	-5.5804777	0.8232779	5.3799796	0.00087837956	-0.602055	-2.2145596	-3.1501079	0.0683964	-1.4803047	-3.8487525	-0.4374424	0.75304985	1.4059016	3.4515054	-1.6777456	-2.6862266	-0.5748627	-1.5128857	-0.22499876	-0.34229672	0.5263784	-2.3977334	4.072486	2.3349533	-2.6637466	-4.929987	-1.2114023	-4.20148	-0.060658693	0.7033293	3.4757178	-0.26923317	0.9122031	2.7628481	-3.1971962	3.8039184	6.3689914	0.9504793	4.94093	3.5439477	-1.4245499	-1.828152	3.9969325	1.5393156	4.5611544	6.919993	3.7565844	0.33130336	2.989766	4.1586065	3.744326	5.0037556	0.51720303	-3.926326	-1.304087	-1.175278	2.2030728	-1.597032	1.4373088	6.859567	-0.9449934	3.012866	5.6133575	3.7150102	-2.9902585	-3.9616685	-2.5987504	3.0995686	1.207321	0.23560973	-0.110772066	-1.7346857	5.4976335	-2.1499357	1.9587041	-0.7070698	3.8660285	-2.7885988	-0.40455332	4.523718	-2.2704148	2.352996	7.3345146	2.21462	0.017032607	1.7670043	0.4936145	4.265736	1.8429255	1.9419146	4.812164	-0.09249127	-2.2216263	-0.32555425	0.24050932	1.7332501	-1.407171	1.044785	1.9715664	5.3507085	-0.6378944	2.2985277	4.8665285	3.2949746	2.2937987	-5.2385106	2.4805987	11.897486	-5.004796	-2.363533	11.897487	5.506227	-0.35029265	-1.7324493	3.4133008	-2.8525035	6.3600216	3.5545805
tricarballylic acid	1.645741	1.8590572	3.7447858	2.3289652	1.8586496	5.498373	2.5000985	0.23291671	2.9291086	-1.7953182	-5.02022	3.5566845	1.4938458	6.7275767	-3.072975	3.3658035	0.8770861	1.8881643	3.8348656	2.355556	-0.013805002	2.1338727	0.6799398	-0.66094416	-0.9379636	3.5598054	4.153525	3.435041	-2.5083466	6.898502	1.6085685	4.570761	-2.490828	2.1623025	2.6031172	2.4028068	0.9122271	-0.023334198	3.0466518	2.1185877	3.9247506	0.96710086	1.773692	5.7008514	-2.1996427	3.0660844	-0.581963	4.001179	5.2444043	0.106269516	3.8843777	-0.66546893	0.6491965	5.2959604	-0.0065380987	0.07013035	3.327666	6.6658897	0.7830036	3.1916955	4.1495795	0.08035879	0.58867186	0.6169725	0.504647	-0.9090755	2.6929336	0.68414557	-1.1697398	-0.15383483	3.667775	0.44766182	5.483938	0.66818815	0.26575527	4.204267	2.2447007	-0.72619945	-1.783491	-0.5992471	-0.37461734	-2.0206277	3.0244098	2.9227448	1.0139815	6.4800987	5.6068535	2.841496	4.8960495	1.6856703	4.763397	3.39548	-1.4715255	5.601344	-1.8110312	-0.06345949	-0.10173125	-3.4760432	0.1286019	-2.4514365	2.2022865	-0.43903637	-0.1849083	0.55022913	-0.07044012	-1.3303183	0.2594816	0.8207251	8.484522	5.1714115	-0.022077372	0.33111304	4.2381244	-3.8321335	1.7462541	5.5767336	5.365034	0.849924	-2.1944652	3.4906085	3.2833688	3.602507	-1.0171589	0.6922671	2.4198604	1.4770105	-0.10128452	0.45616013	1.3356584	-1.0711257	-4.459012	-2.2398782	0.5454044	2.7981787	-2.6352375	-2.273273	-2.0988045	-1.2144438	-0.3481943	0.23488206	-2.6267626	2.5944974	2.3029969	4.9676275	2.9091847	-3.0171447	-1.6609795	1.8080302	-0.8286771	0.22832796	1.048514	0.77517426	0.4028637	2.0393937	4.4656677	-0.8713553	1.5028521	-1.397023	-4.3005247	1.3409586	1.1354369	0.8850212	-2.1828868	-0.34636617	-0.77036065	-3.833686	4.4890985	10.049737	3.923941	0.033120718	5.0026555	-4.9638214	-1.9128553	-0.67768544	1.3612282	3.801323	9.891689	3.6026556	-0.51369786	3.9901328	0.8384984	4.586695	5.8535748	0.71961296	-3.7835367	-3.873849	0.46747082	3.0211313	0.3369661	1.7208654	3.7675636	-0.40386274	3.6689782	3.2369523	-3.020425	-1.602232	-1.1953459	-0.5525049	4.967367	0.85257185	-0.073991545	-0.8280182	-1.0166355	4.5406475	-0.23898074	0.87910104	1.6334211	1.7163051	-1.9047902	1.2947043	5.394883	1.5433334	0.72278845	3.3174567	1.4571663	5.690337	-0.19375126	0.8614758	2.205398	3.3301985	-1.8968128	1.9045033	5.3393416	0.11208445	1.1394906	1.0303832	4.321745	4.598561	0.86391276	-0.6925844	4.39959	-1.5599228	1.322736	2.8862712	1.479507	2.7369373	-4.6229863	2.9444504	7.3686037	-3.6744173	-1.6828268	5.506227	10.049738	0.017577428	-1.3667525	4.277812	-0.49809307	4.2833586	1.3703176
tryptophan	0.15354396	0.6745327	0.27740723	0.8693307	1.073612	1.878637	0.27339622	1.7059811	0.76146066	-0.035675567	-0.045203462	0.31419876	-5.124973	0.37138402	-1.6645329	0.5488095	1.1765283	0.80070394	0.014573515	0.658275	0.7960144	0.6519104	0.101924725	0.80928826	0.04520698	0.8074772	0.098223865	-0.41763437	-1.9219108	0.018566942	0.8949658	-1.7589306	0.47732326	0.8676056	1.1066394	1.8231016	1.1412624	1.023703	0.3595381	0.4873072	-0.16649057	1.6224416	1.899299	-0.42251316	0.4201164	0.07946331	3.2093847	0.43018547	-0.36693302	0.17391485	0.49708363	-0.26625043	1.3639538	-0.22660345	-0.37236667	-0.6858145	-0.23800687	1.5218439	1.347484	-1.3958021	0.69237334	2.35853	-2.3331516	-1.0240314	-0.40284473	-0.07628742	1.7841173	-0.28754142	1.3484551	-0.50663286	0.27185383	1.6002914	-0.104967326	-0.4062422	1.0921264	0.64294034	0.7235403	-0.56888443	1.1652799	0.82839024	-0.9610428	-1.3124775	0.77694356	2.1485336	3.5609126	1.3673646	0.3818976	0.883384	0.6627924	1.1645385	0.098132156	1.6516882	-0.41177374	0.41163033	2.3999481	0.6875613	3.0315173	-2.7602198	1.1921154	-0.8325755	0.21637966	0.29924962	-0.7022213	1.984627	-0.4829712	0.5850843	-0.024257425	1.109008	-0.10422346	-0.026602214	4.4599295	1.7245069	0.16584347	-0.89388615	1.5648155	-1.9814602	-1.4989095	2.2728317	0.16170286	-0.8981973	0.50538754	0.929265	0.5727484	0.22215301	0.19813769	1.041683	0.69216436	0.84600407	1.1100876	0.5680739	-0.02736851	0.69763225	1.3979588	0.1904329	1.2374151	1.7805547	2.1869473	-0.4965496	-1.5736225	2.0928144	-0.1684197	2.008963	1.9299937	-0.33668968	-0.27928954	2.0093737	1.6160187	1.4002914	3.893282	2.365731	2.6737933	0.33579108	1.0163277	1.536267	0.17546603	-0.5666858	-1.0569785	0.27300087	-3.164004	-0.80228513	1.0895886	1.4016651	-0.8475563	-0.96149933	0.8802415	-0.9654509	0.49144825	0.34188148	0.5173352	3.4486973	0.57465863	2.8513443	1.2554022	-1.2435943	0.71682894	0.5079645	-0.04996383	0.5988333	0.33760983	0.28248012	1.4395273	0.13595812	-0.02553458	-0.6778021	-3.7567348	-2.9271255	0.5192123	2.8348436	0.102906674	0.09214691	0.37473556	1.0595477	1.2681357	0.67301667	-1.5728699	-0.19232742	-1.1849054	-1.3427374	0.19576839	1.0820045	3.1152053	-0.8616369	1.8046211	4.0524836	-0.8027889	0.75698054	3.3985696	0.098151	0.3999684	0.10417537	-0.12231663	1.1495713	-1.838099	1.4396824	2.1960044	1.0338783	1.6341982	-4.855302	0.69274014	1.7635678	-0.24151479	-0.2372418	-0.3475344	1.8982311	-0.34419277	1.1271037	0.7475324	-0.4564052	0.10311977	-1.3070863	0.3628956	-0.27321622	1.005901	0.6271951	-1.6430944	-2.2551975	-4.2051682	0.6059039	-1.1569484	-4.407674	3.0383594	-0.35029265	0.017577428	4.4599304	0.75572264	0.3718505	-1.1482395	-0.51187176	0.7994755
tyrosine	1.6303277	-1.5892197	-1.6094875	-1.5832059	-0.46335477	-0.3121798	-0.8702772	-0.2586104	-1.9524319	-1.586296	-1.3270886	-2.0561028	-5.505627	-1.2729006	-4.0368404	-2.1138225	-1.0782859	-0.08852031	-0.73352534	2.4628737	-1.1872528	0.33693182	-1.187832	-2.2128398	-0.63226587	-1.422285	-1.8476783	-1.6845652	-3.9765759	-2.3214025	-1.3510698	-3.179177	-0.9191801	-0.2570815	-0.10697356	-0.90431726	-0.9511637	-2.308205	-0.118403316	0.22015865	-1.5561236	-0.50404537	-2.0169823	-1.2523148	-1.2447093	-2.0355206	1.4569331	-1.3980529	-1.5411315	0.346524	-1.903566	-1.6777035	1.3039117	-2.432044	-2.2961984	-2.4065256	-1.0313573	0.6091891	0.05932656	-3.0878365	-1.8072165	1.5816448	-3.7708979	-2.2052543	-0.82472503	-3.4379065	2.7901988	-1.859304	-0.17338312	-2.799031	-0.9543749	0.15860292	-2.35638	-0.16894823	0.093961634	-1.532319	-0.615464	-3.0652916	-0.45970863	0.15553834	-2.8377397	-2.387352	-1.7297313	-1.2320473	-0.17041808	-1.0128506	-2.730848	-0.7552924	-1.1273546	-1.9064901	-1.3239603	-0.68897164	-2.1180866	-2.0780203	0.14457887	-1.63072	0.24072008	-4.860127	0.3984374	-2.979927	-0.8225774	-0.4131149	-2.7288914	-1.0071683	-2.316347	-0.60903317	-2.5469387	-0.7504211	-2.0012956	1.8918684	1.1208316	2.041142	-1.9419813	-3.273934	-1.2493302	-5.8317986	-4.812395	0.046837013	-0.49957988	-1.9991064	-0.86347103	-2.71673	-0.81586707	2.885407	-1.5688862	-0.8251028	0.5885251	-1.1661438	0.33604786	-1.412709	0.72406906	-0.0052921395	1.1503801	0.05194706	0.36341915	-0.7598887	-1.2385458	-2.8231304	-1.1826074	1.7013017	-1.2947272	-0.1744004	2.8495686	-0.18096963	-3.0788693	3.4603972	2.2668877	-0.60903215	0.4858478	0.132872	1.3611202	-1.4082862	-0.3618786	-1.283259	-0.4297743	-1.9547119	-2.225226	-1.0771095	-4.9414325	-2.5518177	0.05245296	0.26524895	-3.1038582	-2.505688	-2.641721	-4.0596337	-0.3091748	-1.768324	-1.3276907	0.12826808	-1.8606696	2.6786258	1.6617774	-2.2543755	-0.4080455	-2.7286813	-2.444569	-0.45525634	-1.5860392	-1.748607	-0.062299326	-1.3574269	-1.3902545	-1.8578212	-6.2315683	-6.0171747	1.9770072	0.1598665	-1.0164216	-2.1485157	-2.0019784	1.1930724	1.3536611	2.5386834	-2.8549001	-1.9754139	-3.2444444	-3.5688558	-0.24347676	-1.1213242	0.6575261	-1.8928816	0.5179496	-2.2655954	-2.2786844	1.4850309	0.87869143	-1.4370158	-1.0463917	1.5584294	-1.9906714	0.1521478	-0.04423005	-0.96842706	2.3695612	-0.1916094	0.42487139	-5.7420173	-0.72396654	-2.591971	-2.2703183	-3.2428658	-3.035671	1.4766963	-0.4258677	-1.8488557	-0.9799699	-2.5964453	-1.4828945	-2.6359644	-1.4134997	-1.818928	-1.316386	-1.170664	-3.3211305	-3.8882146	-6.2545643	-3.1833882	-3.2829711	-6.3307486	1.1795766	-1.7324493	-1.3667525	0.75572264	3.4603982	-1.3807179	-2.660563	-1.8279408	1.0674218
ustethylinic acid	0.5939279	-0.69606674	5.3916636	5.679341	2.6416557	1.2997038	0.8820295	2.4390354	5.402091	0.20863608	-1.3876283	2.9028716	-2.7554646	3.5876224	-3.580249	2.4437048	-0.12508716	2.939479	4.614445	1.8642896	1.2264909	0.37345538	0.9200596	6.097435	3.347189	6.033531	3.0462193	2.47924	-0.7631522	4.382406	2.522967	0.39335057	-0.15635884	3.279546	2.9808705	0.3401173	2.2482226	-0.3000156	2.3947597	3.4084218	4.5578756	2.4803495	0.6792339	1.4787297	-2.3566825	3.7108424	1.2753742	2.3300807	5.471307	-0.3352199	-0.66148025	0.66398966	0.43242887	-0.5923392	0.4384683	1.1650516	0.48121142	1.4308122	2.569573	4.4751763	4.9221025	0.006084951	-5.037166	0.9641287	1.5327857	0.7121912	0.46343768	0.66112643	2.1458564	1.4171168	-1.1989024	0.106614485	3.723501	0.62419087	1.1705279	4.8856087	2.3452845	1.4965128	0.12749961	1.7546289	0.95401216	5.553301	1.9278333	1.412822	1.1857916	4.4305396	1.3064393	3.7025063	4.0287867	4.710106	5.1640778	3.4274538	-1.6200714	1.6019423	2.488396	0.03489324	3.5169036	-4.8037405	2.1947374	-0.8532839	1.0437349	2.9326031	3.6870513	0.28045925	0.22046724	0.7914617	0.5590661	2.338344	6.332828	6.521309	-0.123974405	-1.5522233	8.173397	-1.4566202	4.3658485	4.754541	4.9233418	0.10932808	0.347434	3.2428648	2.4531975	3.944587	1.1556574	3.1328304	1.4877433	2.3735487	1.6439664	2.747098	0.6364132	0.3006986	-1.6734349	-2.1624687	3.4118512	3.6902654	-0.15563633	-1.6543906	-1.0539391	-4.710008	-1.5800253	0.24496478	0.37350285	0.9500235	0.7643757	1.5670614	4.8568172	-0.9572613	-2.0676744	2.9071882	3.6645463	1.9973736	1.2453986	1.8436098	0.5856622	4.1959877	2.8063326	-1.7135869	-2.61613	2.4389257	-3.2250788	1.8599024	-0.8224886	0.9886762	-0.31812134	1.5961806	6.7354755	-3.5866833	3.672586	4.5966363	2.6515756	0.3456238	7.523543	-1.7959514	-2.0195878	0.51389605	2.306552	7.239725	4.443061	4.212389	-0.9239928	2.830039	0.10393658	8.381831	3.3946815	1.6197288	-2.7950592	-2.77392	1.7048429	0.028771123	-0.13317606	2.472361	4.4250145	-0.9867326	3.7102613	1.3788203	3.1703374	-1.0751606	-0.33727816	-2.1151896	6.159837	2.9575164	0.9209055	-2.633571	-0.52021104	3.4462693	-2.0894282	1.6984717	3.5347543	1.8134503	-1.2438163	1.5400311	3.8010614	-2.2167504	3.5756826	2.7474794	1.4340129	0.6805746	2.0494382	-0.14616145	1.2862636	3.5177758	-0.25597537	2.2064793	5.2729473	-0.51936	1.3766627	-0.10150097	3.5440083	1.879543	2.0698493	2.6153674	7.000284	-1.106307	4.318071	3.6101909	2.1505609	3.5036438	-4.7694583	6.185742	3.2110054	-3.4579103	-1.0892001	3.4133008	4.277812	0.3718505	-1.3807179	8.381832	0.46937	1.7235941	1.3234453
valine	-2.0195355	-0.849919	-1.0174505	-1.6728452	-3.2029908	-2.3857923	-1.7344681	-1.0721571	-2.2872493	-5.367881	-5.2453294	-1.6321336	-7.9396667	-2.7527323	-4.180433	0.25224814	3.0725665	-3.2209663	-2.513343	-0.24972136	-1.1589948	2.2707243	-1.210601	-3.242868	0.12383797	-3.0491548	-2.748705	-3.6082606	-4.5409636	-2.829624	0.5053279	-1.2509843	-5.07724	-1.4043932	-1.626359	-1.2514234	1.0737727	-1.0597243	-2.2804406	0.51921356	-1.653081	-1.3987656	-3.8503313	-2.8768425	-1.7399299	-1.245798	-2.425838	-3.0764596	-1.3836677	-1.7296218	1.4794647	-1.929634	-2.6290596	-2.4726593	-5.1197476	-4.3137817	-0.032590196	-2.1833673	0.7222967	-4.703243	-3.0008616	-1.6474694	4.944353	-0.6469806	-4.1678977	-4.259641	0.45544332	-2.2343326	-2.3023272	-4.1298122	-0.5624836	-0.29266852	-3.3373349	-2.7858837	1.2476737	-3.476028	1.3038949	-4.1518874	0.57086253	-1.5753965	-3.3623738	-4.010527	0.7542883	-1.5710912	-1.9656292	-2.4973674	-2.776045	-0.6820273	-0.30244488	-0.86068594	-2.68243	-2.807635	-1.9312357	-2.8103747	-2.1978533	-2.1150014	-2.9220755	-2.445157	-0.6951352	-3.1780612	-2.4610016	-1.9281503	-2.1027927	-1.503932	-3.4048326	-3.1249607	-3.2076368	-1.4652796	-2.7710817	-1.3184377	-1.5279009	-2.7046254	-0.22000796	-4.326424	-1.7705125	-3.8710823	-3.1013958	-2.4301624	-1.6891369	-3.7210102	-1.7995853	-2.129646	-1.6824569	-0.59061164	-2.9996781	-1.4048738	-0.8987921	0.037528027	-0.9696283	-2.334098	-2.3036253	-0.66685325	0.165313	-0.77100974	0.20556702	-3.0380816	-3.0848014	-3.7132916	-5.877743	-1.5426999	-3.2435243	-0.20160872	-0.52258235	-2.5194697	-3.8488615	-1.1404542	-1.2624893	-1.8257697	-0.77908576	-1.1706623	-1.9346586	-3.2069623	0.6363858	-3.8233857	-1.8238089	-0.67672294	-1.2811791	3.458291	-4.2579823	-3.014413	-2.0427728	-2.2540214	-4.8602643	-3.929505	-3.6541386	-6.0879555	-1.0602648	-1.6926322	-2.1226342	-1.5131848	0.41287354	-3.1877296	-0.8867354	-3.485926	-0.015718315	-2.520983	-2.1781979	-2.7628005	-1.9833218	-1.2244688	-2.6236744	-3.3517962	-2.965765	-2.638448	-4.961144	-5.0935884	1.065075	2.037649	4.488347	-0.92552674	-1.9651843	-1.6294372	-1.5216281	-1.771558	-4.4271126	-3.0730133	-3.7227113	-3.0224013	-1.9592294	-1.9464551	-2.6840625	-2.6663647	-0.107979126	-2.8154225	1.6700352	0.044447195	0.16951801	-0.6398884	-0.5717265	0.11748868	-1.3837428	-2.262527	-3.1436396	-3.068232	0.14314292	0.7245045	-3.0096056	-7.4108605	1.3655831	-1.3389627	-3.5582669	-1.2360184	-2.100468	-1.3414669	-1.1526295	1.7781581	-3.3375418	-3.0588555	-2.4932804	-4.580147	0.13278276	-2.4196873	-2.2942355	-2.6406004	-3.718608	-5.6479225	-6.7943263	-3.5677228	-6.178392	-4.901978	-0.68976015	-2.8525035	-0.49809307	-1.1482395	-2.660563	0.46937	4.944354	-3.0465403	0.8415263
valine isocyanide	-2.157971	7.576548	2.0462658	2.5542252	-0.4763427	-2.475377	2.8941693	0.33568928	3.9182081	-1.2212962	0.08618252	0.8959559	-4.207946	4.3130884	4.5048876	2.7314212	0.31620333	2.6087523	7.246287	2.0910676	1.3714696	-0.3042226	0.74697876	-0.40690118	1.6518327	2.828887	3.4975972	3.3988986	-0.2557151	1.6413821	2.2613919	0.38656166	-0.48321542	1.1561347	0.6425994	-0.88457286	1.0771625	1.4125311	4.337914	2.9485974	3.5236075	0.8174834	-0.28696328	-0.46021095	-0.6563308	1.2393066	1.506671	1.7345909	2.3461356	0.53138703	-2.3923175	5.847226	0.46279934	8.160276	-3.1473844	-3.0004718	-1.2261736	-2.5393584	0.29362798	-1.5886434	2.985663	1.3888638	-4.894768	-1.585938	0.9834848	0.20290515	0.3322924	0.6325298	-1.0948647	-2.060988	-0.73936516	-0.5005918	1.1539528	-1.9184775	-1.365046	3.7851644	0.03765157	2.8887882	-0.32135287	-2.5388062	-2.2026303	5.5068684	0.09185454	0.82045823	-0.18662809	1.4617482	7.9887824	2.7415004	2.6151373	2.2557273	3.6207795	1.2683952	1.2150345	3.2541876	-0.91123664	1.5032861	3.7232735	-3.3074489	1.764293	2.9022965	0.91777986	0.54318064	6.5582433	-0.22095977	5.9850607	-0.73734987	0.46226996	-0.5819179	0.61090165	1.6468794	0.11116292	0.6308485	1.9413899	-1.3900297	3.622973	-1.2405512	-0.49179283	-1.5513028	2.9579632	1.6675426	1.1982694	3.6313086	0.5365376	-2.084469	0.15380803	0.1546662	-2.2460809	2.1557615	-2.5224855	5.587444	2.5116224	-5.1829925	1.0071205	3.0020838	-1.3095323	-0.70813704	3.364106	-4.4059014	-2.8212757	0.67668784	-3.90639	-0.94301873	0.21282695	-3.1596696	-0.39549384	-1.9012096	-1.7050755	0.49684876	-1.0153383	0.3529596	1.7866596	1.4984678	-0.8659854	4.882675	3.6386056	0.81533957	-6.2104154	-1.7436205	-5.9301267	0.5066451	1.0812798	1.0728173	-4.0838175	-1.9395304	0.53880674	-2.777519	1.6605471	1.3947563	-1.0206956	-0.49571013	3.617678	-3.2639518	-0.65831363	-0.4991349	1.2604656	5.7369785	0.9017759	2.17548	2.1401365	1.6510555	3.777958	1.3225049	3.5663238	1.4951373	3.475513	6.338854	-2.93039	-0.6674347	-3.568683	2.9120574	4.370278	-3.093253	2.401963	4.25598	-2.944546	-3.319749	-3.443019	-4.0721607	2.0628223	2.2594497	1.2317452	-1.8645302	-1.5072079	1.3329514	-2.8629591	0.63417476	-1.056426	0.71680546	-2.3684072	0.9276948	2.7738836	-2.351349	1.5308568	3.1153014	2.1523926	5.18553	-1.5427972	-3.8333838	-0.20737834	2.7133381	0.8804133	4.092275	4.5362463	-1.5278175	0.5686512	2.8327265	2.4384522	2.0660503	0.7687029	-1.2259624	3.6202931	-1.0135434	2.8229716	3.2367845	4.6779323	-2.72762	-2.9714057	3.01671	0.033559658	-1.1909301	-2.260952	6.3600216	4.2833586	-0.51187176	-1.8279408	1.7235941	-3.0465403	8.160277	-0.52861756
valinol	1.6713712	1.76442	1.8861482	0.7357717	0.76275647	3.0122163	1.9197488	2.4425173	0.6683856	-4.6745076	-4.1160808	-1.5647497	1.7739776	0.797546	-3.9890237	0.52955794	0.46502155	3.1021273	-0.44291362	3.022522	2.2091784	0.51443183	1.9640934	0.28833687	5.859704	0.5360812	2.2912068	2.4970691	0.5631782	2.4092782	3.0295713	2.5813603	-3.5910532	0.7532854	1.4291352	0.16387606	4.5111475	1.356018	0.5559034	2.937106	3.0453646	2.603115	-1.9459141	1.2335547	-2.3134384	2.157027	0.2867122	2.4061887	4.163545	-1.4378624	1.045003	0.11198571	0.6608919	0.983496	-0.31184664	-2.7066858	1.2664397	2.7029665	1.697228	-0.20934774	-0.3618692	-1.4058057	0.3956022	3.8085427	-0.41432	3.3847167	0.81715673	1.7791451	-2.5537684	0.06437898	0.37628362	0.051043652	-0.2843962	1.9303585	0.55678344	1.5946944	1.7954358	-1.5377772	-0.7654611	-2.4286783	0.49055016	-2.980448	1.3450177	0.7672939	-1.5185431	1.4191613	2.2959979	2.0216382	3.7590714	5.902527	2.410664	3.057134	-1.4256487	1.3247777	-1.44426	2.7545953	0.82920074	-2.6024396	0.7784187	-0.54085135	2.9033651	-0.32839137	1.2608339	0.22642002	2.521611	1.5640599	-0.8180555	0.85863847	4.791442	0.3409639	-0.9921983	-0.24793635	-0.8855679	-1.7599908	1.0207677	0.48247674	0.7653002	-1.0693989	-0.35944343	4.0086446	2.0342708	2.0323613	1.5662096	0.110777915	-0.12989037	1.3670765	4.466781	1.8648502	4.1304517	-0.8475486	0.37604204	2.5467858	2.4062634	2.3222718	1.1357163	-1.0021615	0.6041934	-3.903742	-3.407417	0.862016	-2.6419303	5.2265673	0.3925778	1.7949733	-0.33886948	1.0029403	0.5760152	0.88143456	1.5461917	3.2405863	1.0522165	-0.6261775	0.7971019	-1.362678	1.586475	-0.5722489	-1.714489	0.9651515	-2.5480583	1.015652	0.41815323	1.9080126	-2.5509102	-1.0087163	-1.4443964	-2.4931228	2.6497126	1.0238383	0.49557278	-1.6875087	-0.084693894	-0.32416958	1.91	2.5422983	2.0434	-1.1810608	2.8215132	1.4385109	1.3898643	2.3928359	0.15624274	0.9300801	1.051028	2.3402083	-0.69744456	-2.391191	2.8568554	-0.84847695	1.1407583	0.47922495	1.5848142	1.9935443	2.5767422	5.079455	-2.7346685	-1.8094741	-0.13597152	-2.957944	0.11011056	0.055239607	-0.480781	-1.50262	-0.07723393	1.5311242	1.0539896	4.1347175	0.9481151	3.4705987	0.19163668	7.5765805	1.9867983	-0.06726975	-1.3259718	1.4397978	1.2460545	3.7290728	0.19503148	-1.3673998	1.0358661	0.9778339	-1.5631423	3.0606072	-0.16940112	2.0571938	6.2991714	-0.77886826	2.957881	0.63058466	1.1639141	4.375561	0.94509584	0.51098824	1.9538517	1.722007	2.1838946	0.04649066	-4.2204585	1.2956657	5.28843	-1.437525	0.33862254	3.5545805	1.3703176	0.7994755	1.0674218	1.3234453	0.8415263	-0.52861756	7.5765815
