	(2S,3R)-2-amino-3-hydroxy-4-(4-nitrophenyl)butanoic acid	(2S,6R)-diamino-(5R,7)-dihydroxy-heptanoic acid	(4S)-5,5,5-trichloroleucine	(E)-4-methylhex-2-enoic acid	(S,E)-2-amino-4-decenoic acid	1-(1,1-dimethylallyl)-tryptophan	1-aminocyclopropane-1-carboxylic acid	1-pyrroline-5-carboxylic acid	10,14-dimethyloctadecanoic acid	2,3-diaminobutyric acid	2,3-diaminopropionic acid	2,3-dihydroxy-para-aminobenzoic acid	2,3-dihydroxybenzoic acid	2,3-dihydroxyhexadecanoic acid	2,4-diaminobutyric acid	2,4-dihydroxypentanoic acid	2-(1-methylcyclopropyl)-D-glycine	2-amino-3,5-dimethyl-4-hexenoic Acid	2-amino-3-hydroxycyclopent-2-enone	2-amino-6-hydroxy-4-methyl-8-oxodecanoic acid	2-aminoadipic acid	2-aminobutyric acid	2-aminoisobutyric acid	2-carboxy-6-hydroxyoctahydroindole	2-chlorobenzoic acid	2-ketoglutaric acid	2-ketoisocaproic acid	2-ketoisovaleric acid	2-methylserine	2-sulfamoylacetic acid	2R-hydroxy-3-methylpentanoic acid	2R-hydroxyisovaleric acid	2S,3S-diaminobutyric acid	2S-amino-8-oxodecanoic acid	2S-amino-9,10-epoxy-8-oxodecanoic acid	2S-aminodecanoic acid	2S-aminododecanoic acid	2S-aminooctanoic acid	2S-hydroxyisocaproic acid	2S-hydroxyisovaleric acid	2S-methyl-3-oxobutyrine	3,3-dihomophenylalanine	3,4-dehydrolysine	3,4-dihydroxybenzoic acid	3,5-dihydroxyphenylglycine	3-(2-nitrocyclopropylalanine)	3-(3-pyridyl)-alanine	3-amino-2,4-dihydroxybenzoic acid	3-amino-4-hydroxybenzoic acid	3-amino-6-hydroxy-2-piperidone	3-aminoisobutyric acid	3-hydroxy-4-methylproline	3-hydroxy-O-methyl-5-methyltyrosine	3-hydroxy-para-aminobenzoic acid	3-hydroxyasparagine	3-hydroxyaspartic acid	3-hydroxyglutamine	3-hydroxykynurenine	3-hydroxyleucine	3-hydroxypicolinic acid	3-hydroxyquinaldic acid	3-hydroxytyrosine	3-hydroxyvaline	3-methoxyanthranilic acid	3-methoxyaspartic acid	3-methylasparagine	3-nitrotyrosine	3R-hydroxy-2,4-diaminobutyric acid	3R-hydroxyasparagine	3R-hydroxyaspartic acid	3R-hydroxyglutamine	3R-hydroxyhomotyrosine	3R-methylbeta-alanine	3R-methylglutamic acid	3S-cyclohex-2-enylalanine	3S-hydroxy-4R-methyloctanoic acid	3S-hydroxy-4S-methylproline	3S-hydroxyasparagine	3S-hydroxyleucine	3S-methyl-D-aspartic acid branched	3S-methylaspartic acid	3S-methylaspartic acid branched	3S-methylleucine	3S-methylproline	4,5-dehydroarginine	4-acetamidopyrrole-2-carboxylic acid	4-amino-2-hydroxy-3-isopropoxybenzoic acid	4-aminobutyric acid	4-hydroxy-3-nitrobenzoic acid	4-hydroxy-D-kynurenine	4-hydroxybenzoic acid	4-hydroxyglutamine	4-hydroxyphenylglycine	4-hydroxyphenylpyruvic acid	4-methoxytryptophan	4-methylproline	4-nitrotryptophan	4R-E-butenyl-4R-methylthreonine	4R-hydroxyproline	4R-methylproline	4R-propylproline	4S,5-dihydroxy-2S-aminopentanoic acid	4S-acetyl-5S-methylproline	4S-hydroxylysine	4S-methylazetidine-2S-carboxylic acid	4S-methylproline	4S-propenylproline	5,5-dimethylpipecolic acid	5-aminolevulinic acid	5-chloroanthranilic acid	5-chlorotryptophan	5-methoxytyrosine	5-methylorsellinic acid	5S-methylproline	6,7-dichlorotryptophan	6-chloro-4-hydroxy-1-methyl-indole-3-carboxylic acid	6-chloro-4-hydroxyindole-3-carboxylic acid	6-chlorotryptophan	6-hydroxy-tetrahydro-isoquinoline-3-carboxylic acid	6-methylsalicylic acid	6S-methyl-pipecolic acid	An acid hydrazine polyene (intermediate 14)	D-alanine	D-aspartic acid branched	D-glutamic acid branched	D-isovaline	D-leucine	D-lysergic acid	D-phenyllactic acid	D-serine	N-formylglycine	N-hydroxyvaline	N-methylphenylalanine	N-methyltyrosine	N1-methoxytryptophan	N5-acetyl-N5-hydroxyornithine	N5-cis-anhydromevalonyl-N5-hydroxyornithine	N5-formyl-N5-hydroxyornithine	N5-hydroxyornithine	N5-trans-anhydromevalonyl-N5-hydroxyornithine	N6-hydroxylysine	O-dimethylallyl-L-tyrosine	O-methyltyrosine	R-3-hydroxy-3-methylproline	R-aza-beta-tyrosine	R-beta-hydroxyphenylalanine	R-beta-hydroxytyrosine	R-beta-methylphenylalanine	R-beta-methyltryptophan	R-beta-phenylalanine	R-beta-tyrosine	S-adenosylmethionine	S-beta-hydroxycyclohex-2S-enylalanine	S-beta-hydroxyenduracididine	acetic acid	alanine	alaninol	allo-isoleucine	allo-threonine	anthranilic acid	arginine	argininol	asparagine	aspartic acid	aspartic acid branched	azetidine-2-carboxylic acid	benzoic acid	benzoxazolinate	beta-alanine	beta-hydroxy-3-hydroxy-O-methyl-5-methyltyrosine	beta-hydroxy-gamma-methyl-hexadecanoic acid	beta-hydroxyphenylalanine	beta-hydroxytyrosine	beta-lysine	beta-methylphenylalanine	betaine	butyric acid	caffeic acid	capreomycidine	cinnamic acid	citrulline	colletorin D acid	coumaric acid	cysteic acid	cysteine	cysteine branched	dehydrophenylalanine	dehydrotryptophan	dehydrovaline	dihydrolysergic acid	dimethylsulfoniopropionic acid	enduracididine	fatty acid	fumaric acid	glutamic acid	glutamine	glycine	graminine	grifolic acid	guanidinoacetic acid	histidine	homoserine	homotyrosine	indole pyruvic acid	isoleucine	isovaline	kynurenine	lactic acid	leucine	leucinol	linoleic acid	lysine	malic acid	malonamate	meta-tyrosine	methionine	methylglutaconyl hydroxyornithine	nicotinic acid	norcoronamic acid	ochratoxin beta	ornithine	p-hydroxymandelate	para-aminobenzoic acid	phenylalanine	phenylalaninol	phenylglycine	phenyllactic acid	phenylpyruvic acid	pipecolic acid	piperazic acid	piperonylic acid	proline	pyrrole-2-carboxylic acid	pyruvic acid	quinoxaline-2-carboxylic acid	salicylic acid	serine	succinic semialdehyde	succinyl-hydrazinoacetic acid	threonine	trans-2-crotylglycine	trans-2-hexenoic acid	tricarballylic acid	tryptophan	tyrosine	ustethylinic acid	valine	valine isocyanide	valinol
(2S,3R)-2-amino-3-hydroxy-4-(4-nitrophenyl)butanoic acid	5.6203604	-0.92395604	0.28977892	1.3693098	1.6932703	0.82717603	0.64760727	-0.554661	0.89535666	-1.0815829	-1.1031216	-0.21275878	-0.39866543	-0.31315038	-1.605718	0.8319196	0.23667304	-0.055648018	-0.24446039	2.070013	0.056234155	-0.08631559	0.21292333	0.86785024	0.6521574	0.5293204	0.6632973	0.40663093	0.21695513	0.29488322	0.36414376	-0.5143182	-0.706982	2.6675048	1.9905802	-0.018951409	0.106398255	0.38665068	0.4042595	1.7433761	1.1739447	0.08778543	9.142935e-05	1.1631128	-1.0279353	-0.036954027	-0.32445085	0.7181307	-0.19862375	0.06754527	0.47733977	0.40057123	1.9437627	-0.86847645	-1.4049869	-1.9152821	-0.6071094	1.3116155	-0.07410402	0.8450944	1.093145	-0.55437434	-2.267752	0.06317239	0.23673514	-0.58786076	-0.16373944	-1.1484609	-1.3209174	-1.0785288	-1.2142918	0.15594433	-0.9198225	0.5084876	0.62494767	1.0427061	-0.2071625	-1.2112921	-0.84236205	-1.2655876	-0.20502655	-0.3396621	0.024040738	1.8875694	-0.35783732	0.5975612	-0.14648214	0.26050413	0.583474	1.4980065	0.50335455	0.5912661	-1.2236423	-0.54236084	1.2578814	-0.48640963	-0.020265397	0.10933028	0.49854553	-0.35068977	0.8959083	-0.67099017	0.16446267	0.22223705	0.38475934	-0.3772331	-0.36831433	-0.09070401	0.54680187	1.1389035	-0.36058217	-0.28552908	0.64186263	-1.07956	0.45290023	-0.0104674045	0.14964728	0.901445	-0.37102878	0.35793197	1.238993	1.1212009	-0.31277505	-0.119210444	-0.01894825	1.9134982	-0.3328511	0.662906	-0.5939624	-0.68538654	-1.2048403	0.931178	0.51544917	0.28768998	-0.0023109175	-0.2771506	0.94388163	0.21787678	0.58925223	1.2484406	-1.2829075	2.3758035	-0.0019930182	0.8403514	0.34145287	-0.86675125	-0.2907204	-0.15095165	0.782403	-0.32269064	-0.8167408	-0.20975642	0.96287364	-1.345992	1.3436847	0.3628361	2.2046437	0.47672155	1.2712743	-0.030174652	-0.11402301	-0.1413874	-1.9288037	-1.0376891	0.9986059	-1.4401318	0.6973309	1.3379859	-0.40077844	-1.1883736	1.0962907	-1.8066766	-0.77669525	-0.06940531	0.22740473	-0.60374236	0.5602698	0.9198348	0.7707949	0.5926671	0.16107573	0.1901866	0.63406837	-0.7025624	-2.0604796	-2.0680501	-0.15529399	-0.46732482	0.20739152	0.011521351	-0.27325818	-0.00062157155	2.107774	1.0952518	-1.5736618	-0.2863664	-1.6395067	-1.8173347	0.26243347	-0.06125153	-1.2286621	-0.7749926	-0.35565206	0.4190826	0.43508616	0.89820945	0.23373003	0.21330759	-0.66566527	0.36227173	1.3047712	-1.140957	-0.0365205	0.22036947	0.10487958	1.2310824	-0.22447562	0.43690345	-0.6758455	0.1513512	-0.271744	0.4620212	0.10041577	0.2729431	0.4024056	0.06560095	0.23148753	-0.61154795	0.19859181	-0.33657977	0.48612547	-0.63012284	0.8942793	0.108271345	1.3609287	0.21443513	-0.50003135	2.358625	-1.3614271	0.70124406	0.24502777	-0.27353442	0.5646377	0.05784557	0.34880924	0.5989055	-0.37211016	-0.552674	0.5783638
(2S,6R)-diamino-(5R,7)-dihydroxy-heptanoic acid	-0.92395604	4.9566956	-0.16954151	-0.8348471	-0.24149053	0.90353405	0.095434606	1.3225155	-0.3755431	-1.1482035	-0.6137125	0.2389676	-2.5881448	1.2774347	-1.1324025	-0.22645992	-0.14240247	-0.124161705	-0.84403014	-0.25898212	-0.3891433	0.16232157	0.2702411	-1.4109077	-0.06395561	-0.13171118	0.3252132	0.24048162	-1.0290511	-0.24459465	-0.35930416	0.101486824	-1.1733646	3.281518	-0.34818745	0.88420826	1.1218174	1.6329787	-0.07361181	-0.5099394	0.6153369	1.1551327	0.1808824	0.3648976	0.0069625615	2.5827007	-0.23631717	-0.008233193	1.289788	1.8692442	-0.34035927	0.096759714	-0.8151816	4.898042	0.09384491	0.37502134	-0.17883565	0.57094616	-0.14232467	0.31489766	-0.39473078	-1.0109998	-1.1777365	-1.2279118	0.9082602	0.23121314	0.5404291	0.20575015	-0.7731795	1.1116436	0.097201236	-0.29315618	-1.1342183	0.66490716	0.17220947	-0.596644	-0.27285504	-0.23547705	0.3703327	-0.025981052	0.6453088	-1.7305645	-0.7286273	-0.21158242	-0.13711312	-0.6815648	4.9566946	0.028111128	-0.0074634016	0.9309163	0.022321295	1.3029306	-0.40750635	0.8132179	-0.1312651	0.2395894	-0.98813957	-1.1488857	0.7054335	-0.82718736	1.750928	-0.46595767	-0.32642773	0.6669418	0.8335467	-0.21924585	-0.69518846	-0.6192703	-1.0451918	-0.21488434	1.1425205	-0.8674888	-0.6108605	-1.3171984	-0.45640162	0.06476184	-1.0444422	-0.36857048	-0.27700204	0.1310775	-0.55577356	1.9149547	-0.016551157	0.034437444	-0.686959	-0.7494316	-0.09600092	2.460977	-0.96402586	1.3511734	0.023247544	-1.9927202	0.41776428	0.94375736	-0.80011445	1.189497	-1.387478	-0.55641985	-0.90907216	0.07435893	-0.5527666	-0.28943202	-0.19175589	-0.42609984	1.9695458	-0.4069028	1.088677	0.38221958	-0.3405161	0.49103388	-0.4957293	-1.0659263	0.06182867	-0.19873549	1.2554661	-0.083779074	-1.7067035	-0.005814496	-1.2748154	0.41260758	1.1362072	0.7128743	-0.14899246	0.14061666	0.14922339	-2.119476	1.5603374	-0.47470704	-0.41447836	-1.0879757	-0.95553166	-1.4595382	-0.111828454	-0.34717682	0.016639734	-1.2242304	-1.1493126	-0.08383533	2.059982	-0.32062864	0.22827686	-0.4703141	-0.25076663	2.1159506	-1.0514824	-0.422809	-0.79982346	0.09424239	-0.44858426	-0.35525456	0.7188619	-0.114119746	-0.16904427	-0.09528445	-0.23077673	0.053062975	-1.0793705	-0.46109235	-0.281952	1.0962777	-0.48936403	0.059850164	0.6213636	-0.38908648	-0.63143957	0.13820218	0.1982092	-0.73899716	-0.30906564	-0.22209065	0.3305644	0.30518335	-0.06553255	0.18889727	0.1418577	3.677073	-0.110138126	-2.591383	-0.66410714	-0.5252727	-0.007324393	-0.9396492	-0.8667496	-0.15120463	1.1674713	-0.01419039	0.1977426	-0.4013037	-0.061292022	-1.6841545	-0.19129455	-0.501831	-0.32207608	0.34366983	-0.2755608	-1.2514049	-1.8490983	-0.081642196	0.24988832	-1.7667499	-0.18413883	0.036543828	0.7625131	0.48726946	-0.4871332	-0.32387453	-0.4602304	3.4287462	0.38644442
(4S)-5,5,5-trichloroleucine	0.28977892	-0.16954151	5.0489893	2.649332	0.988025	0.053036634	1.3812478	0.80080074	3.068573	-1.3848352	-1.9969884	1.3409852	-1.3714207	2.3810735	-1.2093954	2.1777647	-0.18896933	1.7913789	2.3828738	1.7491676	1.0944834	0.24076004	1.0536135	2.8778112	1.8215258	2.6444414	3.312556	3.9663866	-0.15866564	2.7343485	2.3970115	2.0806098	-1.11766	1.8315057	1.9117706	1.1469774	2.1272392	0.98330593	3.6217797	1.8530872	0.7306407	0.90236926	-0.034428913	1.4840442	-0.7225987	0.31523457	-0.3418229	2.0431755	5.0489883	-0.28934443	0.20801	0.73503447	0.80379623	1.3917603	0.9148617	0.65196776	0.6000213	0.9982759	1.0733018	0.7274523	1.0199407	-0.568788	-0.92210454	1.176669	0.88090444	0.044864297	0.053662516	0.57938504	0.21024323	0.16969404	0.19936217	0.25590742	1.6096249	1.8364141	0.24705757	2.8329687	1.0472829	0.31969377	-0.15924636	0.15815845	0.7357536	0.8429873	-0.2958639	0.7333764	1.3688902	2.5803921	2.106919	1.53995	2.6905856	2.4992301	2.7681992	2.0273023	-0.23371963	2.409361	0.38109276	0.0048753195	1.5975509	-0.54835385	0.9699634	0.49218607	0.67773753	2.5994823	2.0162413	0.33119652	1.8452126	0.25845358	1.7048227	1.7479045	2.4586163	2.2862148	-0.5908707	-0.12296384	2.9493606	-1.0310265	1.7741807	0.50130606	0.98677146	0.5173057	-0.2791744	1.3026198	1.5616927	2.7640822	0.42053774	1.1422968	0.91559297	0.984244	0.17705339	0.85576016	0.69253445	2.0808027	-0.63209015	0.35948426	1.170951	0.66831565	0.020496119	-0.49341503	0.29940906	-1.3934306	-1.794381	-0.0465861	-1.2827859	0.77337927	0.36095744	1.8823854	1.3489012	-0.41488343	0.5703479	0.8498463	0.66266054	0.7574556	0.40828574	1.5533777	0.25901398	0.41232145	2.3612552	-0.2563031	-1.0201294	-0.26104033	-0.75705993	1.4465714	-0.40496248	0.955731	-0.31584653	0.6406442	3.1243687	-1.662395	1.7339101	0.7105856	1.250048	0.4027153	2.8914814	-1.4718318	-0.5178789	0.0525608	0.9694371	-0.004157471	2.1474323	1.6902059	1.3175122	3.012546	-1.0182713	1.6881317	2.066046	0.66029155	-1.2381268	-1.3746942	1.2891483	0.74705315	0.6732878	0.3369476	1.2302887	-0.6539928	2.3397217	1.590605	-0.61590314	-0.6864876	-1.247512	-0.85687685	1.6900609	0.4638329	-0.40960962	-0.10939463	0.05429546	1.6284791	-0.62975645	1.188789	0.32596183	1.8760384	-0.7745612	1.588013	2.192273	-0.2097559	3.9053836	0.59061176	0.5739658	0.16054021	0.14341456	-0.438353	0.30131814	2.117891	-1.2855532	1.2817919	2.0095978	-0.47402897	1.0530145	0.31849074	1.9069862	2.327943	0.4897716	1.6142547	2.6476994	-0.32372162	2.727652	3.5554957	0.798502	0.2623989	-2.0916283	2.654589	1.654176	-1.5735123	-0.61651033	1.6632855	1.8330135	0.16310549	-0.47993207	2.4966664	-0.4288828	1.5290736	1.43064
(E)-4-methylhex-2-enoic acid	1.3693098	-0.8348471	2.649332	3.6285458	0.8665999	0.44702423	1.4242057	0.7760636	2.8327193	-0.2655211	-0.49356478	1.8823566	-1.6175263	0.28694707	-1.2232674	1.6877042	0.3970412	2.0236342	1.241683	0.94174945	1.1845653	0.18963757	0.9015425	3.13099	1.5259418	3.0892856	1.325102	0.63764155	0.0759495	1.7314836	1.4916723	0.94950664	0.36887902	0.449121	0.4646824	0.5401073	1.22043	0.45598185	1.3400096	1.9640187	1.9789361	0.43898427	0.77350295	0.80033374	-0.7633418	0.47292677	0.5544671	2.0798137	1.1556236	-0.42196125	0.13082965	1.4186138	0.60015726	1.7219107	-0.22587672	0.6785655	0.6295532	0.4374094	1.1386847	0.97259724	1.0675468	-0.34851053	-1.2262952	2.253909	0.8650352	0.43952918	-0.4072052	1.0336316	0.4569424	0.54038185	-0.17559211	0.70911336	1.0006276	0.17595866	0.88333076	2.5485473	1.2658855	0.36977664	0.5920676	1.2939191	-0.0006937406	1.4013903	0.3063564	0.37729475	-0.1993553	2.705671	2.2018654	1.6879696	2.385689	2.3184478	2.3713303	2.233978	-0.1969186	1.3143377	1.5615493	1.1054798	2.1890736	-1.1871835	1.3885828	-0.21653041	0.57242846	1.0856107	1.9870937	0.8339321	0.6090347	0.23509906	0.61199963	1.831661	2.2629418	0.834428	-0.17372762	0.5910777	2.6784425	1.4858404	2.578398	0.6201014	0.48648405	0.1995694	0.15511353	0.9514182	0.890718	2.331064	-0.08683438	1.4153304	1.1394879	1.2204549	-0.74102813	0.76332873	0.7995608	0.36134812	-0.381228	0.8928759	1.5602795	1.4055197	1.381608	-0.30873054	1.5238159	-1.9963504	-1.1330862	0.7109208	-0.9708946	0.69251925	0.36670533	2.4215124	2.3184536	-0.91077584	-0.7598574	0.9651737	1.9464461	0.9705564	2.775624	1.4547921	0.29319972	1.0751635	0.68079054	-0.11304235	0.689782	-0.5340612	0.20702213	0.43087366	-0.3062407	0.1010627	-1.0728158	0.37786916	3.3526158	2.007392	1.6236778	1.4426143	0.6363724	0.05310808	3.0816517	0.26851264	-0.4873714	1.7867495	0.5104978	3.416846	0.022009168	2.1860325	-0.09174257	1.3053155	0.053098924	1.5398649	1.9516509	-0.23011155	-1.1586637	-0.6735449	-0.04568733	0.23565648	-0.17470834	2.2862854	2.7954514	0.5389497	1.3970958	1.981545	-0.6803024	-0.49489897	-1.1480322	-1.307967	1.6469425	0.6254651	-0.58380353	-0.31604627	0.11611367	1.1636636	-0.7313824	0.4999216	0.55196214	1.2821214	-0.77437836	1.5114211	2.5525265	0.3672254	1.1693687	2.1411579	0.4035714	0.30925533	1.2544973	-0.9523033	0.79976076	1.9148331	-0.30272168	0.58086234	2.4468174	-0.21304788	1.4895732	1.3889941	1.3122903	0.99376494	0.6636656	1.2489804	3.0940526	-0.41390693	2.469229	1.5731294	1.1749896	-0.13483845	-1.26539	3.0593975	1.1762909	0.05535963	-0.4494294	3.6285448	1.3960822	0.3347381	-0.67778224	2.4818244	-0.7949066	2.0535607	0.3251375
(S,E)-2-amino-4-decenoic acid	1.6932703	-0.24149053	0.988025	0.8665999	5.606315	-0.65635055	0.14500424	-0.26579377	0.8988067	2.223721	2.2913482	0.63996017	-0.09205555	3.0392199	-0.474432	1.1935098	0.77817297	-0.39803672	0.35050127	1.0456216	0.34921885	0.28263327	0.072848745	0.12716563	0.38498107	1.0307069	1.0088062	1.0237051	-0.5771214	1.555371	1.1556542	0.17061655	2.4708571	0.58595127	0.34637976	0.8887009	1.1824821	1.4742198	0.6040736	1.3680317	0.76011187	0.8218429	-0.41892672	2.1554735	-0.08385368	0.22409563	0.21756466	1.6889894	1.0266306	0.14676005	0.29009596	0.8642358	1.7007139	0.2914804	-0.53128815	-1.0443908	-1.204724	1.2993345	0.31229827	1.0865984	1.369154	0.54869175	-0.7349145	-0.3446511	0.68490326	-0.45962542	-0.4306986	0.6752474	0.13468859	-1.1307817	-0.9883403	-0.08780489	-0.66934204	-0.057035066	1.8119032	1.2800604	1.3370703	-0.5726188	0.6867201	0.8542091	-0.66873735	-0.8223028	-0.7066188	0.577241	-0.810719	1.0640074	0.6794362	0.72749734	1.9278445	0.7866415	1.4381762	0.49359286	-0.10874645	1.3463558	0.11154119	-0.42698747	0.012186122	-1.418891	0.64386415	-0.057734303	1.4920698	0.63217735	-0.098192014	-0.64047676	0.3157409	0.44870147	0.27229205	0.107462384	2.1070735	1.4229993	1.4905564	0.3097242	0.96007735	0.9351575	0.6180873	-0.13201362	-0.060817666	0.19266692	0.41599816	1.010683	0.43263987	1.1330544	0.3974768	1.3733076	0.1481661	0.68294686	-0.22847873	0.617321	-0.55806065	2.245406	1.1823457	-0.3810349	0.8425514	0.72328496	-0.8561371	-0.15964217	0.053401385	-1.0498693	-0.038685054	1.1028656	-1.0901643	1.1177483	0.40086684	0.96446633	0.5110759	0.5796151	-0.25320694	0.51372576	0.008810929	0.3003135	0.33957833	0.70958525	1.7414361	-1.086808	1.2538698	-0.36194965	-0.06246243	0.22579315	-0.5327223	0.3913058	-0.38346574	0.06396956	-0.8341547	-0.687413	0.32368153	0.16818283	0.8273197	0.2565339	0.2589368	-0.4243722	1.4001502	-0.6687877	-0.1246359	0.5361838	-0.07827294	0.38627818	1.2224071	1.1122717	-0.0014067646	1.3005432	-0.7373371	1.1581763	1.3577657	0.29153606	-0.8662444	-0.7895031	0.7964435	0.20380774	-0.27525896	0.53419805	0.67270684	-0.19171466	1.4494313	0.93325025	-0.65660137	-0.9224519	-0.5488213	-0.25519928	1.3566034	0.5679931	-0.5662077	-0.11071716	-0.33645752	1.6002527	-0.17458342	0.5023761	0.8519424	1.1866419	0.39670694	0.8430853	1.2938223	-1.0428941	1.4737747	2.168829	-0.054557245	0.6720255	0.3871592	1.2944205	0.1659059	0.73972815	-1.2670175	0.122394636	0.33118075	0.3651591	0.7750973	0.34695256	0.2217145	1.0514787	1.1925315	-0.48819083	1.0511348	0.21675119	1.5016521	1.6281776	0.67928416	0.7764091	-1.275709	1.029181	1.5557084	-0.8034945	0.52518374	0.7896351	1.4525363	0.9471681	0.20147668	1.0769826	-0.09268411	0.7828026	0.9872352
1-(1,1-dimethylallyl)-tryptophan	0.82717603	0.90353405	0.053036634	0.44702423	-0.65635055	7.4317384	-0.009753551	-0.48994964	0.4786586	0.96934634	-0.6241023	0.10813109	-2.290275	0.40704527	0.3295212	0.59363455	0.6827148	0.6462036	1.1210862	-0.56383914	0.28282562	1.2624626	-0.09795428	-1.2067289	0.07611577	-0.26210347	0.980457	0.16989835	-0.4514599	0.28481096	0.08002943	-0.2266291	0.9346736	1.6562226	1.9241947	0.46071717	-1.1729636	-0.12314611	0.45955396	0.07442058	0.5443663	-0.2649982	-0.27017426	0.3847517	-0.010995958	-0.1314714	-0.073792174	0.43413672	0.7752445	-0.036123313	1.3420436	-0.3983947	-1.0988721	0.29401535	-1.2559396	-1.5588592	-0.9919461	3.379502	-0.11420226	-0.7446683	0.22544508	-0.86702055	-1.9139643	0.32675895	-1.1894559	1.1504468	-0.32634628	0.16696699	-0.2550422	-0.65241015	-0.45503274	0.543998	0.99759454	0.37022138	-0.27822286	0.6919469	-0.123479806	-1.3433957	0.0647462	0.14497073	0.37174502	-0.9493389	0.031174432	0.48856714	-1.282576	1.4100846	0.23980111	0.062221255	1.1953007	1.2812322	0.295021	0.97974133	-0.8448949	0.35092747	0.1151725	-0.25205836	0.46878383	-0.57693416	0.016223673	-0.7872277	-0.47842947	-0.1378522	-0.14586017	1.2904255	-0.5156569	-0.49242336	-0.20719278	0.4350043	0.87334716	-0.10127439	-0.1175373	-0.5252033	0.2736687	-1.1670358	0.53143597	-0.1984157	0.10443628	0.35405216	-1.048488	2.3620744	1.587951	0.088166215	-0.12690154	-0.09213196	0.19707945	-0.016966471	-1.2707093	1.5417243	0.14341621	1.2057205	-1.5333343	-0.53853387	-0.5481386	0.19993764	-1.3636606	-0.13591412	-0.576271	-0.5467824	-0.7906715	-0.4942113	0.18668249	0.8889421	1.8460598	1.1762978	-0.14074527	-0.5494177	0.22570042	1.8659652	1.9938678	1.1540451	-0.18397254	0.24145554	-0.1890957	0.8931586	0.3399638	-0.3630155	-0.95849365	-0.24792418	-1.4367988	-0.40149516	1.509405	0.7378634	-1.3741986	-1.2124195	-0.9532283	-1.6774698	0.8461571	2.8012528	0.4351241	-1.0081724	0.16885868	-1.1090533	-0.75651956	0.18653016	0.28477323	1.4115672	-0.5024455	0.9653534	-0.6844881	0.23829931	1.4731617	0.38791007	0.8820027	-0.7280198	-0.7668607	-0.36808962	0.20636085	-0.08714856	0.9935052	1.1701114	0.56145924	1.2307961	-0.30670252	-0.28583318	-1.1724012	-0.6840202	-1.8842132	-0.7567615	0.49107423	1.3499734	-1.34755	-0.1755605	0.5629584	0.5606137	-0.38820705	-0.1896095	-0.21657445	-0.13802415	-0.19077449	0.8538575	0.7346949	2.2497118	0.9169876	-0.287439	-0.38430065	-0.51441175	-0.5276047	-2.0368922	-0.007789893	0.93563217	-0.3892266	1.3239528	0.024274746	-0.5063746	1.1306998	-0.1570068	1.2671024	-0.82197577	-0.48274544	-0.39062968	0.48205647	-0.83523566	-0.29898083	-0.028839612	0.2713347	-1.7021347	-1.3400023	-0.734443	0.576949	-1.8685242	-0.0311603	0.5141989	3.1840827	0.6771551	-0.13635075	0.48823476	-0.8866123	0.07368951	0.6359141
1-aminocyclopropane-1-carboxylic acid	0.64760727	0.095434606	1.3812478	1.4242057	0.14500424	-0.009753551	5.646986	0.18473873	0.7292113	-1.400004	-1.3142585	0.47024047	-0.23546536	0.73052174	-1.2762792	0.5347553	-0.13293926	1.0142516	0.6069106	1.3591839	0.7304107	0.49922624	0.75790805	0.01561956	1.128766	-0.2381014	0.47817254	0.08073993	-0.9383225	0.8808415	1.0697534	0.6686421	-1.2495662	0.6266303	0.8993264	1.1434097	1.2292143	1.0463842	0.8188445	0.60710424	0.95191526	1.45129	-0.2146932	0.032423675	-0.20345812	0.5138173	1.0023878	0.68246603	1.59766	-0.143517	0.8888933	0.033104453	0.28687194	1.1092453	-0.7052876	-0.7407011	-0.66040075	0.67708087	0.40566155	0.29039112	0.600046	0.71655554	-0.8392467	1.5611858	1.7851007	0.16199538	-0.49554938	1.3182145	-0.399866	-0.7437601	-0.33447558	0.42538092	0.25618297	0.13484329	0.22046548	1.2445973	0.29791823	-0.59357804	-0.25625235	0.34595552	-0.020452634	1.2801284	0.5370902	0.38786906	0.024819467	1.0149826	1.1048404	1.4618789	1.8741745	0.7981145	2.3154113	1.1369797	0.5989203	0.89737815	0.37877402	1.21958	0.18019333	-1.2691084	0.6035105	0.15170167	0.49184293	-0.48989624	0.0783855	-0.4251105	0.2786808	0.51965433	0.31692106	0.32567903	3.1247811	0.65656626	-0.1803677	0.9683044	0.95210224	1.4152154	3.115735	0.29374933	0.14367542	0.63485783	2.5234003	0.21960364	0.6585645	1.4799622	2.2087793	0.051220056	0.83339477	1.5351845	-0.29636905	0.64014643	-0.6015666	0.5856913	3.1077995	0.06386489	0.25595373	2.1452582	0.07098523	-0.063640565	-0.4329934	-2.064747	-1.7295178	0.08863741	0.5015937	0.40519685	0.07210244	-0.16007753	2.1529443	-0.061997984	-0.10613199	0.46745566	0.1593376	0.84874356	2.5735905	0.080436826	0.2966911	0.2083046	0.19969457	1.0619396	0.89919734	0.3027709	-0.14959571	0.42861563	-0.0017026846	0.27786258	-0.8711797	-0.20621647	0.40308955	0.90473866	0.7452128	0.47629905	0.37182015	-0.4205599	0.86489666	-0.72909045	-0.19558139	1.3910043	0.9028704	-0.7231472	-0.84561867	0.7943425	1.507046	0.9047197	0.42090622	0.6604088	1.2732812	0.51909	-0.44496515	-1.4507782	0.5132365	0.9329496	0.30646512	0.32217437	1.390283	-0.08310097	1.0685692	1.1997954	-0.91784495	-0.8580462	-0.21786393	2.3582692	1.0969591	0.46789134	-0.4285265	-0.3641614	0.047688812	0.74962676	-0.3203831	0.92760366	0.5038054	1.7288215	-0.47749728	1.6816351	1.0997516	-1.0436915	0.7317066	1.1324797	0.85886836	0.2253285	0.28658456	-1.807142	0.0019259967	2.556892	-0.12957005	1.272061	1.0259717	0.084136836	1.2976779	1.0605452	0.90067315	0.625939	0.59494585	-0.96941197	1.1343843	0.40794697	0.7176447	0.9330913	-0.24703626	-1.300807	-0.9177828	1.1600376	0.056694955	-1.0114155	-0.02778534	1.7059174	2.1612403	0.29185745	-0.07137258	0.713287	-0.5159961	1.4289486	0.86333346
1-pyrroline-5-carboxylic acid	-0.554661	1.3225155	0.80080074	0.7760636	-0.26579377	-0.48994964	0.18473873	5.777602	1.0246252	0.09332991	-0.38737074	0.9090238	-2.686442	-0.54483175	-0.28124243	0.4294353	1.275713	-0.29550788	0.5093637	0.66252613	1.619007	0.06788316	0.13701718	1.5825224	1.1354766	0.998005	0.29867837	-0.24228932	-1.2228997	0.21183981	0.22832686	-0.046775892	-0.07993984	0.4340422	0.5563821	1.3588532	0.80929524	1.5512825	0.37249735	0.24228996	0.23909394	0.78121614	-0.26871318	0.62934667	-0.5366249	1.5205845	0.663186	0.19776197	0.74385583	0.915778	0.06808954	1.4504242	0.7303366	0.3214577	2.0912695	0.092363454	0.7317012	0.17552738	0.07855798	-0.58555955	-0.41611227	1.3335445	-1.4445258	-0.010518964	1.2329296	2.603299	1.1844393	0.7712639	1.1673462	0.99335235	0.92011213	0.6506647	-0.6966098	1.1758071	-0.35151502	0.12905967	1.6396999	1.9223456	-0.7444895	0.9195678	1.3833262	0.6304147	0.09891563	0.26870382	2.30056	0.66932845	0.33404627	0.58520144	1.931449	0.38713235	0.8823792	1.1102073	-0.44706294	-0.18532544	0.22583178	1.4567341	0.8230021	-1.8160683	1.0764191	0.49866435	1.6052846	0.72400624	0.5506845	-0.37762648	0.978356	1.044746	0.6241767	0.90508056	-0.16566649	0.16879645	-0.12401791	0.089683875	0.6894215	-0.5031552	0.47636744	0.5273787	1.0046426	-0.0035621114	0.7153064	0.16194661	2.0479085	1.0646257	1.5434569	1.0201876	0.87820643	-0.23510857	-0.059452184	1.1125325	0.077033594	0.89086944	0.053225752	-0.92420006	0.74622	0.50804657	0.48159236	-0.44579104	1.0372785	-1.1719106	-0.07357575	0.5524101	-0.5321031	1.3380419	0.26078364	0.861711	1.4377329	-0.07987444	1.5772518	0.024361888	-0.56918913	1.9009758	0.54116476	-0.06333056	-0.37073064	-0.13146515	0.3560591	-0.16666834	-0.48228994	-0.4983401	-1.519557	0.9553913	0.18468897	0.46328393	1.9182113	0.41310868	1.70719	-0.9307453	0.6222029	0.21885811	0.0028140254	2.4205728	0.23761252	-1.0274175	-0.08211489	-0.7139972	0.8631696	0.003773356	-0.7743002	0.6429992	0.8636954	0.20705867	0.01588359	0.5297991	0.17714317	1.3093976	-1.3192018	-1.4313724	-0.21339393	0.57379025	0.05526601	-0.563645	0.2723429	0.10588817	0.4235419	1.1054986	0.6150748	0.40339014	-1.0584648	0.40420547	0.3768228	1.4609613	1.989481	0.33484828	0.120514125	0.49143934	-0.780242	-0.11235631	0.83427846	-0.020548332	-0.38269007	0.568805	-0.340984	-0.9115514	0.45946625	1.1049379	1.4970893	0.10454699	0.692462	-1.6616174	0.21107204	0.44113132	0.15171602	0.37116846	0.07389226	-0.15582769	0.93457603	-0.36962703	-0.6229182	-0.4758641	0.4907615	-0.8271749	0.51782364	0.58333373	0.60970104	1.2930211	-0.4477822	-1.8417985	-1.0399262	0.81309366	-0.36749136	-2.4079623	1.1340333	0.85128456	-0.14827885	0.88843423	0.14934774	0.7920011	-0.64703584	0.42719254	0.99936056
10,14-dimethyloctadecanoic acid	0.89535666	-0.3755431	3.068573	2.8327193	0.8988067	0.4786586	0.7292113	1.0246252	4.813328	-0.6332877	-1.2721832	1.6148521	-0.3165551	2.2779214	-1.0156217	2.5100026	0.36002707	1.278611	2.1640043	0.78024155	1.6788213	0.29341274	0.98141694	3.347671	1.1224843	3.3336241	1.7036328	1.1966141	0.123445995	2.341893	1.4112493	0.9309376	-0.146933	0.40095606	0.73051715	-0.12946293	1.5483669	1.317339	2.1478305	1.4641868	1.9521933	0.4439136	0.6412399	1.8555735	-0.54412115	0.1031941	-0.07410813	2.3246102	1.2082436	0.24575853	0.34194967	1.4730392	0.8484627	0.8679769	-0.25223714	-1.4806694	1.1518489	1.2781836	0.9888834	1.31831	1.728255	-0.016696425	-1.3799195	0.70580435	0.014444313	0.1800219	-0.39779794	0.26014346	0.0029831692	-1.3623525	0.49236092	0.52930987	0.7554754	0.092668176	0.21128553	2.7993593	1.3128879	0.419226	0.93536043	0.18019731	0.1776094	2.5223916	0.31469038	1.3274242	0.41616353	2.8866131	1.5442457	1.7416185	2.2776055	2.7198386	2.7306616	2.2889085	-0.3249908	1.2316327	0.8584138	0.7507369	2.5490522	-1.0491219	1.4965404	1.067441	0.5184426	0.71128297	2.4744136	0.46310472	1.6854187	0.29987827	1.4951137	1.8413646	2.5429904	1.74089	-0.027169624	0.15051606	2.9363806	-0.6553462	1.8172702	1.1953748	1.0588757	0.11746785	0.06829688	0.9275661	0.86404604	2.7788756	-0.24693622	1.2057503	0.19589677	0.34462482	-0.44851688	1.364973	0.961426	1.8356178	0.7532727	-1.406496	1.502658	0.77770925	0.15975194	1.3308876	0.39976507	0.012504744	-1.429884	0.17002466	-1.4865398	0.70942503	0.42798504	1.9659332	1.8627884	0.08704714	-0.5259153	1.1023782	0.5562436	0.94390213	0.38004124	1.3933012	0.3108544	1.8747401	1.274842	-0.6198276	-1.1788425	-0.5419148	-1.0496693	1.5692717	0.51678663	0.33912978	-0.8543968	0.23291904	3.5283954	-0.8721595	1.6143471	1.488907	0.69116956	-0.42544582	3.399046	-0.29609963	0.11416759	0.46631882	0.24110368	3.0872555	1.4607952	2.0251117	0.72274077	1.8968226	-0.82159495	1.426433	2.1606266	-1.0012164	-0.75053775	0.40344828	-0.58959293	0.42937028	-0.38906923	1.8818501	1.787107	-0.28916606	2.5338557	2.8167202	-0.7454162	-0.29822928	-1.124642	-0.9794739	1.5257858	1.4454464	-1.1065748	-0.1938543	-0.3929911	1.1851138	-0.87379825	0.4745187	0.28229713	1.4293133	-0.8836595	-0.5980038	2.9246123	-0.6550382	1.4988307	1.5786898	0.74243253	0.8010781	0.2515994	-0.37315342	0.43395954	1.8801018	0.39169344	1.0387666	2.084794	-0.3062407	0.1761633	1.0537218	1.2528372	1.0659468	0.8907236	1.509531	2.764234	-0.5058141	3.1028101	2.3343332	1.6839322	-0.32812685	-1.8859098	3.0703616	3.285371	-1.0396518	-0.18507136	2.246182	2.6581721	0.32645324	-0.76147175	2.4752367	-1.018735	1.9320649	0.34104678
2,3-diaminobutyric acid	-1.0815829	-1.1482035	-1.3848352	-0.2655211	2.223721	0.96934634	-1.400004	0.09332991	-0.6332877	6.826204	3.5725677	2.5054727	-4.316161	-1.0343336	0.94925016	-0.7726009	-0.95880806	-0.3589916	0.2874447	-0.8078563	0.5467919	-0.46517113	-0.06029947	-1.4232131	0.256543	-0.312499	0.435898	-0.35019797	-1.2708397	-1.1818337	-1.52555	-0.8934841	4.3111324	-1.1639667	0.24611472	0.8890233	-1.9669111	-1.3047615	-0.567322	0.9981258	0.2730938	0.50958425	0.13976876	-0.538043	-0.97242	-1.4232036	-0.11295966	-0.47475332	-1.2510668	-0.9836329	0.26340494	-1.0322317	0.5388405	1.3666748	-2.1104276	-1.4770172	-0.9034811	-0.77448475	-1.6425694	-2.327367	-2.3687863	1.0196834	-3.0882046	-1.076524	-0.6262215	-0.26719368	1.0529826	2.1554632	-1.7270533	-1.6891031	-0.72546786	-0.3148074	-0.08118783	-1.8937343	-2.0216851	-1.3703731	0.14417556	-1.7149273	-2.2216496	0.62204665	-0.018555673	-1.7984924	-1.9399685	-0.2541168	-1.9405818	-0.5063926	0.6488003	-0.37826735	1.4686593	-1.1464292	0.24995191	-0.23332019	-1.6234713	0.45439863	-1.0033497	0.9519707	-0.79646486	-3.0543618	-0.18124391	-1.1678199	-0.6241791	-0.7705121	-0.008871993	-0.6591703	-1.3499571	-0.81563336	-0.16016504	-0.8070158	-1.485041	-1.3539186	-0.44266108	-2.3994093	-0.7210337	-0.29714808	-0.98659074	-0.7865745	0.020603327	-1.7685854	-1.1703848	-2.6406348	0.6344526	-0.4313988	-0.76308614	1.3324263	0.641767	-0.070435405	0.3606059	0.8837916	-1.3134136	-0.24859628	-1.9816644	-2.8128731	-1.3474549	-0.74667263	-0.15611428	-1.2958859	-1.1940038	-2.4491854	-1.5881941	-0.51561123	-1.8026077	1.658867	-0.520498	0.99183625	-0.49678874	-2.4767919	-2.662768	1.0479361	0.7453531	0.3607188	0.00838876	-0.9207011	-1.4563689	0.2798548	-0.37748754	-1.5294836	-2.4849432	-2.7198465	-3.82599	-0.53780234	-0.80439115	1.6081356	-2.029819	-1.6451612	-0.52850443	-1.1351002	0.7125153	-0.8912208	-0.4966133	-1.8843961	-1.0046992	-1.6286741	0.037093166	0.5735388	-0.5916129	1.7844951	0.19128685	0.035802476	-1.8247182	0.44586	-0.5344775	0.35198697	-0.6615657	-0.6841119	-1.6475247	-2.0560362	-1.5086327	-1.7000765	-2.8214734	0.78537065	0.8434745	-1.5364363	0.5549727	0.703767	-0.96774757	-0.89897114	-1.4068975	-0.27605698	1.0657067	2.3819242	-1.6635491	1.5238736	-0.41702753	1.244444	-2.1461885	-0.001139515	-0.6758482	-0.9646138	-1.6446095	-1.5487111	0.84357834	-1.7552984	-0.68122137	2.051276	-0.5551558	-1.1557239	-0.07958519	-2.8886738	-1.7545314	-0.14980803	-1.0353214	0.6051795	-0.43292782	-1.445823	-1.4299865	-1.3585601	0.46941182	-0.43447176	-0.0032966773	-1.7067413	0.765066	-1.2715459	1.2100123	-0.86012876	-2.2545257	-3.533826	-1.4407231	-0.9043451	-1.1135232	-3.2329023	-0.81267846	-1.2732359	-1.3079106	-0.24500602	-0.7944593	0.2500001	-2.3313842	-0.26344156	-0.9370627
2,3-diaminopropionic acid	-1.1031216	-0.6137125	-1.9969884	-0.49356478	2.2913482	-0.6241023	-1.3142585	-0.38737074	-1.2721832	3.5725677	6.459967	2.1510425	-4.835294	-2.4356902	1.44823	-0.67124426	-0.9426194	-0.5302833	-1.0862263	0.12397068	0.6591623	-1.0645082	-0.08985313	-2.4371326	0.4200994	-1.1109703	-0.44539896	-0.9038196	-1.5178311	-1.8814622	-1.762798	-0.9710747	3.8165326	-1.2792394	-0.29635453	-1.2190553	-1.1716665	-2.007879	-0.90101016	0.6076757	-0.24455035	0.3765938	-0.43918768	-0.5293703	-0.8996261	-1.8388315	-1.06576	-1.1858087	-1.707808	-1.5972811	0.05153192	-0.9222755	0.9148059	0.6381038	-2.228812	-1.4747161	-0.85195565	-1.7151748	-0.6224938	-2.52596	-2.6418078	1.0312312	-2.8951058	-1.4959925	-1.4490366	-1.3385898	0.7093876	2.2275035	-1.2342937	-2.027348	-0.60163045	-0.5114938	-1.1889477	-1.8105149	-1.0953274	-1.9454881	0.15007427	-2.0541372	-1.8225393	0.2948337	-1.1062069	-2.1681788	-2.352849	0.09912422	-0.9944825	-1.1262002	-0.15494095	-0.4402878	-0.87676764	-1.419605	-1.3682318	-1.2501862	-1.606115	-0.20039019	-1.5246348	-0.38843265	-1.0719911	-2.8396661	-0.3752306	-1.5067221	-0.6796141	-0.8614506	-0.62630457	-0.9444758	-0.78503317	-1.3207182	-0.69745004	-0.86892205	-1.4695003	-1.7294236	-0.11978737	-2.5657063	-0.748291	-1.0806061	-1.525963	-1.1260782	0.014266402	-1.2822859	-1.5478972	-2.5931625	0.13525541	-0.23711433	-0.48336798	1.3179218	0.48671788	0.14797048	0.089647256	0.09793737	-0.7967289	0.36091632	-1.8178943	-2.0939264	-1.2595028	-1.7810454	-0.36954847	-1.2278816	-1.59374	-2.211955	-2.6387315	-0.54268754	-1.7477185	1.691719	-1.0484049	0.976409	-1.1415421	-0.9495875	-1.6876638	-0.19763775	-0.5543153	0.72771394	-0.20051911	-1.5935415	-1.0871333	-0.6389615	-0.84717417	-1.3566732	-2.0854652	-2.10914	-3.2451823	-0.8301494	-0.8174223	0.6020136	-2.5697033	-1.9960544	-0.9237335	-0.6024111	0.033702135	-1.9192725	-0.7831904	-1.5598838	-1.5207912	-1.9581835	-0.040635582	-0.01599168	-1.0832542	1.4709394	0.025591198	-0.10693694	-0.68858176	0.48304754	-0.87341815	0.025844708	-0.8074245	-1.5042567	-1.9109042	-3.019111	-1.3994936	-1.9123069	-2.8604615	0.5352534	0.8133609	-1.0479957	-1.3374082	0.5853933	-1.0263544	-0.5540371	-1.5007243	-1.8365091	0.97808665	1.8264554	-1.0553616	1.1911936	-1.2292337	1.1261244	-2.2562304	-0.37224066	-0.54230803	-1.1089708	-1.5314097	-1.5751952	0.9196553	-1.5407099	-0.17155711	1.9876589	-0.88794893	-1.237949	-0.5306994	-2.8519013	-1.9547695	-1.2122725	-1.0641036	0.2551842	-0.7485624	-1.4652421	-1.3110293	-1.6384531	-0.50444	-0.5672672	0.03384009	-2.7301712	-0.46241218	-1.2955401	0.8286205	-1.2080336	-2.5531917	-3.7898936	-0.54101723	-1.1808335	-2.6256022	-3.271287	-0.787508	-1.8692702	-1.7136817	-0.21223827	-0.62722814	-0.51260746	-2.1378014	-0.1489244	-0.95268106
2,3-dihydroxy-para-aminobenzoic acid	-0.21275878	0.2389676	1.3409852	1.8823566	0.63996017	0.10813109	0.47024047	0.9090238	1.6148521	2.5054727	2.1510425	5.2217536	-0.88555574	0.8869238	0.58784795	1.6581986	-0.18257003	1.0579429	2.299453	0.393557	1.3800371	0.22002016	0.52975726	1.6179198	1.3596073	1.8459148	1.4385008	1.0759791	-0.8887671	1.7242353	0.9838997	0.91226864	2.3981044	-0.49945033	0.23577562	0.24196526	0.63035977	0.23746465	1.3393426	1.4941123	0.98148596	1.2484912	0.5700992	1.193987	-0.76599425	0.13632113	0.8000079	2.7032242	0.6998533	-0.2726308	1.4212042	0.82988894	-0.0010241745	5.2217526	-0.6192484	0.031451944	1.78729	0.41290733	0.8267823	-0.050181452	0.102455914	-0.1500977	0.21379288	3.4798002	0.46943933	-0.19404434	0.4315335	2.3477142	-0.5455355	-0.6360843	1.8177116	0.6984069	1.8008671	-0.08674096	-0.06273598	1.5381789	0.7088806	-0.53041756	-0.26518515	0.57467955	-0.031590093	2.3097742	-0.16016112	1.2179573	-0.29107872	2.7029064	4.372861	1.2175653	3.2087758	1.1350821	1.6342907	1.3859558	-0.66487277	0.9099666	0.1416867	2.0777142	1.3139064	-0.8479544	0.8873245	0.8684949	1.9783794	0.40571463	1.8402002	-0.16968402	1.177251	0.8562382	1.349457	0.87083524	1.565714	1.2839779	0.15433711	0.07321299	1.576593	1.7461932	1.2694392	2.6499667	2.503726	-0.39025897	0.16744351	-0.4479001	1.139917	1.3147551	-0.27268586	1.9329519	1.5469149	0.6473492	0.12503028	1.477283	0.4999375	0.8938676	-0.799425	-0.42089298	0.9819835	0.64610493	0.36611092	-0.36754405	1.3909999	-1.1006285	-1.7299105	0.12573612	-0.8575412	0.7060759	-0.36237302	1.1501553	2.1649444	-1.1610315	-0.91977537	0.9581218	0.29982367	1.1898227	0.6053902	0.7430754	-0.27266565	0.2969618	1.0369166	-0.55689543	-1.5210704	-0.97675353	-1.6366663	0.41788068	0.91356707	0.8184106	-1.5334556	0.21134372	1.885935	2.2718332	1.6220692	1.9232162	1.1643709	-0.3912577	1.9275516	-0.77830356	-0.43303505	0.7875051	0.3243558	2.7956507	2.308144	1.5593013	-0.061142918	1.1683222	0.033499144	1.1930661	2.0624626	-0.11987728	-0.6919693	-0.38987908	0.018694751	0.05083219	0.12638842	1.3474995	1.6863087	0.36020985	0.85505223	1.8314768	-0.07963682	-0.18182303	-1.3851626	-0.5394966	1.384492	2.737281	-0.71817166	2.4488652	-0.34276658	0.66317993	-0.30147454	0.45658758	0.5764018	1.0954711	-0.6074817	-0.23955755	1.6796455	-0.5271495	0.68501	1.6388392	0.17400265	1.2017028	1.4640639	-1.9513143	0.28991932	1.4716946	0.15502645	0.8455107	2.9723303	-0.67267525	0.17412443	0.17721777	1.2587469	0.43236876	0.62767094	0.19404174	1.9116901	0.60195506	1.3892225	1.8111414	-0.10978849	-1.8542051	-1.2375515	1.6280663	0.31070808	-1.6280075	-0.360754	0.94842577	1.2606202	0.014487082	-0.7724244	1.4987334	-0.8958329	1.5211025	0.20611215
2,3-dihydroxybenzoic acid	-0.39866543	-2.5881448	-1.3714207	-1.6175263	-0.09205555	-2.290275	-0.23546536	-2.686442	-0.3165551	-4.316161	-4.835294	-0.88555574	9.083046	-0.9350709	-4.6009345	0.5995735	-1.5363693	-3.0295267	-2.00942	-1.1189964	-2.310942	-1.5182856	-0.9498301	-2.6404893	-2.2336786	-1.2516932	-0.28880996	-2.007226	-2.511493	-0.36260262	-1.6366054	-2.532494	-3.3628852	-1.5862988	-3.6039064	-2.795746	-0.8380091	-3.5335379	-1.4321296	-1.1273012	-0.96450377	-0.0521879	-3.6046376	1.8103913	-3.540315	-0.01414003	-3.3517401	0.87048435	-0.57620806	-3.2059314	-1.4544197	-2.8876796	-0.54683006	-0.78484344	-2.3957145	-3.7272036	-3.5292196	-1.8244678	-3.2129292	0.6536978	-0.4998117	-0.97703874	-3.383126	1.6859901	-2.9122932	-2.2169337	-3.4655907	-3.2775395	-1.1420177	-2.3319902	-3.1308644	-3.0224824	-1.1078056	-0.87289196	-0.34425712	-1.1398293	-0.5755921	-1.6694036	-2.9445083	-2.3691318	-1.0446839	-2.7057672	-1.9604433	-1.6923037	-2.8436067	0.8366455	-0.8617377	-0.9764899	-0.08024884	0.05300012	0.053429976	-1.9251745	-3.0236642	-0.31463382	-2.9629052	-3.3579874	-3.5751848	-2.9004545	-1.3907108	-3.817035	-1.6597259	-2.6116636	-2.1404307	-3.0543203	-2.4744115	-2.499765	-3.3116472	-2.0389144	-0.44796583	-1.4443958	-3.63484	-1.8459069	-0.9574573	-3.538299	-1.7181809	-1.5767839	-1.3042789	-3.6931777	-1.5993325	1.7195805	-1.3444536	-0.96423376	-2.3029726	-2.4941115	-2.57206	-0.23939654	-2.4713476	-1.75406	-0.84726155	-3.092925	-3.9848154	-0.4020861	-0.39556646	-0.28280085	-3.5152612	-2.9808455	-0.96949774	-3.3971765	-3.390448	-1.3429782	-4.015142	-2.604605	-2.1093113	-1.4654741	-0.80680037	-2.6389506	-3.3482533	-1.2349204	-2.3133051	-2.570267	-3.5719926	-0.2973254	-0.8152251	-2.3559492	-0.563996	-3.1448665	-4.4507236	-2.4975166	-4.3100615	-0.4258737	-2.6885726	-3.174977	-3.5767434	-3.0364275	-2.3143969	-3.3372557	0.34752926	-2.5481098	-2.0580523	-2.3890996	-0.7274542	-4.245448	-2.387055	-1.7981651	-1.844606	-2.4020824	-0.8117286	0.43005103	-1.2417727	0.022025727	-1.7459258	-0.37942123	0.33165666	-2.046507	-4.6606064	-2.594735	-0.56407905	-3.1572893	-2.9318666	-1.3233435	-0.44336852	-2.8925235	0.19626264	-0.47604382	-3.7098892	-3.7341552	-3.994795	-4.6628737	-0.22983204	-1.0346202	-2.8135104	-3.5881827	-2.9310927	-0.026756665	-3.3741605	-0.26396468	-2.4530907	-0.5599323	-3.4225202	1.1270418	0.5833131	-3.493791	-1.6223294	0.6715532	-0.69597155	-3.0644658	-2.3311574	2.6279955	-2.976997	-0.38750035	-3.3225186	-0.46340817	-0.0890011	-3.0764003	1.4417478	-2.1839724	1.1781533	-0.57529557	-0.50460684	-3.10886	-0.7827063	-3.376148	-1.5949591	-1.171051	-0.0450739	1.2158335	-4.81441	0.42641172	-1.74152	-4.013304	-3.5241163	-1.00648	0.025357964	-2.6045969	-2.6480103	-1.1254892	-3.6435726	-1.5516669	0.20256175
2,3-dihydroxyhexadecanoic acid	-0.31315038	1.2774347	2.3810735	0.28694707	3.0392199	0.40704527	0.73052174	-0.54483175	2.2779214	-1.0343336	-2.4356902	0.8869238	-0.9350709	4.158734	-1.506905	3.4717152	-0.27285638	1.2483778	3.195762	1.3884134	0.04894451	0.33117247	-0.1461146	-0.25276208	2.4923897	2.4418826	2.7476778	1.8178625	-1.6153384	2.5406897	0.6359029	-0.053970814	-1.4897318	-0.57864666	0.72038573	0.90741795	-0.5938945	3.776515	2.7508476	1.3603542	2.0443976	-0.05757424	1.3021865	3.1515517	-1.1421666	0.7155508	-0.025267778	3.8793314	2.1377406	-1.0650281	-0.20213716	2.5089083	1.3553646	2.6717288	-0.8873537	-0.40160015	-0.67489094	0.36640185	-1.1022265	0.9811391	1.5599475	-0.08861814	-1.6231556	1.1905241	3.0167215	-1.1788739	-0.07487182	-0.025634013	-1.2755486	-1.0758473	1.088732	1.632273	2.0125039	0.355845	0.48678178	1.5332948	0.09201721	-0.86530685	-1.2759274	0.98678416	-0.9637511	1.6555858	-0.7811899	-0.036534473	-1.4230996	3.255259	3.0105257	2.0507429	2.2891273	2.1583722	3.7646966	1.312014	-0.08322961	2.901832	-0.9482615	-0.3660663	0.21661307	-1.0583526	0.5406215	-1.4956602	0.122300014	3.0406911	0.07341528	0.15008084	0.45870262	0.55675286	0.2375829	-0.53376985	1.0175985	4.158733	-0.66555554	2.201935	2.413764	1.1008188	0.50963587	0.851831	-0.1360464	0.75271505	1.6278971	0.21783344	0.8552872	1.8840778	0.3013028	1.5350049	1.7246094	-0.6573583	0.39983094	1.3891355	0.77801746	2.8969328	-0.41210866	-1.2411126	2.129201	0.39052263	-1.5509073	1.2381428	0.0442306	0.27691066	-1.1707357	-0.40688685	-0.84309894	0.14593333	-0.2203019	0.07405489	-0.089226484	-1.8227636	-0.7210997	1.3929362	0.953913	1.1910172	2.8100417	2.672396	0.6544882	0.59432536	2.7941427	-0.31667086	-1.9854214	-0.9475885	-2.1538308	2.0932736	-0.35798934	1.1527171	-1.8731617	0.2012449	0.1740351	-0.33501297	2.7192955	-0.08672042	1.2187183	0.8759859	3.693794	-2.294096	-1.535617	0.092641994	0.4231753	0.64749336	4.0421557	2.4658897	0.079972975	3.147696	-0.6484712	1.6869779	3.4984975	1.4124587	-0.53706926	-0.8497716	0.5855937	-0.37596664	-0.10067535	0.7549425	1.4416342	-1.2350048	2.9744446	2.3890882	-1.4721558	-1.8971218	-1.5991428	0.4764295	2.2073958	1.1803075	-1.9777911	-0.94385505	-0.8868855	3.6569273	-0.33065325	1.2346153	-0.15453856	3.6845088	-1.4257414	0.26425704	2.2533247	-1.1830957	3.277247	1.6045412	0.3439589	2.3875265	-0.7131809	-0.23558863	-0.271016	1.6514227	-0.79597783	1.6572455	1.8266138	-0.7231397	0.2822353	2.030964	0.554485	1.6504754	-0.16429186	-0.027230628	3.2883768	-1.0725591	3.0567524	4.090636	1.0113833	-0.7502586	-2.1800175	2.1027482	1.7740829	-2.093657	-1.6135076	1.1416603	3.2637367	-0.17223799	-0.453547	2.1885474	-1.2357006	3.1212137	-0.7320209
2,4-diaminobutyric acid	-1.605718	-1.1324025	-1.2093954	-1.2232674	-0.474432	0.3295212	-1.2762792	-0.28124243	-1.0156217	0.94925016	1.44823	0.58784795	-4.6009345	-1.506905	8.932044	-1.1938676	0.18060869	-0.90460116	-1.4862556	-1.1754004	-0.73769855	-0.8804129	-0.8194657	-1.7510718	-1.402503	-1.0667306	-0.6423559	-1.6287246	-2.357831	-1.4442465	-1.4518	-1.4758998	0.82860136	0.46326315	0.7034544	-1.2339969	-0.67218447	-1.3672358	-1.6024247	-0.24567159	-0.7602105	-0.14262441	0.6571982	-1.6890128	-1.1771933	-1.667472	-0.7375054	-1.7116375	-1.3600925	-0.7590439	-0.83314896	-1.6771836	-0.1948444	-0.5824798	-1.8641814	-1.822079	-1.3118341	-0.48148292	-1.1844599	-2.3793254	-0.6280398	0.4306533	-2.3735614	-1.5075856	-1.4919591	-2.163363	-0.65937173	2.02755	-1.0919865	-1.6680683	-1.4330776	-0.78157014	-1.6474817	-1.3763238	-1.2967279	-0.94608426	-0.35455927	-1.7197806	-1.393692	-0.8570457	-1.8090832	-2.242777	-1.060549	-1.4116325	-0.8871111	-0.9364341	-0.5052213	-0.89849234	-1.1887611	-0.84668833	-1.7518649	-0.8066837	-1.213009	-0.8855605	-1.7303348	-1.6809789	-1.3563943	-2.446023	-0.7403211	-2.0531282	-1.9039402	-0.4131765	-1.6207205	0.5153517	-1.6952711	-2.0438619	-1.5169461	-1.0668633	-1.2737839	-1.5798441	-0.3814063	-1.1421328	-1.2596427	-2.3410044	-0.8053512	-1.7681235	-1.1814603	-1.0377736	-1.7068318	-1.7491012	-1.2159013	-1.3079723	-1.1414503	-1.2222608	-0.37394086	-1.3292638	-1.558176	-0.88705385	-0.9696837	0.56051284	-1.8988858	-0.956609	-0.89086235	-1.3817636	-1.4253335	-1.265301	-1.4209052	-2.339125	-2.6274123	-1.1309897	-1.4433649	-1.1723526	-0.72242665	-1.2356527	-1.1466633	-1.729716	-1.4892547	-1.050731	-1.2125773	0.30412683	0.2031523	-1.2310511	-1.3227626	-0.624195	-1.2754364	-1.7176806	-2.4518309	-1.1635276	-3.5503492	-2.0144043	-0.51814765	-0.33460093	-2.2015035	-1.6268746	-1.0999181	-2.4620812	-1.2469504	-1.1818097	-1.2396592	-0.89391226	-1.655764	-2.2590554	-0.65532553	-1.322993	-0.99283075	-0.12484576	-2.0331588	-0.2689611	-1.7754893	-1.2376283	-0.7223711	-1.2713265	0.89786106	-2.0079226	-3.0901115	-2.375148	-0.8406091	-1.1545568	-1.6465693	-0.6829121	-0.36594847	-0.5087872	-1.0157453	-1.1032215	-1.2660555	-1.1649235	-2.1237233	-2.140348	-1.1952006	0.26743928	-0.9015105	0.3551515	-1.0740025	-0.71170235	-1.6834104	-1.3673801	-0.7022218	-1.527714	-1.5488374	-1.4037318	-1.1501948	-0.48959517	0.96734834	-1.3530232	-0.7506986	-0.7972098	-0.43698674	-3.0765872	-1.1341742	-0.81287503	-0.5459852	-1.5649017	-1.4279104	-1.6519419	-1.3992525	-0.5997043	-1.6960182	-1.2274547	-1.24561	-2.5472329	-1.2860445	-1.9835048	-1.430423	-1.3721563	-0.76890486	-3.0780103	-2.0393755	-1.5797741	-1.6361191	-3.6639595	-0.9883181	-1.5304898	-0.8042308	-0.73410445	-1.5475029	-1.2863052	-1.6602918	1.8449281	-1.3481598
2,4-dihydroxypentanoic acid	0.8319196	-0.22645992	2.1777647	1.6877042	1.1935098	0.59363455	0.5347553	0.4294353	2.5100026	-0.7726009	-0.67124426	1.6581986	0.5995735	3.4717152	-1.1938676	5.2834	0.86902696	1.6012031	2.8724506	0.5639156	1.1361134	0.5676356	0.9950379	1.8828566	2.1875997	2.3756552	1.7363535	1.5014968	-0.10420409	1.5575528	2.4521203	1.3001963	-0.17265606	0.1211109	0.80267406	0.65701526	1.4566011	1.9837623	4.3554225	1.9201026	1.5679594	0.53137517	0.8747338	1.3723875	0.4376966	1.1298403	0.051721204	2.0724223	2.6650922	0.15894493	0.58191866	1.1015524	0.36557263	1.7275386	-0.30257508	-1.0226119	0.42099497	1.1311806	0.5717597	0.3502454	0.450612	0.1445722	-0.5845064	2.0026815	0.80138505	0.33361095	0.3410811	0.65770996	-0.35868523	-0.8875597	0.120859094	0.44116804	1.87933	0.5145492	1.4616954	2.1190739	1.634956	-0.14511514	1.2408857	-0.05143204	-0.37026203	0.9913793	0.40711623	0.49722508	-0.05270147	2.2321835	1.7039819	1.5980494	1.7079978	2.1714647	2.306237	1.724326	0.7066474	1.6909404	0.4417376	0.24739812	0.6487374	-0.76899093	0.87004745	-0.5347537	0.8063853	1.0301548	1.0227827	1.7336601	1.2106684	0.20420933	0.36295152	1.0163378	2.6206121	2.3122253	0.6023499	0.74100703	2.2867827	1.1116631	1.6286348	0.8958328	1.633722	0.12256707	0.78609055	0.70573056	0.41284153	1.9478273	0.3216876	0.6636054	1.7192204	0.73108405	-0.36237782	1.3774021	1.3291638	1.1204937	-0.84612244	-0.71188587	0.9825107	1.0900806	-0.3693143	0.11267591	0.4275536	-0.94882417	-0.4252034	0.5523643	-1.2737087	1.0943428	0.27688807	1.4845766	1.1734635	0.23117642	0.15281755	1.1493664	1.3904417	0.7243987	0.6674389	2.7127552	1.6027609	1.6997687	1.7900299	-0.49844116	-1.6326356	0.17786388	-0.69858044	1.3010497	0.07033243	0.74424016	-0.6972141	-0.57825106	1.5885956	1.6445366	1.8472655	2.7427652	1.4806442	-0.04032283	2.5431318	-1.033792	-0.43194225	1.292689	0.5571944	2.3897717	1.6368997	1.6604002	2.5414724	2.1927407	-0.52140975	1.6470062	2.0425239	0.80447894	-0.47067046	-1.0872387	0.2717156	0.3616447	0.2115289	2.3381615	1.6416401	-0.22753261	2.0746596	1.7227665	-1.2253642	-0.8899678	-1.6551017	-0.767173	1.6640928	1.4236596	-0.5078394	1.2574611	-0.069120474	1.8376362	0.20667744	0.77040935	0.6012954	2.6753147	0.1168166	0.32527286	2.0421636	-0.92472386	1.8624482	1.1075495	0.84364724	0.41810083	0.19961734	0.52555263	0.61386025	1.9603517	-0.4170978	2.1418014	1.312555	-0.4407778	0.43887898	2.493055	3.3127196	1.216652	0.33648202	1.0265198	2.039921	-0.5294873	2.1152623	2.0466208	0.82623374	0.34644467	-1.8667763	2.8794332	0.1637626	-1.7890211	-0.28008953	1.5265448	2.1793704	0.44312292	-0.4808368	1.9558148	-0.14408892	1.9058679	0.59453434
2-(1-methylcyclopropyl)-D-glycine	0.23667304	-0.14240247	-0.18896933	0.3970412	0.77817297	0.6827148	-0.13293926	1.275713	0.36002707	-0.95880806	-0.9426194	-0.18257003	-1.5363693	-0.27285638	0.18060869	0.86902696	4.9506335	-0.5748969	-0.06555903	0.13951725	0.8153142	1.3077992	0.29382005	-1.1286687	-0.31758058	-1.0721363	0.012029482	-0.14231217	-0.8563193	0.1906795	0.18199909	-0.34625712	-0.5246299	0.73146707	0.95108384	0.085383415	0.48248312	1.070876	0.3299511	0.40904316	2.1718524	0.14165752	-0.029659567	0.3574388	0.54604113	0.15344863	0.32454482	-0.39159334	0.870757	0.7956738	0.33332142	-0.08047342	1.7400022	0.42521083	-0.15793523	-1.5086797	0.05187028	0.43042883	2.0154662	-1.4277046	-0.93589956	0.1828439	0.35836366	-0.5881711	-0.7180095	0.26018694	0.8430659	0.26331624	0.1881344	-1.3397102	-0.43122384	0.23780519	-0.67331815	-0.4230079	0.709164	0.15473801	0.09778301	-0.7170692	2.6058047	-0.76817095	-0.75650424	-2.393387	2.1129634	0.15396374	2.33574	-0.22041164	0.14334339	0.48707062	0.88495433	0.35866284	-0.366688	-0.06445543	0.8810548	0.20179015	-0.15515245	0.28075388	-0.7068707	-0.6824747	0.21294819	-0.77568924	0.45657656	1.0991462	-0.21687242	-0.35166278	-0.24582043	-0.56178385	-0.4474916	0.12419381	-0.58497	-0.18645614	0.5243119	0.7350484	-0.21845835	-1.4046403	-0.08781953	-0.6671783	-0.36642992	0.099125415	-0.28855172	1.1406829	0.082459696	1.2863575	0.076816805	-0.33340824	-0.32348338	0.4780795	-0.24111019	0.74257106	-0.46066663	0.14615697	-0.58799523	-0.8558524	0.8245711	1.3872757	-0.022529975	-0.56241876	0.97871965	0.64365655	-2.0260954	1.0013733	0.37389943	0.5154651	1.5617125	-0.44940987	-0.31072873	-0.21018694	-0.11124437	0.64653134	0.46299827	0.10342084	-0.20152414	0.2405715	0.645797	-0.7027218	0.4448095	-0.2097287	-1.3737683	1.8041576	-1.6067541	-0.43447727	0.104187965	0.2814249	-1.0142232	-1.3850744	-1.5256201	-2.1353111	0.4075993	0.12749383	-0.0045489864	2.1877496	-0.68028766	-0.8996427	-0.13218054	-0.11101663	-0.2707947	1.9910638	-0.7259926	0.2974489	0.30148622	0.44332495	0.04604727	0.5481297	0.16285005	-0.8851688	-0.9917858	-0.3442249	0.867276	1.0273197	1.046737	3.2537537	1.4345523	0.16102621	0.6565382	0.22620663	-0.06660046	-0.7810277	-0.1881997	-0.47353876	0.06254807	0.6211602	1.2728871	0.24324307	0.25713822	0.13864757	1.0575432	0.7493925	0.49605656	0.7460444	0.43065453	0.18132441	-0.28907478	-0.6093046	-0.20490694	0.71558994	2.1616042	0.37814632	0.37916532	-0.9167968	1.7366824	1.1183351	-0.91469043	0.58041364	-0.6499365	0.03272392	0.36123383	3.0793474	0.6936376	-0.5805962	-0.0482183	-1.4304496	0.2638504	-0.6321427	0.5343335	0.24847563	-0.5571005	-2.1604116	-1.6486223	-1.5286961	1.4713581	-2.7415063	0.044299714	0.77205014	-0.0412312	0.8104125	-0.090772405	0.36247334	1.1576066	0.37046748	0.26875794
2-amino-3,5-dimethyl-4-hexenoic Acid	-0.055648018	-0.124161705	1.7913789	2.0236342	-0.39803672	0.6462036	1.0142516	-0.29550788	1.278611	-0.3589916	-0.5302833	1.0579429	-3.0295267	1.2483778	-0.90460116	1.6012031	-0.5748969	5.3461347	2.7407215	0.41639805	1.0765797	0.80865854	0.62441826	-0.15183015	1.9468905	0.8630515	1.0963289	0.14631392	-0.7815169	1.041139	3.536315	2.1542358	0.41854098	-1.1032548	-0.03847492	0.640801	2.287845	0.63799906	1.7152743	2.7126377	-0.15544465	0.9439921	0.6780337	0.3142718	-0.6168402	0.5846782	0.2317749	1.9611263	0.74153227	-0.7028023	0.5565161	-0.2902126	-0.23794402	1.5003309	-0.30016458	-1.1036268	0.1651563	0.5534893	0.46554452	-0.93518066	0.9716244	0.3156958	-1.9119223	0.7281952	-0.09620886	0.73437864	0.58848596	0.8463409	-1.0388453	-0.5862993	0.16524442	0.8089032	1.3127328	0.043127913	1.0830386	1.3116916	0.70314956	-0.39851305	0.2471327	0.84898347	0.979531	3.4151473	-0.19889373	1.1737193	-0.21476553	1.6915661	1.7802346	1.8208511	1.2905396	2.5451863	1.518254	1.707243	-0.42240855	1.335959	0.8366141	0.6145563	0.49948242	-2.1236222	0.34197915	-0.033114925	-0.35941756	1.0727594	1.8421803	1.9617629	1.6691535	0.34371844	-0.07995354	0.9435461	0.68346095	1.0989968	0.5220004	-0.44334847	0.9184982	-1.2862006	4.0698414	0.006422001	0.4097647	-0.2447176	-0.3632192	-1.0264857	0.21189651	2.3132799	-0.36062807	0.72633135	2.2246323	0.06511564	-0.7302319	1.872983	0.9813941	1.0602268	0.48289177	-0.6796379	0.26004806	1.4385475	-0.5613504	1.3190508	-0.036932874	-1.2114801	-2.2057881	1.3139257	-0.5206053	0.12588738	-0.0827538	3.028707	0.74232787	-0.3168415	-0.2914687	1.5135258	1.3764828	0.8337226	0.11847368	0.45096326	1.080686	3.8723097	0.8578696	-0.60700065	-0.72684735	-0.28439248	-0.99443394	0.722896	0.33725306	0.38637555	-0.9864112	-0.35934138	0.7900271	-2.159417	2.0783985	1.1109343	1.3135917	-0.5569754	2.4418437	-0.29668286	-0.5823379	2.7640486	0.19799377	-0.0034352469	1.6052953	0.7385156	-0.04598685	1.943779	-0.18283542	1.2789983	1.4075682	-0.72255665	-1.3168449	-1.3824748	-0.636067	0.2687501	-0.7833846	0.8241208	2.0072408	0.014948612	0.8559877	0.820668	-1.6123518	-1.4054465	-1.2697684	-1.5320339	1.0278262	1.0181054	-0.19586535	-0.28410655	1.4491462	1.1379354	-0.80572903	0.20511472	0.32222593	3.0261	-0.44615024	1.3691001	0.5368418	-0.44980755	1.2902566	1.457455	0.50438815	1.0694352	0.3009907	-2.2279356	-0.37258157	1.2994094	0.87968814	1.5046177	1.5809275	0.10600923	0.47164285	-0.37076658	2.9034405	1.5967102	0.28275412	3.9396515	0.1874676	-0.4151806	0.66666365	1.7801454	0.42718786	-2.1878543	-2.1785374	-1.0585637	-0.49128288	-2.0000973	0.5312017	2.2732542	0.4522948	0.30593643	0.13087766	1.2349595	-1.1703517	1.053551	0.9186857
2-amino-3-hydroxycyclopent-2-enone	-0.24446039	-0.84403014	2.3828738	1.241683	0.35050127	1.1210862	0.6069106	0.5093637	2.1640043	0.2874447	-1.0862263	2.299453	-2.00942	3.195762	-1.4862556	2.8724506	-0.06555903	2.7407215	4.1924458	2.1438172	2.6544206	0.20705993	1.3519319	1.571962	2.5015638	2.0995398	2.5900748	2.5940306	-0.7527081	2.959221	2.4102323	1.7291851	0.25348055	0.008364998	0.9122761	0.38433662	0.47180402	1.9860604	2.6942298	1.6003053	1.1600779	1.8964177	1.0321847	0.91878957	-1.4544894	-0.21872054	-1.0012162	2.6712778	2.7400992	0.5339084	0.013599721	0.83652836	0.3373807	1.2208449	-0.73541206	-1.3210036	-0.7063821	-0.047325872	0.78555256	0.7900496	1.6641626	0.11157179	-0.47170824	1.8367647	0.16764416	-0.23786856	0.7519624	1.2109629	1.386517	-1.3906976	-0.69295716	-0.29188228	0.33385718	-0.35670954	-0.645473	3.8884804	0.56414217	0.80012584	-0.3963793	0.20336525	-0.4946845	3.857758	0.28828925	0.63470083	-0.5561715	2.2110267	0.8017934	2.1232793	2.250267	1.8099751	2.8983936	1.2448107	-1.332074	1.7976022	-0.6977391	0.6982971	2.5054007	-1.1785749	0.5569813	0.53347284	1.1676009	0.53372777	2.5714455	0.60785306	2.1629436	0.37074146	0.7857695	0.80792767	2.6264756	3.8099713	0.14541695	0.22163408	3.0012162	0.4879928	2.209865	1.4928983	2.1406152	0.49127585	-0.12044383	0.74771416	0.85560143	2.297165	-0.47978604	0.25070462	1.2159475	0.11074586	0.03194139	1.9815749	0.5593844	1.7296957	-0.18147643	-1.5161119	1.2690253	1.1067046	-0.5295951	-0.6622186	0.23472922	-2.1920383	-2.166179	-0.44286367	-2.572124	0.37111583	-0.1962016	2.0201113	0.5646357	-1.2838767	-1.1159157	1.6550002	1.6433177	1.3896872	0.535638	2.3315182	-1.0357575	0.8531073	3.2714877	-0.08310654	-2.0579958	-0.5020481	-1.7405562	2.5443308	-0.45146403	-0.23856647	-1.7527156	1.0357351	2.3390472	1.0138371	1.9636598	0.9256863	0.43747118	-0.24019676	2.7357752	-1.459829	-1.7696971	0.5410932	0.8038495	2.3736417	3.5452049	1.7747911	0.29565254	2.7154102	-1.5338609	2.2809656	2.6426883	-1.0230234	-0.7135923	-0.5634641	-0.66198486	0.498819	-0.7938376	1.4708011	2.3245933	-0.27730852	2.1716928	1.5082119	-2.1954477	-1.7361465	-1.5156513	-0.29965764	2.9001374	1.4706914	-0.82961106	0.76707333	0.32749578	1.5194293	-0.8196232	0.7173863	0.11092074	2.296347	-1.2782683	0.50127596	2.1768017	-1.818491	1.5426655	1.8668389	0.70192623	0.7437004	-0.010673901	-1.336144	0.106817976	2.7848468	-0.6466947	1.3199456	2.2917604	-0.90673405	-0.27695072	0.3462984	2.7053487	1.0658919	0.7250323	0.60186064	2.4182453	-0.5175634	2.4872503	2.90502	1.445732	-0.53854173	-2.2154226	0.69572985	1.0273508	-1.624577	-0.29432538	1.4415692	1.9970342	-0.12222725	-0.5237246	2.3214955	-1.0447894	3.06791	-0.44507983
2-amino-6-hydroxy-4-methyl-8-oxodecanoic acid	2.070013	-0.25898212	1.7491676	0.94174945	1.0456216	-0.56383914	1.3591839	0.66252613	0.78024155	-0.8078563	0.12397068	0.393557	-1.1189964	1.3884134	-1.1754004	0.5639156	0.13951725	0.41639805	2.1438172	5.5702014	0.6233316	1.5978811	0.32218948	0.53183526	1.5594565	0.50536144	1.13865	0.74723315	-1.3008353	1.4868718	0.54988354	0.079307415	-0.37354034	0.61033607	0.32126787	0.9701978	0.6006755	0.88114476	0.48047355	1.2571626	1.3081188	0.70248336	1.3711884	0.8354527	-0.2802162	1.1312646	-0.09481408	1.0924176	0.023849396	0.5979655	0.8319832	-0.16541503	0.9612387	0.42573485	-0.34259167	-0.63949436	-0.09258805	1.7663726	1.2382483	2.3199916	0.7997694	1.2937429	-0.7692541	0.18777563	0.50614625	-0.72886074	0.5469046	0.092271715	-0.71294326	-0.1884902	0.044543624	0.829681	0.8067077	0.26491416	0.050087634	0.9310593	0.83731985	-0.33165228	0.5755748	-0.2834442	-0.51560473	-0.86177707	-0.044078063	0.6385275	0.15358421	0.75068265	0.7966455	0.87344235	1.061648	0.52338195	1.4068038	1.1057053	-0.30540285	1.7107611	0.7353913	0.82234997	0.21755047	-1.6835917	0.8561472	-0.64364624	0.6082874	0.7478059	0.46275604	0.8848414	0.7929157	0.33441836	0.5980682	0.7022042	0.25191486	1.0939887	0.50872177	0.32262886	0.43154278	0.27788833	1.4505006	3.1282666	3.480049	-0.0837991	1.283282	0.21787581	0.68849885	1.351903	1.27535	0.49678007	0.19159418	0.8250057	1.3056165	0.62197614	-0.89381707	1.3575511	1.0001191	-1.3098136	0.8472643	0.7836616	0.11871159	0.53317493	1.8004228	-0.86118406	-0.109151356	1.9827026	-0.41227528	0.8287956	0.3934957	0.49822086	0.82806253	0.30539462	1.0740517	0.1671078	0.7472523	0.92604214	-0.0694361	1.1284685	-0.10232763	0.34347385	1.3136575	0.66393733	-0.9192538	0.33289722	-0.9755418	0.56772995	0.16968226	0.54787266	-0.33883137	-0.64463776	0.9408541	-0.54722315	2.2715828	-0.1015312	0.58219004	-0.40663502	0.5418056	-0.14818656	0.02627525	0.2975801	1.1570482	-0.24410592	0.82039154	1.3365833	0.1594061	1.0496563	0.17708026	0.39188525	0.9965288	0.24188393	-1.9302366	-1.4208734	0.14099596	0.19020031	0.123505525	-0.32017496	1.2697345	0.86557347	2.1441042	1.6060259	-1.1558914	-0.6868652	-0.30535206	-0.6436864	0.91131467	0.18824324	0.11285078	0.09401865	0.7946969	3.7684178	0.5070553	0.66687185	0.9685784	0.8013015	0.21814814	-0.36327142	1.2936715	-0.05388784	0.521705	0.594075	0.4766756	0.10512182	1.9629948	0.61118954	-0.53086436	0.5747403	-0.15292996	0.601846	0.82333916	0.2668049	-0.20810582	-0.21259142	0.7784954	1.4130154	0.45915675	-0.22063391	0.90548974	-0.20303917	1.7657268	0.9262956	0.47550222	0.40686318	-1.3143309	0.2732568	3.0972779	-1.3896574	0.1989055	1.696385	0.71843994	0.43091497	0.7441655	0.5192307	0.04269246	0.7598125	2.116927
2-aminoadipic acid	0.056234155	-0.3891433	1.0944834	1.1845653	0.34921885	0.28282562	0.7304107	1.619007	1.6788213	0.5467919	0.6591623	1.3800371	-2.310942	0.04894451	-0.73769855	1.1361134	0.8153142	1.0765797	2.6544206	0.6233316	7.469366	0.3545929	0.39713657	1.2725422	2.1291325	2.188486	0.80586547	0.42125636	0.0017571499	0.93165416	0.67239743	0.6054009	0.95515305	-0.23322392	0.16893047	0.32148933	0.6795834	1.0864148	1.1218882	0.9956486	1.4069849	0.92466396	0.4166062	0.68960273	-0.25168753	1.239266	0.25029334	1.1469195	0.9475406	0.24993381	-0.09612066	0.3861352	1.1556057	1.357015	0.2811702	-0.5761405	-0.07314722	0.43411285	0.5789366	-0.48399562	-0.058271453	0.9509335	-0.7022705	1.4728434	-0.07084441	0.75817066	0.91141677	0.80098873	0.7343348	-0.5441527	0.12237386	0.81902564	0.41795966	0.24366938	0.21896489	1.1028656	1.5958066	0.36927354	0.17089653	2.0185876	0.15544717	1.3996238	0.35234207	0.6371364	1.3379688	1.176154	1.0008657	1.1362822	1.4604695	1.1146402	1.2296247	0.7030335	-0.35876527	0.50713116	0.15359904	1.483663	1.3745316	-1.2701919	0.7005363	0.5005528	0.34214544	1.0656387	1.0224518	0.6108445	0.63544613	0.4469033	0.59057325	0.63487184	1.1467755	0.7989934	0.23498042	0.23883824	1.2521925	-0.20778874	0.8070796	0.40846395	0.5621773	-0.18146914	0.8519545	-0.014359319	0.5791451	1.0785744	0.9315967	2.2378273	2.4099925	0.58556205	-0.1500436	0.8813481	0.80341196	0.8641114	0.014194124	0.41849822	0.503159	0.36871785	1.1837076	-0.13138045	1.4346304	-1.6697364	-1.293841	1.0419694	-0.06108019	1.7026299	0.17383924	1.52682	0.92957276	-0.17735611	0.6384211	1.0746517	0.62346345	0.83191836	1.6309154	0.46606678	0.35461572	0.20036867	0.8429813	-0.18393993	-0.76049715	-0.23506166	-1.8083616	0.4711448	0.5132136	0.08590515	0.24820352	0.4305461	1.6377273	-0.6822908	1.0256457	1.0529358	0.29831585	1.1483737	1.1248089	-0.95796514	-0.14614075	0.5334315	0.47289923	2.4201083	-0.27223173	0.83699524	0.16642421	0.77272886	-0.07221985	0.8133308	1.121657	-0.16742177	-1.3695785	-1.6119483	0.098160334	-0.052973248	-0.4066977	0.6634199	2.0414448	0.75054735	0.7551265	2.1220386	-0.58923745	-0.14084606	-0.7299421	-0.20004286	1.1238211	1.2684842	0.6023909	0.71319836	0.31053576	0.3470653	-0.27831995	0.1450358	0.61958575	1.4033346	-0.21798022	0.9703599	0.85712945	0.51595134	0.3697858	0.8073885	0.7259914	0.031241335	0.9971464	-1.6150739	1.5323095	1.0307841	-0.25253925	0.36450928	1.4534388	-0.18622777	0.4421864	0.48037496	1.4229469	0.30377614	0.40875092	0.35527667	1.0379303	-0.18152831	1.0533602	1.3549104	-0.13249542	-1.5281265	-1.4900798	0.969116	-0.36201033	-2.1956103	0.61596084	0.7618877	0.9620453	0.48079932	-0.24963002	1.0764608	-0.5201771	0.9482574	0.85461736
2-aminobutyric acid	-0.08631559	0.16232157	0.24076004	0.18963757	0.28263327	1.2624626	0.49922624	0.06788316	0.29341274	-0.46517113	-1.0645082	0.22002016	-1.5182856	0.33117247	-0.8804129	0.5676356	1.3077992	0.80865854	0.20705993	1.5978811	0.3545929	6.702382	0.5427101	-0.02675985	0.28375992	-0.02062384	0.34755933	-0.1382725	0.85662335	0.43937898	0.8635653	0.36242	-0.8063016	0.36206052	0.5542437	1.1577635	0.6346907	1.6754714	0.4792294	0.8057408	1.1073453	0.6273247	0.6798654	0.045668438	0.2952511	0.8485197	0.54978025	0.35936534	-0.11397251	0.57415015	0.23520903	0.0686955	0.16983637	0.36530605	-1.0226197	-0.33004045	-0.1936105	1.1453187	1.0819565	-0.3378411	-0.16302034	-0.29994056	0.019429717	0.9358076	-0.35355282	-0.1800478	0.5215867	0.10800569	-0.8474791	-0.1574773	-0.1355312	0.11347365	0.6279344	-0.17743212	0.77544624	0.46153015	0.5370416	-0.6490536	0.96765697	-0.25721395	-0.63628596	1.1978307	2.309681	0.5162103	-0.55723834	0.37862587	0.2904002	0.6230622	0.55516315	0.220581	0.18729661	0.5623129	0.54674333	0.26851583	0.3214151	0.90163887	-0.013140449	-0.59558827	0.6984325	-0.09505146	0.095771	0.30692577	0.13846834	0.25690508	0.12552963	-0.1396314	0.102909885	0.83723676	0.9252395	0.46570766	0.83626133	-0.007514987	0.17040625	-0.9816714	0.7390355	0.9678367	0.979072	0.13317047	-0.23185842	0.27840742	0.37008604	0.9690384	0.4180459	-0.008514609	0.2054919	0.43793222	0.25896493	0.56281686	-0.14695336	0.40970165	-0.6678685	-0.82535917	0.4190998	1.6148273	-0.3634449	0.3042817	-0.007067863	0.33646607	-0.28765497	0.7446889	-0.28746274	0.52498156	0.97760445	0.6571495	0.57657635	0.32640833	0.13880116	0.6181404	0.35271034	0.8183	0.3041469	0.42697763	0.7296414	-0.26277766	0.5304784	0.10338246	-0.7739696	1.4968492	-1.5899224	-0.09820201	0.16840386	0.3947269	-0.94610274	-0.35634473	-0.04721664	-1.4583102	0.56142485	0.87945545	0.5442499	-0.18854158	0.59279627	-0.18782018	0.470075	0.5570524	0.26871976	0.15852945	1.4102387	0.34993738	0.28026643	0.59616745	0.35567227	0.17468357	0.3458689	-0.3849275	-1.059609	-0.76034415	0.9682707	1.7630509	0.9338482	0.3597653	0.7103951	0.3258597	0.17077273	0.4188576	-0.98055434	-0.07980065	-0.58471227	0.25736246	0.29375467	-0.122000635	-0.14656772	0.17983697	0.41539142	1.8435959	0.6836768	0.69496953	0.6885079	0.97037286	0.36450315	0.267932	0.4177277	-0.065076984	-0.00442948	0.77687484	0.9409661	0.9836488	0.6878378	-1.3215288	2.0035982	0.48612127	-0.2750355	0.21808852	0.22482233	0.20724782	0.2036442	1.9141855	0.3476853	-0.1435371	-0.07885574	-0.12920733	0.4124415	-0.19242045	0.32024685	0.5745947	-0.508708	-1.9168266	-1.4557897	0.7505642	1.0083891	-2.3123634	0.13113375	0.9058112	0.99967015	0.49906442	0.07873176	0.26513585	0.8789072	0.069454245	0.7171457
2-aminoisobutyric acid	0.21292333	0.2702411	1.0536135	0.9015425	0.072848745	-0.09795428	0.75790805	0.13701718	0.98141694	-0.06029947	-0.08985313	0.52975726	-0.9498301	-0.1461146	-0.8194657	0.9950379	0.29382005	0.62441826	1.3519319	0.32218948	0.39713657	0.5427101	8.628694	0.8250911	0.71329486	0.6094163	1.0720181	1.5200933	0.54286474	0.6816118	0.9793258	0.98385036	0.3126033	0.5011318	0.65116644	0.9625211	0.5817612	0.28331274	1.3146935	1.1767569	0.8906277	1.2572196	0.67831796	0.47330126	-0.7478416	0.3212536	0.09308339	0.47658274	1.065466	0.16411433	0.19807798	0.0063228565	-0.058570787	0.2942265	-0.8629567	-0.033481333	0.2890982	0.21867247	0.64256316	0.26945117	0.61667746	0.085672	-0.35717773	1.005915	-0.0036236057	0.48737013	0.19708297	0.8781708	-0.34383142	-0.145556	0.13796356	0.07338349	0.76974946	-0.19220214	0.2181955	1.1316411	0.24576561	-0.3857405	0.63899285	-0.4037037	-0.28580612	0.45352215	0.52596813	0.64142835	0.09231182	0.82157624	0.62493044	0.90364164	0.77337277	0.8561284	0.70838773	0.7829562	-0.75013703	0.5965482	0.3370378	0.9912536	0.701828	-0.9992755	0.39373127	-0.64910305	0.23630594	0.13255526	0.40021673	0.6381576	0.20680307	0.5382851	0.16905943	0.40474975	1.0717716	0.51793426	0.24140236	-0.2517721	0.76533556	-0.74795705	0.5813516	-0.4421881	0.038811497	0.018686678	-0.09253987	-0.026013108	1.690811	0.6633334	0.64797807	0.13689213	0.11269306	2.583305	0.7499398	0.6390474	0.03438573	0.48539805	0.92008924	-0.71280146	0.5038739	1.2808428	0.23712125	-0.026611399	-0.50625277	-0.25386184	-0.7755561	0.12543774	-0.7790566	0.5842853	0.09761749	1.1206605	0.5805665	-0.03857261	-0.1254798	0.50509936	0.45430645	0.81952906	0.6445157	1.0890775	0.08461202	1.1795624	0.7257301	0.31963298	0.524011	0.3298127	-0.8694808	0.22498131	-0.018667405	0.7490421	-1.0851141	-0.10628073	0.5425487	-0.9480719	0.5806961	1.2322409	0.39003834	-0.029533891	1.0822113	-0.44892317	0.23443091	0.2138902	0.06335155	1.5980874	0.42276323	0.63410705	0.3564265	0.61125666	-0.28687614	0.43168765	0.6521317	-0.1396776	-1.2454485	-0.79919744	0.78370035	0.21377294	0.32248458	1.8679899	1.2943512	-0.07615704	0.611032	0.5369887	-0.6144489	-0.48565376	-0.46487534	-1.223099	0.5752757	0.3446179	-0.39081505	-0.15984805	0.59591687	0.27215666	-0.3645787	3.6137187	0.6446392	0.88798565	-0.31717387	1.1643548	0.8937755	-0.6704252	0.6815475	0.8174345	0.60818774	1.0635772	-0.2765134	-0.71686715	0.17679411	0.8812274	-0.5463832	0.024803303	1.4092301	0.0067657907	0.9668171	0.31648523	0.9440393	0.4201175	0.043055635	0.40176588	0.93007046	-0.118209794	0.58723634	1.1450388	0.46408957	0.2019354	-1.6193445	0.8806651	-0.7959852	-1.7369814	0.28230503	1.1080884	0.71242255	0.240464	-0.2741406	0.44689354	-0.2806952	0.5680214	0.9605427
2-carboxy-6-hydroxyoctahydroindole	0.86785024	-1.4109077	2.8778112	3.13099	0.12716563	-1.2067289	0.01561956	1.5825224	3.347671	-1.4232131	-2.4371326	1.6179198	-2.6404893	-0.25276208	-1.7510718	1.8828566	-1.1286687	-0.15183015	1.571962	0.53183526	1.2725422	-0.02675985	0.8250911	5.471873	0.07503134	4.6179743	1.1940416	0.56632787	0.00069141324	1.8774394	0.51519483	-0.091375865	-0.81026727	-1.4898295	0.13845266	-0.63355374	1.3186116	0.699717	1.6113232	1.3826004	0.3919324	0.33877465	-0.4621629	0.06906226	-0.7349338	-0.13435994	0.41321516	1.4466672	0.9866166	-0.7167601	0.45072177	1.8413243	0.54461837	1.2487566	-0.45977995	-1.4102653	1.2454377	-1.2707028	1.4273144	0.3187729	2.272801	-1.1914663	-2.4440196	0.8416848	-0.8379444	-2.0712364	-0.957894	-0.9963239	-2.0761254	-1.2675649	-1.2208904	-0.012298622	0.763373	-0.3770756	-1.9136745	2.8100762	1.0398854	0.30038786	-0.9651881	0.53049517	0.037155997	2.4353046	0.20946196	2.5446155	0.24740845	2.579645	1.3566324	1.8200752	1.1809968	2.5764341	2.5013204	2.3193479	-0.6032712	0.36964545	1.6425732	0.7464724	2.6364899	-1.8468724	1.5978358	1.0275846	1.2205665	0.27982327	2.4574633	-0.316459	1.2809334	1.6574829	1.1716967	1.8916233	0.89993775	1.1936475	-0.671864	-0.65951926	2.9070842	0.49436522	1.8766128	0.33295304	-0.5079916	0.049207944	-0.07849122	0.74656415	0.5175163	2.6190472	-0.2351011	1.6186321	0.50846434	-0.79452085	-0.6486635	0.93560946	0.3022924	0.7760734	0.63503796	-0.74899125	1.6599195	0.091641806	-0.5123515	-0.24522072	-0.08040056	-1.1851361	-1.2370808	0.03944096	-0.5025859	0.61647683	0.33915085	1.4998517	2.2556953	-0.49299318	-1.3593585	0.7758868	0.3600589	1.1922466	0.058829993	1.1361539	-1.7344443	-0.4603104	-0.03096201	-0.3845933	-1.2252352	-1.3408363	-1.1548465	0.33396918	-0.6505695	-0.42544353	-1.4565891	0.33616468	3.9904754	0.006541506	1.5822599	1.3870631	0.6201887	-0.24622765	3.40518	-0.2306904	-1.0481713	-0.25887316	0.97714716	0.6330511	-0.18660483	2.1768005	-0.41509563	1.3470373	-0.27954522	2.0804803	1.4482723	-0.975541	-2.0481093	-2.551232	0.13112351	0.284405	-1.5571809	-0.32139632	1.4249344	-1.1842225	1.5654413	1.7261474	-1.2704784	-0.7854003	-1.2222625	-0.3982013	1.3840314	0.3840295	-1.0921175	-0.76496965	-0.7095739	-0.63919556	-1.2996879	-0.28832266	0.61410177	-0.49953136	-1.2287459	-0.78156376	2.7887726	-0.8465527	0.61078686	1.0979608	0.3606818	-0.059660316	1.2291092	-1.5478313	0.48380244	1.2446991	-0.5085624	-0.20156454	1.4461046	-0.21339695	-0.14692478	0.17158219	0.46798062	0.6541632	1.2744263	0.2024644	2.9036417	0.67721426	2.8115788	1.6936117	1.4884197	-1.1752508	-2.1759336	3.4179764	0.047539685	-2.1078868	-0.022111004	1.293138	0.06047191	0.23039573	-1.0050154	2.530832	-1.5505557	0.7614486	0.5519481
2-chlorobenzoic acid	0.6521574	-0.06395561	1.8215258	1.5259418	0.38498107	0.07611577	1.128766	1.1354766	1.1224843	0.256543	0.4200994	1.3596073	-2.2336786	2.4923897	-1.402503	2.1875997	-0.31758058	1.9468905	2.5015638	1.5594565	2.1291325	0.28375992	0.71329486	0.07503134	5.56484	0.8903792	1.6277976	1.0321208	-1.07956	1.8274786	1.9154712	1.5017842	0.5504111	0.39611566	-0.067113385	0.93875617	0.26765347	1.0271107	1.7269958	2.5410402	0.651783	1.5437038	-0.14756331	1.1056261	-1.1710416	1.9012554	1.5999992	2.0952363	0.90586644	-0.51612866	0.0552051	0.3676069	-0.3572388	2.0460691	0.3864683	-1.4411794	-1.1561214	1.529636	0.4901278	-0.1348023	0.42948622	0.7920136	0.43807876	2.6431828	0.955408	0.8037272	0.8463342	0.3756877	1.4993105	-0.9420526	-0.89669514	0.05116218	2.3077629	0.98411906	-0.5156575	1.2091886	2.0030854	0.3348945	0.14204626	1.5311534	-0.3451925	-0.53835547	-0.41146716	1.4853684	0.42525947	2.2512372	1.8455855	1.7053198	2.3755152	0.8143374	1.9844798	1.6223799	-0.11624134	1.2581575	-0.112554476	0.51250196	-0.2558612	-1.4536456	0.8754405	-0.6015909	0.6341643	0.35923842	1.4160391	0.74745023	2.7251475	0.28948087	0.9763573	1.4410979	2.1815848	2.6520915	0.116596915	0.5968057	1.5165392	-0.53121203	1.5762671	1.0415658	1.6639662	-0.8328326	1.8436617	-0.088716745	1.5346879	1.733034	1.0104258	1.1134871	0.8037847	1.236453	0.2004594	0.91930103	1.4619734	0.23148592	1.1499759	-0.6431729	1.0179278	0.55329704	1.5216757	0.50523084	-0.46525493	-1.409871	-1.7622116	0.2074725	-1.8720585	1.3308845	0.011658983	1.2103999	0.8984428	0.44803202	0.0043419376	1.0477028	0.6951749	0.56160444	0.8795678	0.89630115	-0.44347236	0.16000654	3.2981427	-0.44369507	-0.9732546	-0.37544602	-1.1556361	4.2663827	-0.2192385	0.6562997	0.8603369	-0.6289707	0.384188	-1.4664825	1.6470689	0.5213634	1.5164034	-0.34982917	1.5519009	-0.22120439	-0.03396133	0.5287994	1.007175	2.4541008	1.4311255	1.3325815	-0.4908787	1.6033771	1.8170179	1.2113582	2.1168003	-0.071779154	-1.514215	-1.3006384	1.0019386	-0.27172875	0.8850903	2.5543375	1.5356103	-0.48478228	1.1289985	0.79189485	-1.2191137	-1.0264201	-1.2771151	-1.2354771	1.6528089	0.8610037	-0.15233645	-0.14911167	0.004070213	1.0773221	-0.6505829	0.8240836	-0.020438518	2.2378466	-0.3991687	-0.289049	0.97304326	-1.3655763	0.892888	1.2294906	0.03346871	0.29708168	-0.16563216	-1.3051307	-0.2033113	1.8764577	-0.21511662	2.3310885	1.8343579	0.40585127	-0.57644343	0.3558303	2.9894204	0.7995094	-0.5237028	0.38464803	2.2699044	-0.30483845	1.3450618	1.8780496	0.12159723	-1.5696012	-1.907826	0.79272395	0.00036042393	-2.0179434	0.67722917	1.9954321	1.633692	0.13274203	-0.122952916	1.5911328	-0.16543543	1.5457613	1.8396316
2-ketoglutaric acid	0.5293204	-0.13171118	2.6444414	3.0892856	1.0307069	-0.26210347	-0.2381014	0.998005	3.3336241	-0.312499	-1.1109703	1.8459148	-1.2516932	2.4418826	-1.0667306	2.3756552	-1.0721363	0.8630515	2.0995398	0.50536144	2.188486	-0.02062384	0.6094163	4.6179743	0.8903792	4.617975	2.0413055	1.3679711	-0.23333147	2.3192122	1.4780302	0.92551196	-0.4731692	-0.9534006	0.16378386	-0.9179365	0.8513735	1.4512244	1.7139174	1.8511794	1.8179733	0.13585272	1.4287534	1.8190607	-0.5319314	0.340828	0.19346623	1.7123533	2.0726814	-1.1505922	-0.21675329	2.4900267	0.38215134	1.4083546	-0.3742752	-1.1479427	1.6479976	-0.06832452	1.0672383	0.78378385	1.4109172	-0.73263025	-2.2312224	0.583551	0.053610545	-2.031091	0.2856668	1.2978773	0.42210954	-1.2968631	-1.0597389	0.6021173	1.8900248	-0.5156911	-0.15698023	2.4804158	1.6530297	1.0031343	-0.4432688	2.2129953	0.41215947	2.0128307	0.91116256	1.5447568	-0.24268584	2.5740216	1.4498976	1.7780328	2.2530768	2.5064824	2.4592032	2.1452677	-0.37895784	1.2176144	1.5123419	1.0658538	2.4073012	-0.87420404	1.3854954	0.69415057	0.82338583	1.50503	2.1991076	1.3588724	1.1440142	0.7109673	1.309859	1.7896994	1.390271	1.7319722	0.16075157	0.48490417	2.7182975	1.0081162	2.032926	0.83022517	0.88405	0.245376	0.015854256	1.0433081	0.5969983	2.9944322	-0.6951717	2.483719	1.5517259	-0.3065539	-1.2643075	0.91876596	2.5578504	0.6854105	-0.61455745	1.3623364	1.549351	-0.16527502	0.97143286	-0.16650386	-0.31590328	-1.6283153	-2.518372	-0.25304917	-1.0160449	0.1541959	0.2521706	2.8887963	2.008036	-1.1020563	-0.18486461	0.71009296	0.2512927	1.1059114	0.6640828	1.6909012	-0.1305361	1.4677836	0.88837755	-0.7928037	-1.6455095	-1.3487042	-1.549421	0.725998	-0.48417515	-0.3770756	-1.782242	-0.0062274723	3.661986	-0.3612656	1.7837849	3.4286964	0.9259947	-0.45037755	3.2111447	-0.07632429	-1.2977048	1.1548477	0.7397774	2.3989604	2.2826598	2.136324	0.012956129	1.7078495	0.45198116	1.9751369	1.9769747	-0.6997834	-2.042386	-2.9622366	0.7767084	0.055894222	-0.75819904	1.144584	3.2551906	0.07245033	1.8966994	2.0282195	-1.2240146	-0.8828666	-1.6671863	-1.3843083	1.9023912	0.44106016	-1.1346799	-0.25306022	-1.1071634	0.7332742	-1.02299	-0.17109877	0.3126085	0.89738107	-1.0634543	-0.45072362	2.4862673	0.5928924	1.024026	1.3129665	0.35736752	0.20021011	1.097777	0.0764203	1.3038496	1.2944396	-0.9542139	0.013352497	1.4012119	-0.62005764	-0.011050498	0.17149071	2.1272027	1.087705	0.99945456	1.3408796	3.0523973	-0.04800853	2.596216	1.7356551	0.94620115	-0.017049894	-1.8732471	3.1428118	1.7444097	-2.0962112	-0.6654449	1.5891842	1.430493	0.11125582	-0.8163861	2.3823123	-1.3507222	1.8684003	0.7608082
2-ketoisocaproic acid	0.6632973	0.3252132	3.312556	1.325102	1.0088062	0.980457	0.47817254	0.29867837	1.7036328	0.435898	-0.44539896	1.4385008	-0.28880996	2.7476778	-0.6423559	1.7363535	0.012029482	1.0963289	2.5900748	1.13865	0.80586547	0.34755933	1.0720181	1.1940416	1.6277976	2.0413055	5.476322	4.981861	-0.71277404	2.6344287	1.2873511	3.7287083	0.7725139	1.3966118	1.1747668	0.5749883	0.14660162	1.6648054	3.824028	1.7231045	1.4127045	1.1854568	2.1328893	1.9754413	-0.31976497	0.78636754	0.2995969	2.0221887	1.542204	-0.0073019373	0.24093713	1.0954044	0.02640692	1.3795158	-0.013860956	0.47603655	0.2664573	0.9105182	0.7949169	0.6808839	1.4549972	1.0190848	-0.8758752	1.087114	0.60894936	-0.005126781	1.0723546	0.9695338	0.5148383	0.14374025	0.35479715	1.1019521	2.2661393	0.48659602	-0.4528837	2.235955	0.9263193	0.08691491	-0.08828845	1.4368415	0.38579255	2.5045211	-0.07377388	1.165932	-0.38800567	1.8126117	1.5444051	1.8761526	2.1850398	1.4345672	2.0299654	1.5319772	-0.48240754	2.7136009	0.2251221	0.27047163	2.0128725	-1.5004075	0.46412218	0.29183617	0.83161116	0.8354753	1.5679852	2.8223398	1.8726187	0.6533894	0.9592171	1.1325369	1.6032991	2.393909	1.1452373	0.7062629	1.7584418	-0.5777461	1.4920496	1.6716651	1.5757641	1.293356	0.2023236	1.1112732	1.8553473	1.7924963	0.12793417	1.0876526	1.1094579	1.5153521	0.28937626	1.0825933	0.64119726	1.3292669	0.30451936	-1.0490843	0.8763472	1.027311	0.2608066	0.05977841	-0.5520645	-1.3040065	-0.80196714	-0.09726071	-1.163044	1.4850668	0.0045738365	0.8212909	0.5980774	-0.28623337	0.007843765	1.1424562	0.86694646	0.84762955	0.91003734	1.6076823	-0.73822576	1.7528739	2.4132009	-0.51904845	-1.7269995	-0.69985944	0.0834679	1.0997705	0.024489855	1.6605831	-0.75311834	0.403447	1.5142771	-1.3736709	1.6474535	0.7735395	1.6919897	0.17771	2.3300188	-1.2121471	0.35616297	0.1532255	1.385266	2.3534946	2.9428234	1.8903759	0.8725365	2.7761827	-0.04260392	1.2393607	2.0729594	0.7673441	-1.440189	-0.59577745	-0.020512741	1.3233074	0.09480929	1.220813	2.2302246	-0.13036911	1.9187052	1.0379338	-0.8900005	0.10886553	-1.2147343	-0.9669615	1.49726	1.0665724	-0.5549232	0.12130056	-0.29380742	2.243116	-0.6814334	2.1071765	0.0062683644	1.4776561	-0.8675953	0.3860015	1.8741931	-0.2757937	1.10043	1.2526565	0.7299531	0.72397596	0.14540026	-0.5329322	0.078421764	1.4816104	0.11409889	0.9071016	2.0540721	-0.46551248	0.52884495	0.8380618	1.9150591	2.4325147	0.32601425	-0.2942292	1.7791096	-0.947936	2.9784188	3.5097673	1.4325594	-0.43899423	-1.5487405	1.5233046	0.81629694	-1.1620415	0.093065575	1.0015907	1.8644029	0.10648442	-0.54236084	1.399437	-1.1502249	1.6891586	0.674633
2-ketoisovaleric acid	0.40663093	0.24048162	3.9663866	0.63764155	1.0237051	0.16989835	0.08073993	-0.24228932	1.1966141	-0.35019797	-0.9038196	1.0759791	-2.007226	1.8178625	-1.6287246	1.5014968	-0.14231217	0.14631392	2.5940306	0.74723315	0.42125636	-0.1382725	1.5200933	0.56632787	1.0321208	1.3679711	4.981861	5.164385	-1.2816519	2.4832773	1.2239127	4.5792375	-0.6350087	1.2076858	1.3402053	-0.04689963	0.29895246	1.3018451	4.6637034	1.9613703	0.38688964	0.90428805	1.5504863	1.62095	-1.222073	0.9874326	-0.9892445	1.3355461	1.6609905	-0.22642897	-0.65719557	1.3125721	-0.22005357	0.13363908	0.18085514	0.11128781	0.50035465	-0.07282279	0.6387117	0.12616515	-0.16548523	0.0015448314	-0.7536867	0.76190567	0.22992156	-0.40963423	1.6145631	0.037010685	0.24695617	-0.30434492	0.0036702668	1.4599217	1.3294612	-0.14211227	-0.793211	2.2881734	0.4930378	-0.12603554	-0.36331752	-0.7648046	-0.40392372	1.6860656	-0.4174821	0.3372575	-0.91306746	1.444035	1.008375	1.155181	1.8516679	1.0940169	1.5679655	1.0088369	-1.0731133	3.066977	-0.77423805	-0.26437098	2.2241695	-1.8600552	-0.049569335	0.29475337	0.94108045	0.22066484	1.1917187	1.509417	1.7886889	1.0703862	1.2493047	0.25478736	1.5700265	1.9379926	0.88385636	0.0690893	1.6824318	-0.61749285	0.7428439	0.96417725	0.731219	1.065293	-0.27944842	0.13052233	2.0586288	2.0046842	-0.21769008	-0.2960865	1.1475441	1.9629238	0.12529798	0.30458724	-0.13166496	1.1069177	0.27051955	-2.374529	-0.13000663	0.7148537	0.71072245	-0.5995616	-0.8389225	-0.42932397	-1.494809	-0.66972995	-1.1638111	2.2986448	-0.5293873	-0.07470559	0.35620245	-0.807463	0.3756872	0.32730278	0.1314846	0.44536948	0.732802	1.2922198	-1.1001911	-0.09218744	2.319024	-0.9515851	-2.5738497	-0.71991813	-1.3033371	1.0880878	-0.6050001	1.186808	-1.0198629	-0.047601566	0.8801742	-2.0340607	1.2615445	0.67943263	0.6003043	-0.6712685	1.9713957	-1.3292745	-0.75658673	-0.38424087	0.8598961	1.3516392	2.209155	1.8878076	1.0111568	3.2737224	-1.23843	0.4242091	1.7562253	1.0652552	-1.76934	-0.97143966	-0.45663786	1.7465162	-0.7440044	1.0930091	2.107504	-0.6552221	1.7130318	0.4732461	-1.4815617	-1.0741405	-1.4508456	-0.9972199	1.1620743	-0.0019071396	-1.0096902	-1.1699717	-0.80634445	2.4102793	-1.035701	2.8819754	-0.3727936	1.0309095	-1.1477826	0.64557785	1.5958126	-1.3507905	0.69458157	0.5575911	0.75113034	-0.08856727	-0.23363432	-0.8982759	-0.3792525	1.3477732	-0.5991129	0.40176836	1.8202965	-0.7441115	0.55369693	0.21671875	1.8999571	2.6882813	0.077821	-1.4037386	1.7002517	-1.0290253	3.3981123	4.159543	-0.19409521	-0.78949606	-2.2211826	1.1410896	1.279738	-2.244169	-0.25520903	0.43945935	1.5839854	-0.1991402	-0.665807	1.0868121	-1.4415568	1.6855979	0.5406445
2-methylserine	0.21695513	-1.0290511	-0.15866564	0.0759495	-0.5771214	-0.4514599	-0.9383225	-1.2228997	0.123445995	-1.2708397	-1.5178311	-0.8887671	-2.511493	-1.6153384	-2.357831	-0.10420409	-0.8563193	-0.7815169	-0.7527081	-1.3008353	0.0017571499	0.85662335	0.54286474	0.00069141324	-1.07956	-0.23333147	-0.71277404	-1.2816519	6.1555247	-0.75377685	0.51223946	-0.71274126	-0.7645492	-1.016145	0.28717342	0.03369902	-1.3511832	1.904231	-0.2743317	-0.38585752	0.67516863	-0.2931386	1.354864	1.527828	-1.1066931	-1.1418195	-1.8247718	0.19932164	-0.53607386	-0.39084405	-1.3999529	-0.8476995	0.7570103	-1.0026884	0.26960504	-2.9996116	-1.6203113	-1.646167	-0.8921243	-0.6979139	-0.49306968	-2.2278233	-1.1441675	0.026039619	-1.3355868	2.994742	-1.8955631	-0.27078858	-2.8970377	-1.7224339	-1.297772	-1.4063182	0.027738772	0.604432	-0.7313514	0.67398053	-1.2574109	-0.5584219	0.12906396	-0.447912	0.81113017	-1.7570647	-1.8220483	-0.28301868	-0.74983555	-0.7633175	0.004392974	0.4475515	-0.69628745	0.18518706	-0.14758964	-0.6893053	-1.1143225	0.27403912	0.51533395	1.591104	-0.759626	-1.4070488	-0.20681426	-1.0791925	0.086720474	0.55758536	0.34860575	1.388584	0.2683956	-1.2112831	-0.73109937	2.498403	0.19473018	-0.89165753	-1.188236	-2.386737	0.47054508	-2.5915048	-0.60442084	-2.0798323	-1.6316974	-1.6697649	-1.8982807	0.22140291	-0.7173585	0.73317504	-1.2748361	-0.6997072	-0.9391698	1.2234513	-2.3054261	1.4839891	-0.69658417	-1.3739281	-2.015421	-1.0163412	0.8763711	-0.4061603	-1.9851943	-0.61669344	-2.6964915	-1.942354	-2.0712826	-1.8361988	-2.665002	-0.24473937	-1.9797711	1.2999488	1.3060609	-2.6674478	-1.9809753	2.0162783	1.1625088	-1.2709479	-1.2653397	-0.2261546	-0.4713156	-1.245791	-0.40134084	0.3527611	-2.7682953	-1.3239411	-1.0653776	-1.2904646	-1.1954281	-1.2833425	-2.2549436	-1.6660465	0.41675588	-3.093825	0.035684463	-1.856491	-0.67971236	-1.612613	0.7304409	-1.4573643	-2.3969345	-1.2246208	-1.4158775	-0.3094632	0.5373186	0.4784016	0.78800786	-0.26353303	-1.8708434	-0.34170127	-0.5366721	-0.8184718	1.732596	1.9310447	-1.6679976	-0.43676606	-2.449295	1.4102135	-0.3343083	-1.57531	1.5238277	-0.030981684	-2.013267	-2.0396674	-1.2593645	-2.284051	-0.5198314	0.11068418	-1.6080948	-1.4872239	-0.8276481	-0.47193667	-1.5970013	1.2782199	-0.52550834	-0.91657054	-1.449346	-2.0167694	0.68689233	-2.0901911	-1.4063213	-0.5080139	-0.10381433	0.96408933	-0.5812192	-2.3704696	-1.6488558	0.9993686	-2.2323995	1.7749488	-0.13771826	-1.3486321	-1.5972652	-0.06450966	-0.82370734	-1.0946145	-1.604247	-1.0587701	1.3341025	-1.577329	0.2574935	-0.5008084	-0.4240808	-1.7521133	-0.4816424	0.2069732	-2.164042	-0.25605953	-0.70057136	-0.26870826	-1.2698874	-0.83106285	-1.9028531	-0.012200209	-1.9634379	-0.3145828	-0.4452925
2-sulfamoylacetic acid	0.29488322	-0.24459465	2.7343485	1.7314836	1.555371	0.28481096	0.8808415	0.21183981	2.341893	-1.1818337	-1.8814622	1.7242353	-0.36260262	2.5406897	-1.4442465	1.5575528	0.1906795	1.041139	2.959221	1.4868718	0.93165416	0.43937898	0.6816118	1.8774394	1.8274786	2.3192122	2.6344287	2.4832773	-0.75377685	4.605036	1.0847516	1.1743723	-0.68051285	1.6602713	1.3051145	0.7910481	0.8438023	0.8633597	2.130951	1.815628	1.9174571	1.3408141	0.6739527	2.0465064	-0.91538006	0.9422653	-0.1630418	2.7629244	1.8896067	0.077298895	0.7675369	0.3260607	0.4106423	1.9165914	-0.2664428	0.41274023	-0.14201932	1.3431456	0.505567	2.3566082	1.8905827	-0.352974	-1.2997975	1.3001008	1.1394936	-0.8592028	-0.008155791	1.291174	1.7573451	0.41223967	-0.24324161	0.36510143	2.072357	0.9866669	-0.024484033	3.8460882	2.4884286	0.47320256	-0.86700875	0.392673	-0.021578798	2.132533	0.4242203	1.835824	0.050703697	2.6212847	2.1828864	1.6148567	2.7209334	1.7769834	2.8428264	2.7091208	-1.0178322	1.9307213	0.49241966	-0.31308165	1.4710814	-1.8742831	0.6804392	-0.25165212	0.6325926	0.7596917	1.7053027	-0.3696274	1.7855709	-0.10253458	0.76728755	0.98841786	3.3463678	3.2105756	0.057702675	0.5028873	2.180816	-1.2455118	1.6135303	2.7459898	2.6388276	0.6170065	0.15136872	1.7033393	1.565181	1.8551533	-0.50343883	1.2768072	1.1976366	0.72428554	0.7742378	0.7243521	0.6767306	0.9520997	-1.0887939	-0.31207103	0.82470804	1.1889185	-0.21005265	-0.304824	-0.3648629	-1.0171384	-0.20156804	-0.23662153	-1.4820447	0.83688796	-0.14446674	1.6024604	1.3458612	-1.1015098	-0.62733513	0.9805685	-0.06289866	0.5467299	0.8138104	2.3158844	-0.44642553	0.86948276	3.5987916	-0.88262886	0.116164505	-0.8735859	-1.2884662	2.2222102	-0.4281668	0.90568256	-0.51200455	0.98198855	2.1003883	-1.5226939	2.1074002	1.4171878	1.4517933	0.19674246	2.5024958	-0.6245685	-0.7825888	0.4110399	0.7684013	0.46338326	4.533692	2.4940412	-0.029461391	2.7079058	-0.7218746	1.8770072	3.1688151	0.27952352	-1.8758204	-2.753793	-0.54036665	0.5970821	-0.4951671	0.24992509	1.6203028	-0.20553711	2.2549722	2.041052	-1.1454006	-1.370325	-2.061691	-1.7094858	2.3266277	0.9087272	-0.29370812	0.3853461	-0.5336246	2.126025	-0.97676563	0.6799454	0.00274995	1.4427078	-1.1480025	0.35883757	3.0657704	-1.3688565	2.091861	1.5679508	0.53770554	1.6763763	0.22160763	0.0806392	0.30251098	2.2212574	-0.8557111	1.8406773	3.0601754	-0.5826247	0.5317935	-0.21092665	2.0251532	1.4377259	0.8212824	-0.30401576	1.8251072	-1.1344655	2.2164416	2.6329942	1.2927626	1.906855	-1.9918506	2.4615498	4.605035	-1.7422664	-0.85993373	3.2735589	3.2190394	0.08195703	-0.67682475	1.9793545	-1.2517147	1.4072297	0.63727295
2R-hydroxy-3-methylpentanoic acid	0.36414376	-0.35930416	2.3970115	1.4916723	1.1556542	0.08002943	1.0697534	0.22832686	1.4112493	-1.52555	-1.762798	0.9838997	-1.6366054	0.6359029	-1.4518	2.4521203	0.18199909	3.536315	2.4102323	0.54988354	0.67239743	0.8635653	0.9793258	0.51519483	1.9154712	1.4780302	1.2873511	1.2239127	0.51223946	1.0847516	4.1452813	2.8030765	-1.218669	0.355525	0.9148279	0.13590716	2.0723321	1.3204987	1.8428687	3.2799191	0.6343285	0.80519783	1.7100457	0.62956965	-0.09291249	0.23723401	-0.14286414	1.799922	2.8912091	0.37354788	1.0126829	-0.16015546	-0.07133315	1.2978677	-1.2218667	-1.558678	0.06787994	0.416611	0.55113894	0.041996576	0.8393713	-0.057095017	-0.49922904	0.81661886	-0.3488333	1.294356	0.5294143	0.33798325	-0.9641501	-0.9436222	-0.0847548	-0.29550987	1.4738864	0.06470776	1.5785676	1.4537984	1.3990909	-0.4624752	0.42809498	0.4118438	-0.32403293	2.7820075	0.31816888	1.4394584	-0.5118343	1.5357549	2.7177608	1.540061	1.356697	1.6687797	1.6470425	1.440694	0.2596898	1.1638031	1.0119582	0.923504	0.2880613	-0.6206606	0.32061467	-0.08623697	0.58736795	0.95004046	1.7166454	2.3236816	2.119138	0.41404992	0.07275165	1.3266057	0.8747836	0.8594224	0.7842788	-0.17002606	1.1733868	-0.7416445	3.0927086	0.23222494	0.6926328	-0.25700104	0.56047326	0.34275773	1.0067303	1.959866	0.15486574	0.98944515	1.0601469	0.20372948	1.099838	1.0202446	1.3721515	0.7944677	-0.2253892	0.24069314	0.5605429	1.1090425	-0.2345576	0.97883683	0.1331472	0.6746829	-2.0198793	0.4807528	-1.1221118	0.70027655	0.45589754	2.0941644	0.3042364	0.46525672	-0.2804913	1.03896	0.111021675	1.0448204	0.010021608	0.5855784	1.5478594	0.9689224	0.955718	-0.2387225	-0.9338601	0.32524377	-1.1625242	0.7478319	-0.03234908	0.23755461	-1.4042969	-0.43017188	0.46588582	-1.569965	1.6777511	1.6334271	1.3280284	-0.41327778	1.9263481	-0.40451843	0.058957558	1.4733953	0.9626556	2.1259212	0.37368235	1.4699656	0.7257954	1.7822617	-0.66096103	1.0208238	1.2269202	-0.23813936	0.009718957	0.23924768	1.4984453	0.9190535	0.1633411	0.61492354	2.4769158	-0.1577528	1.1961738	1.1890633	-1.0154419	-0.9122116	-0.46640134	-0.8279882	1.1147321	0.67241436	-0.45922825	-0.59957355	-0.07772069	1.0520916	0.47112933	1.0200843	0.6801316	4.1452804	0.17698829	0.8642794	0.92471707	-0.6741552	1.774419	1.1484514	0.34021407	0.6731472	0.110179804	-0.8592394	0.95725244	1.3984776	0.4372562	1.4945372	1.5822467	-0.07364459	0.78601855	0.8592951	2.22693	1.186189	0.5163835	2.916551	0.91605407	-0.24099724	1.0031883	1.7302526	0.6412031	0.32349825	-1.3535147	0.7636685	1.1593409	-1.0373487	0.13809586	1.9717401	1.1075002	0.4889519	-0.26506105	1.0886755	0.24898614	0.9371565	1.2188543
2R-hydroxyisovaleric acid	-0.5143182	0.101486824	2.0806098	0.94950664	0.17061655	-0.2266291	0.6686421	-0.046775892	0.9309376	-0.8934841	-0.9710747	0.91226864	-2.532494	-0.053970814	-1.4758998	1.3001963	-0.34625712	2.1542358	1.7291851	0.079307415	0.6054009	0.36242	0.98385036	-0.091375865	1.5017842	0.92551196	3.7287083	4.5792375	-0.71274126	1.1743723	2.8030765	8.162232	-0.63496435	0.05674474	0.20974481	1.0119759	1.759842	0.5695243	2.8805978	2.8938072	1.2863939	0.5917936	1.6873758	0.746906	-1.2714328	0.14670075	-0.47266278	1.2925084	1.6027569	-0.43450662	-0.29774806	0.029483542	-0.6191442	0.5719343	-0.5837739	-0.5707958	-0.63634354	0.13087451	0.04431146	-0.8193652	-0.05977136	-0.5644291	-0.89674556	1.193778	-0.46664053	0.49243516	0.27693957	-0.031362504	-0.23634623	-0.79709315	-0.375094	0.07256796	0.76940864	-0.43405363	-0.24568447	1.1889791	0.6956769	-0.6543138	-0.39645618	-0.02951885	-0.37160113	2.1158035	-0.28822732	0.05115935	-0.68031883	1.1631571	2.2175965	0.96724313	1.3730556	0.9599604	0.9055391	1.1416142	-1.0567989	1.318913	-0.4810898	1.5510564	1.1532291	-1.3372475	0.34975708	0.06663966	0.60803276	0.0064497166	1.1063323	1.2985345	1.3508313	0.013564793	0.2488301	0.25351524	1.5874791	0.780548	0.07335181	-0.71780664	0.75669444	-0.8771897	1.8120542	0.15757555	0.67267394	-0.25434116	-0.69010544	-0.39413098	1.9712712	2.1459825	-0.37447274	0.10369213	0.49643576	0.53950924	-0.14145057	0.76592743	0.31779513	0.6070727	-0.79791296	-1.0981529	-0.277384	0.96098524	0.035118006	0.014430095	-1.115152	-1.3376551	-1.8664134	-0.6063079	-1.8725576	1.0062032	-0.13134931	1.3585006	1.1459522	-0.96788174	-0.58915097	0.2609269	0.07010051	0.2821836	-0.24732229	1.0074807	-0.30176264	0.64758015	0.9629352	-0.25286946	-1.1807364	-0.66471297	-2.033231	0.11540769	-0.62047946	0.22056186	-0.8762633	-0.46444696	0.5081005	-1.1164985	0.9108052	0.6850664	0.35850096	-0.27325347	1.3180002	-1.3211662	-1.2336813	0.77502173	1.2628263	1.576748	0.48138782	1.8507029	-0.16821563	2.264636	-1.2676324	0.40792224	1.036265	-0.14558186	-1.3866979	-1.6349096	-0.15597919	1.8777038	-0.4749519	0.8734786	1.7189393	-0.67294705	0.8019154	1.6025127	-1.3246225	-0.88368374	-1.01603	-0.16754045	0.5909495	0.010625809	-1.028622	-0.7539655	-0.013827051	0.8575485	-0.7347887	1.7306314	-0.43665877	2.994378	-0.99378216	0.6229097	0.57900643	-1.1273711	0.76473963	0.71355385	0.36853075	-0.44286415	-0.24625616	-1.6728668	-0.040108506	0.8205702	-0.6314074	0.3331761	1.7184453	-0.51560855	0.5486772	-0.45342863	1.6572945	1.2367594	-0.12538189	1.5950845	0.8173708	-0.48534632	1.6945024	2.5533402	-0.1588929	-1.5833315	-2.598054	-0.1521993	-0.19433697	-2.829831	-0.28553513	0.9475493	1.7315568	-0.38075748	-0.7110127	0.65799344	-0.53279704	0.53367674	1.0259305
2S,3S-diaminobutyric acid	-0.706982	-1.1733646	-1.11766	0.36887902	2.4708571	0.9346736	-1.2495662	-0.07993984	-0.146933	4.3111324	3.8165326	2.3981044	-3.3628852	-1.4897318	0.82860136	-0.17265606	-0.5246299	0.41854098	0.25348055	-0.37354034	0.95515305	-0.8063016	0.3126033	-0.81026727	0.5504111	-0.4731692	0.7725139	-0.6350087	-0.7645492	-0.68051285	-1.218669	-0.63496435	6.044533	-1.1202899	0.563527	-0.50883704	-1.9663073	-0.56236964	-0.2280091	1.0906397	0.9666116	0.60359335	0.66956216	-0.010584322	-0.4803892	-1.1925162	-0.2483402	0.14637272	-2.1381629	-1.284394	0.19734292	-0.7252875	1.0509131	1.2651746	-2.0682049	-2.3613942	-1.1258982	-1.4238247	-1.1700194	-2.6185918	-2.3371968	1.3286757	-3.0347507	-0.9105689	-0.8757241	0.36088306	1.2591028	2.7865665	-1.5102581	-2.441956	-0.45925874	-0.3918818	0.32525927	-1.5807358	-1.4620254	-1.0221593	0.03812002	-1.7184646	-1.3222543	0.86352265	0.008869773	-1.0472406	-1.4895219	0.27934855	-1.5847408	-0.5529345	1.0451254	-0.06607142	0.45179352	-0.49790773	0.06272331	0.2778821	-1.3044289	0.6302672	-1.2225928	-0.09208183	-0.15783095	-2.591854	0.0471671	-0.7698165	-1.0082127	-0.9939335	0.15428123	-0.13355279	-1.0248865	-0.48250902	-0.16832882	-0.20067143	-1.4011835	-1.211313	-0.49001715	-2.5501862	-0.16771623	-1.3291526	-0.67525584	0.013179686	0.77444756	-1.9915066	-1.1717492	-2.1601794	0.9132233	0.19573389	-0.1803577	1.6489161	0.7963206	0.37442085	0.5994921	1.4476175	-0.71763897	0.15987071	-1.4304799	-2.4958515	-1.3720145	-1.0661029	-0.6148116	-1.2485753	-0.2575448	-2.6937892	-1.7287897	0.123851255	-1.1541075	1.9632612	-1.0931567	1.2637657	-0.49850965	-2.1498666	-2.3799152	1.3524498	0.9087841	0.7511994	-0.17562075	-1.1039364	-1.4882063	0.5485872	-0.53838885	-1.3255966	-1.629999	-2.5066068	-3.5762758	-0.43741375	-1.0629731	1.1329093	-2.3038118	-1.8595659	0.013823957	-1.0399884	0.89995867	-1.0864244	-0.40062585	-1.4384185	-0.45051897	-2.0176487	-0.63882697	0.25777397	-1.0396935	2.3582318	0.50963616	0.42244652	-2.1321552	0.5596503	-0.24728689	0.6135689	-0.5643918	-1.4359558	-1.3190861	-1.3061765	-1.6504209	-1.6631302	-3.0868812	1.9000387	1.4581087	-1.2903631	-0.57509166	0.68651456	-1.4217328	-0.8813791	-1.2506754	-2.228922	1.3377495	2.6548538	-1.4645044	1.8695629	-1.038033	1.5383726	-2.2961175	0.44836044	-0.73283696	-0.47114345	-1.3445697	-1.7991846	1.0411189	-1.5977027	-0.49519733	2.2261822	-0.6791624	-0.927525	0.5519365	-2.4163244	-1.4462113	-0.26790136	-0.96058154	1.1742574	-0.17234804	-1.3340905	-0.9603612	-0.9455356	0.70202285	-0.079386674	0.1953839	-1.726042	0.9000829	-1.2490867	1.1309035	-0.4723509	-1.9821094	-3.9630675	-1.0873337	-0.29674855	-1.4782829	-2.586249	-0.5306499	-1.2984132	-1.5297202	-0.04059002	-0.5381179	0.6327205	-2.219443	-0.10528279	-0.51099735
2S-amino-8-oxodecanoic acid	2.6675048	3.281518	1.8315057	0.449121	0.58595127	1.6562226	0.6266303	0.4340422	0.40095606	-1.1639667	-1.2792394	-0.49945033	-1.5862988	-0.57864666	0.46326315	0.1211109	0.73146707	-1.1032548	0.008364998	0.61033607	-0.23322392	0.36206052	0.5011318	-1.4898295	0.39611566	-0.9534006	1.3966118	1.2076858	-1.016145	1.6602713	0.355525	0.05674474	-1.1202899	6.1430235	3.999105	0.9807569	-0.12420328	0.11909517	1.074909	1.3144249	3.0083053	0.8443814	-0.27685267	0.16025203	0.15476507	0.6444404	0.045647826	1.006883	2.8467875	0.63511884	0.2798268	0.46755096	0.0773438	0.8119644	0.319038	1.2081152	-1.0585138	1.0344166	0.95356834	2.5825586	3.6615489	0.18702465	-1.1408653	-0.31275776	1.5238631	-0.30882955	0.35695162	0.4999187	1.6180998	1.2908677	-1.3647273	-0.041475523	-0.26571393	0.05497957	-0.14591864	2.0411365	0.12517439	0.17586769	0.1877027	-0.626161	0.3845185	-1.3374704	1.130556	1.9394004	-0.22627492	1.0877465	1.1779629	0.44315246	1.3174571	0.22079763	0.8732983	0.76544106	-0.32896268	0.8023197	0.18079604	0.023220638	-0.8224537	-0.48910534	0.26874736	-0.02265581	0.65019166	0.6348413	0.20150445	-0.43386522	0.5864924	-0.027000906	0.24752712	-0.54620534	0.5975295	0.9081674	0.3946592	-0.18377396	1.39733	-0.94210786	-0.054063108	-0.46423835	-0.26549935	1.616015	-0.61853266	1.1820391	0.21922056	0.0648081	-0.12655838	-0.17643614	0.20172156	-0.09125257	0.3732533	0.96670336	-0.44706303	0.1961395	-0.1826681	-0.46606585	0.87300146	1.337071	-0.14369398	-0.48426828	-0.2843094	0.1661353	0.5940048	0.39330032	-0.6240385	1.6542616	0.56010526	0.39035136	0.7262783	-0.69473106	0.19110341	-0.17390089	-0.1188193	0.3856965	0.08178601	0.89557946	-0.26847225	1.1641519	2.1107578	-0.22609025	-0.97041494	1.320808	-0.9224172	0.08961292	0.09433546	0.5689539	0.05298949	1.4974695	-0.5675296	-1.2267896	1.6455894	1.2475395	-0.3860889	1.1571904	0.14924999	-1.7292547	-0.36143807	0.422795	0.34883168	-0.004691083	-0.0023664199	0.7803156	0.12677747	1.0978236	0.2952699	1.567049	1.587306	0.9527411	-1.2166213	-1.0754788	0.19448858	-0.07898177	0.14793542	0.67046523	0.17977671	0.46818322	0.74180675	-0.33101007	-0.7870152	-0.4724565	-1.4468279	-1.3357921	1.3088661	0.60195583	0.4919653	0.20111875	0.7139873	0.68271327	0.6655237	0.72426814	-0.07616379	-0.32490057	-0.09117604	-0.0154704675	1.8072988	0.025651153	1.2771899	0.5752505	1.0244893	1.1741861	-0.13060911	-0.94999886	0.5659753	0.4109075	-0.9624476	0.18861566	1.2393488	0.023642763	0.18762158	0.33084533	0.67469716	0.81109506	1.013975	-1.7842088	0.21733485	-0.15675125	0.43571243	0.49094647	3.6124494	1.0133018	-1.896236	-0.54174095	0.11681915	-1.7815394	-0.51620495	0.73606884	2.0978355	0.21648596	0.027787354	1.3404299	0.043195274	0.9851095	0.28914696
2S-amino-9,10-epoxy-8-oxodecanoic acid	1.9905802	-0.34818745	1.9117706	0.4646824	0.34637976	1.9241947	0.8993264	0.5563821	0.73051715	0.24611472	-0.29635453	0.23577562	-3.6039064	0.72038573	0.7034544	0.80267406	0.95108384	-0.03847492	0.9122761	0.32126787	0.16893047	0.5542437	0.65116644	0.13845266	-0.067113385	0.16378386	1.1747668	1.3402053	0.28717342	1.3051145	0.9148279	0.20974481	0.563527	3.999105	3.999106	0.52268356	0.55067587	1.2772694	1.1387784	1.1603814	2.1056597	0.8949384	2.0496385	-0.5355594	-0.2047953	0.30039227	0.13207015	0.64241666	3.1825912	0.48445314	0.12541933	0.80525464	-0.046026792	0.105248116	-0.19658692	0.7667576	-0.62353945	0.9004098	1.4015708	-0.035167087	2.9583478	0.2568156	-0.88129705	-0.64035904	1.2834492	0.29475585	0.7157584	0.34809643	1.4265697	0.42887676	-0.95969427	-0.043977156	-0.5649808	-0.02271599	0.042766932	2.0990546	0.11517367	-0.31430206	0.6825844	-0.45921645	0.23796175	0.9651482	1.12644	1.7298425	-0.3337712	0.9407979	0.21441434	0.1332941	0.8630148	0.8811874	0.7424848	0.6678361	0.17330801	0.6718469	0.1967789	1.5465848	0.047379844	-0.26740095	0.4617967	0.75288707	1.03585	0.19447386	0.36128068	1.6148441	0.2876839	0.49087483	0.2294521	1.019904	0.6790745	1.3730363	0.46434864	-0.15278198	1.5187308	-0.12460322	0.17457716	-0.27740613	0.15219139	1.2513118	-0.6523883	0.080300204	0.14281513	0.39343965	-0.038660333	-0.0395352	0.10429591	-0.06389926	0.09819156	0.92154527	0.079254	0.41917467	-0.5970266	-0.23324989	0.6536388	0.38756117	0.053754933	0.8022184	0.4270318	0.45216087	0.7790114	-0.0009127251	-0.56307137	1.8131071	0.6742509	-0.018068202	0.64101416	-0.44893456	0.2844735	0.72209454	-0.03782257	1.1104271	0.38745743	0.33366558	-0.17879032	1.1591631	1.6758636	-0.075647935	-0.33715194	1.171666	-1.0215302	0.16334334	0.08646663	0.3240999	-0.34404823	1.4616371	0.49585196	-0.22945265	0.5925939	1.5504622	-0.15898491	0.08489535	0.67498463	-1.3375387	-0.46242478	-0.070680186	0.1998453	-0.31545255	-0.14679506	0.2680749	0.32745773	1.1850809	-0.067528434	1.2526026	1.2342198	0.80057234	-0.46077833	-0.2928206	0.48449978	0.5207513	0.0742362	0.8664972	0.27934486	0.086427815	0.7449567	0.2503109	-1.0989994	-0.5671225	-0.95782197	-0.91341263	0.82025695	0.3939376	0.28241578	0.2987761	0.6583989	0.7561909	0.34998795	0.78106344	0.54631674	0.18719994	0.041152637	0.12528715	1.5221043	0.34033412	1.2607718	0.3549133	0.96041083	0.38724768	0.40668648	-1.9332707	0.826749	0.7395528	-0.61279374	1.861991	0.06947216	0.1606192	0.040440682	1.2502098	0.42029604	-0.020566707	0.3512272	-1.1477704	0.21023616	0.2074232	0.7392474	0.82412523	2.850418	-0.7978751	-1.7462747	-0.076218665	-0.44860435	-1.7537924	-0.3167997	0.6717305	0.99742967	0.37738752	0.10777207	1.1449373	0.18250814	0.7827905	0.53732127
2S-aminodecanoic acid	-0.018951409	0.88420826	1.1469774	0.5401073	0.8887009	0.46071717	1.1434097	1.3588532	-0.12946293	0.8890233	-1.2190553	0.24196526	-2.795746	0.90741795	-1.2339969	0.65701526	0.085383415	0.640801	0.38433662	0.9701978	0.32148933	1.1577635	0.9625211	-0.63355374	0.93875617	-0.9179365	0.5749883	-0.04689963	0.03369902	0.7910481	0.13590716	1.0119759	-0.50883704	0.9807569	0.52268356	5.1463866	0.18325676	0.86094356	0.4814631	0.9830748	0.10164891	0.89565957	-0.3135973	0.2967694	0.00431903	0.8404231	0.4560871	1.3128572	2.2403877	1.3911244	0.44945592	0.3459275	0.3198337	-0.39595968	0.6516202	0.5441618	-0.44117618	0.36863208	0.8381602	-1.1125287	-1.0303457	0.5898092	-1.1191504	1.2541971	0.49117914	1.145621	0.8437059	0.7830504	0.048467293	0.4916592	-0.91051507	0.38542783	0.0783985	0.9562041	0.2104992	0.3642081	0.9596665	0.08746502	0.51329404	-0.26516402	0.42996264	-0.645797	-0.1220805	0.8710949	0.6877951	0.4112305	-0.08799844	1.2901572	1.4624354	-0.2510027	0.16964604	0.81408584	-0.566899	0.04032218	-0.07338593	0.7956262	-0.31657374	-1.2835311	1.0409454	0.50789636	1.3268342	1.077204	0.7264085	0.24250682	0.10502931	0.013590195	0.8112414	-0.28720194	0.49445617	0.7645335	1.1827439	-0.26939285	0.8820292	-0.5516353	0.83121914	-0.2618494	0.4018824	1.0857854	-0.30495748	-0.59180844	0.06787459	0.49239504	0.8840502	0.07165946	-0.22757459	0.35303468	0.3428674	0.33940277	-0.5260069	0.23471875	0.15526909	-1.2206906	0.88166106	1.1158713	0.17160167	0.10053836	0.46644652	0.18375902	1.6905723	0.84565264	0.35013604	1.0228343	0.06536547	1.5940813	1.6081395	-0.12528238	0.2778744	0.87912846	1.5030792	0.592556	0.661644	1.8150024	0.34478292	0.4048576	1.2205304	-0.008594264	-0.7734977	0.21500564	-2.2733648	0.13882211	1.0946879	1.0549954	0.5349957	0.098199345	-0.26262578	-1.3467156	1.0371168	-0.26972735	0.24625404	1.0636587	-0.19175437	-0.90227306	-0.008367881	0.89434975	0.6212684	-0.6764848	0.40798044	0.6570937	-0.16640826	0.73841614	0.41758677	0.7882637	0.41377592	-0.39943004	-1.0568053	-0.91818994	-0.12943776	1.0274255	-0.6892578	-0.037108537	0.8182396	0.47516245	0.12713225	1.5966291	-0.7421211	-0.50635964	-0.06776696	3.0160773	0.64238626	0.34715435	0.20913996	0.06450024	1.430036	1.4932328	-0.1791262	0.79711795	0.763198	0.4484547	-0.09298398	0.06304212	-0.40166882	-0.0099273315	0.45884177	1.1776052	0.31657958	0.41215456	0.09801487	-0.8917692	-0.31524184	0.80405223	0.5794539	-0.2400352	0.17415449	0.42210218	-0.32354334	-0.06419615	0.7226391	-0.54492825	-0.06642501	-0.52486956	0.8419614	0.063062154	0.41706505	0.367279	-0.48108673	-2.186766	-1.4323841	-0.1392968	-0.14238913	-2.223064	1.2770685	0.79380506	0.8771368	0.7824514	0.1812724	0.6034959	-0.24275444	-0.30359152	0.6661912
2S-aminododecanoic acid	0.106398255	1.1218174	2.1272392	1.22043	1.1824821	-1.1729636	1.2292143	0.80929524	1.5483669	-1.9669111	-1.1716665	0.63035977	-0.8380091	-0.5938945	-0.67218447	1.4566011	0.48248312	2.287845	0.47180402	0.6006755	0.6795834	0.6346907	0.5817612	1.3186116	0.26765347	0.8513735	0.14660162	0.29895246	-1.3511832	0.8438023	2.0723321	1.759842	-1.9663073	-0.12420328	0.55067587	0.18325676	4.7102466	0.5780556	0.7279325	1.3426257	-0.09705465	1.0267501	-0.07793369	0.5943202	0.16000186	0.4519251	0.06897526	0.70678866	1.158955	-0.39206025	0.25410005	0.9524464	1.6227565	1.2181852	-0.002561569	-0.682157	0.47391647	-0.24862693	0.5676231	-0.67637265	-0.8026276	-0.5328526	-0.47896308	0.31128752	0.050717633	-1.1838762	-0.07241316	0.045473445	-1.0953742	-0.42444837	0.38253	0.340523	0.92324716	0.31069198	1.1853789	0.5134193	1.3043023	-0.8607084	0.6437216	-0.08839386	-0.28275737	-1.0603893	-0.7037105	0.3390187	-0.30556214	2.3244298	1.5297488	1.3241934	0.56380826	2.596145	1.0911801	2.4040089	0.25417504	-0.035389185	0.5010095	0.8556148	0.039138716	-1.0618241	0.8139241	0.31294212	0.99248725	0.51023316	0.81467897	-0.62455195	0.56632864	1.0412335	0.7968392	1.8184048	1.8248224	0.24127452	0.14871919	0.50402254	0.6480783	-0.46365955	1.6003482	-0.34538376	-0.2530557	-0.3876092	0.6097241	-0.011392211	0.98916507	2.5120082	0.5936666	0.4651371	0.9149082	0.04501645	-0.33613724	0.8977418	0.66433424	1.4515462	-0.25285888	0.108384095	1.2588136	1.4775512	-0.07312824	0.40602842	2.2719088	-0.6092889	-1.4340532	1.4418159	0.45894077	0.9641847	0.56584585	1.9524045	0.44959006	0.87826717	0.651286	0.09938459	-0.2768805	1.1347668	-0.49033955	0.18960187	1.0802143	-1.1208678	-0.018764818	0.013391196	-0.70044404	0.4127321	0.95092964	0.043299165	0.29572445	0.6905445	-0.9296784	-0.36800918	0.9628194	-0.8721738	1.2010869	-0.19554313	0.8105298	-0.060059812	1.1777254	-0.37671885	-0.29729837	1.1836973	0.736349	-0.32416174	-0.77994215	0.60064554	0.73836017	1.3413044	0.0032119374	0.83650047	0.8091551	0.46081913	-1.9688923	-2.6996744	1.2955942	0.23244928	0.31511593	-0.5927864	0.8454814	-0.2867218	0.85120255	3.541266	-0.7280281	-0.56351185	-0.77802795	0.3662796	0.345851	-0.15571582	-0.24003406	-0.013643952	-0.19874299	-0.1244925	0.013746591	0.1724551	0.81500113	2.3093514	0.4879117	1.5060129	0.39164147	-0.29961744	1.7709771	0.25291568	0.5339607	0.0044443645	0.7708564	-1.5003198	-0.046875395	0.3015453	-0.09640825	0.5330157	1.2339458	0.46929386	1.2538527	-0.23351169	1.3927033	-0.062235065	0.6452586	3.0416234	0.2947934	0.5166575	0.7420767	0.9764068	-1.0910859	-1.2292247	-1.1948078	1.740558	-0.05537381	-2.0837839	0.19866717	0.7646494	0.25599712	0.7629885	0.16116107	0.7963543	0.38651058	0.24796428	1.5318753
2S-aminooctanoic acid	0.38665068	1.6329787	0.98330593	0.45598185	1.4742198	-0.12314611	1.0463842	1.5512825	1.317339	-1.3047615	-2.007879	0.23746465	-3.5335379	3.776515	-1.3672358	1.9837623	1.070876	0.63799906	1.9860604	0.88114476	1.0864148	1.6754714	0.28331274	0.699717	1.0271107	1.4512244	1.6648054	1.3018451	1.904231	0.8633597	1.3204987	0.5695243	-0.56236964	0.11909517	1.2772694	0.86094356	0.5780556	5.6603155	1.7422597	0.7482133	2.5073833	0.79957676	1.3322034	1.1776232	-0.09649325	0.5510221	0.6116164	2.0449579	0.69855773	1.1206611	-0.43355933	0.90050215	0.26493117	1.1438216	-0.14904858	-0.056364633	0.1474855	0.1454723	1.2558744	-0.451374	-0.057380807	-0.37164617	-1.1839368	0.26377842	1.2581794	2.2929168	-0.1156963	0.6822702	-0.68079937	0.91261023	0.394586	0.31611344	-0.797575	-0.20073503	0.09719486	0.8973371	0.34061188	0.6489168	0.062482	0.19907199	0.44435325	1.1006657	0.5972982	0.46742684	-0.48024592	1.4654593	1.3921635	1.2521579	1.1667436	1.2660729	1.9728954	0.90667665	0.7611032	1.9176755	0.33043575	3.4502456	0.27005485	-0.18139376	0.57818884	-0.25920618	0.24945284	1.2744999	0.6296269	3.63755	0.39588332	0.5711978	-0.26337394	3.464991	1.4294772	2.0827854	0.7449563	0.5162872	1.6726178	1.1775144	0.6714763	-0.056558374	0.08515003	0.16738464	1.3714329	-0.80018	1.5259429	0.89763707	0.52176285	0.70954406	0.3675653	-0.2291692	-0.41266334	1.6576238	0.19860697	1.108363	1.0117832	-1.5560528	0.81223124	0.64380485	-0.7496403	0.54499817	-0.23730119	-0.78415155	-0.70123225	0.18683648	-0.94156855	0.18749598	0.21200761	0.29405853	0.8918801	-0.93866056	0.75101006	2.24342	0.45233643	1.0689688	1.041373	1.3617513	0.5229314	-0.41000885	1.2734456	-0.11925363	-1.1488763	-0.07181367	-0.94425625	0.64093137	-0.0077884514	0.8022297	0.030441344	0.5442151	1.0169834	0.49224225	1.2381252	-0.22025287	0.041939877	-0.35482213	2.0126066	-1.5023408	-1.0196195	0.36135677	0.62147	0.4766096	1.7442935	1.3252769	1.1471614	2.0443003	-0.5214869	0.7806241	1.6074083	0.49141464	0.97800845	1.7470882	-0.3172757	0.81754	0.2777656	0.754238	0.59520346	0.3749121	1.5706487	1.975854	-1.2879747	-1.0161536	0.050007697	0.9671056	1.0361762	0.04799814	-0.7065367	-0.4477419	-0.22073819	2.600387	0.18214485	0.414761	0.07942799	2.8189673	-0.43394893	-0.093808	1.3923748	-1.1268249	1.2666407	0.6163689	0.47366872	0.7198196	0.07624403	-1.2199152	0.8917352	1.5808666	-0.66603506	2.3201885	0.2651244	-0.43996346	-0.00055268774	3.5089304	0.011299545	0.8603022	0.12689109	0.055129062	1.6132267	0.04465102	1.8164954	2.662636	0.008929203	-2.294966	-0.529394	0.85282105	-0.24174842	-1.236377	-0.7464397	0.6601256	1.3534659	0.34859896	-0.9187833	1.137988	-0.45048922	1.5843992	0.40177155
2S-hydroxyisocaproic acid	0.4042595	-0.07361181	3.6217797	1.3400096	0.6040736	0.45955396	0.8188445	0.37249735	2.1478305	-0.567322	-0.90101016	1.3393426	-1.4321296	2.7508476	-1.6024247	4.3554225	0.3299511	1.7152743	2.6942298	0.48047355	1.1218882	0.4792294	1.3146935	1.6113232	1.7269958	1.7139174	3.824028	4.6637034	-0.2743317	2.130951	1.8428687	2.8805978	-0.2280091	1.074909	1.1387784	0.4814631	0.7279325	1.7422597	5.76254	1.6402618	1.0690097	0.8545695	0.44587237	1.1175253	-0.14934286	0.28420025	-0.20221135	1.8968827	1.9501761	0.47289014	0.10068723	1.0221026	0.12810786	0.74496824	-0.627478	0.12477167	0.21849926	0.85187405	0.8747462	0.29116505	1.0045409	-0.036843818	-1.088745	2.1215715	0.5260936	0.8024318	0.8048817	0.12088962	0.54980695	-0.08795503	-0.1601831	0.58676934	1.6941141	0.17031215	0.42946216	2.1818647	0.7326852	0.046066396	0.46057457	-0.22000203	0.19252376	2.3450825	-0.12925182	0.90662694	-0.31920955	1.9032156	1.1814076	1.1871483	1.398077	1.6719266	2.0182056	1.662972	0.28316742	2.5431187	0.08512014	0.6164697	1.816392	-0.87072337	0.45707247	0.36123145	0.32268187	0.28751624	1.5956697	1.1379131	1.2014371	0.5999543	0.78162235	1.0786903	1.8948002	1.9546297	0.45602876	0.21465021	2.0759315	0.4019238	1.55325	0.47706208	0.65101564	0.67538303	0.107278965	0.18564686	1.7149223	1.4987818	-0.045876577	0.47234872	1.2093186	1.6065984	-0.24410646	1.3310152	1.0159221	1.1500508	0.37129414	-1.4070358	0.7487639	0.5133236	-0.7074923	0.4122223	0.14153667	0.5458074	-0.19627267	0.56725603	-0.23229165	1.0217016	-0.09207418	0.76714474	0.4625853	-0.54976493	0.14821689	1.0769682	0.80435747	0.8845321	0.9909613	1.8164401	0.58448386	1.6581786	1.5726652	-0.2957707	-2.0948985	-0.20561552	-1.1676697	1.0872068	0.43016845	1.448178	-0.8869963	0.49504894	1.8097898	0.5779441	1.5704366	1.4002022	1.2707597	-0.28777808	2.3513412	-0.95928663	-0.6774254	1.2296336	0.4083791	1.1201032	2.0619197	1.5703998	1.6582032	2.979658	-0.6852075	1.5709449	1.914578	0.17553958	-0.03696287	0.18329754	0.09137245	1.1084864	-0.50168085	1.2736268	1.2482074	-0.3706013	1.8191022	1.8597379	-1.3943467	-1.0622777	-1.2539445	-0.94233006	1.5139533	0.8724403	-0.8399212	0.013854761	-0.08190475	2.0947864	-0.40837306	1.9029636	0.2560631	2.0239365	-0.54053307	0.17284681	1.8948172	-0.85771817	1.2140139	0.8566509	0.8111206	0.13876629	-0.083238676	-1.0902413	0.07830603	1.8087605	-0.3979392	2.009165	2.3852634	-0.63072544	0.09520291	1.5809976	2.4805737	2.4807496	0.258759	0.9522492	2.1197717	-0.6781315	2.4122474	3.4263809	0.9260874	-0.87486374	-2.1207368	1.6251768	0.0698802	-2.127292	-0.32945433	0.8953133	2.002047	0.24449272	-0.16724098	1.7480873	-0.72935754	1.9432578	0.06928864
2S-hydroxyisovaleric acid	1.7433761	-0.5099394	1.8530872	1.9640187	1.3680317	0.07442058	0.60710424	0.24228996	1.4641868	0.9981258	0.6076757	1.4941123	-1.1273012	1.3603542	-0.24567159	1.9201026	0.40904316	2.7126377	1.6003053	1.2571626	0.9956486	0.8057408	1.1767569	1.3826004	2.5410402	1.8511794	1.7231045	1.9613703	-0.38585752	1.815628	3.2799191	2.8938072	1.0906397	1.3144249	1.1603814	0.9830748	1.3426257	0.7482133	1.6402618	3.5895247	2.3361125	1.1112288	2.1194987	1.101183	-0.47752285	0.93459445	-0.038913447	1.6965318	1.0890806	0.6298448	0.333513	0.6832724	1.229262	1.3411291	-0.22617179	-0.42224023	0.09345467	1.0392755	0.4958821	1.1707019	1.9791212	-0.20964666	-0.14867857	1.4918308	0.22710888	0.07265965	0.4080276	2.071411	0.10178114	-0.32191768	0.4226369	0.4518427	2.0079181	0.37554538	0.56077033	1.6514636	1.457889	1.3797079	0.7400984	0.4068088	-0.17462444	0.11554905	1.0223687	1.4733913	-0.2666799	1.8931825	1.9581611	1.8798109	2.3244734	1.5654103	1.4499264	1.6268373	-0.4399158	1.0666344	0.4607862	0.19265197	0.4054732	-0.8877216	0.9262603	0.72805697	0.6870286	2.371398	1.5745836	0.62738657	2.6224098	0.62253547	1.7869285	1.1679206	1.3302691	2.054493	0.7367417	-0.33653188	1.3903623	-0.43752962	2.0910487	1.7924922	1.8857396	-0.21056636	0.08889681	0.24130055	1.7209829	1.6685008	-0.15748051	0.83852124	1.0071898	0.5881997	0.9425556	1.0705456	0.5152639	0.83012724	-1.0033351	-0.92825764	0.7344603	2.1243935	0.5566175	0.20882666	0.96906304	-1.1610248	-0.31277877	0.79691184	1.1470895	1.0272073	0.040534552	1.809177	1.3677918	-0.21841164	-0.30257314	0.9498788	0.64725995	0.80431724	0.38555342	2.6856267	0.50523853	2.0133069	3.25559	-0.04520167	-0.6830964	0.6179364	0.30321756	0.9325369	0.5669282	0.61775243	-0.8118604	0.039589126	1.3081918	-1.207008	1.5921949	1.3908386	1.5085415	-0.2715456	2.028005	-0.5354479	0.1938595	1.8188998	0.6728808	2.7794235	0.8413952	1.3984091	-0.092402436	1.3384511	-0.051086657	1.7764351	2.0130663	-0.014431882	-1.4927256	-1.6504052	1.5040544	0.36998928	0.90183604	1.8583299	2.309802	0.39703897	1.9077508	0.82258725	-0.8904605	-0.12598044	-1.0311912	0.16559702	1.3998038	0.9643715	-0.5659128	0.96558994	1.0716447	1.24707	-0.021877702	1.1505532	0.40592983	3.5895238	-0.33635965	0.68290234	1.6579959	-0.22557329	0.9737514	1.7135834	1.085182	0.6303383	0.8813753	-0.4330322	0.846464	1.673409	-0.37319756	0.7914765	1.880522	-0.081564784	0.7139377	0.043449156	2.0177867	0.8548207	0.55239165	2.1521633	2.3792017	-0.28248772	1.5414503	1.624634	1.7322581	0.73658067	-1.2186698	1.9473108	1.5851127	-1.1581511	0.2953171	2.1284597	1.1883928	0.32681578	-0.086770475	1.4391248	0.10906833	1.1319851	1.1610333
2S-methyl-3-oxobutyrine	1.1739447	0.6153369	0.7306407	1.9789361	0.76011187	0.5443663	0.95191526	0.23909394	1.9521933	0.2730938	-0.24455035	0.98148596	-0.96450377	2.0443976	-0.7602105	1.5679594	2.1718524	-0.15544465	1.1600779	1.3081188	1.4069849	1.1073453	0.8906277	0.3919324	0.651783	1.8179733	1.4127045	0.38688964	0.67516863	1.9174571	0.6343285	1.2863939	0.9666116	3.0083053	2.1056597	0.10164891	-0.09705465	2.5073833	1.0690097	2.3361125	6.409682	1.0046548	1.0985861	1.025908	-0.3845597	2.5525806	-0.3584984	1.8852389	0.9370196	-0.3594739	0.69209486	0.38724145	0.43043697	0.91113955	-0.35639638	0.06804544	-0.6030265	0.7227055	0.3649659	1.5241094	4.6588387	0.34749162	-0.6803278	0.54913104	0.23821467	1.8348823	-0.28177115	2.2551537	-0.119019955	0.7671878	-0.2178254	0.30093378	0.8910365	-0.4898575	-0.0044866567	1.2262068	0.79950494	0.9270826	2.394271	0.41206378	-0.36192703	-1.3484249	1.373039	1.2541119	0.33155203	0.71877766	0.7207866	1.8220963	2.5109842	1.7042154	2.054346	1.6615808	-0.58055264	1.1856781	0.23333986	1.4588714	-0.6774686	-1.5941015	1.0531801	-0.21229663	0.21240129	1.8278804	-0.18899094	0.7456353	-1.1258945	0.4084768	-0.42865697	2.4495533	1.9978093	1.3418306	-0.43640494	0.23999599	1.3729221	-0.5351262	0.94058293	1.3471266	1.2923003	-0.5607185	-0.5928514	1.4035468	0.32238993	1.7366681	1.2385415	0.6865166	2.0446274	0.22897321	0.6273969	1.0514584	0.7788008	0.5725386	-1.1900779	-2.0395455	1.3019605	2.4805968	0.18063217	-0.05910718	1.8760961	-1.549659	-0.540879	0.85304606	-1.1993996	0.23148091	0.6736908	0.7961149	2.1541622	-1.1865119	-0.5671357	1.6185356	0.9914178	0.20381816	2.6578386	1.839038	-0.3678508	1.8893642	1.9523288	-0.16906686	-1.8287481	1.0551432	-1.4084457	1.649715	-0.28901818	0.3690067	-0.8708974	-0.061649885	-0.17871249	-1.3718798	1.768567	1.0967458	0.78493136	-0.4181161	0.8523019	-0.4732447	-0.90598345	1.7075099	0.8853073	4.0360293	1.5144805	1.4514524	0.32615027	0.8761513	-0.31324658	1.2369527	1.6388705	1.0661927	-0.675532	1.4362904	-0.20664679	2.0760946	-1.3157756	3.61804	2.9426003	-0.23928992	2.3103178	2.296147	-1.5278195	-1.3323841	-0.23866038	-1.8284194	1.7694323	1.7095811	-0.2836073	-0.42494774	-0.40530846	1.4749401	-0.7310846	0.47276443	0.103834406	0.79837257	-0.5115287	1.8761069	2.5976124	-1.2806082	2.3416197	1.0474675	1.7877455	0.18976142	-0.5272797	0.17684895	1.43904	1.5524421	-0.3079034	1.3080411	1.6584361	-0.23531526	1.4341271	1.1628002	1.8621694	0.5748412	0.67260414	-0.94894856	1.9038546	-0.8916108	1.6476713	0.96573615	4.635848	1.3848965	-0.6247944	1.5033464	3.8487608	-1.1824918	-1.032935	2.5922563	1.6115363	-0.01898415	-0.84790987	1.994724	-0.53975827	1.7962856	0.44106114
3,3-dihomophenylalanine	0.08778543	1.1551327	0.90236926	0.43898427	0.8218429	-0.2649982	1.45129	0.78121614	0.4439136	0.50958425	0.3765938	1.2484912	-0.0521879	-0.05757424	-0.14262441	0.53137517	0.14165752	0.9439921	1.8964177	0.70248336	0.92466396	0.6273247	1.2572196	0.33877465	1.5437038	0.13585272	1.1854568	0.90428805	-0.2931386	1.3408141	0.80519783	0.5917936	0.60359335	0.8443814	0.8949384	0.89565957	1.0267501	0.79957676	0.8545695	1.1112288	1.0046548	3.8697472	0.20515327	0.44480628	-0.7579068	0.3769706	0.935684	1.1170982	-0.32808465	0.3326611	0.32900652	0.4314689	0.13144529	1.3722612	-0.034098726	-0.012348165	-0.08083577	0.24746877	0.935664	1.1549125	1.273034	1.4140607	-0.6089927	2.7510238	0.39245924	1.0387901	0.82020056	1.1377366	0.36937588	0.49365085	0.21785799	0.0066209706	0.5570059	0.4314312	0.5509568	1.1054549	0.5266358	0.5494118	0.19106461	-0.58425826	0.38125807	1.5905743	0.30149275	0.70757776	0.22450352	0.97801614	1.4342773	0.60945874	0.72227925	0.7253808	0.7064852	0.37317392	-0.5924705	1.6537588	0.3851638	0.42828602	0.49387118	-0.8914245	0.6577823	0.21582052	0.83371824	0.5201793	1.1724229	-0.1898217	0.6010264	0.46444693	1.365191	0.6408265	-0.114807256	0.5209393	-0.16651161	0.066131316	1.1520653	-1.003305	0.8189743	1.1486441	1.1456596	0.20619887	0.21993627	1.0417413	2.096431	1.1994817	0.50392944	0.031509012	0.29321384	2.1501877	1.3049488	0.7335125	-0.22986032	0.6056759	-0.356219	-0.6460373	0.6064832	0.7534842	0.41155323	1.0280453	0.38280913	-0.26303774	-0.35352463	0.5335302	-0.2816967	0.49734947	0.058975987	1.3029786	-0.08436004	-0.2778648	-0.13992143	0.6471597	0.2166649	1.9049606	0.47065857	0.7043649	0.6949361	-0.38025492	0.7482082	0.41085938	-0.42722923	0.11540907	0.38671297	0.5875857	0.27262956	0.3234739	0.022757318	0.28336024	0.45674953	-0.9508569	0.8142035	-0.45879143	0.47706816	0.7651411	0.75923675	-0.844414	0.034459442	-0.0350835	0.21604751	1.128207	0.11726357	1.3147193	0.10571241	1.0566673	-0.031617284	1.1932635	1.1994476	0.4398839	-1.197237	-0.7770794	0.5517912	0.041110992	0.17350477	1.6339316	0.6356384	0.3355839	1.0213904	1.2850487	-0.19610426	0.0321103	0.3340408	0.17868277	1.0072017	1.154976	0.28002745	0.8242666	0.38628927	1.3445094	-0.5992375	1.9165533	0.94120765	0.87646705	-0.24913049	0.9354406	0.70612496	-0.70301425	0.2827985	0.66433686	0.06785098	0.92461115	0.6004974	0.08059796	0.2191678	0.96599764	-0.370686	0.8186768	1.8148906	0.085590474	0.80182236	0.6957157	0.90692264	1.8105531	0.57135373	0.48072112	0.60198855	0.35340378	0.67651397	1.2511486	0.9734356	0.7865085	-0.642286	-0.1682973	-0.9614538	-0.95977485	0.90330404	0.29550776	0.03931432	0.5692422	-0.21738505	0.7528116	-0.46949783	0.6746017	1.0031725
3,4-dehydrolysine	9.142935e-05	0.1808824	-0.034428913	0.77350295	-0.41892672	-0.27017426	-0.2146932	-0.26871318	0.6412399	0.13976876	-0.43918768	0.5700992	-3.6046376	1.3021865	0.6571982	0.8747338	-0.029659567	0.6780337	1.0321847	1.3711884	0.4166062	0.6798654	0.67831796	-0.4621629	-0.14756331	1.4287534	2.1328893	1.5504863	1.354864	0.6739527	1.7100457	1.6873758	0.66956216	-0.27685267	2.0496385	-0.3135973	-0.07793369	1.3322034	0.44587237	2.1194987	1.0985861	0.20515327	6.2878985	-0.32682914	0.7173665	-0.35730177	1.1133709	0.1325797	0.25865802	0.1643501	-0.9258216	-0.29645684	-0.69697845	-0.062983714	-1.7073606	0.5577351	0.9783974	-0.09316258	-0.18879595	0.5303597	-0.8396426	-0.44059935	-0.98015237	0.025229992	-0.79524606	-1.0312418	0.632268	1.1426328	-1.1169893	-1.4007579	0.71504265	0.19084814	0.10434285	0.2751717	-0.6738436	0.5178844	0.07009673	-1.457527	0.07617189	-0.7132755	-0.31213152	-1.4552196	0.08493072	-0.20032436	-0.7100049	0.16596133	0.28344348	2.1296315	1.3022212	1.6424408	0.3959416	0.9724678	-0.5319986	0.4134093	0.60815334	0.8168522	0.023092626	0.012238173	0.104271315	-0.41161764	-0.33908105	1.6026852	-0.17839119	3.956842	-0.39676714	0.7082954	1.659095	1.1453265	2.3367987	1.0964986	2.1241314	-0.8133768	0.6029446	-1.4741781	0.6334275	-0.07023505	1.1722095	0.9122453	-0.77550787	-1.4182456	1.6651632	0.49659646	-0.48491624	-0.80220705	0.41731775	-0.39491236	0.59845644	1.3810098	-0.6486365	0.39310202	-1.9277999	-2.0339448	-0.27705103	-0.029853176	-0.49895582	1.3333894	-0.6879714	-0.74927664	-1.118624	0.63823026	0.9171289	1.1398538	-0.7994679	-0.3366109	0.25092825	-1.3586228	-0.11858298	1.7917125	0.89153224	1.2453911	-0.5049315	0.48708	-0.7494004	2.1475732	0.30407056	-0.6221911	-1.7440362	-0.53361005	-2.3093312	-0.027321896	1.0375289	0.6108865	-1.7462598	-1.5279883	-0.3653023	-0.96322674	0.3074394	0.070866846	0.031942315	-0.79703236	1.6181984	-0.6466399	-0.42601395	-0.16134734	2.2072272	3.280303	2.201201	0.0043666256	0.013455652	0.3299681	-0.11639508	0.44765732	0.14309329	-1.2653061	-1.984003	-1.0357257	-0.68819296	1.3671968	-0.41683018	0.7964787	2.8557613	0.12934798	0.6409683	-0.6252523	-0.4622267	0.46874586	-1.2017884	-0.8681311	1.2509168	0.35488468	-0.9762014	-0.68698806	0.34516624	-0.12773639	-1.1452655	-0.12292515	0.08125377	-0.005273394	-0.47361943	-0.8603407	0.29781714	0.252817	-0.044518616	-0.24228027	0.3959515	1.7889141	0.6504902	-2.6387465	-0.27782264	0.46283942	1.727375	0.30848643	-0.50223935	-0.3131291	-0.27299508	-0.121456616	0.65451014	-0.45832643	-0.40107003	-1.2260808	0.8755385	-1.0753934	0.7401887	1.3932886	-0.124934226	-2.5482259	-1.5380309	0.5953166	-0.27511194	-1.9136449	0.8131826	0.0331018	0.48805037	0.69448465	-0.45819193	0.7005803	-1.3684654	0.34607476	-0.5980456
3,4-dihydroxybenzoic acid	1.1631128	0.3648976	1.4840442	0.80033374	2.1554735	0.3847517	0.032423675	0.62934667	1.8555735	-0.538043	-0.5293703	1.193987	1.8103913	3.1515517	-1.6890128	1.3723875	0.3574388	0.3142718	0.91878957	0.8354527	0.68960273	0.045668438	0.47330126	0.06906226	1.1056261	1.8190607	1.9754413	1.62095	1.527828	2.0465064	0.62956965	0.746906	-0.010584322	0.16025203	-0.5355594	0.2967694	0.5943202	1.1776232	1.1175253	1.101183	1.025908	0.44480628	-0.32682914	3.1515527	-0.8927863	0.17521998	0.627483	1.7658715	2.1731575	-0.3683755	0.06044509	1.2529851	0.2007529	1.0210404	1.1673639	-1.6212381	-0.34037912	0.9081484	-0.39900798	0.9507088	1.0681713	-0.4927671	-0.95340896	2.2995987	1.3617002	0.56126523	0.074331045	0.9921119	-0.29235595	-0.29825568	0.21331385	0.27659592	2.9837832	0.86675936	0.6441438	0.91379833	1.0009407	-0.017042316	0.43027008	0.9346149	0.65474725	-1.5016776	-0.63196063	0.16127612	0.4304514	2.282517	1.3223528	1.7232263	2.7199624	0.5516842	2.0227377	1.2345845	-0.64689857	1.9805268	-0.36562923	0.1343889	-0.33043957	-2.1805108	0.5895129	-0.13045202	2.1195865	0.33142042	-0.17449436	-0.45459372	1.7925295	0.57140976	0.5358478	0.27689007	0.87524277	1.8339859	0.55048263	0.45580238	1.501646	0.81517154	0.22714202	1.7435069	1.5010557	-0.52315754	0.32892212	1.6633649	1.4338102	1.9503472	-0.2979552	1.1697844	0.62581855	0.5119065	-0.2162623	0.93898606	-0.13145632	1.0400771	0.06716558	-1.5905668	0.5251647	0.11481196	-0.6475269	-0.5501103	-1.0638044	-2.1098948	-2.5740283	0.41411904	-1.5441184	0.10414317	-0.12888297	0.015528483	0.48441726	-0.38194978	0.27674264	1.3864716	0.99708915	0.24395299	0.49749932	1.8895737	0.6395651	0.07248248	2.2747755	-0.83864665	-2.164765	-0.49876538	-0.23900768	0.68574125	-0.5961017	0.5207346	-0.31450236	-0.5537721	-0.89315933	-0.14852084	1.9314307	0.59675944	1.8594757	2.7264853	1.9794828	-1.5361989	-0.012857186	-0.1491305	-0.3381723	0.7685697	2.3648274	1.8265678	1.6453168	1.4177893	-0.63072354	1.2467719	2.7646816	0.77107143	0.39730886	0.5981558	-0.0372184	0.01120937	-0.5645287	1.706715	2.1448915	-0.27739835	1.0679545	0.44029224	-0.42825222	-1.3368468	-0.9666908	-0.48127228	1.1629542	0.9614341	0.13511452	-0.8957502	-0.40971744	1.8303282	-0.45013818	0.7030471	-0.11167508	1.2779453	-0.33704925	0.49210224	1.2745391	-0.99060357	1.4106864	3.1239	1.05071	0.3466588	0.3634478	1.3825241	-0.016317394	1.2529868	-1.3543414	1.1943679	2.0144606	-0.54608184	0.71438324	0.0961271	1.3788344	1.3785067	0.73756045	-1.137825	1.5688578	0.017119257	0.8775998	1.8935951	1.2873857	0.7428936	-1.1190159	1.3811386	2.7771285	-1.9663254	-0.07415691	2.113318	2.2961612	0.25810528	-0.23892964	1.3847735	-0.8181911	1.0115247	0.2559051
3,5-dihydroxyphenylglycine	-1.0279353	0.0069625615	-0.7225987	-0.7633418	-0.08385368	-0.010995958	-0.20345812	-0.5366249	-0.54412115	-0.97242	-0.8996261	-0.76599425	-3.540315	-1.1421666	-1.1771933	0.4376966	0.54604113	-0.6168402	-1.4544894	-0.2802162	-0.25168753	0.2952511	-0.7478416	-0.7349338	-1.1710416	-0.5319314	-0.31976497	-1.222073	-1.1066931	-0.91538006	-0.09291249	-1.2714328	-0.4803892	0.15476507	-0.2047953	0.00431903	0.16000186	-0.09649325	-0.14934286	-0.47752285	-0.3845597	-0.7579068	0.7173665	-0.8927863	7.97211	-0.87618756	-0.046559498	-0.98399186	-1.2100031	-0.17036545	-0.598454	-0.20310408	0.06845407	-0.2046872	-2.0676246	-1.8117719	-0.6715383	0.2820037	0.7314761	-1.2788254	-1.5042127	-0.39740604	-1.2132041	-1.466615	-1.514178	-1.4878415	0.0021613112	0.361176	-0.4193112	-1.9040462	-0.65868187	0.46667463	-1.9554129	-0.6932553	0.49747264	-0.62403184	-0.5393287	-1.7700759	0.77278894	0.1459635	-1.1661412	-2.5752156	-0.5129128	-0.89694184	-0.6842618	-0.54059106	-0.10328435	-0.5820587	-1.1094908	-0.39187104	-1.1049145	-0.21913074	1.0708028	-0.841052	-0.40523237	-0.7655041	-0.83516777	-0.90951735	0.23414543	-0.98024464	-0.42151323	-0.61096483	-0.78834075	0.002042947	0.008902029	-0.69390005	-0.6927739	-0.35009298	-1.5526656	0.065372616	0.2332397	-0.08470939	-0.873571	-1.1658183	-0.19753462	-0.45125118	-0.24685596	0.033753652	-0.6410855	-1.391895	-0.7803646	-0.41678768	0.06835889	0.22020794	-0.3884744	-0.6828136	-0.39253733	0.7724437	0.46944225	-0.15110853	-0.8482265	0.3117016	0.09412705	-0.21101446	0.1921395	-0.2502716	-0.5512728	-0.7256842	-1.6643981	0.19148286	0.81047606	-0.4355501	0.29756436	-0.44521892	-1.3280996	-0.1007654	0.5980618	0.17987064	-0.3658644	0.46717125	0.032755528	-0.5668104	0.23675461	-1.2392504	-0.58391297	-0.5383918	-1.0531269	0.45701396	-2.2885482	-0.6711723	-0.04983412	0.11092021	-1.5349787	-1.6066439	-0.8433914	-2.0737228	-0.54788834	-1.0133348	-0.34509113	-0.36319384	-0.5525035	-0.85779405	0.5454322	-0.4654221	-0.5747202	-1.8346672	-0.607167	-0.9119716	0.14514129	-0.46571216	0.2174798	-0.49819204	-1.1472126	-1.4044749	-2.584823	-2.429419	0.0029167274	0.028473381	0.23133203	-0.34501302	-0.824685	0.388765	1.1005085	-0.5412667	-0.71281826	-0.67384154	-1.268909	-0.6967168	-0.3395327	-0.45941138	-0.43651056	-0.6768503	0.29396516	-0.6089643	-0.24165644	-0.72363585	0.34175792	-0.3761841	0.3105861	-0.93997186	-0.7323068	0.68143165	-1.0832634	-0.55163264	0.37115097	0.26701885	0.6168029	-2.52455	0.2217146	-0.20676178	-0.72614384	1.1173543	-1.1221422	-0.113320686	-0.9759004	1.1167839	-0.8611409	-0.81313205	-0.58590364	-2.0699625	-0.60817933	-0.8182164	-0.14738129	-0.9731908	-1.4007161	-2.5048738	-2.511545	-0.7702495	-2.5421095	-2.6983209	0.04855735	-1.3019879	-0.87567306	0.2683337	-0.36307523	-0.70431006	-0.45574224	-0.21714722	-0.2692016
3-(2-nitrocyclopropylalanine)	-0.036954027	2.5827007	0.31523457	0.47292677	0.22409563	-0.1314714	0.5138173	1.5205845	0.1031941	-1.4232036	-1.8388315	0.13632113	-0.01414003	0.7155508	-1.667472	1.1298403	0.15344863	0.5846782	-0.21872054	1.1312646	1.239266	0.8485197	0.3212536	-0.13435994	1.9012554	0.340828	0.78636754	0.9874326	-1.1418195	0.9422653	0.23723401	0.14670075	-1.1925162	0.6444404	0.30039227	0.8404231	0.4519251	0.5510221	0.28420025	0.93459445	2.5525806	0.3769706	-0.35730177	0.17521998	-0.87618756	8.681218	1.1091954	0.6401229	0.63476104	0.17791647	0.19765416	0.19844334	-0.35829762	2.250788	1.2393095	1.3597704	-0.63387513	0.6132375	0.66784286	0.695106	0.25920781	1.3630881	-0.6509256	-0.13485263	0.40359193	0.37882236	1.3678616	1.3241225	0.7191846	1.7215621	0.057600833	0.22907002	0.9113643	0.9102708	0.13566403	1.086952	2.1652522	1.0568335	0.53284025	1.0203485	1.383355	0.7232552	0.9381819	0.6381085	0.6728677	0.25132954	2.3088229	1.5819145	1.6972301	1.479913	0.5144553	1.1646118	-0.6351033	1.1007392	0.9792679	1.5729535	-0.88697827	-1.8093027	0.3885177	-0.16035423	-0.21265063	1.8541895	-0.24538252	0.25243902	0.6049423	0.3650568	-0.13679631	0.07300036	0.89737767	0.7655433	0.12692238	-0.15805028	0.4660234	-0.41260508	0.5724729	-0.25483468	0.15299341	-0.19919272	-0.0099720005	0.83136266	-0.3074536	0.9523754	1.4194605	1.1174883	2.222716	0.21010245	0.14744177	0.8487105	0.14033271	0.1333517	-1.1566645	-0.70745814	0.4779183	2.6073627	-0.02317578	0.35550788	-1.000835	-1.3234076	-1.3233956	0.26090166	-1.1245396	2.3894632	-0.009414384	-0.15821442	3.9715312	-0.55349547	1.064859	0.7678354	0.3336836	0.4170968	1.1792861	1.486109	0.109829105	2.428472	1.9862412	-0.5374229	-0.5758334	0.4860838	-2.192807	1.9635705	0.23986001	0.43061346	1.0888375	1.8707701	0.4007576	-1.0098076	0.74377733	2.3517575	0.36317837	-0.22259681	0.40518644	-0.43742722	-0.37767848	1.5516795	0.7226969	1.7055196	-0.3751692	1.065276	0.39695978	0.7040889	-0.26137912	0.8746655	0.9000984	1.513813	-2.0435882	-1.3058106	0.021471314	0.025985377	0.28882533	0.8738879	2.2574744	0.05064239	0.6842711	0.3348999	-0.8966485	-0.68403333	-1.1727542	-0.7833015	1.0974668	0.9960944	0.12557359	-0.5797804	0.5059976	0.73531896	-0.17660305	0.28470266	0.24974243	0.3761987	-0.32277656	0.4588178	1.3374789	-0.98057705	0.23588362	1.2547555	1.5170777	0.97213405	-0.3399234	-0.64875555	1.0226338	0.9022946	-0.9183724	0.09902814	0.3286083	-0.05113772	0.65937424	-0.106814824	1.3015829	1.315223	0.15743908	-1.3685519	0.4082918	-0.56999934	0.5109875	1.0524782	0.6288124	-0.6684855	-2.3852434	3.3641503	-0.70393753	-2.6787882	0.93105793	0.59015036	1.4310834	0.39046165	-0.23035714	1.2770312	-0.3548818	1.2791048	0.9894585
3-(3-pyridyl)-alanine	-0.32445085	-0.23631717	-0.3418229	0.5544671	0.21756466	-0.073792174	1.0023878	0.663186	-0.07410813	-0.11295966	-1.06576	0.8000079	-3.3517401	-0.025267778	-0.7375054	0.051721204	0.32454482	0.2317749	-1.0012162	-0.09481408	0.25029334	0.54978025	0.09308339	0.41321516	1.5999992	0.19346623	0.2995969	-0.9892445	-1.8247718	-0.1630418	-0.14286414	-0.47266278	-0.2483402	0.045647826	0.13207015	0.4560871	0.06897526	0.6116164	-0.20221135	-0.038913447	-0.3584984	0.935684	1.1133709	0.627483	-0.046559498	1.1091954	6.2714148	-0.5043175	-0.6697621	-0.3658595	0.3765125	0.18657091	-0.52705497	1.0211354	-0.16328354	0.4709826	0.18406174	0.36130893	0.51177764	-0.8805179	0.09647279	1.0924231	-1.11252	-0.36852258	1.1149788	0.1996022	0.6464849	-0.089499116	0.3038481	0.61606157	0.4954493	0.14101999	1.6307325	-0.03239076	-0.06434221	-0.141295	0.5790498	-0.092907585	0.17783734	-0.38994765	0.15768063	-2.357907	0.676413	0.23370692	0.8150306	0.021369334	0.55171293	0.4745	1.3290421	-0.21495521	0.81714875	1.4362543	0.7598522	0.1724805	1.9975057	0.497182	2.275603	-0.8153536	0.5442237	-0.2555907	0.23770265	-0.40520352	-0.28272194	0.068790324	0.018533511	1.2752357	0.5979153	0.9369779	-0.31014386	-0.2845672	0.33233145	2.625362	0.12326971	0.27053255	-0.015766764	-0.4755642	-0.11497976	0.3054193	1.1445477	-0.7726687	0.09258603	0.6966137	0.40429762	0.32369378	0.60720575	0.64632547	0.14610969	0.51963276	-0.33308867	0.08009787	0.73264223	-0.25896475	0.41362765	0.313606	-0.61312026	0.86874807	0.2904803	0.9037094	-0.59349865	0.45067352	-0.16769502	1.0511693	0.51881325	-0.8197641	0.8052528	1.7398846	0.45682782	1.4176564	0.46260655	0.755972	2.5404584	-0.3910259	-0.25042287	1.7500801	-0.25857916	-0.19945171	0.9313803	-0.21051133	-1.2443167	0.23439498	0.044331074	0.94856447	-0.011614636	0.59573984	-0.26381436	0.22092925	0.6175725	0.67518485	1.2485139	-0.010227108	-0.15969007	2.4290197	1.3771509	-0.46446717	0.7557584	-0.3973593	-1.7109389	0.20191543	-0.15919834	0.05033014	1.8037686	0.2679	0.48413447	0.86529356	-2.0570042	-1.5050433	0.046048295	0.230855	-0.19626106	-0.1479864	0.93829596	0.37358218	-0.11802613	-0.22696202	-1.1151236	-0.6727596	-0.9110086	0.2065447	0.18786542	2.287672	1.1718844	0.43570966	-0.12857553	-0.041580524	-0.5183304	0.15870573	1.0528519	0.28609002	0.4828402	0.38211578	-0.43414414	-0.7560209	1.3926917	0.8170525	0.16103119	0.48172316	0.2875654	-1.6655085	1.4376807	0.520641	0.41137564	-0.089746654	0.6851025	1.3333961	0.11375084	1.8287687	1.0223616	-0.35491103	0.41036016	-0.39185497	1.1766584	0.5673227	-0.23836863	-0.49016935	-0.5333796	-0.79446644	-1.8401412	0.24664164	-1.2013166	-1.5148134	1.9558591	1.0989838	0.42859265	1.1444597	0.6354733	0.35693705	-0.7746018	0.80359006	0.029095488
3-amino-2,4-dihydroxybenzoic acid	0.7181307	-0.008233193	2.0431755	2.0798137	1.6889894	0.43413672	0.68246603	0.19776197	2.3246102	-0.47475332	-1.1858087	2.7032242	0.87048435	3.8793314	-1.7116375	2.0724223	-0.39159334	1.9611263	2.6712778	1.0924176	1.1469195	0.35936534	0.47658274	1.4466672	2.0952363	1.7123533	2.0221887	1.3355461	0.19932164	2.7629244	1.799922	1.2925084	0.14637272	1.006883	0.64241666	1.3128572	0.70678866	2.0449579	1.8968827	1.6965318	1.8852389	1.1170982	0.1325797	1.7658715	-0.98399186	0.6401229	-0.5043175	3.9524167	1.8012228	0.45318806	1.1712158	1.1570733	0.6578944	3.6509044	1.8692195	0.84407675	-0.080959976	1.9800448	0.7322812	1.6642767	2.6530113	0.6685808	-2.0300643	3.4025745	1.3876721	0.0056246584	-0.16432649	1.0360425	0.14081734	-0.117362276	0.3031378	0.5055231	1.8505759	0.42118454	0.7363822	2.2783327	0.97291476	1.5113564	-0.51441926	0.47580916	-0.15018399	3.0388567	-0.022361975	1.8209529	-0.12635073	2.9369912	3.3342607	1.6586511	2.8843753	1.7724642	2.5840936	1.5506363	-0.5914284	1.8155324	-0.11674836	0.31328726	1.8916072	-1.1919986	0.9672473	0.22920984	1.0397799	1.4210701	2.873306	-0.047238383	2.066834	0.33502305	0.47951224	1.22677	1.8776376	2.6078236	1.1011571	0.8791355	2.033777	0.025024809	2.1782434	1.9834021	1.8502603	0.2350461	0.38394994	1.9379728	1.6120329	1.8873956	0.26895866	0.9567147	0.97148323	0.28244302	0.25222903	1.5521929	0.14268512	1.6011968	-0.24498561	-0.7858158	0.9955276	1.4625729	-0.053179342	0.0058460683	0.12108629	-1.4913201	0.20681325	0.14791702	-0.6237781	-0.0735957	-0.028393768	3.9524157	1.9977295	-0.77060366	-0.6263651	0.8600146	0.5393485	1.0671865	1.2437876	1.7061183	0.7708194	0.2152751	2.5704968	-0.69678974	-0.968371	-0.4462346	-1.6417468	1.1505609	-0.023774695	0.6952495	-1.0251554	0.93189615	2.0635633	-0.66938555	2.1497238	0.34981272	0.9238197	0.123979315	2.735855	-0.7593266	-0.3518448	1.2695702	1.0304663	0.30363825	2.8167706	2.0444875	0.5774726	1.8912475	-0.4874147	1.764768	2.7694092	0.54096794	-1.359922	-1.4605049	0.028053407	0.6762169	-0.15317746	0.6297997	1.586461	0.14122422	2.2257707	1.6813945	-0.501239	-0.37574703	-1.5680044	-0.84784573	1.8923725	1.1173292	-0.6009001	-0.08635087	0.45904714	2.267873	-0.62948966	0.798805	0.41952875	2.3372579	-0.8503248	1.0043019	2.1471825	-0.5697056	1.573889	1.4994355	0.083685115	1.1522845	0.50968105	0.3078386	-0.21012501	1.8094578	-0.773352	0.7583217	3.0102017	-0.6733055	0.9541427	0.79699093	1.3645589	1.1011187	0.84410393	2.3499494	2.2353673	-0.81053513	2.3318214	2.7532125	2.6609423	1.3542536	-2.3328702	1.5343173	2.846669	-2.1878908	-0.43391812	2.0903728	2.201096	0.10438816	-0.57280785	1.9377134	-1.2838818	1.7708659	0.3084933
3-amino-4-hydroxybenzoic acid	-0.19862375	1.289788	5.0489883	1.1556236	1.0266306	0.7752445	1.59766	0.74385583	1.2082436	-1.2510668	-1.707808	0.6998533	-0.57620806	2.1377406	-1.3600925	2.6650922	0.870757	0.74153227	2.7400992	0.023849396	0.9475406	-0.11397251	1.065466	0.9866166	0.90586644	2.0726814	1.542204	1.6609905	-0.53607386	1.8896067	2.8912091	1.6027569	-2.1381629	2.8467875	3.1825912	2.2403877	1.158955	0.69855773	1.9501761	1.0890806	0.9370196	-0.32808465	0.25865802	2.1731575	-1.2100031	0.63476104	-0.6697621	1.8012228	5.0489893	-0.3354861	0.03591737	0.4529439	0.36025342	1.4821452	0.9243587	-1.5479912	-0.35485578	0.49902058	0.3118517	0.54924834	1.7707883	-1.1355872	-0.99901	1.0910697	0.64850557	-0.82543427	-0.58049226	-0.18266769	-0.13455084	-0.0480348	-0.16530885	-0.4493701	0.47775868	2.168451	-0.41063496	3.712252	0.64111274	-0.8062237	-1.0204237	-0.7490735	0.8484048	-1.2878671	0.60428196	0.12430499	2.7286627	2.11942	1.1924764	0.9294455	3.9005353	2.4020278	3.1331596	1.2858093	-0.44873205	1.1454378	-0.43404433	0.22863819	0.01451434	-1.4020466	0.5181538	-0.84260726	1.9007019	2.7754552	0.25131553	1.5227504	1.7977536	-0.05462202	-0.8672259	0.4893643	3.7489996	2.210849	-0.9125599	-0.30879977	2.716891	-1.1057918	0.6996703	1.4421953	2.3799078	0.5599614	-0.81744975	1.729152	0.23841305	2.8870778	-0.25833696	-0.15069737	0.54576176	-0.012903313	0.029379135	0.73985624	1.7489522	0.83069384	-1.1341472	0.064669326	0.8731744	0.18146749	-1.121307	-1.0029266	-0.76090044	-2.075162	-2.1061907	-0.4710497	-1.6347317	1.2891014	0.3603186	0.37901592	0.43949413	-1.0454443	1.4952716	0.49609813	1.2222551	0.043854844	-0.38524586	2.6118307	0.6352438	-0.049424034	2.3924615	-0.40456086	-1.2413179	0.44943827	-1.1778797	1.2802714	-0.29480213	0.8225223	-1.1281666	0.19995824	1.3068062	-1.8707525	1.9706467	1.5799537	-0.067548074	1.1670753	1.1688477	-1.7469213	-0.28558737	-0.08727356	1.9960347	1.4796302	1.6979952	1.2186686	2.530407	2.9688559	-0.5877012	1.3302895	1.9131572	1.6794044	-1.1414464	-2.247529	1.4502243	1.2337385	-0.05825515	-0.23111734	1.3968022	-0.41483036	2.1814618	0.88819695	-1.0717751	-0.77218413	-0.3419835	-0.7993747	2.1576998	0.12236204	-0.16622955	-0.98447853	0.8121645	0.3917204	-0.20110644	1.1344081	-0.125794	1.651925	-0.71302706	2.8292108	1.0542331	-0.13375042	4.3640122	0.48004258	0.12876919	0.004759056	-0.5189191	0.17314652	0.35143384	2.3346436	-1.0376225	2.0269716	1.178614	-0.67387134	2.1290512	-0.03865476	2.922731	0.8413593	0.07856514	0.5629634	1.3938842	-0.8960612	1.1881589	2.6758873	1.6322842	0.4080581	-1.5643809	2.0712774	1.1954437	-2.2679641	-1.0313534	1.9213753	2.6938176	-0.077852055	-0.5642928	2.3179383	-0.57720035	1.5986768	1.7093658
3-amino-6-hydroxy-2-piperidone	0.06754527	1.8692442	-0.28934443	-0.42196125	0.14676005	-0.036123313	-0.143517	0.915778	0.24575853	-0.9836329	-1.5972811	-0.2726308	-3.2059314	-1.0650281	-0.7590439	0.15894493	0.7956738	-0.7028023	0.5339084	0.5979655	0.24993381	0.57415015	0.16411433	-0.7167601	-0.51612866	-1.1505922	-0.0073019373	-0.22642897	-0.39084405	0.077298895	0.37354788	-0.43450662	-1.284394	0.63511884	0.48445314	1.3911244	-0.39206025	1.1206611	0.47289014	0.6298448	-0.3594739	0.3326611	0.1643501	-0.3683755	-0.17036545	0.17791647	-0.3658595	0.45318806	-0.3354861	8.796169	-0.3631502	-0.18581943	-0.31890613	0.08562593	-0.2362114	1.275616	0.1877687	-0.1053512	0.072638914	-1.644304	-1.3241721	-1.0539111	-1.0876782	-0.00514763	0.694438	0.6509516	0.78872955	0.30339906	-0.5459134	2.0952003	0.63301927	0.8875564	-0.26228544	-0.46465868	-0.49073157	-0.15576653	-0.04636662	0.53840154	0.32860136	-0.5375436	-0.44366014	-0.07437224	0.44447768	0.8112466	0.14547312	-0.862038	0.29798132	0.83111906	0.6430141	0.22375076	0.1378947	0.9057533	-0.5572465	0.5284808	0.73803395	-0.06150485	0.13928413	-1.6952863	0.6180285	0.26760694	0.5444032	0.7937285	0.52827674	-0.10413536	0.21120939	-0.39048532	0.39818045	-0.6204532	-1.3377177	0.22248673	1.7798688	-0.05697645	-0.4375431	-1.2370721	0.39079598	-1.2997905	-1.0144587	0.41307533	-0.15399589	-0.8350749	-0.59451485	-0.09656428	-0.02160724	-0.42441568	0.1116203	-0.28584984	0.7098971	1.2341257	-0.92004085	1.0644075	-0.97961557	-1.4474382	0.44156206	0.82703215	-0.26344126	-0.062262468	0.47375244	-0.033067424	0.855407	1.3956171	0.4797016	0.6524598	0.5872444	0.72322583	0.69974244	-0.2518914	-0.04836036	0.05358535	0.020066587	0.05243004	-0.13657941	0.8066798	0.054646436	0.5327083	0.7851881	-0.44677052	-1.3885791	0.016174762	-2.0393126	-0.8316603	1.6957161	0.77952915	-0.2586475	0.80160016	-0.40619954	-1.4111156	0.282957	-0.261846	-0.016293038	1.0278869	-0.6407833	0.37816527	1.0061564	0.5144131	1.4990106	-1.2392988	-0.23601207	0.03329023	0.5536301	0.083751775	0.60812914	0.3234752	0.06591516	-0.32999352	-1.3900838	-0.5351561	0.11312687	0.6876811	-0.48831323	-0.55234534	-0.016983507	0.9522757	0.14271478	0.4269393	-0.64644253	-0.08275218	-0.38596457	0.4310053	0.47107774	0.60193765	-0.35073313	-0.04213505	0.5864646	0.8241907	-0.120217815	0.3036892	0.36092427	-0.32292128	-0.25242376	-0.4913353	-0.25220844	0.44292352	0.21316108	0.10758304	0.52185214	0.0798736	0.8780258	-1.4929734	-0.14688626	-0.21243034	0.8584792	-1.2446637	-0.39556283	-0.16971122	-0.35477307	-0.5097382	-0.6248218	-0.18139982	-0.204697	-1.6788096	0.2669116	-0.5169322	0.24006368	0.047771666	-0.80489266	-2.9310186	-1.8834958	-0.54125243	-1.0941526	-1.379604	0.09231106	-0.026342407	-0.39133582	0.44688058	0.1277959	0.50983983	-0.5928767	0.2504164	-0.1174031
3-aminoisobutyric acid	0.47733977	-0.34035927	0.20801	0.13082965	0.29009596	1.3420436	0.8888933	0.06808954	0.34194967	0.26340494	0.05153192	1.4212042	-1.4544197	-0.20213716	-0.83314896	0.58191866	0.33332142	0.5565161	0.013599721	0.8319832	-0.09612066	0.23520903	0.19807798	0.45072177	0.0552051	-0.21675329	0.24093713	-0.65719557	-1.3999529	0.7675369	1.0126829	-0.29774806	0.19734292	0.2798268	0.12541933	0.44945592	0.25410005	-0.43355933	0.10068723	0.333513	0.69209486	0.32900652	-0.9258216	0.06044509	-0.598454	0.19765416	0.3765125	1.1712158	0.03591737	-0.3631502	8.562702	0.4014695	0.12402692	2.1327124	-0.94367194	0.10165042	2.3130393	2.8314052	0.07608815	0.5118434	1.7950774	-0.19396017	1.1307491	-0.403649	-0.2717365	-0.9397247	0.42676777	-0.7801548	-1.3424596	-0.32749557	2.5053754	0.51807606	1.1579301	-0.08025717	0.18644676	0.08726139	0.16020796	-0.8576935	-0.09596471	0.3245219	0.23422118	-2.3272817	0.7007469	1.4630148	0.22325017	0.5798194	1.5243618	0.7753537	0.2398373	-0.042111676	1.2750325	0.72733516	-0.6232205	-0.049064633	0.23117633	-0.51686376	-0.30134094	-1.4384716	0.49644685	1.1535732	0.9743365	0.09983726	1.2616462	1.4882195	0.87133133	0.2697676	1.8064511	0.2109731	0.01229081	0.6358976	0.13074806	0.19976662	0.16496558	-0.6651058	1.8423213	0.1589966	0.6273961	0.12138366	1.1876258	0.5308845	1.0431958	0.5918366	0.64772475	1.0680829	0.25511336	0.47500202	-0.18584225	0.7712432	-0.7536943	-0.1302708	0.01035036	-0.07667908	0.48097184	0.67819923	-0.860452	-0.48701477	-0.061134618	-1.2543056	-1.7985406	0.39489236	-1.1976652	0.6854402	0.47552451	0.88166726	-0.41587618	0.3507375	-0.16462313	-0.046277657	0.16731788	0.6896516	0.6723495	-0.34642038	0.012523581	0.47766885	0.14977875	1.2286699	0.2907798	0.001630407	-1.3334732	-0.21910492	0.21464637	0.16210862	-1.172975	-0.44212812	-0.1589214	-0.4834768	1.2697258	2.5217416	1.1933467	0.3988626	0.35518357	-0.67696446	0.7012452	-0.6445175	1.550029	-1.380019	1.7434996	0.856035	1.1678703	0.14359662	1.7424734	0.06776676	0.36216384	0.04531977	-1.6609751	-1.7091454	0.568054	0.033509865	0.37843654	0.27809036	0.4351291	1.0579529	1.0095601	-0.11396162	-0.5760846	0.24288987	-0.20904894	0.70246017	0.47688416	-0.1784261	0.03993602	0.56469834	0.11617066	0.9146996	0.5587045	0.1472458	0.9018709	0.58437103	-0.1460768	0.6815475	1.2130338	-0.40455022	-0.24937284	0.53424126	0.34332502	1.824471	0.18978123	-0.7527686	0.6280512	0.36139017	-0.29961053	-0.23548226	0.80402654	0.57390875	0.21597289	0.4305723	1.2433401	-0.5475419	1.2236569	-0.10459352	0.93657476	0.05001121	0.3283866	0.16248107	0.7930068	0.48862147	-1.6280876	0.18861991	-0.5869509	-1.878811	0.50898534	0.4061948	2.1778257	0.25586864	-0.37961766	-0.11838892	0.51710546	0.27576286	0.43519878
3-hydroxy-4-methylproline	0.40057123	0.096759714	0.73503447	1.4186138	0.8642358	-0.3983947	0.033104453	1.4504242	1.4730392	-1.0322317	-0.9222755	0.82988894	-2.8876796	2.5089083	-1.6771836	1.1015524	-0.08047342	-0.2902126	0.83652836	-0.16541503	0.3861352	0.0686955	0.0063228565	1.8413243	0.3676069	2.4900267	1.0954044	1.3125721	-0.8476995	0.3260607	-0.16015546	0.029483542	-0.7252875	0.46755096	0.80525464	0.3459275	0.9524464	0.90050215	1.0221026	0.6832724	0.38724145	0.4314689	-0.29645684	1.2529851	-0.20310408	0.19844334	0.18657091	1.1570733	0.4529439	-0.18581943	0.4014695	6.5073667	0.6895849	0.86193323	0.4585671	-1.5865916	0.6513796	0.5376695	-0.09089185	-0.23747274	-0.019733198	-0.62480456	-0.4214996	1.4129345	0.7404515	-0.1910632	-0.47963658	-0.026018245	-0.22162923	-0.63567746	0.80031306	0.18865496	0.52402794	0.28704193	-0.506485	1.1104144	0.44204953	-0.36012247	-0.44425556	-0.1757026	-0.08320662	1.2763963	1.1257546	0.30896252	-0.9356139	1.1965193	0.8285519	0.5573413	0.48199728	0.37256822	1.1742756	0.8855744	-0.5806923	0.40444273	0.22298934	1.6044381	1.9958246	-2.1262884	2.159493	3.5547197	2.16238	0.0085372245	2.4935143	-0.9101524	2.8438442	2.277192	3.287531	0.5325851	-0.77508366	1.1461624	0.45476553	0.053846322	0.94371873	1.9985688	0.4859008	-0.47663704	-0.5398177	-0.26773572	0.512167	-1.0526781	0.72458494	0.8983318	0.13885666	0.20196667	0.2643901	-0.14686203	-0.26025984	0.82400274	-0.016818255	1.796996	0.14395458	-0.97721225	0.93043554	-0.18890093	-0.73119533	-0.76265216	-1.5378302	-1.3360202	-1.6699445	-0.5729907	-1.0132809	0.35881525	0.29571268	1.6876293	1.3832573	-0.2752687	0.6766945	0.15699475	-0.35692132	0.84367025	0.40238056	0.629212	-0.3546711	-0.78550196	0.9587897	-0.28503206	-0.4506412	0.28548592	-0.92054546	-0.124821045	-0.47790784	0.9444951	-0.56066585	-0.5978955	1.1823055	1.7784731	0.6267246	1.979386	0.34985965	0.14680988	1.727333	-0.970115	-0.5037198	-0.41542014	0.5848752	1.8220631	0.7765019	0.71576196	1.2293005	0.7235227	-0.14921214	0.5839627	0.910307	0.68825364	0.6753847	2.0795288	0.3841543	0.020404434	-0.97123224	1.5559865	0.9339301	-0.32517567	0.5508276	0.68928444	-1.1708447	-0.71938646	-0.5648637	0.20563185	0.5065863	0.39158344	0.3764675	-0.48825893	0.25068706	0.8545409	-0.26003233	-0.09963004	0.17426415	0.8587941	-0.352862	-0.45304006	1.0868344	-0.55148077	0.6849222	1.2402946	0.05439448	0.32080957	-0.40159625	-1.127307	0.41827926	0.18712956	-0.4563949	-0.5337845	0.45856404	-0.26727822	0.14474611	0.47118586	0.37782	-0.056688126	2.3912516	-0.057607703	1.1403257	1.9865874	1.1892259	1.4193547	0.012009223	-1.4828227	-1.0897251	1.0588877	-0.79578775	-1.3604144	-0.07738994	0.95438224	0.55419576	0.103658274	-0.49841937	0.6297447	-0.6912545	2.2814794	0.53484815
3-hydroxy-O-methyl-5-methyltyrosine	1.9437627	-0.8151816	0.80379623	0.60015726	1.7007139	-1.0988721	0.28687194	0.7303366	0.8484627	0.5388405	0.9148059	-0.0010241745	-0.54683006	1.3553646	-0.1948444	0.36557263	1.7400022	-0.23794402	0.3373807	0.9612387	1.1556057	0.16983637	-0.058570787	0.54461837	-0.3572388	0.38215134	0.02640692	-0.22005357	0.7570103	0.4106423	-0.07133315	-0.6191442	1.0509131	0.0773438	-0.046026792	0.3198337	1.6227565	0.26493117	0.12810786	1.229262	0.43043697	0.13144529	-0.69697845	0.2007529	0.06845407	-0.35829762	-0.52705497	0.6578944	0.36025342	-0.31890613	0.12402692	0.6895849	7.07221	-0.29701218	-0.33640453	-1.0223914	0.39309227	0.3760774	0.018470552	-0.25846362	0.053058002	0.74733096	-1.7611483	-0.13115188	0.21913563	0.094631344	0.7751566	-0.030107081	-0.7929564	-0.96000415	0.23643008	0.47476572	-0.18928821	-0.4971036	-0.06898788	1.1579199	-0.17034496	-0.52255887	-0.035445135	-0.6391739	0.24009828	-1.0140795	-0.16615628	0.5294401	1.9983834	1.8421915	1.6935968	0.3812048	0.6287174	0.4143801	0.63271207	0.58802605	0.70704347	0.61819035	0.12620561	-0.6444631	0.26915166	-1.3992013	0.76286495	-0.6878958	-0.3475664	0.8387208	-0.42400518	-0.24573751	-0.6850963	-0.6406324	-0.7256129	0.83925295	0.92928654	0.37823984	-0.32547268	-0.39431795	0.6501395	-1.5488719	-0.10513983	-0.9011194	-0.26490864	-0.23496915	0.18730126	-0.021871611	0.20122609	2.1695182	-0.055065606	0.4023513	0.29816845	-0.0068506473	0.60010856	-0.011179659	-0.49566677	1.1572943	-0.7175847	-0.51008534	0.605082	-0.2187123	-0.22107798	-0.106825836	2.3828201	-0.9681294	-0.7096905	1.8909092	-0.6401224	-0.023444286	1.9121724	-0.16087538	-0.29987717	-0.37151048	-0.20439392	-0.013040987	0.16449413	0.6343207	0.38146818	-0.26304728	-0.16608717	-0.2749652	-0.22620736	-0.07745247	-0.25467026	-0.48713738	-1.0729797	-0.35613978	0.76843804	1.6466013	-1.1499726	-0.622768	0.564629	-2.0267293	0.30384547	-0.86767834	0.11637856	1.9362279	1.0482506	-1.4907284	0.6438709	-0.4359144	0.64785236	-0.2506983	0.735968	0.7150952	0.41861558	0.14814463	0.37537152	0.08414353	1.1921376	-1.0484174	-1.3796403	-1.2367121	-0.471422	0.15186667	-1.2073948	-0.038139373	2.3910563	-0.45718813	2.6094258	1.271285	-0.6368482	0.60540015	-1.1831765	-1.0945667	0.29584083	0.18379037	1.2436867	0.36375928	-0.51462114	0.15394954	-0.7791813	-0.19163005	0.30422175	0.056106355	-0.36408362	-0.32046464	1.0612615	-0.64630204	0.11143893	0.5329416	2.5517788	0.06463569	0.001751676	-0.087445416	-0.07859811	0.09237465	0.3282022	-0.119617395	0.98379916	-0.43752065	-0.32126778	1.5324467	-0.380535	-0.31146616	0.23028494	-0.96816003	0.4267098	-0.6453821	1.2513716	0.35502863	-0.35377592	0.15174715	0.30958548	1.2982883	-1.1404345	-1.8190451	0.05423336	-0.040927883	0.0679383	0.68529445	0.14480965	0.41719663	-1.0140862	0.34305564	0.017735464
3-hydroxy-para-aminobenzoic acid	-0.86847645	4.898042	1.3917603	1.7219107	0.2914804	0.29401535	1.1092453	0.3214577	0.8679769	1.3666748	0.6381038	5.2217526	-0.78484344	2.6717288	-0.5824798	1.7275386	0.42521083	1.5003309	1.2208449	0.42573485	1.357015	0.36530605	0.2942265	1.2487566	2.0460691	1.4083546	1.3795158	0.13363908	-1.0026884	1.9165914	1.2978677	0.5719343	1.2651746	0.8119644	0.105248116	-0.39595968	1.2181852	1.1438216	0.74496824	1.3411291	0.91113955	1.3722612	-0.062983714	1.0210404	-0.2046872	2.250788	1.0211354	3.6509044	1.4821452	0.08562593	2.1327124	0.86193323	-0.29701218	6.119671	-1.617639	-0.3358685	0.23339716	2.604497	0.23332381	0.26000276	0.60932684	-0.68094915	-1.9470676	3.8510356	1.3495607	-0.2022115	0.009488013	1.87725	-0.79380876	-0.031071573	0.12132063	0.066954896	2.6764588	0.48238635	0.33236215	0.6316212	0.92473644	-0.59119993	0.57740265	0.6279736	0.036588192	-0.5209824	-0.75634366	0.7533812	-0.87560374	3.0211558	6.11967	0.67191446	2.9434211	0.28000674	2.131286	1.1003422	-0.10314663	1.0349779	-0.10004584	0.1549749	-0.6029773	-1.3817931	0.67871654	-0.0447668	1.9890851	0.23838675	0.82834387	0.15826318	-0.25256088	-0.15812722	-0.10699279	0.5332866	0.4907783	1.4179435	0.87220615	0.67007005	0.48295885	-0.3092584	1.5068038	2.5445006	1.9031434	-0.8912471	0.23430161	-0.20068389	1.2262865	1.8388803	0.12491982	1.9031856	1.4783307	0.40969223	0.017809127	2.0315526	0.084921084	1.0669858	0.032587655	-0.55127984	0.59075993	0.8941028	-0.3275346	0.6781145	-0.6535638	-1.2891508	-2.8945496	0.03029066	-0.86412007	-0.170443	-0.5367871	1.3935686	1.9807305	-0.8843504	0.14918026	0.9389818	0.19850452	0.6580686	1.0402263	0.8637846	-0.34781358	0.78397137	0.9984114	-0.13526893	-1.2345356	-0.45736223	-1.8205332	0.876136	0.21028322	1.0683627	-1.326166	-0.56471413	0.3049636	-0.30686826	1.8276896	0.75900877	1.8134497	-0.91994184	1.4653925	-1.4031711	0.0745101	0.7174821	0.60379624	0.66090584	1.587817	0.8650944	1.7485436	0.88872766	0.07691207	-0.14138563	2.5950997	1.5752556	-0.6969424	-0.5273124	0.28791168	-0.3652321	0.29639563	1.6596849	1.4851537	0.28014773	1.1826062	1.0852747	-0.7584629	-0.45823812	-1.1807116	-1.0406338	0.65003335	1.5510043	-1.205111	0.75696397	0.06662004	0.8511783	0.38188756	0.15996183	0.10484115	1.548426	-0.6640546	-0.2680526	1.1980699	-0.7830265	1.117611	0.9690029	0.3807124	4.1369705	-0.0009418391	-1.9371445	0.59363765	1.0512943	-0.58358073	0.07817561	3.5921862	-0.1493866	1.083945	1.9547145	1.336093	0.38591152	-0.31156528	-0.18408875	1.5590153	-0.50839555	0.81843746	1.5247707	0.5833105	-1.804541	-1.2974855	0.3968037	-0.36136073	-2.4189565	-0.9961511	0.88302445	1.9000053	0.043298364	-0.9363744	0.5088026	-1.2071159	3.719492	-0.0566786
3-hydroxyasparagine	-1.4049869	0.09384491	0.9148617	-0.22587672	-0.53128815	-1.2559396	-0.7052876	2.0912695	-0.25223714	-2.1104276	-2.228812	-0.6192484	-2.3957145	-0.8873537	-1.8641814	-0.30257508	-0.15793523	-0.30016458	-0.73541206	-0.34259167	0.2811702	-1.0226197	-0.8629567	-0.45977995	0.3864683	-0.3742752	-0.013860956	0.18085514	0.26960504	-0.2664428	-1.2218667	-0.5837739	-2.0682049	0.319038	-0.19658692	0.6516202	-0.002561569	-0.14904858	-0.627478	-0.22617179	-0.35639638	-0.034098726	-1.7073606	1.1673639	-2.0676246	1.2393095	-0.16328354	1.8692195	0.9243587	-0.2362114	-0.94367194	0.4585671	-0.33640453	-1.617639	5.236637	0.68191665	-0.24241449	-1.2442667	-1.0021032	-0.24940053	-0.07761002	0.42397702	-2.392833	-1.8594694	2.3078945	1.7736543	0.23810579	-0.25625828	1.9754628	1.876015	0.34505868	-0.20463622	-0.8341672	1.618266	-0.47618198	0.04868146	0.6112736	4.0764356	-1.3517623	-1.1247505	2.4875438	-2.8864384	-0.44779468	0.5416427	2.4604478	0.8964263	-0.7354896	0.19055103	1.0469232	0.050558187	-0.11047789	-0.64025766	-2.0503361	-0.6747429	-0.61285853	-0.30984616	-1.1215171	-3.0852082	-0.22483289	-1.3820091	0.8102483	0.0689233	-0.397306	-0.8089886	0.51010835	-0.52583164	-1.4768848	-1.0467706	0.3832303	-0.2586831	-0.9733842	-1.0376067	0.2503484	-1.5452307	-0.17678562	-0.8770536	-0.29294014	0.057178732	-0.40112746	-0.4627006	0.282779	-0.076219566	0.963101	-1.2299924	0.12957954	-0.96005636	-0.39465904	0.040616058	-0.5354276	-0.0452911	-1.7643273	-2.0041757	-0.6731091	-0.15618995	-0.6675505	-0.9293349	-0.84972966	-2.1356714	-1.3865712	-0.43225637	-0.56797606	0.5034782	-0.5081006	1.4109118	1.8478801	-1.0117685	0.20400715	-0.67849976	-1.0299401	-0.049745474	-1.0506202	-0.17535678	-0.6287128	0.14161831	0.20291975	-1.4582078	-2.0189264	-1.2621344	-1.7398067	-1.180751	-0.6269627	-0.5137421	2.5949101	1.1964287	0.38415113	-2.0700092	-0.11479917	-0.6374391	-0.9234077	2.101753	-0.79174674	-1.7470689	-1.2264978	-0.6536588	0.085323215	-1.8322197	-2.0211782	-0.446802	0.9477283	-0.45137846	-1.0943508	0.14307159	-0.25693962	1.8234067	-2.6342885	-2.672312	-1.3315254	-0.3028782	-1.483983	-1.2370243	-0.06306098	-0.23729257	0.6627643	-0.6206748	-0.40190426	-0.28467205	-2.0023873	-0.3849141	-0.08003947	0.9145667	0.74307853	-0.57098347	0.031726148	-0.014760112	-1.7046056	-0.9228038	-0.5756903	-0.44805363	-1.3547025	0.1821213	-0.85661095	-1.2601283	-0.31168997	-0.0291553	1.022534	-1.1497004	-0.18922777	-1.6399506	-0.76232845	-0.8189216	-1.0180967	-0.7174338	-0.09903238	-1.1692472	0.07348982	-1.1089209	-0.81529266	-0.9499668	-0.5804454	-0.49654612	-0.6142054	-1.2246282	-0.4455177	0.619865	-0.47180378	-1.0756388	-2.108433	0.10249239	-1.6857417	-3.1661835	0.38691562	0.6474916	-0.32551965	-0.090251505	-0.7558953	0.27520356	-1.9873611	-0.30834588	-0.35754046
3-hydroxyaspartic acid	-1.9152821	0.37502134	0.65196776	0.6785655	-1.0443908	-1.5588592	-0.7407011	0.092363454	-1.4806694	-1.4770172	-1.4747161	0.031451944	-3.7272036	-0.40160015	-1.822079	-1.0226119	-1.5086797	-1.1036268	-1.3210036	-0.63949436	-0.5761405	-0.33004045	-0.033481333	-1.4102653	-1.4411794	-1.1479427	0.47603655	0.11128781	-2.9996116	0.41274023	-1.558678	-0.5707958	-2.3613942	1.2081152	0.7667576	0.5441618	-0.682157	-0.056364633	0.12477167	-0.42224023	0.06804544	-0.012348165	0.5577351	-1.6212381	-1.8117719	1.3597704	0.4709826	0.84407675	-1.5479912	1.275616	0.10165042	-1.5865916	-1.0223914	-0.3358685	0.68191665	5.456689	1.1660655	-2.1507878	-1.2058488	-1.5756322	0.51168466	-1.194056	-1.523977	-2.391312	1.9116093	-0.22032508	0.10062018	-0.20813833	1.527139	3.405052	1.6317714	-0.6097032	-0.79167986	-0.51996416	-0.83357096	0.6617301	-1.061652	0.628997	-0.34420606	-0.12632895	0.69681793	-2.6472147	1.1987672	-0.36258757	-0.26209316	-1.6089317	-1.7633747	0.55616176	1.0556409	-0.38997892	-0.7923501	0.61268437	-1.4315926	-0.36888325	0.86266804	-1.0041933	-0.731013	-2.7455857	-0.41398898	-1.0278523	-0.5130836	1.0206084	-1.9370126	1.3619233	-1.6218617	-0.12393532	-0.50881463	-0.09839239	-1.3069373	-0.49121636	1.58116	-1.585654	0.5815369	-2.074512	-0.62667304	-2.3559816	-1.1207603	0.4002288	-0.6586359	-1.5224949	-1.2788864	-1.5638919	-0.53221494	-0.26416415	0.81403345	-0.7484703	-0.22558875	-0.16136289	-2.7607005	-0.85625005	-2.1070957	-2.886079	-0.6310299	0.48390326	-1.2441999	-0.75196165	-0.59965724	-1.7419537	-1.1892003	-0.42842996	-0.8060784	-0.71614736	-0.08810057	-1.4960766	0.81566775	-1.207089	-0.94694424	-0.83104193	-0.40548357	-0.512071	-0.4034194	-0.08219293	-0.75751734	1.1656858	0.58677775	-1.3143125	-2.4861834	-1.0802467	-2.9879043	-0.79772913	0.09493028	0.20676382	0.42030826	2.9167402	-0.15981476	-1.9738388	0.09846232	0.98128766	-1.0978147	-0.43696725	-1.4633929	0.4607387	-0.3757907	0.5522684	0.80129796	-0.9292109	-0.55023503	-0.12269513	-0.31006843	0.26216817	-1.1839086	-0.11507887	0.36329153	1.7519456	-2.8830054	-2.0541735	-0.6083526	-0.02694408	-1.1789892	-0.9393878	0.5506424	-0.008225141	-0.08879406	-0.3823757	0.026996894	0.36127388	-1.5867659	-0.0816409	0.17677642	-0.79370207	-0.26629034	-0.17784104	0.16192217	-0.83256155	-1.6091344	-1.1886463	0.045654204	-1.570349	-1.2750188	-0.62549204	-0.15181328	-0.72464734	-1.1533602	-0.74368536	0.8161567	-0.1029303	0.40690738	-2.397213	0.9646941	-0.53294796	0.070262864	-2.4063342	-1.2514073	-0.6032031	-0.93892145	-1.9712343	-1.7173276	-0.26730883	-0.711814	-2.8852	-0.9318068	-1.3265128	-0.77071387	-0.6409463	0.17458917	-2.5589197	-2.9237492	-0.40298906	-2.0471702	-3.2762737	0.80994207	-0.32181776	0.1499373	-0.22613098	-0.8261225	0.28964373	-1.8236908	-0.70560443	-1.1204476
3-hydroxyglutamine	-0.6071094	-0.17883565	0.6000213	0.6295532	-1.204724	-0.9919461	-0.66040075	0.7317012	1.1518489	-0.9034811	-0.85195565	1.78729	-3.5292196	-0.67489094	-1.3118341	0.42099497	0.05187028	0.1651563	-0.7063821	-0.09258805	-0.07314722	-0.1936105	0.2890982	1.2454377	-1.1561214	1.6479976	0.2664573	0.50035465	-1.6203113	-0.14201932	0.06787994	-0.63634354	-1.1258982	-1.0585138	-0.62353945	-0.44117618	0.47391647	0.1474855	0.21849926	0.09345467	-0.6030265	-0.08083577	0.9783974	-0.34037912	-0.6715383	-0.63387513	0.18406174	-0.080959976	-0.35485578	0.1877687	2.3130393	0.6513796	0.39309227	0.23339716	-0.24241449	1.1660655	6.1035185	-0.3492175	0.0067885243	-1.290407	-0.80839777	0.6659241	1.6543354	0.5286215	0.3144102	-0.88941956	-0.08829411	-0.17918839	-1.0413396	0.755573	4.092187	-0.029938234	1.1180606	-0.38158464	-0.80958605	0.2710874	-0.27881962	-0.56014776	-0.8588169	-0.11294065	-0.2065834	-1.658937	0.085087955	-0.030815149	0.715548	0.41590756	0.21239512	0.5148518	-0.24645412	0.4717457	0.2701707	0.76737654	-0.9539939	-0.1782819	0.56510484	-0.2859786	0.07032187	-1.6672757	0.4785787	-0.55180943	0.46995208	0.5739742	-0.2661112	1.1735901	-0.35725892	0.7579763	-0.16703196	0.53551936	-0.7075123	-0.29353166	0.5760169	0.3051453	0.9421461	-0.7355098	-0.38065928	1.5153004	1.2096394	-0.3564266	-0.70630354	-1.160722	1.1565498	0.7365033	-0.4366298	0.2803039	0.37472028	0.44587976	-0.44648087	0.41161856	-1.0797467	-0.007931971	-1.0547782	-1.863059	-0.08933995	-0.31348142	-1.276082	-0.2781492	-0.5726636	-0.24434234	-1.8399433	0.44646105	-1.15475	-0.22704399	0.55049354	0.6234732	-0.20948018	0.8266635	-0.5081215	-0.10679095	-0.21357398	0.2745587	-0.112974145	0.3490986	-0.58444697	0.28528446	-0.018229168	0.1614146	-1.7777884	-0.8156166	-1.7163752	-0.98119	1.414494	0.69417137	-0.8226989	0.5182711	1.0844936	-1.1558344	0.09312868	1.054241	0.6907447	-0.01793475	0.8249248	-0.41528043	1.963381	-0.6140367	0.37845558	-1.4870102	1.1559004	0.046953633	0.11480218	-0.18792598	-0.3687175	-0.28931308	-0.25653765	0.45926142	-0.81584316	-1.2004902	-0.23407887	-0.60069406	-0.97108203	0.93805206	-0.13265276	0.087536335	-0.092767626	0.9082124	0.54808056	1.3356243	-0.53631926	0.97070616	-0.03661404	-0.087242216	0.48287663	1.0948354	-0.07293627	-0.26124707	-0.14382592	0.21717244	1.2999693	-0.26598614	-0.29090855	0.8096624	1.7180878	-0.49627596	-0.6750288	-0.7023295	0.11358496	1.6192597	0.29441676	-2.8550553	-0.46873423	-0.7040263	2.1483848	-0.5213917	0.07445488	-0.29368693	0.20784289	-0.27829507	-0.5743622	-0.05644548	0.3406334	-0.20511077	0.35173988	0.37561932	0.31613857	0.2783417	-0.8238232	-2.2639472	-0.98183954	0.892082	-1.5227371	-1.7511882	0.32439598	-0.22044678	1.3142979	0.02425997	-0.26323688	0.32146585	-0.17841442	-0.5432937	0.24545828
3-hydroxykynurenine	1.3116155	0.57094616	0.9982759	0.4374094	1.2993345	3.379502	0.67708087	0.17552738	1.2781836	-0.77448475	-1.7151748	0.41290733	-1.8244678	0.36640185	-0.48148292	1.1311806	0.43042883	0.5534893	-0.047325872	1.7663726	0.43411285	1.1453187	0.21867247	-1.2707028	1.529636	-0.06832452	0.9105182	-0.07282279	-1.646167	1.3431456	0.416611	0.13087451	-1.4238247	1.0344166	0.9004098	0.36863208	-0.24862693	0.1454723	0.85187405	1.0392755	0.7227055	0.24746877	-0.09316258	0.9081484	0.2820037	0.6132375	0.36130893	1.9800448	0.49902058	-0.1053512	2.8314052	0.5376695	0.3760774	2.604497	-1.2442667	-2.1507878	-0.3492175	4.60822	0.36794838	0.8940816	0.8675927	-0.38363674	-1.3221985	0.5936722	-0.5314872	-0.659199	-0.3197542	-0.53441066	-0.26576313	-0.96958995	0.7025679	0.28751865	2.4645348	2.0173695	0.73583645	1.4115803	1.3909804	-0.5551235	0.8128035	-0.39643306	-0.08966183	-1.0902997	1.1576335	0.14875905	0.54481447	1.2503554	2.409489	0.7913116	1.495018	0.53572696	0.27838415	1.9785529	-0.21939273	1.1125674	-0.22146803	-0.29785803	0.004799275	-0.5055921	0.36591315	0.5450173	0.87649554	-0.67121464	0.9631472	1.9074	0.8805039	-0.45407972	2.1535056	1.2072865	1.784581	0.66877425	-0.47207668	0.0394499	0.45130312	-1.5890759	-0.17901392	0.7280541	0.81989616	-0.09904265	-0.34939924	1.9775562	1.3815131	1.016771	0.16212888	-0.026962819	0.9914509	0.44611496	-0.8878011	1.9572095	0.64566827	0.26378593	0.11812397	-0.73825973	0.45678568	1.5363154	-0.9928211	-0.16366109	0.18990527	-1.6842648	-1.8629565	0.51289696	0.99281794	0.47651026	1.414432	1.6935856	-0.0907555	0.97675693	0.13946407	0.92083865	0.22641654	0.20185132	0.013195451	0.33630267	0.52381	0.06380428	0.7341305	0.1886283	-1.3402747	0.012477784	-2.3514872	0.66026115	0.4002827	0.41603693	-1.3357887	-1.3137339	-1.0969675	-1.578062	0.9316591	4.1972227	1.7870193	-0.025173888	1.2699902	-0.18913704	-0.3322622	-0.6411186	0.11018995	-0.4348781	-0.17019324	2.1440651	-0.38754135	0.8304596	2.689308	1.1809556	1.9880853	-0.93959206	-1.444018	-0.8686543	0.38283825	0.57051694	1.2552617	1.9126163	0.9926182	2.4903038	1.3216991	-0.31199545	-0.76918215	-0.7133434	-1.2757083	1.5380645	0.9906383	0.28364745	-0.19622378	-0.031240057	0.64118767	2.7532442	-0.1608228	0.009547643	0.61615777	0.41094917	0.22962627	0.2136191	1.8940564	1.188447	1.4073111	0.26885352	0.42234483	1.4948689	-0.19733551	-1.0108443	0.56101084	1.3035189	-0.20446603	-0.007572461	0.45543405	0.2541476	0.45186546	0.20850241	2.1764066	-0.041306794	0.25202549	-1.0682461	1.1505185	-0.59592074	0.44659078	0.026767004	0.40129793	0.9384553	-1.683582	0.008911953	0.23146105	-2.1495652	-0.14079933	1.1575748	4.608219	0.62330574	0.37343112	0.8008945	-0.73451984	1.1335946	0.5631228
3-hydroxyleucine	-0.07410402	-0.14232467	1.0733018	1.1386847	0.31229827	-0.11420226	0.40566155	0.07855798	0.9888834	-1.6425694	-0.6224938	0.8267823	-3.2129292	-1.1022265	-1.1844599	0.5717597	2.0154662	0.46554452	0.78555256	1.2382483	0.5789366	1.0819565	0.64256316	1.4273144	0.4901278	1.0672383	0.7949169	0.6387117	-0.8921243	0.505567	0.55113894	0.04431146	-1.1700194	0.95356834	1.4015708	0.8381602	0.5676231	1.2558744	0.8747462	0.4958821	0.3649659	0.935664	-0.18879595	-0.39900798	0.7314761	0.66784286	0.51177764	0.7322812	0.3118517	0.072638914	0.07608815	-0.09089185	0.018470552	0.23332381	-1.0021032	-1.2058488	0.0067885243	0.36794838	3.969639	-0.95840955	-0.8454578	0.086802125	-0.60946065	-0.06527287	-0.80725807	-0.472225	0.23936667	-0.27862966	-0.5088303	-0.9052414	-0.1834867	-0.06530055	-0.4818604	-0.29757926	0.3715173	1.1432344	0.57174456	-0.597674	1.6301179	-0.07850211	-0.7850475	0.5733993	1.2302043	0.69584876	-0.14213303	0.6841878	0.1556588	0.5203273	0.54369456	0.9025966	0.6599998	0.7632614	0.49716872	0.79072464	0.84399605	1.3175154	0.88231105	-0.95341665	0.45960176	0.020216366	0.25767714	-0.38185224	1.0133497	-0.48682192	0.34873414	0.25853497	0.41083494	0.46123788	-0.2928377	0.42298916	0.70425755	0.12324198	0.9767281	-0.6052291	0.26581973	1.5561259	1.2896256	0.55129135	-0.10532286	-0.38157415	0.7231421	0.60070497	0.4892252	0.6384419	-0.09324659	0.59580207	0.25284958	0.6176962	-0.27208352	0.40444678	0.37684965	-0.34674373	0.9304457	0.3684463	1.6769086	1.0786927	1.164109	0.26235983	-1.6485869	0.7274219	0.7152432	0.18691707	0.5711848	0.63025635	0.5313584	0.3923669	0.1544413	0.934147	0.611968	1.1282698	0.2608609	0.32054988	0.23483677	-0.3099743	0.082138225	0.1615355	-1.0158329	1.4718884	-0.9024074	0.29707724	-0.22323243	0.8931511	-0.78013736	-0.1745172	1.7734811	-1.4181736	0.7067982	0.75562114	0.307386	-0.035572853	1.1549699	-0.5362677	1.2204612	-0.36029866	0.42192873	1.5873804	-0.8859581	0.9587114	0.17326932	0.59989756	0.22789338	1.1778802	0.45019594	-0.87727886	-1.5507096	-1.1022297	0.12917219	0.9398451	0.07304169	0.43497133	0.719785	0.50562847	0.88155115	0.316001	-0.9325041	-0.47019476	-0.012930424	-0.493832	1.0229077	0.5744367	0.14271747	-0.19376047	0.83099234	0.07368863	0.64054	0.9277241	1.3783181	0.6397326	1.0050449	0.32025093	1.0531086	-0.66340566	-0.52071697	0.24142258	0.6970939	0.86516047	0.67335373	-1.8562808	1.0945637	1.1804365	-0.5434329	0.2506497	1.6272843	0.49972734	-0.027634164	2.3865438	0.1481954	0.56237185	0.13281083	-0.5224071	1.3016996	-0.21039878	1.1336211	1.0051392	-0.7590121	-2.4837694	-1.949027	2.089638	0.6087251	-2.5708563	0.12458529	0.108792506	0.24854554	0.67355156	0.06874703	1.1220739	0.4098697	0.4219285	1.3755242
3-hydroxypicolinic acid	0.8450944	0.31489766	0.7274523	0.97259724	1.0865984	-0.7446683	0.29039112	-0.58555955	1.31831	-2.327367	-2.52596	-0.050181452	0.6536978	0.9811391	-2.3793254	0.3502454	-1.4277046	-0.93518066	0.7900496	2.3199916	-0.48399562	-0.3378411	0.26945117	0.3187729	-0.1348023	0.78378385	0.6808839	0.12616515	-0.6979139	2.3566082	0.041996576	-0.8193652	-2.6185918	2.5825586	-0.035167087	-1.1125287	-0.67637265	-0.451374	0.29116505	1.1707019	1.5241094	1.1549125	0.5303597	0.9507088	-1.2788254	0.695106	-0.8805179	1.6642767	0.54924834	-1.644304	0.5118434	-0.23747274	-0.25846362	0.26000276	-0.24940053	-1.5756322	-1.290407	0.8940816	-0.95840955	3.9658124	2.9136767	0.47973207	-1.8297828	0.6809011	-1.0234064	-0.8216659	-1.2348231	-1.0476655	-1.2101845	-0.5535401	-1.4608786	-0.9837442	-0.21851991	0.3671384	1.2465435	2.4901903	1.8884835	0.33434436	-1.7739615	-1.464302	-0.6162296	0.95660967	-0.6078656	0.56006855	-0.9845701	1.9757193	2.0582714	0.26794276	0.85128903	0.15732674	2.1767213	1.0471672	-1.1388806	0.31662133	0.90565026	-1.6239874	-0.2998729	-2.996509	1.6577927	-1.2558727	0.030768653	-0.487414	0.88609695	-0.72712153	0.27994186	-0.67128086	-0.89121944	0.69422305	2.1863575	0.3306361	-0.73492235	-0.14200324	1.3531833	-1.8228817	0.86049217	1.9833784	2.2815623	-1.2974468	-1.160214	2.650606	0.86203414	1.7093656	-0.29623935	-0.9238952	0.24626327	0.6929583	-0.042438608	0.043902304	-1.245261	-0.42390826	-1.9323392	-1.191001	1.1798902	0.49846956	-1.6267276	-1.1765983	-1.235366	-1.8948952	-2.663487	-0.59261096	-2.5360038	-0.6113289	0.13855438	0.7935288	0.20606685	-1.1534308	-0.50533855	-0.47033224	-0.66960675	-0.52329963	-0.88067704	0.190064	0.45138	0.49619323	1.632236	-1.3248147	-1.7461749	-0.6678951	-0.7927327	0.61335677	-0.77933276	-1.1259518	-1.1521835	-0.63044685	0.7407047	-1.9830226	2.2038825	0.11043944	-0.80272293	-1.1498652	1.8759044	-1.2219204	-1.4356191	-0.60018533	0.10183067	-1.0673413	0.8765767	2.888684	-0.4565193	1.2060384	0.30592299	1.9058907	1.8326218	0.22480196	-1.9925842	-2.6799867	0.15144598	-1.0880821	0.47764343	-0.05624218	0.9566421	-0.4369403	1.052086	0.012263138	-1.5460263	-2.1320112	-2.451779	-1.7081134	2.4900093	1.3312913	-0.85116947	-1.2259308	-0.43734768	2.341399	-1.400601	0.64933026	0.6418387	0.69849914	-1.5649159	0.36302698	3.3187208	-1.5509967	0.708308	0.2828154	-0.8132779	0.67483175	-0.24712707	0.8533784	-1.3214873	0.7960932	-1.4004806	0.48440272	1.2798254	-1.0422602	1.0310873	-0.8704759	1.9612176	-0.008534868	3.1861575	-2.0278869	0.9717259	-1.4248124	1.1050961	0.90538156	3.0508087	3.3206887	-2.2335434	0.7708271	1.5598079	-1.3398329	-1.0186106	2.2443016	2.0305731	-0.68500787	-1.3510804	1.6092699	-1.8084013	0.86647105	-0.04231082
3-hydroxyquinaldic acid	1.093145	-0.39473078	1.0199407	1.0675468	1.369154	0.22544508	0.600046	-0.41611227	1.728255	-2.3687863	-2.6418078	0.102455914	-0.4998117	1.5599475	-0.6280398	0.450612	-0.93589956	0.9716244	1.6641626	0.7997694	-0.058271453	-0.16302034	0.61667746	2.272801	0.42948622	1.4109172	1.4549972	-0.16548523	-0.49306968	1.8905827	0.8393713	-0.05977136	-2.3371968	3.6615489	2.9583478	-1.0303457	-0.8026276	-0.057380807	1.0045409	1.9791212	4.6588387	1.273034	-0.8396426	1.0681713	-1.5042127	0.25920781	0.09647279	2.6530113	1.7707883	-1.3241721	1.7950774	-0.019733198	0.053058002	0.60932684	-0.07761002	0.51168466	-0.80839777	0.8675927	-0.8454578	2.9136767	5.5656433	1.0340233	-0.22889288	0.98104	0.41663486	0.7980345	-1.3329548	0.7075801	0.43364134	1.0970724	-1.7111766	-1.0071117	1.5589321	0.6356973	0.72503763	1.8133017	0.52442193	0.6641892	-0.2466544	0.7950449	0.30719963	2.8450227	0.94955534	3.454467	-0.9964696	1.1980773	1.0948375	1.3364108	1.4105238	0.66814595	2.1957033	1.5979996	-0.717862	0.91894037	-0.18959875	-1.195452	0.16222873	-2.2528508	0.52812976	-0.21777575	0.318413	0.47222748	1.6514224	0.3593407	1.2230383	-0.4011779	0.1725788	0.45067126	1.4886717	1.2713987	-1.4559929	0.11874832	1.8811779	-1.2408447	2.1146526	0.9078753	0.6272749	-0.83859396	-0.037029114	2.0767808	0.9879982	0.30031395	0.17717873	0.47438318	0.5170559	-0.091824755	-0.42754087	1.7513057	0.17214054	-0.030822955	0.0009224927	-1.3014287	1.6764826	2.0570827	-1.3838931	-0.15519693	-0.5626228	-1.683349	-2.3985755	-0.84128064	-1.7799853	-0.8969971	-0.26100227	1.3560222	-0.3916517	-0.78954065	-0.4418143	0.40611157	0.8694318	-0.3197854	-0.5735557	1.509944	0.3894976	1.7568521	1.5016912	-0.74309903	-1.2456918	0.27515748	-1.1149464	0.38287514	-0.6650706	0.12973566	-0.5166945	0.87031883	0.89276576	-1.5254909	2.0619082	1.1857153	0.8514937	-0.5512901	1.3389733	-1.7209079	-1.6956878	0.7711152	1.147302	-1.3416138	0.7468573	2.4219778	0.89730257	1.0443445	-0.19906026	2.344981	2.0043	1.8022152	-1.262574	-0.8756629	0.452711	0.54368657	0.37633076	1.386944	0.93678564	-0.08674512	2.3373272	0.6955195	-1.5301586	-1.8662266	-1.8968954	-1.6971378	2.4340837	1.9226495	-0.3320808	-1.2401757	-0.07335271	1.1320617	-1.0112499	0.2897698	0.33220643	0.8484234	-1.2443807	-0.2775677	3.0251133	-1.767787	0.98338324	1.3445431	0.020638127	0.005375218	-1.9708451	-0.014163729	-0.041267846	1.6494223	-1.4029318	0.16357982	1.404388	-0.43516064	0.34972674	0.14522953	1.9196163	-0.14854614	1.7305954	-0.20999345	1.6317165	0.14597814	0.7350746	1.0161679	5.5656424	2.789795	-2.1374242	0.26094207	1.9308387	-1.4775581	-0.119606785	1.5276165	2.0974686	-0.14625134	-0.81869143	1.6602284	-0.9099748	1.8060993	-0.4467788
3-hydroxytyrosine	-0.55437434	-1.0109998	-0.568788	-0.34851053	0.54869175	-0.86702055	0.71655554	1.3335445	-0.016696425	1.0196834	1.0312312	-0.1500977	-0.97703874	-0.08861814	0.4306533	0.1445722	0.1828439	0.3156958	0.11157179	1.2937429	0.9509335	-0.29994056	0.085672	-1.1914663	0.7920136	-0.73263025	1.0190848	0.0015448314	-2.2278233	-0.352974	-0.057095017	-0.5644291	1.3286757	0.18702465	0.2568156	0.5898092	-0.5328526	-0.37164617	-0.036843818	-0.20964666	0.34749162	1.4140607	-0.44059935	-0.4927671	-0.39740604	1.3630881	1.0924231	0.6685808	-1.1355872	-1.0539111	-0.19396017	-0.62480456	0.74733096	-0.68094915	0.42397702	-1.194056	0.6659241	-0.38363674	0.086802125	0.47973207	1.0340233	5.8978715	-1.8915172	-0.57267165	-0.018265953	-0.58217627	2.8072875	0.1855925	0.76008254	-1.0846343	0.3237995	0.5747958	-1.5244488	1.3443751	-0.16587192	0.53213495	1.4923475	0.15125878	-0.09644186	0.3059337	0.13781838	1.9189788	-0.57270426	-0.29668823	1.299296	-0.6225886	-0.60729337	0.32039544	0.103123136	-0.95774764	0.16425928	-0.14878592	-0.7014751	1.2761387	0.5400383	-1.5282893	0.015296528	-1.2128173	0.13294485	-1.5183787	-0.45344436	-0.03766597	-0.7626818	0.29163384	-1.3372823	-0.4779713	-0.9398385	-0.573382	-0.80115867	-0.53525347	-0.17902611	1.95165	-0.5682627	-0.46897867	1.2921342	0.1997178	0.74422586	0.17166935	2.1944277	0.5273171	0.11252115	-0.48273617	1.8372377	0.25930807	0.36452046	-0.05390558	0.5531275	0.24399017	0.5572978	0.013298857	2.6085105	0.5150015	0.12859404	-0.1378468	0.5203548	0.2083014	0.43661523	-1.830612	-0.6111058	0.6815694	-0.2336795	1.6963909	1.1443187	-0.482187	-0.842047	1.1084526	1.345774	-0.0076328805	1.6270763	0.69635767	0.27521884	0.38407132	-0.23091924	-0.6773103	-0.41326624	0.042244133	0.027378572	-0.48185682	-2.3038504	-0.5933632	0.1317861	0.3203918	0.30363464	-0.77193445	-0.55564064	-1.0017533	0.047068845	-0.35223433	-0.027469715	0.95600414	0.3422308	-0.4512301	0.47869065	-0.90933245	0.4189295	-0.19892506	-0.9101869	0.35627326	-0.1722278	0.19492118	0.30617896	0.23921905	0.2575497	-0.33938816	-1.8478047	-2.1917593	-0.10483258	0.20686531	-0.92802495	-0.17256384	0.23383194	0.20009731	0.14941652	-0.2663448	-0.774615	-0.24188522	-0.7000982	0.02010012	0.13051406	0.58203906	0.8866311	-0.2770298	0.24590863	0.8448888	-0.8475691	0.2523327	0.39189234	0.1359546	-0.3592058	-0.5226047	-0.18119398	0.25832763	-0.13917416	0.8096574	1.8520323	0.2723035	-0.22856382	-0.70622426	-0.067091964	0.13852522	-0.8617436	-0.919597	-0.53181565	0.47324735	-0.43195748	-0.29883832	-0.099644795	1.1316268	-0.17143732	-1.9996371	-0.45943847	-0.36457974	-0.04490768	1.1870654	1.1560354	-0.51550555	-1.1864187	-0.24932206	-0.71140206	-1.9072539	2.3807974	0.43979266	-0.7206352	0.9410504	0.81302005	-0.2625479	-0.6615153	0.8094569	0.34450844
3-hydroxyvaline	-2.267752	-1.1777365	-0.92210454	-1.2262952	-0.7349145	-1.9139643	-0.8392467	-1.4445258	-1.3799195	-3.0882046	-2.8951058	0.21379288	-3.383126	-1.6231556	-2.3735614	-0.5845064	0.35836366	-1.9119223	-0.47170824	-0.7692541	-0.7022705	0.019429717	-0.35717773	-2.4440196	0.43807876	-2.2312224	-0.8758752	-0.7536867	-1.1441675	-1.2997975	-0.49922904	-0.89674556	-3.0347507	-1.1408653	-0.88129705	-1.1191504	-0.47896308	-1.1839368	-1.088745	-0.14867857	-0.6803278	-0.6089927	-0.98015237	-0.95340896	-1.2132041	-0.6509256	-1.11252	-2.0300643	-0.99901	-1.0876782	1.1307491	-0.4214996	-1.7611483	-1.9470676	-2.392833	-1.523977	1.6543354	-1.3221985	-0.60946065	-1.8297828	-0.22889288	-1.8915172	5.7189302	-0.12184832	-1.2212543	-1.9464628	0.07517831	-1.2423887	-1.5363057	-1.7201036	1.3994572	-0.91177684	-0.6368397	-1.2471273	0.13563177	-1.4638824	0.50824213	-1.883922	0.6428591	-1.0391454	-2.28409	-3.141819	0.49540955	0.5789734	-1.7129506	-1.8382745	-1.5486335	0.3885126	-1.1155308	-0.55278015	-1.9143397	-1.7655125	-1.2448164	-1.0904919	-1.3595254	-1.698454	-1.409522	-0.9977656	-0.035904884	-0.8917465	-0.651134	-1.0349473	-1.3634833	-1.6376448	-1.2020103	-1.0633502	-1.2229958	-0.5013842	-1.1145988	0.03607767	-1.4805577	-1.8842385	-1.4896	-1.8265773	-1.9601	-0.7766605	0.1433911	-1.4317217	-1.6417713	-1.3373289	-0.67950535	-1.0483171	-1.0171536	-0.08759303	-1.6525195	-0.80540097	-1.0273826	-0.59417576	-0.6817722	-0.32648894	-1.3441935	-0.7882765	-0.3788834	1.4204428	0.42917123	-1.7009115	-1.9078708	-1.9067044	-3.6273851	-1.268136	-2.5252147	-1.2371588	-0.7070559	-0.41941345	-1.5420021	-1.3670951	-1.0906088	-0.9716664	0.0074502956	-1.081397	-1.6719959	-0.018703418	0.19385096	-2.0024948	-0.5411528	-0.32272223	-1.2088583	1.278046	-2.9805417	-1.0550023	-0.42085278	-0.72519535	-2.3187592	-1.4849811	-2.1455963	-2.4794774	-0.13028519	0.25208896	-0.49659646	-1.2860532	-2.138355	-1.8839635	-1.3445085	-0.62142813	-1.0807725	-1.971298	0.38024062	-1.5371915	-1.3835357	-0.7524453	-1.8992134	-1.554806	-1.4170667	-1.0243527	-1.3288496	-0.5862449	0.9712247	-0.51368535	1.6817604	1.0359633	-0.49087226	-1.6064734	-0.4033722	-1.8632123	-2.0527263	-1.3109345	-0.7401549	-0.6939135	-1.3579134	-0.94637233	-1.7709656	-0.7835861	-0.7019995	-1.6256623	0.7832981	0.15217285	0.08856202	-0.8880405	-0.38596448	-0.35136476	0.19052029	-2.1625664	-0.92551553	0.32592088	-0.6204669	0.7131435	-1.9989296	-2.0600853	0.549251	-0.6148761	-0.2756489	-0.34930414	-1.900208	-0.6553103	-0.53772396	-0.24425445	-0.9828603	-1.5367361	-0.82410944	-2.031271	-0.72941107	-0.9601986	-1.7012211	-0.87686276	-2.0034845	-0.68716663	-2.7727056	-2.4905035	-2.1878483	-3.225708	0.35882908	0.34755132	0.15244453	-0.93238306	-1.4235842	-1.9526722	2.3167367	-1.8375264	-0.17596163
3-methoxyanthranilic acid	0.06317239	-1.2279118	1.176669	2.253909	-0.3446511	0.32675895	1.5611858	-0.010518964	0.70580435	-1.076524	-1.4959925	3.4798002	1.6859901	1.1905241	-1.5075856	2.0026815	-0.5881711	0.7281952	1.8367647	0.18777563	1.4728434	0.9358076	1.005915	0.8416848	2.6431828	0.583551	1.087114	0.76190567	0.026039619	1.3001008	0.81661886	1.193778	-0.9105689	-0.31275776	-0.64035904	1.2541971	0.31128752	0.26377842	2.1215715	1.4918308	0.54913104	2.7510238	0.025229992	2.2995987	-1.466615	-0.13485263	-0.36852258	3.4025745	1.0910697	-0.00514763	-0.403649	1.4129345	-0.13115188	3.8510356	-1.8594694	-2.391312	0.5286215	0.5936722	-0.06527287	0.6809011	0.98104	-0.57267165	-0.12184832	4.4209595	0.3665729	1.1904645	-0.86180043	-0.7321039	-1.0374899	-1.6438968	0.5668942	-0.8615326	3.0035503	0.06828986	-0.29661405	1.1297793	0.8733005	-0.2326145	-0.06378813	0.0069548665	-0.7635431	0.17465253	-0.2191539	-0.03946166	-1.1896807	4.4209585	3.5317497	0.7318965	4.103066	0.7067616	1.635143	0.75284284	-0.86520267	1.7753646	-0.08537911	-0.11364704	-0.30436277	0.57033134	0.6179706	0.26462764	0.18963914	-0.43949944	0.3148612	-0.1436759	-0.25358468	0.47923797	-0.23767796	1.1879405	1.5548667	1.9162312	-1.1975837	-0.124989	1.0632635	-0.06351918	1.4031576	1.3978691	1.1034312	-1.324276	-0.7098692	0.76712435	1.7744242	1.0128435	-0.7661165	0.9366566	0.2764737	2.2383082	-0.3647404	1.3468591	0.5027683	-0.13631277	-1.755287	-0.88555104	1.1881189	1.0138348	0.49087986	0.046728287	0.59564286	-1.6091473	-3.7879872	-0.121540144	-2.1048112	0.7030767	-0.295147	1.3404272	0.22346403	-1.129943	-0.5228609	2.0344236	2.0220747	1.7203759	-0.19362178	2.0509052	0.20994844	0.36000618	0.3992611	-0.62461543	-1.6949681	0.15825605	-1.5408952	1.5579584	-0.7062039	-0.30423334	-1.5215694	-0.8064508	0.37297076	-1.760065	2.7142096	0.95265007	1.5381908	-0.9177304	2.1768732	-1.3950741	1.2936069	1.6142015	0.62824315	0.79470855	0.5071011	1.5181828	-0.87005055	1.7155776	-1.0447257	0.52958536	3.4239686	-0.117982	-1.462423	-1.1767788	1.8331625	-0.44320816	0.65081984	1.0170768	0.871598	-0.0642421	0.5136792	0.5084328	-1.5746021	-1.7862468	-1.5710839	-2.1227608	0.7505158	1.4461836	-1.539705	-0.44806948	-0.10502138	0.788024	-0.24009605	1.3208665	0.32657674	1.2728688	-0.8517153	0.80690247	1.3323005	-1.6344093	0.8504614	1.1282984	-0.6067275	-0.593241	-1.2276901	-0.5627062	-0.07915446	2.0995064	0.25504798	1.6535908	3.7511587	-0.690709	0.8680886	-0.42739627	2.6140203	1.4386097	0.12040337	-0.7512473	1.83284	-0.056785904	0.55435437	1.2786999	0.27244857	0.15517242	-2.0183985	1.9754308	0.7827548	-1.9431604	-0.7129258	1.0552531	1.2864981	-0.41944692	-0.98462725	1.200424	-0.3235843	0.4473689	1.1150074
3-methoxyaspartic acid	0.23673514	0.9082602	0.88090444	0.8650352	0.68490326	-1.1894559	1.7851007	1.2329296	0.014444313	-0.6262215	-1.4490366	0.46943933	-2.9122932	3.0167215	-1.4919591	0.80138505	-0.7180095	-0.09620886	0.16764416	0.50614625	-0.07084441	-0.35355282	-0.0036236057	-0.8379444	0.955408	0.053610545	0.60894936	0.22992156	-1.3355868	1.1394936	-0.3488333	-0.46664053	-0.8757241	1.5238631	1.2834492	0.49117914	0.050717633	1.2581794	0.5260936	0.22710888	0.23821467	0.39245924	-0.79524606	1.3617002	-1.514178	0.40359193	1.1149788	1.3876721	0.64850557	0.694438	-0.2717365	0.7404515	0.21913563	1.3495607	2.3078945	1.9116093	0.3144102	-0.5314872	-0.80725807	-1.0234064	0.41663486	-0.018265953	-1.2212543	0.3665729	5.669418	1.0886776	-0.3110258	-0.5342776	1.4708874	2.6580825	0.98566246	0.12876342	-0.41820276	1.5976067	0.05804863	1.0066537	-0.028952807	1.7201165	-0.92824215	-0.45037168	2.9483771	-1.5948949	0.118252024	-0.36380622	0.078100204	1.2468954	1.7193217	0.16552338	1.1918676	0.06688164	2.0822313	0.37669882	-0.5585113	0.37907845	-0.17607826	0.07561996	-0.6046615	-2.4743114	0.24387388	-1.3271799	1.4506106	0.107066385	-1.5499523	-1.3395193	1.404998	-0.45609203	-0.86518914	-0.49705902	-0.28843218	1.4878105	-0.7229745	1.161364	1.1422414	-0.10403886	0.35419017	-1.0681951	-1.0732037	0.07423642	1.5486822	-0.6214521	0.6925113	0.8852435	0.67773265	0.02027501	0.6347577	-0.3733507	0.18370377	0.66563773	-1.0037355	0.7842565	1.5683482	-1.6126937	0.40455878	0.38588667	-0.38122642	0.057614565	-0.44022465	-1.7700421	-0.6953478	-0.21920793	-0.53689355	-0.31662193	-0.20320348	-0.814382	-0.00919329	-1.001237	0.5003358	-0.24519695	0.2043204	0.22538209	2.4137306	0.17745169	-0.024196194	-0.050970364	0.7624553	-0.17002068	-1.6488676	-1.2252445	-1.3889314	0.061645877	-0.21981546	0.7088431	1.599885	2.3408444	0.19074965	-0.70660156	0.71571815	-0.41701594	-0.35286185	-0.2556549	0.9404215	-0.24811614	-0.5226994	-0.45366484	-0.013188704	-1.2384518	1.3888353	0.41609472	2.0904381	0.87923783	1.7031915	0.9707389	1.3503624	2.939647	-1.5976546	-1.9236295	-0.9104722	-0.07026543	-1.0349616	-0.28771672	0.9791607	-0.16500716	0.88379365	0.1927792	0.04059236	-0.03434119	-0.82297266	-0.4718487	0.54569334	0.61463124	-0.513434	-0.07284913	-0.22144105	1.0247499	-1.4793918	-0.00178353	-0.19301027	1.1617945	-0.8408141	1.1909504	0.19449614	-1.2392471	1.132818	0.16703336	0.12048411	0.3011809	-0.23504071	-1.3335973	0.112643	-0.29549018	-0.27294934	0.43935794	1.9226779	-0.40240124	1.2105867	0.22695535	0.51354665	-0.34949604	-0.37006655	-1.6127089	1.533857	-0.8866681	0.650135	1.2947279	-0.13967958	-1.7654841	-1.7517934	-0.28742144	-0.6837016	-2.1654203	0.22187674	0.6212995	0.76254106	-0.16332641	-0.29992142	0.9568642	-1.69063	1.1634159	0.19542195
3-methylasparagine	-0.58786076	0.23121314	0.044864297	0.43952918	-0.45962542	1.1504468	0.16199538	2.603299	0.1800219	-0.26719368	-1.3385898	-0.19404434	-2.2169337	-1.1788739	-2.163363	0.33361095	0.26018694	0.73437864	-0.23786856	-0.72886074	0.75817066	-0.1800478	0.48737013	-2.0712364	0.8037272	-2.031091	-0.005126781	-0.40963423	2.994742	-0.8592028	1.294356	0.49243516	0.36088306	-0.30882955	0.29475585	1.145621	-1.1838762	2.2929168	0.8024318	0.07265965	1.8348823	1.0387901	-1.0312418	0.56126523	-1.4878415	0.37882236	0.1996022	0.0056246584	-0.82543427	0.6509516	-0.9397247	-0.1910632	0.094631344	-0.2022115	1.7736543	-0.22032508	-0.88941956	-0.659199	-0.472225	-0.8216659	0.7980345	-0.58217627	-1.9464628	1.1904645	1.0886776	7.989882	0.0065373606	-0.75300866	0.86521053	1.0827029	-0.30352983	-0.5241349	0.7610463	0.46574852	1.0615133	-0.2864995	0.24126244	2.140182	0.82976	0.7422509	2.4567518	-2.1251016	-0.92842865	2.0689116	0.40129986	-0.018203977	0.8436542	1.3793561	1.0414952	0.32932502	0.36185473	0.20255728	-1.1729387	0.15736891	0.033251833	0.89765346	-0.55188763	-1.3160671	0.20426016	-1.603937	0.103797115	0.67970985	-0.5006959	0.6200147	-0.37688228	0.15214643	-1.8581578	1.7188424	0.26585016	-0.55298066	-1.484616	-1.041158	1.0485507	-1.9419733	0.20507123	-1.185181	-0.81812364	-0.7856644	0.05176592	-0.8834333	2.0955784	0.43062383	0.26235753	0.77508694	-0.08842661	1.4528888	-0.78383714	2.3783522	1.2790229	-1.3186654	-0.4710287	-1.9837188	0.39641348	-0.4118252	-0.23092104	-0.16025424	-1.234753	-2.2753718	-3.256188	-0.52886	-1.7259027	1.2215462	-1.1069646	-1.8581619	0.1499486	-1.928561	0.34156284	2.1154156	1.9215014	0.33681932	-0.35950455	-0.21776967	1.0617815	1.257331	0.139889	-0.28655443	-2.12938	-0.69677514	-2.295281	-0.068803914	-0.66120774	-0.44860443	2.0704336	0.2808666	-0.22688468	-2.4436839	1.2053714	0.29025328	0.083825886	-0.45630583	0.04227933	-1.723535	-1.7905252	-0.70389163	-0.5893575	-0.8233047	-1.3405949	0.88330346	0.33308563	0.3801618	-1.3815378	0.35032922	0.42353192	1.0292357	1.9538308	2.2951872	-0.37582985	0.5472055	-0.75636965	2.716738	0.12059876	-1.0397227	0.96517247	1.4719578	-1.4120103	-1.1926166	-1.0932431	-1.4713452	0.15586478	2.6127083	0.06607396	-1.025987	-0.49201408	0.122238725	-1.3181007	0.757334	-0.3476242	0.2551889	-1.1600066	-1.0317686	-0.016499469	-2.3694267	-0.88392043	0.4109207	0.17706977	-0.6788025	-0.17420271	-1.664157	-1.2306178	0.7649764	-1.6801093	2.0261662	0.060951848	-1.162116	-0.5011473	0.24372226	0.4284012	-0.27291763	-1.3106289	-1.4546471	1.5392375	-0.8702057	-0.33013812	0.4603578	0.25879627	-1.5998032	-0.5851961	-0.9078561	-1.5333092	-0.41953295	-0.012428608	0.5830229	-0.41048193	-0.22463968	-1.4000535	0.85747564	-1.380634	0.29802254	0.7019574
3-nitrotyrosine	-0.16373944	0.5404291	0.053662516	-0.4072052	-0.4306986	-0.32634628	-0.49554938	1.1844393	-0.39779794	1.0529826	0.7093876	0.4315335	-3.4655907	-0.07487182	-0.65937173	0.3410811	0.8430659	0.58848596	0.7519624	0.5469046	0.91141677	0.5215867	0.19708297	-0.957894	0.8463342	0.2856668	1.0723546	1.6145631	-1.8955631	-0.008155791	0.5294143	0.27693957	1.2591028	0.35695162	0.7157584	0.8437059	-0.07241316	-0.1156963	0.8048817	0.4080276	-0.28177115	0.82020056	0.632268	0.074331045	0.0021613112	1.3678616	0.6464849	-0.16432649	-0.58049226	0.78872955	0.42676777	-0.47963658	0.7751566	0.009488013	0.23810579	0.10062018	-0.08829411	-0.3197542	0.23936667	-1.2348231	-1.3329548	2.8072875	0.07517831	-0.86180043	-0.3110258	0.0065373606	7.035736	0.84494823	0.555524	0.0657541	0.109087564	0.8747819	-1.1568593	0.36895832	0.3621655	-0.15663956	1.4316288	0.013585374	0.4118404	1.4722726	-0.0008841488	-1.9295788	0.7540489	0.3792812	0.818345	0.381065	-0.039569303	0.49748757	-0.30082762	-0.017195841	0.14630434	0.05977931	-0.4957754	2.5001872	0.35671493	-0.2748737	1.4281592	-0.52343446	0.7004017	-0.2136038	0.56190485	0.42756814	-0.5464909	-0.06597534	-0.30542582	0.7704708	0.295095	0.06512603	-0.38042703	1.6789159	1.2056916	0.4027173	-0.14019185	-0.781908	0.37948602	-0.21847667	0.42186916	0.49743494	0.020606598	-0.5768383	0.78670293	-0.33868122	1.0558382	1.5275165	0.7633657	0.35699928	0.5281471	0.4783119	0.9466828	0.40627882	-0.78679055	0.73594826	0.28179848	0.9681776	0.56879956	0.24282302	1.3244265	-0.656753	-0.26818228	1.4810221	0.17710823	1.38251	0.9421274	-0.45705125	-0.12723683	0.57211125	1.3805156	0.18842947	0.8373091	0.6280238	0.26031217	-0.08176851	0.37549853	0.61942387	0.26726946	-0.28106225	1.0007552	0.7059607	-1.7399856	-0.19031848	0.17503347	0.40075	0.2841738	-0.042231668	-0.2967071	-1.4979208	0.3265513	-0.5308226	0.14199342	0.53331834	0.33568344	0.7834271	0.7443789	-0.4182885	0.5776059	0.06155901	0.8425208	0.5000671	-0.28360873	1.1553526	0.55727434	0.47093028	0.823163	0.2319879	-2.3964696	-2.4969327	1.1693912	0.25364485	-0.1621821	0.64123464	0.42596528	0.75677985	0.14414604	-0.5356445	-0.95194304	-0.26476285	-1.1254871	-1.1261883	0.78556865	0.7394705	1.3068355	0.46211815	0.8275843	1.6753758	0.15040746	0.6315523	0.67644125	0.53786176	0.24200514	0.47647375	-0.7854424	0.43845677	-0.36531517	0.67893195	0.6111852	0.15506147	0.9127715	-2.0785284	0.86696076	-0.0108092185	-0.08555167	-1.1066645	-0.6229333	0.8385154	0.3320358	0.5257124	0.87674975	2.4277575	-0.13919123	-0.43341342	0.65497667	-0.11076917	0.028669633	0.57120585	-0.80438316	-2.2591012	-1.8416742	-0.451922	-1.080318	-1.9550779	2.9268515	-0.23794116	0.0978803	0.8639923	1.1544961	0.4185478	0.15619613	-0.0894147	0.7412938
3R-hydroxy-2,4-diaminobutyric acid	-1.1484609	0.20575015	0.57938504	1.0336316	0.6752474	0.16696699	1.3182145	0.7712639	0.26014346	2.1554632	2.2275035	2.3477142	-3.2775395	-0.025634013	2.02755	0.65770996	0.26331624	0.8463409	1.2109629	0.092271715	0.80098873	0.10800569	0.8781708	-0.9963239	0.3756877	1.2978773	0.9695338	0.037010685	-0.27078858	1.291174	0.33798325	-0.031362504	2.7865665	0.4999187	0.34809643	0.7830504	0.045473445	0.6822702	0.12088962	2.071411	2.2551537	1.1377366	1.1426328	0.9921119	0.361176	1.3241225	-0.089499116	1.0360425	-0.18266769	0.30339906	-0.7801548	-0.026018245	-0.030107081	1.87725	-0.25625828	-0.20813833	-0.17918839	-0.53441066	-0.27862966	-1.0476655	0.7075801	0.1855925	-1.2423887	-0.7321039	-0.5342776	-0.75300866	0.84494823	4.693845	0.51217407	0.062084023	0.14537129	0.6508536	-0.0025524858	-0.05030179	0.116501115	0.26374418	0.8616121	-0.4413663	1.2016929	1.4949129	-0.060688395	-0.87514395	0.37147504	0.020313324	-0.6635023	0.06694887	1.6227628	1.845834	1.0240176	0.35859156	0.47434327	0.5147731	-0.79618335	0.40032393	-0.26576024	0.38398153	0.6729325	0.053556535	0.8604299	-0.12634815	0.21106288	2.8021977	0.3592394	-0.14772733	1.4376781	-0.44120654	-0.04871406	0.40357354	0.6506312	0.7201467	0.6596624	0.16823997	0.32527527	-1.0827191	0.31181124	0.3205132	0.98996913	-0.4944636	0.06497143	-1.1806103	0.6584636	0.5967751	0.6452067	1.250449	1.2637142	-0.010164967	-0.07951755	1.0561273	1.5506738	0.8644087	0.031050555	1.7719029	-0.16144869	1.920588	0.73829603	-0.84230113	-0.6192192	-1.7070906	-0.26491106	-0.571391	-0.31160605	-0.23696905	-0.45741704	0.9040444	1.6125759	-0.48115182	-0.870481	0.9738363	0.5639783	0.841233	1.1387254	3.0681558	-0.084100865	0.6959069	2.0273535	-0.25486535	-1.2841183	-0.16709754	-2.0655167	-0.030963548	-0.5070334	0.2568703	-1.3211452	-0.025437612	-0.25561887	-1.644875	0.8997159	0.41538963	0.22016461	-0.53429866	-0.06665907	-0.70500326	0.34396043	1.1955642	0.18546349	3.190628	1.5508376	1.4071707	0.013309915	0.35178375	-0.14119183	0.42350224	0.62353873	-0.9171103	-1.5152873	-2.136763	0.6927839	0.4847973	-1.2278107	1.88519	2.0043395	0.4461213	0.37152988	0.32556716	-1.2490036	-0.8122196	0.26104867	-1.320784	0.9555223	1.9506274	-0.028107623	1.9782736	-0.639897	1.0954515	-1.0306225	-0.15083146	0.6539117	0.45666352	-0.16027713	0.50313514	0.17083453	0.5304792	0.1393808	0.40608925	0.70808184	0.44447973	0.74197906	-0.44193903	0.8533794	0.14048013	-0.9495943	-0.0139283445	0.39405817	-0.5360576	0.8613692	-0.48298442	1.1224946	0.09531529	-0.517385	-1.6027446	0.8113248	-0.686301	0.41135746	0.75635594	0.85922056	-1.9894149	-1.0977386	0.88833547	-0.4958485	-1.8742292	0.40327147	0.3935965	0.49100405	-0.05296872	-0.79328	0.98723793	-0.88232607	0.71708643	0.8941382
3R-hydroxyasparagine	-1.3209174	-0.7731795	0.21024323	0.4569424	0.13468859	-0.2550422	-0.399866	1.1673462	0.0029831692	-1.7270533	-1.2342937	-0.5455355	-1.1420177	-1.2755486	-1.0919865	-0.35868523	0.1881344	-1.0388453	1.386517	-0.71294326	0.7343348	-0.8474791	-0.34383142	-2.0761254	1.4993105	0.42210954	0.5148383	0.24695617	-2.8970377	1.7573451	-0.9641501	-0.23634623	-1.5102581	1.6180998	1.4265697	0.048467293	-1.0953742	-0.68079937	0.54980695	0.10178114	-0.119019955	0.36937588	-1.1169893	-0.29235595	-0.4193112	0.7191846	0.3038481	0.14081734	-0.13455084	-0.5459134	-1.3424596	-0.22162923	-0.7929564	-0.79380876	1.9754628	1.527139	-1.0413396	-0.26576313	-0.5088303	-1.2101845	0.43364134	0.76008254	-1.5363057	-1.0374899	1.4708874	0.86521053	0.555524	0.51217407	6.203945	1.5562944	-0.63488775	1.5314454	-1.2518488	0.48139387	0.4950399	2.2967086	1.1355236	1.6327306	-0.5753987	2.0303874	1.0505861	-1.9074122	0.07546532	0.64115953	0.77704555	-0.28647044	-1.248934	0.05281865	1.032086	-0.43961564	-0.09004128	0.4612348	-0.7241808	-0.50981647	0.53729755	-0.8774827	-1.2988942	-3.2401145	0.25467747	-1.9455868	-0.2810628	-0.40798604	-1.3555197	-1.5255424	-0.6523646	-0.7400054	-1.4788982	-0.68486106	1.0293409	0.07522983	-0.3044187	1.6512703	0.9335225	-0.28499252	0.17221409	-0.61944395	-0.45703965	0.63178474	1.2740992	-0.29077923	-0.011642495	-0.3844695	0.3470403	0.93290025	0.8117066	-0.3807234	-0.6149886	-0.94050545	2.2364638	-0.58878964	-0.36442327	2.18693	0.7399106	-0.84833217	2.3196502	-0.95896274	-0.1072877	-1.9066023	-0.90541726	-0.43590295	-0.05968512	-0.04896535	0.011366963	-1.0781581	-0.2863591	-1.3997018	-0.18625844	0.43668202	-0.25552437	0.5787534	0.97429496	0.24462827	0.01315145	0.42259112	1.739729	-1.1130995	-2.2581768	-1.305134	-3.3862832	1.7231604	-0.4080122	-0.3743522	2.0231755	1.8887731	-0.0022741766	-2.4341383	0.566208	0.49284875	-0.9125189	1.0171596	-0.81874424	-0.8930812	-1.464076	-0.25987563	-0.45137802	1.6408991	-0.014149643	0.2403428	-0.88018304	1.3081374	0.7832584	0.88613486	0.8194339	1.580751	-2.6398103	-2.833099	-0.40342268	-0.69623417	-0.6071638	-1.3323634	0.24697758	1.2321209	-0.010636189	0.48602054	-0.823473	-0.5007765	-1.8309461	-1.3567728	0.6984292	0.69387054	1.0599102	-1.1331887	-0.36107442	-0.5186106	-1.4083161	-0.5086228	-0.31742913	-1.0792576	-0.9810342	-0.3261193	0.23022482	1.7995375	-0.49969086	0.6583021	0.6428879	-0.25528875	0.11664752	0.1756649	1.0491893	-0.2667684	-0.5574039	-1.0085825	0.5089336	-0.6159616	-0.20762998	-1.5621353	-0.36891806	0.07022842	-0.3907852	-2.709513	0.13277617	-0.8165979	0.44475693	0.8867344	0.029687002	-1.3654083	-3.0491571	-0.8097238	0.08033089	-3.1101418	0.08640267	1.0253917	1.1186283	0.54645485	0.0062472774	0.702679	-1.1114726	-0.07621146	-1.0617621
3R-hydroxyaspartic acid	-1.0785288	1.1116436	0.16969404	0.54038185	-1.1307817	-0.65241015	-0.7437601	0.99335235	-1.3623525	-1.6891031	-2.027348	-0.6360843	-2.3319902	-1.0758473	-1.6680683	-0.8875597	-1.3397102	-0.5862993	-1.3906976	-0.1884902	-0.5441527	-0.1574773	-0.145556	-1.2675649	-0.9420526	-1.2968631	0.14374025	-0.30434492	-1.7224339	0.41223967	-0.9436222	-0.79709315	-2.441956	1.2908677	0.42887676	0.4916592	-0.42444837	0.91261023	-0.08795503	-0.32191768	0.7671878	0.49365085	-1.4007579	-0.29825568	-1.9040462	1.7215621	0.61606157	-0.117362276	-0.0480348	2.0952003	-0.32749557	-0.63567746	-0.96000415	-0.031071573	1.876015	3.405052	0.755573	-0.96958995	-0.9052414	-0.5535401	1.0970724	-1.0846343	-1.7201036	-1.6438968	2.6580825	1.0827029	0.0657541	0.062084023	1.5562944	5.9849076	1.282141	-0.9009237	-0.8185583	0.99452543	-0.6732914	0.20462123	-0.8700927	1.78249	-0.18245512	-0.21602917	1.7171795	-0.2981011	0.75449306	-0.30380195	-0.0033481678	-1.1140019	0.07311416	0.367691	0.8763786	0.51775426	-0.6267828	1.1094441	-1.6468211	-0.41836342	0.6457961	-1.1029767	-0.5205982	-2.586682	-0.42208043	-0.8111297	0.2473338	0.8676039	-1.3556281	-0.19740565	0.28998774	-0.07138385	-0.6022354	-0.59270173	-0.6172728	-0.4671507	-0.47502512	-1.3561858	0.7636476	-1.1167556	0.21201639	-1.6709566	-1.0061938	-0.03869732	-0.32093507	-0.61081606	-0.41468462	-0.54275	-0.23558538	-0.40850246	1.0195053	-0.9699386	-0.021655664	0.24640724	-1.1320735	-0.68932784	-1.0556254	-1.0520804	-0.14612992	0.97991157	-0.78586435	-0.9174509	-0.856303	-2.0834222	-1.7297214	-0.2523144	-0.43529585	-0.550519	-0.7711434	-0.5042751	1.2852027	-0.8570812	-0.37517083	-0.600273	-1.1521432	-0.34487846	-0.41321236	-0.0018265229	-0.6730922	0.8967457	0.29451826	-1.2314683	-1.3711438	-0.6579819	-1.6632483	-0.5209629	-0.40413657	-0.58836895	1.3246704	2.8878171	0.40632972	-1.0046276	0.31933594	0.3476197	-1.0818135	-0.9513332	-1.2400349	0.701043	-0.7787909	0.6688072	0.19266418	-0.037772864	-1.3932531	0.074612	1.1218876	-0.0082532065	-1.6068505	-0.011518098	0.79199153	2.4315333	-2.40895	-1.1490169	-0.9963765	-0.8931446	-0.5097378	-0.23526429	0.21947452	-0.052075062	-0.06298505	-0.64654803	-0.30612	-0.63858616	-1.7832998	0.42944843	0.144605	-0.3747766	-0.5687361	-0.43102434	-0.07663461	-0.4148125	-1.5631418	-0.8169062	-0.68912196	-1.004819	-1.3515394	0.48650238	0.058554802	-1.049852	-0.7033408	-0.389439	0.5647955	-0.18015206	-0.67989147	-1.2958937	0.4819305	-0.25074258	-1.173139	-1.3239931	-0.7391098	-0.9971838	0.8765427	-1.1398097	-0.88038284	0.111513786	-0.5685499	-1.4296904	-1.1365044	-0.9289713	-0.7617695	-0.25500035	1.0671651	-1.3354214	-2.5354798	0.6335726	-0.08002165	-3.052381	0.93643826	0.0067345314	0.0335471	-0.34053203	-1.0951132	0.52564543	-1.7200458	0.0027588662	0.32469293
3R-hydroxyglutamine	-1.2142918	0.097201236	0.19936217	-0.17559211	-0.9883403	-0.45503274	-0.33447558	0.92011213	0.49236092	-0.72546786	-0.60163045	1.8177116	-3.1308644	1.088732	-1.4330776	0.120859094	-0.43122384	0.16524442	-0.69295716	0.044543624	0.12237386	-0.1355312	0.13796356	-1.2208904	-0.89669514	-1.0597389	0.35479715	0.0036702668	-1.297772	-0.24324161	-0.0847548	-0.375094	-0.45925874	-1.3647273	-0.95969427	-0.91051507	0.38253	0.394586	-0.1601831	0.4226369	-0.2178254	0.21785799	0.71504265	0.21331385	-0.65868187	0.057600833	0.4954493	0.3031378	-0.16530885	0.63301927	2.5053754	0.80031306	0.23643008	0.12132063	0.34505868	1.6317714	4.092187	0.7025679	-0.1834867	-1.4608786	-1.7111766	0.3237995	1.3994572	0.5668942	0.98566246	-0.30352983	0.109087564	0.14537129	-0.63488775	1.282141	4.092188	0.5212086	1.1539333	-0.1203292	-0.65649235	-0.88870037	-0.08170875	-0.15258248	-0.22803442	-0.2109346	0.5507684	-2.6580102	0.43888542	-0.71119756	1.0332617	0.4365409	1.0835388	0.8878123	0.32783818	-0.33103588	0.29137644	0.39796895	-1.0535675	-0.28742492	0.69789404	-0.5864758	-0.7646983	-1.4028814	0.538819	0.01627915	0.7788624	1.0088642	-0.97700644	1.5039082	0.48632163	0.78226984	-0.0634772	0.45330352	-0.99998885	0.06276641	0.3315432	-0.13537143	0.8724006	-0.80409276	-0.83780813	1.2830292	1.4426734	-0.269607	-0.8007922	-0.5332686	0.9426777	-0.22067983	-0.41954964	0.83339876	0.8283529	0.38326135	0.0882281	0.43752885	-1.4182094	0.34806353	-1.5567504	-1.9702594	-0.14685471	-0.22635564	-0.52741945	0.1644746	-0.5682822	0.056008182	-0.95586514	0.45885813	-0.80523735	-0.047985394	0.34908935	0.43378797	-0.63979936	0.80668455	0.5411597	0.09567026	-0.49257395	0.3537427	0.18785396	0.51021177	-0.20236956	0.25178975	0.11278209	-0.092484094	-1.9546506	-0.6357256	-1.3526752	-0.9659106	1.2525408	1.0170903	-0.17295802	1.0037208	-0.82697296	-0.92252994	0.26655874	0.9504066	0.69396853	-0.04768121	-0.5308945	0.059748203	2.0062604	-0.1804046	1.0237097	-0.6954182	0.4915844	-0.15851037	1.122028	-0.014830647	-0.26731467	-0.62108153	0.18050857	1.257605	-0.7142196	-0.79966676	-0.2894914	-0.6254705	-1.1648409	0.8165963	0.080094464	0.34699503	0.44766334	0.21691194	0.65354645	1.5752811	-0.5520891	1.2104317	0.23285764	0.14609063	0.80769587	1.3456882	-0.16881414	-0.060529754	-0.3571197	0.09101803	1.1933768	0.31454498	-0.040684316	0.8668085	1.7309701	-0.31112462	-0.24887994	-0.5138837	0.22363353	1.748953	0.25530195	-2.8081453	-0.24382636	-0.46060607	1.6577308	-0.23192224	1.3379799	-0.088444516	0.33141375	0.18718927	-0.4350152	-0.030034846	0.2623788	-0.5578692	-0.4203057	0.16471821	-0.5542173	0.61930674	-0.51860183	-2.126166	-1.4187932	-1.2855599	-1.62173	-1.581457	0.71043634	-0.33602503	1.7298826	0.13136104	-0.21842143	0.21525751	-0.43999714	-0.0032975145	-0.21933855
3R-hydroxyhomotyrosine	0.15594433	-0.29315618	0.25590742	0.70911336	-0.08780489	0.543998	0.42538092	0.6506647	0.52930987	-0.3148074	-0.5114938	0.6984069	-3.0224824	1.632273	-0.78157014	0.44116804	0.23780519	0.8089032	-0.29188228	0.829681	0.81902564	0.11347365	0.07338349	-0.012298622	0.05116218	0.6021173	1.1019521	1.4599217	-1.4063182	0.36510143	-0.29550987	0.07256796	-0.3918818	-0.041475523	-0.043977156	0.38542783	0.340523	0.31611344	0.58676934	0.4518427	0.30093378	0.0066209706	0.19084814	0.27659592	0.46667463	0.22907002	0.14101999	0.5055231	-0.4493701	0.8875564	0.51807606	0.18865496	0.47476572	0.066954896	-0.20463622	-0.6097032	-0.029938234	0.28751865	-0.06530055	-0.9837442	-1.0071117	0.5747958	-0.91177684	-0.8615326	0.12876342	-0.5241349	0.8747819	0.6508536	1.5314454	-0.9009237	0.5212086	9.506274	-0.03780951	-0.20556222	1.182245	-0.05546806	0.9937819	-0.7530564	-0.052192613	1.9775974	0.27607706	-1.7040601	-0.5197663	0.08904655	0.6101502	0.3840796	-0.53622925	0.37363914	0.24861658	0.11408953	0.54158235	0.7282806	-0.12588876	0.9699191	0.5136468	-0.19760361	0.7643823	-1.6924566	0.72179157	-0.16084822	0.40154332	0.2664327	-0.21062155	-0.05246513	0.2967849	0.23670314	0.3210846	-0.111580916	-1.0564262	0.5658848	0.068377815	1.5108624	0.40663427	-0.18730012	-0.1747263	-0.82006526	-0.48908365	1.0118802	0.5399682	-0.3964639	0.17624356	-0.42726597	0.24809553	1.372174	1.5221128	0.22417118	0.24606365	0.7565776	2.0860229	0.7277075	-0.86329	2.0688717	1.1046944	0.35637686	2.1254444	0.074789666	0.48461917	-1.1229801	-0.078765646	0.51033205	1.0880109	1.1132833	0.35526046	0.008640168	0.0003065593	0.084169164	0.22869699	0.64852905	0.47906062	0.8164212	1.4805984	0.90905404	1.094219	0.70951045	0.5666009	-0.2931903	-0.103312574	0.07242616	-1.312026	-0.33366668	1.0652318	1.0823368	-0.6958858	-0.5063291	0.268478	-1.6618439	0.6741054	-0.26508516	0.113433205	1.791697	0.48004258	-0.7730906	-0.24500869	0.22893481	1.127118	1.5851952	-0.10664167	-0.11405768	0.24965097	0.54455197	1.1926745	0.64323413	0.5043559	-0.21492352	-1.9542139	-1.9276909	0.12723954	-0.16308264	0.3791339	-0.24915442	0.49600828	1.6435182	1.558491	0.6556924	-0.048138864	-0.6414792	-0.835019	-0.9679176	0.8736905	0.6236955	1.1087247	0.550445	1.0377988	0.89359885	0.3166764	0.055091947	0.2201297	0.16340946	-0.0023479587	0.60672015	0.022439148	1.8580706	0.101280764	0.04345155	0.77684426	0.31742713	-0.08560946	-1.3101158	0.9777375	-0.19576378	0.6339768	0.3496129	-0.30784097	0.06602375	0.156666	-0.22524771	-0.048961595	1.2595538	0.19481543	-0.76508594	0.25662372	-0.19306862	1.6730313	0.5958366	-0.7763922	-1.6686634	-2.2320654	-0.31140357	-1.0972222	-1.8916442	-0.19282681	0.12777147	0.13009903	0.6874826	0.110390335	0.8322116	-0.17524284	0.2323409	0.25444165
3R-methylbeta-alanine	-0.9198225	-1.1342183	1.6096249	1.0006276	-0.66934204	0.99759454	0.25618297	-0.6966098	0.7554754	-0.08118783	-1.1889477	1.8008671	-1.1078056	2.0125039	-1.6474817	1.87933	-0.67331815	1.3127328	0.33385718	0.8067077	0.41795966	0.6279344	0.76974946	0.763373	2.3077629	1.8900248	2.2661393	1.3294612	0.027738772	2.072357	1.4738864	0.76940864	0.32525927	-0.26571393	-0.5649808	0.0783985	0.92324716	-0.797575	1.6941141	2.0079181	0.8910365	0.5570059	0.10434285	2.9837832	-1.9554129	0.9113643	1.6307325	1.8505759	0.47775868	-0.26228544	1.1579301	0.52402794	-0.18928821	2.6764588	-0.8341672	-0.79167986	1.1180606	2.4645348	-0.4818604	-0.21851991	1.5589321	-1.5244488	-0.6368397	3.0035503	-0.41820276	0.7610463	-1.1568593	-0.0025524858	-1.2518488	-0.8185583	1.1539333	-0.03780951	4.0491867	2.0577214	-1.0693098	0.6261969	2.1866312	-0.22213197	-0.4936773	0.16381603	0.53603315	-2.2651422	-0.1500551	0.47265172	-0.49086633	3.0133119	2.0166593	1.6523129	2.4832704	0.10007306	1.9826833	2.9642045	-1.0389344	1.6150897	-0.11324826	-0.021171732	-0.4765631	-3.0465796	0.4928658	-0.08212893	1.2761239	-0.5029717	0.021076635	0.46209872	0.26096767	0.29674435	1.6642632	1.3503072	0.8067297	1.320443	-1.1774657	1.7079331	0.9454832	-0.22757632	1.3553525	1.831689	1.7591602	-0.76551944	0.059865322	0.37439814	3.0094066	1.6401606	-0.534832	1.5063357	1.3064172	1.6138171	-0.8610685	1.9884536	0.52180487	0.281934	-1.2050561	-2.211761	-0.38991043	-0.06646126	-0.82831144	-0.38994977	-1.6687024	-1.8781728	-3.4212427	-0.5143646	-2.3911674	0.15237574	-0.5156825	0.16445692	-0.056828994	0.8121123	-0.27764717	1.8592154	0.7637733	-0.040362112	1.3220013	1.5641026	-1.4305718	1.1976461	1.1524427	-0.62248915	-2.520527	-1.1760926	-1.8554893	0.7291755	-0.39186946	1.5591427	-1.7898068	-0.9187869	-1.6220808	-0.78280914	2.632484	2.0237634	4.0491858	-0.60709876	2.8861544	-2.199632	1.0832514	0.29786733	0.16582146	2.7452936	1.8728112	0.7454782	0.38365555	1.5202934	-0.20692773	1.5088011	3.6506147	0.27466094	-1.1080964	0.08956224	0.51035035	-0.061325166	1.1149049	1.5832716	2.5187354	0.33219865	0.4113265	-0.086885415	-0.9075439	-0.9544667	-1.7515788	-0.04284547	1.3234239	1.6242318	-0.067242086	0.025404917	-0.9205304	0.6213156	1.2254301	1.3350623	-0.18685253	0.9418344	-1.0830902	-0.9338593	0.3920718	-1.6174629	1.9178425	0.6830829	0.4494768	0.05925432	0.14014207	-0.44765225	0.7626324	2.1662297	-1.1349047	1.1639564	2.5471573	-0.6443231	-0.30317712	0.104863696	2.8970425	1.199602	-0.3923688	-0.18378556	1.4325829	-1.1866473	-0.2107409	1.0102834	-0.06737017	-0.013070879	-1.3309854	0.012454826	2.0906944	-2.2386081	-0.5351301	0.899454	2.5166748	-0.08341703	-1.0415736	1.3994713	-1.3705084	0.3586316	-0.18697461
3R-methylglutamic acid	0.5084876	0.66490716	1.8364141	0.17595866	-0.057035066	0.37022138	0.13484329	1.1758071	0.092668176	-1.8937343	-1.8105149	-0.08674096	-0.87289196	0.355845	-1.3763238	0.5145492	-0.4230079	0.043127913	-0.35670954	0.26491416	0.24366938	-0.17743212	-0.19220214	-0.3770756	0.98411906	-0.5156911	0.48659602	-0.14211227	0.604432	0.9866669	0.06470776	-0.43405363	-1.5807358	0.05497957	-0.02271599	0.9562041	0.31069198	-0.20073503	0.17031215	0.37554538	-0.4898575	0.4314312	0.2751717	0.86675936	-0.6932553	0.9102708	-0.03239076	0.42118454	2.168451	-0.46465868	-0.08025717	0.28704193	-0.4971036	0.48238635	1.618266	-0.51996416	-0.38158464	2.0173695	-0.29757926	0.3671384	0.6356973	1.3443751	-1.2471273	0.06828986	1.5976067	0.46574852	0.36895832	-0.05030179	0.48139387	0.99452543	-0.1203292	-0.20556222	2.0577214	6.0633373	-0.25249964	0.8806157	1.291172	0.85434175	-0.060381904	-1.0145231	2.373875	-1.3102751	-0.40321624	0.35032368	1.6872497	0.5462655	0.49698418	0.3951553	1.4276756	1.2705793	0.51312184	3.3354917	-0.85403657	-0.27121642	0.55972606	-0.5076756	-0.8921093	-1.4334745	0.39118698	-0.21467207	1.9174185	0.14238802	0.15595452	0.24992137	2.2355142	-0.4754635	1.2928592	-0.022138	1.3301121	0.34503868	-0.6608867	-0.66275096	0.6860078	-1.3965982	0.12335506	0.07451341	0.4525761	-0.5476061	-0.38556597	0.650949	1.7330325	0.73029137	0.65523356	-0.53126425	-0.062491808	-0.12306973	-0.7750274	0.23203638	-0.042680115	0.1767032	-0.047559872	-0.093705356	0.2149493	0.5337608	-0.6992818	-0.59537023	-1.0903467	-1.7652618	-1.5358791	0.1450024	-0.50119245	0.6992173	-0.39772838	-0.19653207	0.2906232	-1.1005476	0.46077988	0.26265046	-0.07350332	0.033333123	-0.6576512	-0.1988951	-0.24846706	-0.43233636	0.36959338	-0.4651683	-1.6204872	-0.5332661	-0.63583887	-0.056670777	-0.14620131	0.24847376	0.74123335	0.7602371	0.46749875	-2.0128505	0.35207427	-0.070240684	0.93200815	0.23803268	0.52630055	-1.4871225	-0.91382486	-0.78262734	0.031550247	-1.3285884	-0.41509303	0.61402035	1.4877812	0.2135959	-0.18152997	0.8669638	0.87630665	1.7955028	-1.1293101	-1.1164492	0.8156161	-0.7765378	1.0468817	-0.17785451	0.1336712	0.11251614	0.295336	-0.06672852	1.7253156	-0.58081067	-1.2914114	1.4371592	0.50513214	0.25492668	0.09287928	-0.47673804	0.6653936	-0.053513564	-0.60099757	-0.1490728	-0.123675935	0.10115644	-0.9453052	1.4172404	0.757898	-0.083932765	1.3621866	0.6445131	0.11449382	-0.21449323	-0.4605728	-1.5952861	-0.3627995	1.2332566	-0.81205815	-0.046553005	0.2917976	-0.95062745	1.1545928	-0.09820188	0.5429112	-0.1399383	-0.19238426	-1.240683	-0.13069136	-0.87717456	-0.011154163	0.38041997	0.027667694	0.28874868	-2.1191425	2.1089506	1.3779318	-1.5404133	0.22449829	0.6669941	0.71918786	-0.0037174693	-0.045491688	0.2332432	-0.9985827	0.19955885	1.0889558
3S-cyclohex-2-enylalanine	0.62494767	0.17220947	0.24705757	0.88333076	1.8119032	-0.27822286	0.22046548	-0.35151502	0.21128553	-2.0216851	-1.0953274	-0.06273598	-0.34425712	0.48678178	-1.2967279	1.4616954	0.709164	1.0830386	-0.645473	0.050087634	0.21896489	0.77544624	0.2181955	-1.9136745	-0.5156575	-0.15698023	-0.4528837	-0.793211	-0.7313514	-0.024484033	1.5785676	-0.24568447	-1.4620254	-0.14591864	0.042766932	0.2104992	1.1853789	0.09719486	0.42946216	0.56077033	-0.0044866567	0.5509568	-0.6738436	0.6441438	0.49747264	0.13566403	-0.06434221	0.7363822	-0.41063496	-0.49073157	0.18644676	-0.506485	-0.06898788	0.33236215	-0.47618198	-0.83357096	-0.80958605	0.73583645	0.3715173	1.2465435	0.72503763	-0.16587192	0.13563177	-0.29661405	0.05804863	1.0615133	0.3621655	0.116501115	0.4950399	-0.6732914	-0.65649235	1.182245	-1.0693098	-0.25249964	4.82126	-0.3201128	1.6185843	-0.34896213	1.1478966	0.84901166	0.54209876	-2.770179	-0.4155833	0.6807408	0.46799436	0.071852855	0.5770476	0.42315578	-0.43393302	0.08353907	0.5421655	-0.06761025	0.28464454	-0.3586964	0.13685657	0.0870431	-1.0363235	-1.2660092	1.0828087	-1.9214433	0.037211243	-0.8660877	-0.5627906	-0.16290346	-0.8516227	-0.6959466	-1.2353584	-0.3089337	-0.4181966	-0.1652107	1.0121541	0.779458	-0.059016064	-0.87239766	0.2903848	-0.8676874	-0.61066574	-0.06897384	0.7407992	0.9463745	1.7314616	-0.0527802	0.53835946	0.6966659	0.5917647	1.0077202	-0.7161942	0.55332863	1.2689703	-0.17271464	-0.9814394	1.1427015	0.74654686	0.35826978	1.035937	-0.1500229	-0.69073194	-1.9421449	-0.60019785	0.29040226	0.4587852	0.3138938	0.38231418	0.22737044	0.065206334	0.70201236	-0.052399553	0.3670393	0.3738023	0.10851544	2.2785444	1.0328019	4.187612	0.07772583	0.12486058	0.118851215	0.41130534	1.2570049	-0.62508404	0.04059053	0.0576481	-0.31108567	-0.31335014	-0.83254194	-1.1417228	-2.3519924	0.5012799	-1.3585355	0.38831025	-0.11018943	-0.49881622	-0.6747713	0.037332524	-0.34686396	-0.17406672	-1.2177393	-1.1757157	0.34793282	-0.79332954	1.1264615	0.36976266	0.4706876	0.064422674	0.06151496	-0.5154239	-0.35871604	0.845165	0.033771865	0.52232563	-0.16585355	1.1392549	0.5035076	0.41864884	-0.35558087	-1.3610729	-1.0934952	-0.70006627	-1.3682582	0.587908	1.4651371	1.1607506	-0.4944466	0.5225668	-0.1685082	0.48588994	0.31594712	1.0741365	1.4371946	0.63643986	1.8788136	-0.055300105	0.8399093	-0.2785879	-0.08389361	0.17597106	0.69886345	0.38931704	-0.14462073	0.82098514	-0.18965164	-0.5916536	0.6321113	0.55363834	0.34913626	1.6720413	0.40840834	0.3163273	-0.43830585	0.35255635	0.724256	-0.32196784	-0.4527712	0.3288219	-0.2862586	0.39556915	0.87243634	-1.8601309	-1.4316132	-1.3284048	-1.6904873	0.42914912	-0.5600769	-0.52667874	0.77800804	0.18798852	0.2880746	0.6106363	-0.55942374	0.44026384
3S-hydroxy-4R-methyloctanoic acid	1.0427061	-0.596644	2.8329687	2.5485473	1.2800604	0.6919469	1.2445973	0.12905967	2.7993593	-1.3703731	-1.9454881	1.5381789	-1.1398293	1.5332948	-0.94608426	2.1190739	0.15473801	1.3116916	3.8884804	0.9310593	1.1028656	0.46153015	1.1316411	2.8100762	1.2091886	2.4804158	2.235955	2.2881734	0.67398053	3.8460882	1.4537984	1.1889791	-1.0221593	2.0411365	2.0990546	0.3642081	0.5134193	0.8973371	2.1818647	1.6514636	1.2262068	1.1054549	0.5178844	0.91379833	-0.62403184	1.086952	-0.141295	2.2783327	3.712252	-0.15576653	0.08726139	1.1104144	1.1579199	0.6316212	0.04868146	0.6617301	0.2710874	1.4115803	1.1432344	2.4901903	1.8133017	0.53213495	-1.4638824	1.1297793	1.0066537	-0.2864995	-0.15663956	0.26374418	2.2967086	0.20462123	-0.88870037	-0.05546806	0.6261969	0.8806157	-0.3201128	4.6586094	1.4713469	0.4613171	0.21335103	1.0011588	0.38900304	3.4788926	0.5894215	1.111877	0.52288085	2.4508963	1.2942553	1.5944258	2.4147148	2.2423537	2.4524724	2.2758274	-0.8944083	1.6874412	0.9680346	-0.028258258	1.965722	-1.3002579	1.2238841	-0.033334654	0.5046292	0.45878565	2.043418	-0.03368567	1.7659731	0.13404398	0.521276	1.1279914	3.5678344	2.2951052	-0.6933158	0.061370566	2.7661326	-0.94778436	2.198724	1.5096478	1.6412008	1.3127526	0.26637912	1.0064782	1.3593913	2.1069875	-0.36265308	1.2534251	0.5606719	1.2619618	0.04709068	1.1060979	0.45668074	1.1825777	0.084699206	-0.6562701	1.2901698	1.2712537	-0.6487023	-0.007969641	0.8440914	-1.8720423	-1.3966957	-0.08357325	-1.3409697	0.73223454	0.29539654	0.8860223	1.5085081	-1.436165	-0.22898154	0.9007196	0.5572769	0.8851432	0.6748609	1.3480084	-0.4882196	0.4352571	3.1973474	-0.46934897	0.6422838	-0.4756084	-0.89521265	1.7578939	-0.37606376	0.19645503	-0.19910201	1.6391469	2.8988113	-1.2558533	1.9073576	1.6032648	0.28926256	0.13547698	3.4566503	-1.0787506	-1.3759769	0.4069938	0.29233882	2.0331523	2.714075	2.4747145	0.36112484	3.1676745	-1.1182185	2.4170198	2.671439	0.56296176	-1.7212175	-2.0985377	-0.95506203	0.7212975	-0.5932034	1.5671808	1.6094238	-0.26282656	1.8696982	2.1168842	-0.9434009	-0.87429106	-1.9466068	-1.7910928	2.1575258	0.89054704	-0.14813541	-0.51921546	-0.39962414	1.4815003	-0.88659346	1.145708	-0.06817168	0.9274663	-0.98373854	0.8815892	3.5700495	-1.1086657	2.2047188	1.7843176	0.47194383	0.53142166	0.51044077	-0.69340193	0.57611	2.1819365	-0.5893734	1.5698432	2.502922	-0.32259145	0.46372548	0.3040331	1.7775483	1.4537251	1.225808	-0.2933439	2.4691916	-0.96824014	2.7309215	2.5030563	1.3487813	0.25292373	-1.9467381	3.360738	3.19866	-1.2298176	-0.3756769	2.6084013	3.031589	0.29020405	-0.6745691	2.2572286	-1.2442278	1.7944036	0.50833774
3S-hydroxy-4S-methylproline	-0.2071625	-0.27285504	1.0472829	1.2658855	1.3370703	-0.123479806	0.29791823	1.6396999	1.3128879	0.14417556	0.15007427	0.7088806	-0.5755921	0.09201721	-0.35455927	1.634956	0.09778301	0.70314956	0.56414217	0.83731985	1.5958066	0.5370416	0.24576561	1.0398854	2.0030854	1.6530297	0.9263193	0.4930378	-1.2574109	2.4884286	1.3990909	0.6956769	0.03812002	0.12517439	0.11517367	0.9596665	1.3043023	0.34061188	0.7326852	1.457889	0.79950494	0.5266358	0.07009673	1.0009407	-0.5393287	2.1652522	0.5790498	0.97291476	0.64111274	-0.04636662	0.16020796	0.44204953	-0.17034496	0.92473644	0.6112736	-1.061652	-0.27881962	1.3909804	0.57174456	1.8884835	0.52442193	1.4923475	0.50824213	0.8733005	-0.028952807	0.24126244	1.4316288	0.8616121	1.1355236	-0.8700927	-0.08170875	0.9937819	2.1866312	1.291172	1.6185843	1.4713469	9.651244	0.061639488	0.25870213	1.894415	0.026948042	-0.47154748	0.05720868	0.8069962	0.8911548	1.3516343	0.9949597	0.9934644	1.4740654	0.45679778	1.1861235	2.2478201	-0.13764958	0.21127656	0.19534026	0.34461647	0.053187322	-2.0702538	1.1556491	0.07956099	0.7947267	0.73920685	0.24502814	-0.080823034	0.2978759	0.083056465	0.14716657	0.29972014	1.7866896	0.56608063	0.51784176	0.33642077	0.8660936	0.6791358	0.65968424	0.5541862	0.644035	-0.12000052	1.3057823	1.1078222	1.3505735	1.142351	1.4901106	1.6772279	1.059324	0.558805	0.18452483	0.72281104	0.9597966	0.7098358	-1.1074859	0.63331836	0.66647315	0.66081345	1.4168028	-0.32172114	-0.6654403	-1.992469	-0.7708794	0.13744637	-0.48425475	2.2266345	0.24345896	0.3664548	0.69050086	0.3569545	1.0187235	0.5193112	0.5142771	0.9984681	0.60990864	1.2914987	1.7419658	0.049600527	0.86775357	-0.3242381	-0.752054	0.42719027	-1.4166111	0.17848694	0.09319373	0.6901393	0.7031316	-0.33188486	1.2703292	0.63578093	1.1228408	1.0430123	1.6556382	-0.17417966	1.5540645	-0.56291133	0.052078176	0.21494785	0.9389677	2.71316	0.48907524	0.9310646	0.012319659	1.2188088	0.1294924	0.60755867	1.4838573	0.07932481	-1.0690075	-1.9790689	0.4998896	-0.005013076	-0.011552588	-0.1299991	1.43827	0.49994117	0.25990596	0.75214046	-0.83264434	-0.52071613	-1.1337701	-0.6918822	1.0120094	1.2957258	0.8977965	-0.25219825	0.24979872	0.4998905	0.36116773	0.57306874	0.7616657	1.3796345	0.26085436	1.0750716	1.235998	0.3915425	1.4056805	0.9808057	0.18001193	-0.12608814	0.15533921	0.21533863	0.85118026	0.6670323	-0.2227404	0.58836955	1.2761618	0.0756298	0.8331173	-0.18107481	1.2160476	0.11728785	0.6292954	0.45736262	0.7999373	-0.16669376	0.9774518	0.9301004	0.18694742	0.5494577	-2.0331953	1.3886178	2.6093712	-2.4639328	1.0768021	1.4836282	1.3404062	0.66103363	0.13602807	0.98258376	0.32554013	0.030569227	0.6707375
3S-hydroxyasparagine	-1.2112921	-0.23547705	0.31969377	0.36977664	-0.5726188	-1.3433957	-0.59357804	1.9223456	0.419226	-1.7149273	-2.0541372	-0.53041756	-1.6694036	-0.86530685	-1.7197806	-0.14511514	-0.7170692	-0.39851305	0.80012584	-0.33165228	0.36927354	-0.6490536	-0.3857405	0.30038786	0.3348945	1.0031343	0.08691491	-0.12603554	-0.5584219	0.47320256	-0.4624752	-0.6543138	-1.7184646	0.17586769	-0.31430206	0.08746502	-0.8607084	0.6489168	0.046066396	1.3797079	0.9270826	0.5494118	-1.457527	-0.017042316	-1.7700759	1.0568335	-0.092907585	1.5113564	-0.8062237	0.53840154	-0.8576935	-0.36012247	-0.52255887	-0.59119993	4.0764356	0.628997	-0.56014776	-0.5551235	-0.597674	0.33434436	0.6641892	0.15125878	-1.883922	-0.2326145	1.7201165	2.140182	0.013585374	-0.4413663	1.6327306	1.78249	-0.15258248	-0.7530564	-0.22213197	0.85434175	-0.34896213	0.4613171	0.061639488	5.724051	-0.3522478	-1.0049406	1.5432956	0.23886228	-0.6561857	1.6238507	1.0937334	0.7325138	-0.10424404	0.31331742	0.87873733	-0.24849777	0.5462103	-0.09977736	-1.572678	-0.6600438	-0.40326905	-1.1485746	-0.5931348	-2.5520217	-0.44658127	-1.2361077	-0.6290684	-0.15699941	0.012371703	-0.91929924	0.13233556	-0.65122366	-1.011065	-0.40216658	0.11571545	0.779609	-1.1235303	-1.2579863	0.94586974	-1.8349483	-0.1921395	-0.975978	-0.6703621	-0.65621567	-0.49561688	0.19211884	0.7489743	-0.18077868	0.6999137	-0.8700285	-0.11191991	-0.55838627	-0.3667772	0.89072424	0.26972976	-0.34587085	-2.0270152	-2.1387382	-0.22660406	0.062472593	-0.72896206	-0.4412618	-1.0249251	-1.5287178	-2.2314184	0.07576485	-0.5880265	-0.2928917	-0.621143	0.9549815	1.4357495	-1.5639371	-0.34045872	-0.11469875	-0.6969005	-0.22976243	-1.083345	-0.18416485	-0.22838165	0.73578537	0.6577275	-1.2367754	-1.917353	-0.7598848	-2.2390058	-0.6331757	-0.79330397	-0.5043615	2.9640975	0.8293056	0.63294035	-2.3802886	0.059422158	-0.25210935	-0.5440755	0.4221437	0.2974575	-1.1758002	-0.764599	-0.5396448	-0.34699827	0.58063334	-0.3765709	0.06622292	0.14438112	-0.099358715	-1.25819	0.95498866	0.8792708	1.7638818	-2.6157131	-1.2886612	-0.8742564	-0.71544486	-0.3903451	0.63623935	1.1354709	-0.44310334	0.34230766	0.10940743	-0.72160256	-0.3214159	-2.2901688	-0.9853794	0.34311408	0.98396885	-0.0025251773	-0.9673432	0.27979776	0.1748252	-1.5068336	-0.3524947	-0.5568223	-0.85552496	-1.397123	-0.18745604	0.12635133	-1.5014269	-0.67902076	0.862267	0.20241854	-1.1041068	-0.3298452	-1.2960894	-0.9100296	-0.33912274	-1.7188755	-0.4678892	0.594935	-1.3046312	-0.28161883	-0.85578364	0.034819633	-0.6817086	-0.5564264	-1.6353106	-0.030588226	-1.5372053	-0.17536607	0.56357783	0.3063114	0.13128996	-2.6229243	0.29809928	-0.080573946	-2.9114826	0.14953314	0.8437678	0.13775897	-0.28179216	-1.1401507	0.5471569	-1.5969439	1.1427176	-0.839275
3S-hydroxyleucine	-0.84236205	0.3703327	-0.15924636	0.5920676	0.6867201	0.0647462	-0.25625235	-0.7444895	0.93536043	-2.2216496	-1.8225393	-0.26518515	-2.9445083	-1.2759274	-1.393692	1.2408857	2.6058047	0.2471327	-0.3963793	0.5755748	0.17089653	0.96765697	0.63899285	-0.9651881	0.14204626	-0.4432688	-0.08828845	-0.36331752	0.12906396	-0.86700875	0.42809498	-0.39645618	-1.3222543	0.1877027	0.6825844	0.51329404	0.6437216	0.062482	0.46057457	0.7400984	2.394271	0.19106461	0.07617189	0.43027008	0.77278894	0.53284025	0.17783734	-0.51441926	-1.0204237	0.32860136	-0.09596471	-0.44425556	-0.035445135	0.57740265	-1.3517623	-0.34420606	-0.8588169	0.8128035	1.6301179	-1.7739615	-0.2466544	-0.09644186	0.6428591	-0.06378813	-0.92824215	0.82976	0.4118404	1.2016929	-0.5753987	-0.18245512	-0.22803442	-0.052192613	-0.4936773	-0.060381904	1.1478966	0.21335103	0.25870213	-0.3522478	4.665507	0.28124657	-0.8269834	-0.032612853	1.7011443	0.026279546	-0.13891053	-0.6401827	0.4356143	0.91304976	0.43270344	0.52903974	-0.7144273	-0.3707133	0.27329263	-0.18756512	0.25637755	-0.21874627	-0.9662744	-1.0602015	0.31603438	-0.9121773	0.017476376	1.35322	-0.7188362	-0.07002433	-0.7888101	-0.15393645	-0.1775747	0.22652443	-1.1159157	0.3646511	0.92360485	0.41856295	-0.44432786	-1.1039877	0.28063855	-0.726746	-0.2601533	0.17287649	-0.46778813	-0.38743666	0.3229201	0.46223515	0.2796425	-0.007977813	-0.058095127	0.6597524	-0.09816611	0.6436237	0.39595088	0.026019875	-0.13705891	0.0508851	0.36570057	1.4042913	0.02665175	0.0024139332	-0.7034634	-0.7681989	-1.5459532	0.41393605	-0.32494295	-0.021056188	0.727279	-0.390714	-0.28964284	0.33823055	0.2260779	0.76756865	0.47533163	0.07936467	0.02363345	1.3507471	1.0734259	-0.3105261	0.7305881	-0.2078285	-1.4206567	1.6817782	-1.333544	-0.18648617	-0.06976123	-0.38505372	-0.8374436	-0.7041644	-0.82606685	-2.4128437	0.20309101	0.49219838	0.054350674	0.38450202	-0.11929828	-0.42091316	1.1671892	0.47118357	-0.117256045	1.1894231	-1.3291887	0.8120068	0.351462	0.30614534	-0.18020453	-0.034091327	0.602606	0.13266301	-1.4942896	-0.8250667	0.73576194	0.5010093	0.73424476	4.3342586	1.4292063	-0.15893991	0.8076207	-0.19496782	-1.1608312	-0.98389006	-0.90612197	-0.7533244	-0.24989997	0.086412184	0.102945484	-0.89712477	0.42444062	-0.4927552	0.22351198	1.0450898	0.8711267	-0.08719864	1.3768212	-0.58644104	0.083143905	-0.09371655	-1.3521713	0.9138662	0.93998545	0.5297179	0.12801357	-1.4794309	1.5530967	1.1685275	-1.2025722	0.1256945	-0.6036633	0.3176976	-0.34236827	1.4990636	1.1065495	-0.45399222	-0.38059804	-1.4041498	0.45110875	-0.5162308	0.5238243	-0.3693236	-0.16634117	-2.4143891	-2.1609118	-0.5714515	-0.112534	-2.0938833	0.4645277	0.34160367	0.60263735	0.6175569	-0.07391115	0.14892434	0.41296625	0.18344699	0.541556
3S-methyl-D-aspartic acid branched	-1.2655876	-0.025981052	0.15815845	1.2939191	0.8542091	0.14497073	0.34595552	0.9195678	0.18019731	0.62204665	0.2948337	0.57467955	-2.3691318	0.98678416	-0.8570457	-0.05143204	-0.76817095	0.84898347	0.20336525	-0.2834442	2.0185876	-0.25721395	-0.4037037	0.53049517	1.5311534	2.2129953	1.4368415	-0.7648046	-0.447912	0.392673	0.4118438	-0.02951885	0.86352265	-0.626161	-0.45921645	-0.26516402	-0.08839386	0.19907199	-0.22000203	0.4068088	0.41206378	-0.58425826	-0.7132755	0.9346149	0.1459635	1.0203485	-0.38994765	0.47580916	-0.7490735	-0.5375436	0.3245219	-0.1757026	-0.6391739	0.6279736	-1.1247505	-0.12632895	-0.11294065	-0.39643306	-0.07850211	-1.464302	0.7950449	0.3059337	-1.0391454	0.0069548665	-0.45037168	0.7422509	1.4722726	1.4949129	2.0303874	-0.21602917	-0.2109346	1.9775974	0.16381603	-1.0145231	0.84901166	1.0011588	1.894415	-1.0049406	0.28124657	5.8552313	0.23801278	-1.5949539	0.31116772	1.6993952	-2.0075336	0.16093366	-0.07291543	1.0485132	0.78069675	-0.27592486	0.22301976	0.5502865	-0.027746854	-0.19883657	0.13661441	0.20096275	-1.0112431	-1.6032288	0.57174957	-0.7211275	-0.10061833	0.30729833	-0.55884135	0.42745528	-0.22806953	0.35638803	-0.6763077	1.0951076	-1.0399418	0.06680582	-0.0038402409	1.4610648	0.66905946	0.44118983	0.24077213	-0.5460446	-0.34161454	1.2350038	1.4647534	0.34592354	-0.47111434	0.47234848	-0.17374316	4.65884	2.26788	-0.60359967	-0.7323186	1.402197	2.5799263	0.4559987	-0.77333057	2.3169014	1.4924232	-0.6112956	2.19364	-0.26209703	-1.1752217	-2.217885	-1.7677889	-0.17090712	0.21898998	1.2428336	0.13190447	0.2823969	0.9989404	-0.29892898	0.60014725	1.9903009	2.4864519	0.5710502	1.103316	0.8108857	0.71093243	0.9443968	1.0324619	-0.5266928	-1.7484697	0.24243122	-2.3119183	-0.066551335	-0.17723405	-0.4765754	-1.1765432	0.9115685	2.5312018	-1.4537029	1.5760897	0.13595523	0.061299596	-0.9538876	-0.010729448	-0.5877846	-0.44514132	0.4344427	-0.13037074	0.85453224	0.3683089	1.217421	-0.7715542	0.7664641	1.0526054	0.6847904	0.23229195	-0.7325558	-1.4926912	-0.9177034	0.17127186	-0.89285845	-1.2643995	0.6508711	0.103282265	1.4118165	-0.19832353	2.2745452	-0.9877279	-1.2092742	-1.1570771	-0.7763509	1.1987067	1.8346561	-0.31693906	-0.79561466	-0.13201858	-0.22858247	-0.59606534	-0.6786002	0.1529133	-0.2601189	-0.17991221	-1.5446024	-0.5046473	1.8074179	-0.68019295	0.5713901	-0.38314322	-0.1709958	0.5780322	-1.239689	1.494043	-0.28228977	-0.47547692	0.4586445	-0.104622245	-0.098875836	-1.4386598	-0.3128007	0.90090656	0.21343605	0.10292333	-0.51596045	0.35818246	-0.16223453	0.28187475	-0.2596858	0.7505719	-1.0865166	-1.967277	-0.35642022	-0.97103345	-2.2404423	-0.123942	-0.76941454	-0.030598613	0.26283792	0.05040008	1.5860904	-0.54855376	-0.7229749	-0.6886675
3S-methylaspartic acid	-0.20502655	0.6453088	0.7357536	-0.0006937406	-0.66873735	0.37174502	-0.020452634	1.3833262	0.1776094	-0.018555673	-1.1062069	-0.031590093	-1.0446839	-0.9637511	-1.8090832	-0.37026203	-0.75650424	0.979531	-0.4946845	-0.51560473	0.15544717	-0.63628596	-0.28580612	0.037155997	-0.3451925	0.41215947	0.38579255	-0.40392372	0.81113017	-0.021578798	-0.32403293	-0.37160113	0.008869773	0.3845185	0.23796175	0.42996264	-0.28275737	0.44435325	0.19252376	-0.17462444	-0.36192703	0.38125807	-0.31213152	0.65474725	-1.1661412	1.383355	0.15768063	-0.15018399	0.8484048	-0.44366014	0.23422118	-0.08320662	0.24009828	0.036588192	2.4875438	0.69681793	-0.2065834	-0.08966183	-0.7850475	-0.6162296	0.30719963	0.13781838	-2.28409	-0.7635431	2.9483771	2.4567518	-0.0008841488	-0.060688395	1.0505861	1.7171795	0.5507684	0.27607706	0.53603315	2.373875	0.54209876	0.38900304	0.026948042	1.5432956	-0.8269834	0.23801278	6.621481	-2.4042158	-0.50071126	1.0193802	0.55917174	0.6758714	0.12086131	0.46430188	0.5142495	0.8959663	0.30244297	-0.13095672	-0.86308014	-0.4237887	-0.15703847	-0.464568	-0.9477506	-1.791416	0.15730526	-0.84517324	0.7116299	0.17712799	-0.946691	0.42757484	0.89944065	-0.56479573	-1.0721338	-0.42624962	0.8655661	-0.22665504	-0.60320246	-1.1210454	1.6818298	-1.119976	0.36823037	-1.4702549	-1.261639	-0.47294393	-0.41673344	0.08466109	0.16112423	0.23889786	0.20507598	0.71825594	0.3935184	-0.120829016	0.23965976	2.0041537	0.18157278	-0.22072019	-1.0258824	-1.3236146	0.060954314	-0.046860155	-0.605563	-0.41387212	-0.99864256	-0.77847534	-1.80643	0.14742522	-0.42024264	-0.1024799	-0.25976643	-1.1361333	0.88267744	-1.2964414	0.23319928	1.2654669	1.0882888	0.20373249	-0.48606253	-0.69125104	0.28750148	0.8449919	0.07036265	-0.6287767	-1.6872842	-1.068861	-1.0934647	-0.35324007	-0.09178575	0.34891126	1.1815251	1.8607701	1.2634008	-1.4688781	0.6988502	-0.5458282	-0.28274274	-0.063705355	-0.1876122	-1.4351641	-0.851169	-0.37436214	0.07595436	0.09032003	-1.1910582	-0.3714378	1.6605449	-0.16307703	-0.6917369	1.4335202	0.220452	2.532312	-0.23787446	-0.15188149	-1.0607187	-0.64242536	-0.31551513	0.62187105	0.008239799	-0.04946931	0.50534606	-0.0939248	0.49319154	-0.097649164	-1.2623322	0.12887819	1.0128862	1.6128291	-0.5623787	0.051673096	0.44098368	-0.91597044	-1.2892963	-0.33187115	-0.32137686	-0.6375353	-1.0826837	0.56151575	-0.24244669	-0.47252882	0.41705838	-0.6182279	-0.15122105	-0.66241646	-0.3284773	-0.2870133	-0.6321698	-0.08452166	-0.2430629	1.2750986	-0.41291723	-1.0027546	0.5560541	-0.5544767	0.21152985	-0.25439095	-0.704043	-0.7579569	0.05007029	-0.9323117	-0.39109007	-0.16002248	-0.26219007	-0.8915679	-2.0320475	0.31239405	-0.18212147	-2.0478306	0.18236828	-0.26689792	-0.11394212	-0.33023837	-0.9005134	0.710493	-1.4231446	-0.41188952	0.14544642
3S-methylaspartic acid branched	-0.3396621	-1.7305645	0.8429873	1.4013903	-0.8223028	-0.9493389	1.2801284	0.6304147	2.5223916	-1.7984924	-2.1681788	2.3097742	-2.7057672	1.6555858	-2.242777	0.9913793	-2.393387	3.4151473	3.857758	-0.86177707	1.3996238	1.1978307	0.45352215	2.4353046	-0.53835547	2.0128307	2.5045211	1.6860656	-1.7570647	2.132533	2.7820075	2.1158035	-1.0472406	-1.3374704	0.9651482	-0.645797	-1.0603893	1.1006657	2.3450825	0.11554905	-1.3484249	1.5905743	-1.4552196	-1.5016776	-2.5752156	0.7232552	-2.357907	3.0388567	-1.2878671	-0.07437224	-2.3272817	1.2763963	-1.0140795	-0.5209824	-2.8864384	-2.6472147	-1.658937	-1.0902997	0.5733993	0.95660967	2.8450227	1.9189788	-3.141819	0.17465253	-1.5948949	-2.1251016	-1.9295788	-0.87514395	-1.9074122	-0.2981011	-2.6580102	-1.7040601	-2.2651422	-1.3102751	-2.770179	3.4788926	-0.47154748	0.23886228	-0.032612853	-1.5949539	-2.4042158	5.1522913	1.2052168	0.2638572	-2.5559888	0.37206504	0.25605452	2.4162936	0.99052256	1.9125704	2.2488656	-0.2228422	-3.2663808	0.66344064	-1.6383274	-0.5904579	2.5981357	-1.8975377	0.7099283	0.6878333	0.45530108	-0.9554351	2.6449034	-0.9217355	1.8820529	-0.22346613	0.37715775	0.16837516	-0.3955638	1.7189231	-0.3005137	-0.643752	1.4755801	-1.4417208	4.3476515	0.98203725	0.657824	0.027691465	1.2503003	-0.48533615	-0.14999671	-0.14804293	-0.87591326	-1.6903805	0.578108	-1.3606558	-1.1654192	2.8603957	-1.7581284	1.8647535	1.7164872	-3.4114134	0.11640498	2.6463418	-1.8834931	-1.3969176	-1.6623199	-2.1922011	-0.9211201	-0.949029	-3.3550231	-1.336589	0.9609439	0.65439796	-0.30617204	-1.9682945	-1.7834324	0.40046275	-0.9944444	1.8934625	-0.40670627	-1.2747504	-2.941449	0.08621885	2.0590525	-1.37724	-2.7565625	-0.32220656	-2.496272	-0.5429411	-1.0635803	-1.7981027	-1.6180675	1.3786143	3.1523695	-0.91047	1.7400812	-0.9935974	-0.5016621	-1.6463317	3.8283277	-2.5635793	-3.6885152	1.9053423	-1.9412448	0.1986354	1.9734291	2.6824605	-0.41914567	1.6336852	-3.1602569	2.612183	2.2247992	-2.1328971	-2.2942052	-4.1014123	-2.4401157	1.6286966	-3.0811722	1.6067544	2.6720052	-2.1746204	2.118849	2.342827	-2.7130358	-3.016344	-2.429869	-2.4299572	1.3821007	1.213133	-2.5188606	-0.9475983	-2.1720886	2.7068048	-1.5687407	1.1905739	-0.54197794	2.0297964	-1.7758032	-2.1834571	2.4834673	-2.1407712	1.4204414	3.405548	-0.57491994	-1.3132558	-0.6613382	-1.8715873	-1.9760199	1.6555564	-3.1738796	-0.26804435	1.2851013	-1.723004	-2.4440215	-1.2108353	-0.7489547	-0.10211524	1.2106773	1.0641888	0.63192225	-0.5907132	2.5052512	3.571875	2.230238	-2.0298824	-3.188743	1.0093346	1.021719	-2.2049472	-1.0505481	1.0359731	0.2960282	-0.7091692	-1.1396022	2.1455922	-1.874597	2.290797	-1.7789216
3S-methylleucine	0.024040738	-0.7286273	-0.2958639	0.3063564	-0.7066188	0.031174432	0.5370902	0.09891563	0.31469038	-1.9399685	-2.352849	-0.16016112	-1.9604433	-0.7811899	-1.060549	0.40711623	2.1129634	-0.19889373	0.28828925	-0.044078063	0.35234207	2.309681	0.52596813	0.20946196	-0.41146716	0.91116256	-0.07377388	-0.4174821	-1.8220483	0.4242203	0.31816888	-0.28822732	-1.4895219	1.130556	1.12644	-0.1220805	-0.7037105	0.5972982	-0.12925182	1.0223687	1.373039	0.30149275	0.08493072	-0.63196063	-0.5129128	0.9381819	0.676413	-0.022361975	0.60428196	0.44447768	0.7007469	1.1257546	-0.16615628	-0.75634366	-0.44779468	1.1987672	0.085087955	1.1576335	1.2302043	-0.6078656	0.94955534	-0.57270426	0.49540955	-0.2191539	0.118252024	-0.92842865	0.7540489	0.37147504	0.07546532	0.75449306	0.43888542	-0.5197663	-0.1500551	-0.40321624	-0.4155833	0.5894215	0.05720868	-0.6561857	1.7011443	0.31116772	-0.50071126	1.2052168	4.8084254	1.4606336	1.7304406	0.01288764	-0.56284356	1.2434312	1.0066794	-0.30854964	-0.07206674	0.39810008	1.1379156	-0.04243842	0.59161633	-0.6845022	0.56237364	-0.7282743	0.44925198	0.21056506	0.17238949	0.51517224	-0.4538978	-0.6639565	-0.9147453	-0.1097225	0.4689589	1.3319185	-0.6784664	0.6589381	-0.51108	-0.31573123	0.17156321	-0.5303518	0.17292753	-0.15181884	0.110558346	0.34576884	-0.21999297	0.56791776	-0.47209102	0.38107446	-0.21892329	0.46243435	0.25490358	-0.14188872	0.6314347	0.34996855	-0.52653426	-0.42135054	-1.0906274	-1.6150693	0.66435766	2.833088	-0.3788376	-0.83735013	0.72089165	0.50631297	-0.490919	0.28632057	-0.91751516	0.7289567	2.070705	-0.4517909	0.5162523	-0.40024832	0.20980212	-0.38375074	1.4022145	-0.08049681	-0.40101936	1.0749685	-0.583081	0.97131544	0.61335796	-0.32917297	-2.084393	2.963564	-1.8499901	-0.38549262	-0.6752047	0.50622755	-0.97949976	0.88884383	-0.36061594	-2.0047371	0.36128908	2.9994526	-0.15573065	1.2280668	0.41338587	0.0006667536	-0.14829944	1.2957431	0.255211	2.298305	0.52345765	0.6098679	-0.90141094	0.44570526	0.2664803	0.43019605	0.33534703	-0.06102089	-1.8857907	-1.0554336	2.1770077	1.1875695	1.6750404	1.7184352	1.6126608	0.02806407	-0.070575476	0.556478	-1.3024168	-0.13818066	0.3805669	-0.92167675	0.53824	-0.28926864	0.58932996	0.54028237	-0.64179724	1.0199943	0.6336357	0.92308503	0.15958752	0.78474844	-0.084462054	0.19199134	0.43592817	-1.1853795	-0.1198	2.0327868	1.3973911	0.72955906	0.12561354	-0.56477547	3.8972285	0.01914218	-0.23789427	-0.44528133	-0.4303023	0.83063316	0.57827896	1.570836	0.84527004	-0.26025963	-0.109945625	-1.9328781	0.94838274	-0.6485518	-0.32288933	-0.110138856	0.5950081	-1.3260101	-2.4860282	0.4940264	2.232421	-2.9804578	-0.1361571	2.233102	1.1475939	0.1416898	-0.62721986	0.37276703	0.7723805	0.17187405	0.71172774
3S-methylproline	1.8875694	-0.21158242	0.7333764	0.37729475	0.577241	0.48856714	0.38786906	0.26870382	1.3274242	-0.2541168	0.09912422	1.2179573	-1.6923037	-0.036534473	-1.4116325	0.49722508	0.15396374	1.1737193	0.63470083	0.6385275	0.6371364	0.5162103	0.64142835	2.5446155	1.4853684	1.5447568	1.165932	0.3372575	-0.28301868	1.835824	1.4394584	0.05115935	0.27934855	1.9394004	1.7298425	0.8710949	0.3390187	0.46742684	0.90662694	1.4733913	1.2541119	0.70757776	-0.20032436	0.16127612	-0.89694184	0.6381085	0.23370692	1.8209529	0.12430499	0.8112466	1.4630148	0.30896252	0.5294401	0.7533812	0.5416427	-0.36258757	-0.030815149	0.14875905	0.69584876	0.56006855	3.454467	-0.29668823	0.5789734	-0.03946166	-0.36380622	2.0689116	0.3792812	0.020313324	0.64115953	-0.30380195	-0.71119756	0.08904655	0.47265172	0.35032368	0.6807408	1.111877	0.8069962	1.6238507	0.026279546	1.6993952	1.0193802	0.2638572	1.4606336	6.31092	0.104708254	1.0385926	0.8658256	2.1975985	0.79674417	0.40919447	1.2553545	1.5492043	-0.64040804	0.42195007	0.08993668	0.8586917	0.5666913	-1.4568064	0.7721059	0.5027	0.8392797	0.097265705	1.6894231	0.127319	2.3343794	0.7219878	0.27227607	1.2089001	0.25179923	2.2546172	0.45761523	0.19490932	0.6576851	-0.68796194	1.6503428	-0.96066356	-0.8296295	1.1208758	-0.014423778	0.6878978	1.3790601	0.6657504	0.124386884	1.8625073	1.1489414	0.16679618	0.07430117	1.300871	2.2220113	0.8571705	-1.3292482	-0.9535746	0.9809284	2.3014004	0.97263724	1.4868723	-0.3033104	0.9068824	1.343836	-0.13547291	0.2939585	1.7485003	0.07301554	2.4096477	0.39509755	-0.33485198	-0.15965295	0.6972979	0.7649895	0.46809387	0.15579744	0.4239465	0.28323433	-0.48313853	2.7288423	0.0874068	-0.8587061	1.0899956	-1.8991379	0.3828097	0.4844937	0.8890454	0.6939129	0.0768592	0.72521764	-0.69004923	1.6046395	0.089478634	1.1920849	0.10051594	1.0556022	-0.36262167	-0.20869102	0.5637946	2.089369	0.17012684	0.4363912	1.0761452	0.6289421	0.8379327	0.058584373	1.2771001	1.2192849	-0.24690907	-0.8311284	0.1039455	0.15336856	0.92782575	0.62004393	0.7403998	1.3230604	-0.08179154	1.7721388	3.0545785	-1.1206225	-0.36804405	-0.47099116	-1.1586559	1.357947	2.299085	-0.27494678	-0.49147883	-0.19121805	0.70580095	-0.0027059535	0.8077204	0.43130553	0.68459034	-0.7222854	-0.487358	0.98937607	-0.4118081	1.3706256	1.3540872	0.3791779	0.5008232	-0.5889757	-0.9307876	-0.021170516	0.92073876	0.23055401	1.0508657	0.47177026	0.039296098	-0.5837825	0.5299919	0.94705534	-0.08108627	0.8012281	0.79036325	1.2797043	-0.110016555	0.55956143	0.66375136	1.2732387	1.1312387	-1.4232736	-0.2573356	-0.6944004	-1.3948898	0.7059576	1.4440944	1.0851911	0.566379	-0.50683135	0.8678716	-0.19650297	0.10665416	0.14050406
4,5-dehydroarginine	-0.35783732	-0.13711312	1.3688902	-0.1993553	-0.810719	-1.282576	0.024819467	2.30056	0.41616353	-1.9405818	-0.9944825	-0.29107872	-2.8436067	-1.4230996	-0.8871111	-0.05270147	2.33574	-0.21476553	-0.5561715	0.15358421	1.3379688	-0.55723834	0.09231182	0.24740845	0.42525947	-0.24268584	-0.38800567	-0.91306746	-0.74983555	0.050703697	-0.5118343	-0.68031883	-1.5847408	-0.22627492	-0.3337712	0.6877951	-0.30556214	-0.48024592	-0.31920955	-0.2666799	0.33155203	0.22450352	-0.7100049	0.4304514	-0.6842618	0.6728677	0.8150306	-0.12635073	2.7286627	0.14547312	0.22325017	-0.9356139	1.9983834	-0.87560374	2.4604478	-0.26209316	0.715548	0.54481447	-0.14213303	-0.9845701	-0.9964696	1.299296	-1.7129506	-1.1896807	0.078100204	0.40129986	0.818345	-0.6635023	0.77704555	-0.0033481678	1.0332617	0.6101502	-0.49086633	1.6872497	0.46799436	0.52288085	0.8911548	1.0937334	-0.13891053	-2.0075336	0.55917174	-2.5559888	1.7304406	0.104708254	4.8107796	0.8912004	-0.6798215	0.7260438	2.5553358	0.18289493	0.4659518	0.62822676	-0.37255767	-0.67048377	0.19999063	-1.0747231	-0.5773539	-1.6330744	0.11203954	-2.0157568	-0.39934534	-0.07288491	-0.52090216	0.2656319	-0.6596429	-0.6536125	-1.497165	0.8370169	2.0225143	0.29454428	0.24125533	0.39918664	0.19282678	-1.4642285	-0.19533862	-0.09757898	0.35322326	-0.063389495	-0.4633861	-0.29016837	0.5451083	1.5962477	1.0792612	-1.1278107	-0.03973234	-0.1558143	-0.15334386	-0.29984388	-1.1691436	0.13391949	-1.1863911	-1.1071479	0.037591685	-0.37987787	-0.38680026	-0.6913036	1.1105099	-1.9094653	-1.508314	0.9452557	-1.2272387	0.6722663	1.1217626	-0.6869147	0.119155064	-0.30717194	0.07596143	-0.49646717	0.020586511	0.9839062	-0.5725145	0.76067764	0.5698279	0.30878133	0.48830476	-0.35843912	-0.47386476	-0.5601711	-1.9514588	-0.25094151	0.05966589	0.39658162	0.75234103	-0.3325642	0.4619047	-2.3649738	0.16152303	0.34004363	0.47283196	4.8107786	-0.8696695	-1.471342	-0.06946134	0.40899295	0.5069389	-0.57824236	-2.1389854	-0.080903105	-0.104107045	0.4993106	-0.1780695	0.12359824	0.31764808	0.24162903	-0.8516355	-0.6814728	0.42233086	-0.49733165	-1.7062589	-0.24453719	0.08498547	0.4324369	1.0628247	-0.40367576	0.11358953	-0.033682648	0.07960271	-0.8959367	0.3835007	1.3337761	3.2707372	-0.62182736	0.030881008	-0.1632664	-0.80077094	-0.029044783	0.3612601	-0.5362054	-0.7870398	0.4570868	-0.5043509	-0.63223517	0.34516335	0.39789817	3.026063	-0.6157254	0.8867123	-2.2717462	-0.5627164	0.5769658	0.24991041	-0.5175265	-0.7060662	-0.15971279	0.1719937	-0.17357333	-0.26298967	-0.9155343	-0.43750405	-1.1146812	-0.1987701	-1.1789764	0.28260973	0.8980937	-0.64672905	-1.9204739	-2.259613	0.0821502	-0.2856425	-2.283466	0.664236	0.93519884	0.9878467	1.4544818	0.074250475	0.3637723	-0.87530786	0.09334414	0.18007317
4-acetamidopyrrole-2-carboxylic acid	0.5975612	-0.6815648	2.5803921	2.705671	1.0640074	1.4100846	1.0149826	0.66932845	2.8866131	-0.5063926	-1.1262002	2.7029064	0.8366455	3.255259	-0.9364341	2.2321835	-0.22041164	1.6915661	2.2110267	0.75068265	1.176154	0.37862587	0.82157624	2.579645	2.2512372	2.5740216	1.8126117	1.444035	-0.7633175	2.6212847	1.5357549	1.1631571	-0.5529345	1.0877465	0.9407979	0.4112305	2.3244298	1.4654593	1.9032156	1.8931825	0.71877766	0.97801614	0.16596133	2.282517	-0.54059106	0.25132954	0.021369334	2.9369912	2.11942	-0.862038	0.5798194	1.1965193	1.8421915	3.0211558	0.8964263	-1.6089317	0.41590756	1.2503554	0.6841878	1.9757193	1.1980773	-0.6225886	-1.8382745	4.4209585	1.2468954	-0.018203977	0.381065	0.06694887	-0.28647044	-1.1140019	0.4365409	0.3840796	3.0133119	0.5462655	0.071852855	2.4508963	1.3516343	0.7325138	-0.6401827	0.16093366	0.6758714	0.37206504	0.01288764	1.0385926	0.8912004	4.4209595	3.1740966	1.842229	3.4834576	2.2149816	2.9350164	2.3228548	0.097487085	1.659545	0.7790522	0.34974927	1.6170665	-0.72896874	0.9833984	-0.33946157	0.29628405	0.5875966	1.4069825	-0.15776019	1.2913395	0.30897546	0.54712087	1.8569639	2.159089	3.0379317	-0.78236973	0.2960084	2.4057584	0.46305236	1.4443537	0.80994916	0.80509347	0.21151471	-0.31463805	1.406441	1.8752759	2.697158	-0.39773354	1.4729446	1.1550616	0.58145714	0.14061137	1.2139436	0.7433304	1.274989	-0.6075485	-0.9474101	1.182026	1.3072288	-0.29974058	-0.12731495	1.2935268	-1.5411675	-2.4424996	0.53384	0.044049013	0.7087876	1.2510611	1.2867411	1.2582276	-0.32232618	-0.14926487	1.1276593	1.261696	0.97956026	0.9266261	2.3479517	-0.027380273	-0.37946478	1.903264	-0.70517963	-1.537029	-0.7118217	-0.9770664	1.3400581	-0.12975788	0.9174016	-0.8937174	-0.38775545	2.6576939	-0.33562002	2.224967	0.75767154	1.8387985	0.527372	3.0475094	-0.6211584	0.037050433	1.424215	0.40014234	0.8928602	3.4889088	2.1388967	0.22559872	2.0478802	-0.49303767	1.6761359	3.2692857	0.3353668	-1.309197	-1.4763838	0.9350638	0.19543351	0.90944487	0.7365364	1.3815646	-0.23782682	1.8799038	3.0191429	-1.0401849	-0.90954834	-1.5165018	-0.7464909	1.9095066	0.69063306	1.3010706	-0.441867	-0.38047624	1.6996862	-0.4994943	0.9138352	0.25012636	2.1392658	-0.9434179	0.5020616	2.4852002	0.45338556	1.9413854	1.4172428	0.74655443	0.8867918	0.43418908	-0.08517178	0.20638567	1.8198191	-1.005535	1.7360016	3.695759	-0.31493592	0.76620215	0.6829986	2.4505317	1.2175959	0.96036494	0.16596031	2.3579788	-0.48371693	2.203499	2.0096955	0.8582236	0.61609864	-1.6333426	2.6397767	1.8430527	-2.095767	-0.5839911	1.712216	2.6425457	0.39590338	-0.40783495	2.0416493	-1.0835693	1.390586	0.6148458
4-amino-2-hydroxy-3-isopropoxybenzoic acid	-0.14648214	4.9566946	2.106919	2.2018654	0.6794362	0.23980111	1.1048404	0.33404627	1.5442457	0.6488003	-0.15494095	4.372861	-0.8617377	3.0105257	-0.5052213	1.7039819	0.14334339	1.7802346	0.8017934	0.7966455	1.0008657	0.2904002	0.62493044	1.3566324	1.8455855	1.4498976	1.5444051	1.008375	0.004392974	2.1828864	2.7177608	2.2175965	1.0451254	1.1779629	0.21441434	-0.08799844	1.5297488	1.3921635	1.1814076	1.9581611	0.7207866	1.4342773	0.28344348	1.3223528	-0.10328435	2.3088229	0.55171293	3.3342607	1.1924764	0.29798132	1.5243618	0.8285519	1.6935968	6.11967	-0.7354896	-1.7633747	0.21239512	2.409489	0.1556588	2.0582714	1.0948375	-0.60729337	-1.5486335	3.5317497	1.7193217	0.8436542	-0.039569303	1.6227628	-1.248934	0.07311416	1.0835388	-0.53622925	2.0166593	0.49698418	0.5770476	1.2942553	0.9949597	-0.10424404	0.4356143	-0.07291543	0.12086131	0.25605452	-0.56284356	0.8658256	-0.6798215	3.1740966	6.119671	1.1644685	2.8175607	0.8170532	2.2159283	1.1914595	-0.42999017	1.2643869	0.50734425	-0.22334562	0.25329635	-1.7270086	0.9963482	-0.035024546	1.6398779	0.40971002	1.3412819	0.27082103	1.5253147	-0.5160299	0.1346864	0.85847294	0.029971872	1.4310042	0.62040615	0.16091082	0.934609	1.2312707	1.6427207	3.2175467	2.734773	-0.76380634	-0.2411108	0.71636105	1.5775076	1.9775711	0.05008548	1.7378681	0.7489963	0.29817572	0.11782574	1.9391152	0.40562302	1.3309095	-0.25499433	-0.8007451	0.6595506	0.9807553	-0.8678925	1.4808625	-0.44988242	0.9340175	-2.1827261	0.27356726	-1.3049961	0.69128925	-0.1355211	2.1214247	1.8886406	-0.87535673	0.16969624	1.139943	0.5483791	0.52757174	1.0966452	0.6618073	-0.0665235	0.85860896	1.2843925	-0.3216173	-0.3235058	-0.47375882	-1.787306	0.8633813	0.27898327	1.0965583	-0.86080414	-0.6499416	1.061719	1.839483	1.8460175	0.33228946	1.2165924	-0.3530254	1.9273653	-1.040078	0.31487557	0.8772	0.41185468	0.7611539	1.1930882	0.946318	1.7203366	1.1262293	0.0010868363	0.28238252	2.6782691	1.6919299	-0.8752606	-0.68800664	-0.27916053	0.16025507	-0.02404147	1.414098	1.9690294	-0.07551532	1.3256739	1.5023342	-0.80103827	-0.7971207	-1.2192185	-1.0186942	0.79109514	1.497342	-1.0547882	1.244124	0.6606419	1.4821665	-0.8611613	0.43126285	-0.03266988	2.6198194	-0.6729711	0.55301803	1.7104198	-0.7246006	1.2303922	0.69919646	0.57258844	4.236224	-0.32201588	-0.17119221	0.24689098	1.0510842	-0.4427486	0.13841458	3.6805043	-0.12269958	1.6551241	1.3358464	1.2300653	0.65578353	0.38015372	0.934709	1.346223	-0.4811522	1.353209	1.8894862	1.2941874	-0.013865246	-1.3685607	1.2256582	-0.6008758	-1.8924407	-0.780115	1.1410944	1.708289	0.19313058	-1.0241334	0.79956925	-1.1777774	3.6634533	0.044327423
4-aminobutyric acid	0.26050413	0.028111128	1.53995	1.6879696	0.72749734	0.062221255	1.4618789	0.58520144	1.7416185	-0.37826735	-0.4402878	1.2175653	-0.9764899	2.0507429	-0.89849234	1.5980494	0.48707062	1.8208511	2.1232793	0.87344235	1.1362822	0.6230622	0.90364164	1.8200752	1.7053198	1.7780328	1.8761526	1.155181	0.4475515	1.6148567	1.540061	0.96724313	-0.06607142	0.44315246	0.1332941	1.2901572	1.3241934	1.2521579	1.1871483	1.8798109	1.8220963	0.60945874	2.1296315	1.7232263	-0.5820587	1.5819145	0.4745	1.6586511	0.9294455	0.83111906	0.7753537	0.5573413	0.3812048	0.67191446	0.19055103	0.55616176	0.5148518	0.7913116	0.5203273	0.26794276	1.3364108	0.32039544	0.3885126	0.7318965	0.16552338	1.3793561	0.49748757	1.845834	0.05281865	0.367691	0.8878123	0.37363914	1.6523129	0.3951553	0.42315578	1.5944258	0.9934644	0.31331742	0.91304976	1.0485132	0.46430188	2.4162936	1.2434312	2.1975985	0.7260438	1.842229	1.1644685	6.9000955	1.5906397	1.8226919	1.5882138	1.5532247	-0.22326738	0.9788274	1.2996284	1.2498842	1.2287885	-0.74777865	1.0057422	0.6628502	0.8575803	1.6218727	1.8691465	2.2419693	1.8020838	0.6886842	1.6739221	1.5831041	1.7523388	1.8760246	1.448116	0.48520634	1.4144214	-0.33022013	1.983497	2.3378854	2.1006918	1.0557153	-0.038288493	0.44247958	1.4042017	1.8382158	0.7617769	1.3726045	1.2061033	0.4623207	0.511414	1.358542	1.4075267	0.680865	-0.31445748	-0.667141	0.9820936	2.3292015	0.26688176	0.46214738	0.7967113	-1.0928997	-0.035919834	0.6676553	-0.48002443	0.7655667	0.25455448	1.8145144	1.8955256	0.16921908	-0.035881467	0.9781692	1.3572475	0.83716387	1.5300186	2.4807856	0.15556769	1.9442254	2.2981033	-0.0070637814	-0.8784568	0.647395	-0.9801173	1.2157558	0.47070345	0.8390624	-0.29132777	0.18333496	1.9029609	-0.8967288	1.4607044	1.028772	1.2980151	0.37607896	1.9394306	0.9431702	0.39739665	1.5284357	1.8210686	2.7774005	1.7544342	1.4611834	0.29820755	1.2056513	-0.34971783	1.2770737	1.7351815	-0.058530085	-0.32008836	-0.17154326	1.1579416	1.0268571	0.63474584	1.505135	2.463109	0.26415023	1.2395172	2.4546618	-0.9686999	-0.23410395	-0.42755264	-0.04582441	1.3238344	1.5350887	0.3075855	-0.30769908	0.20398936	1.3856195	-0.08943452	0.74604225	0.6072057	1.4161099	-0.5265503	1.1051757	1.5532029	-0.16869573	1.2738245	1.8160514	0.85528034	0.71918845	0.2401643	-0.4059877	0.592355	1.5872912	0.79373467	1.5799712	0.9565756	0.4524043	1.0063081	0.29910523	1.5768206	0.3873787	0.4539915	1.8126323	1.4556255	-0.10224972	1.2952943	1.5429635	0.9328126	-0.7148596	-1.5566653	2.333582	0.28184515	-1.593003	0.43700835	1.4393624	1.4416817	0.47520787	-0.07699228	1.4559245	-0.22334994	1.3142633	1.0657662
4-hydroxy-3-nitrobenzoic acid	0.583474	-0.0074634016	2.6905856	2.385689	1.9278445	1.1953007	1.8741745	1.931449	2.2776055	1.4686593	-0.87676764	3.2087758	-0.08024884	2.2891273	-1.1887611	1.7079978	0.88495433	1.2905396	2.250267	1.061648	1.4604695	0.55516315	0.77337277	1.1809968	2.3755152	2.2530768	2.1850398	1.8516679	-0.69628745	2.7209334	1.356697	1.3730556	0.45179352	1.3174571	0.8630148	1.4624354	0.56380826	1.1667436	1.398077	2.3244734	2.5109842	0.72227925	1.3022212	2.7199624	-1.1094908	1.6972301	1.3290421	2.8843753	3.9005353	0.6430141	0.2398373	0.48199728	0.6287174	2.9434211	1.0469232	1.0556409	-0.24645412	1.495018	0.54369456	0.85128903	1.4105238	0.103123136	-1.1155308	4.103066	1.1918676	1.0414952	-0.30082762	1.0240176	1.032086	0.8763786	0.32783818	0.24861658	2.4832704	1.4276756	-0.43393302	2.4147148	1.4740654	0.87873733	0.43270344	0.78069675	0.5142495	0.99052256	1.0066794	0.79674417	2.5553358	3.4834576	2.8175607	1.5906397	4.103067	1.8029422	2.3586817	1.76597	0.08610675	1.8371563	0.22021464	0.43417662	0.07608804	-1.19725	0.7676968	0.3561755	1.6620457	1.742804	0.50597775	0.46897733	0.65415156	1.1394833	0.34223908	1.6669657	4.0900884	1.8351682	-0.02933537	0.40009815	1.9412991	-0.21366519	1.5232439	1.8434131	1.9165182	0.8732381	0.072982736	1.522168	1.5842413	2.3985872	-0.10765749	1.3467622	1.2833102	0.6582006	-0.07285183	1.2127321	1.3329002	0.46621582	0.032253552	-0.0063260193	0.5574896	1.4276516	0.5363827	-0.2112716	-0.19779907	-0.98400134	0.24100448	0.04932006	-1.1939245	1.1072043	0.55055076	1.6146016	1.8827826	-0.6207178	-0.16734715	1.273866	1.3686032	0.7618677	0.5968174	1.6822344	-0.29458973	3.005651	1.8540193	-0.6091431	-0.8169579	-0.44303966	-2.114792	1.6789837	0.46790552	0.46873772	0.2533513	0.8234033	0.42312315	-0.919949	2.3229232	2.1124074	1.3710904	1.2772064	2.4810119	-0.85616285	0.21273178	1.7269285	0.45510644	4.0538807	1.8420591	2.532534	0.7548833	2.0435514	-0.3976668	1.2700655	3.3018243	1.3431917	-1.6394159	-1.766153	1.1058758	1.3395532	0.33583817	2.6138117	2.4270687	0.33359617	1.5302542	1.0962181	-0.90481174	-0.9197921	-1.1191945	0.9258142	1.8396165	1.563806	0.1257992	0.023663139	-0.2858612	1.9430482	-0.42024592	1.0219933	0.2359695	1.5209209	-0.9408209	1.660516	1.8336968	-0.8475556	2.0155592	3.1530504	1.8895957	0.36616755	-0.11381033	-0.3276618	1.2732693	2.2645187	-0.79712015	1.2726756	2.8298428	-0.46420014	1.9423391	0.65808827	1.9403019	1.2524502	0.30138603	-0.19300644	1.7359016	-0.48255914	1.7922337	2.3629124	1.2714205	-0.1026987	-2.181993	1.8943449	3.560868	-2.3259273	-0.45482355	2.978962	3.2127578	0.24466307	-0.5248214	1.6609299	-0.62728626	1.9097774	1.5690415
4-hydroxy-D-kynurenine	1.4980065	0.9309163	2.4992301	2.3184478	0.7866415	1.2812322	0.7981145	0.38713235	2.7198386	-1.1464292	-1.419605	1.1350821	0.05300012	2.1583722	-0.84668833	2.1714647	0.35866284	2.5451863	1.8099751	0.52338195	1.1146402	0.220581	0.8561284	2.5764341	0.8143374	2.5064824	1.4345672	1.0940169	0.18518706	1.7769834	1.6687797	0.9599604	-0.49790773	0.22079763	0.8811874	-0.2510027	2.596145	1.2660729	1.6719266	1.5654103	1.7042154	0.7253808	1.6424408	0.5516842	-0.39187104	1.479913	-0.21495521	1.7724642	2.4020278	0.22375076	-0.042111676	0.37256822	0.4143801	0.28000674	0.050558187	-0.38997892	0.4717457	0.53572696	0.9025966	0.15732674	0.66814595	-0.95774764	-0.55278015	0.7067616	0.06688164	0.32932502	-0.017195841	0.35859156	-0.43961564	0.51775426	-0.33103588	0.11408953	0.10007306	1.2705793	0.08353907	2.2423537	0.45679778	-0.24849777	0.52903974	-0.27592486	0.8959663	1.9125704	-0.30854964	0.40919447	0.18289493	2.2149816	0.8170532	1.8226919	1.8029422	3.7222645	2.0289776	2.2759428	-0.5906209	1.7356485	1.1721243	0.59647864	1.7639993	-0.59669465	0.8706266	-0.41476223	-0.1597514	1.0885127	1.9236225	1.6068343	0.8780692	0.1826299	0.016711133	1.8451402	3.2072215	1.5537095	-0.28238678	-0.08081521	2.3612182	-0.62678057	1.950809	0.5153843	0.5404443	-0.09187925	-1.0346127	0.9203219	0.9002057	2.8378537	-0.28249207	0.67881507	0.6824815	0.8368382	0.4981759	1.473008	1.5512908	0.97917217	-1.3175972	1.1302739	1.2346513	1.6112869	-0.12523791	0.84018934	1.7165501	-0.9755168	-2.6368775	0.7813829	-1.263133	1.0603269	-0.0528688	1.9929945	1.9164253	-0.657915	-0.6011764	1.1655377	0.1683794	0.9832909	0.30113697	2.0687225	-0.36488375	0.5937726	1.2550526	-0.41187721	-0.97194654	-0.4499903	-0.029611247	1.0363663	0.86429256	-0.035360534	-1.2032372	0.03730232	2.8862865	-1.3967386	1.7322578	0.3498916	0.18230988	-0.28378463	2.5684748	-0.67685264	-1.3418343	1.1964439	0.23811029	0.287903	0.9453826	2.0905585	1.1733966	1.4637814	-1.0371662	1.811588	1.7772456	1.6037757	-1.2837647	-0.74368316	0.47864035	-0.19953096	-0.57728136	1.3164389	1.4344661	-0.20416282	2.1616888	2.413754	-1.096187	-0.96752995	-1.2193303	-1.4847996	1.4735093	0.58351773	-0.89556247	-0.34599477	-0.29435697	1.5019326	-0.6532114	0.8446455	0.123301215	2.0627801	-0.39696756	2.6349854	2.504915	0.19213173	1.4327472	1.2923872	0.44177866	0.08529366	0.50944334	-1.4299647	-0.09342411	2.2075016	-0.28030202	1.3671535	2.4105046	-0.3560048	2.5109663	1.3201045	1.4428693	1.5691048	0.23512912	3.4080746	2.068684	-0.73091614	2.305148	1.7406505	1.1422081	-0.57302076	-1.62899	3.7222636	0.23323129	-0.617063	-0.59664613	0.98436785	1.3060827	0.43882388	-0.5824165	1.982523	-0.48118654	1.5974641	2.560594
4-hydroxybenzoic acid	0.50335455	0.022321295	2.7681992	2.3713303	1.4381762	0.295021	2.3154113	0.8823792	2.7306616	0.24995191	-1.3682318	1.6342907	0.053429976	3.7646966	-1.7518649	2.306237	-0.366688	1.518254	2.8983936	1.4068038	1.2296247	0.18729661	0.70838773	2.5013204	1.9844798	2.4592032	2.0299654	1.5679655	-0.14758964	2.8428264	1.6470425	0.9055391	0.06272331	0.8732983	0.7424848	0.16964604	1.0911801	1.9728954	2.0182056	1.4499264	2.054346	0.7064852	0.3959416	2.0227377	-1.1049145	0.5144553	0.81714875	2.5840936	3.1331596	0.1378947	1.2750325	1.1742756	0.63271207	2.131286	-0.11047789	-0.7923501	0.2701707	0.27838415	0.6599998	2.1767213	2.1957033	0.16425928	-1.9143397	1.635143	2.0822313	0.36185473	0.14630434	0.47434327	-0.09004128	-0.6267828	0.29137644	0.54158235	1.9826833	0.51312184	0.5421655	2.4524724	1.1861235	0.5462103	-0.7144273	0.22301976	0.30244297	2.2488656	-0.07206674	1.2553545	0.4659518	2.9350164	2.2159283	1.5882138	2.3586817	2.0289776	6.2911673	1.9116467	-0.36441934	2.2636678	0.19092102	1.0456108	1.2122749	-1.7219893	1.0108014	0.517884	0.9489612	0.5841598	1.8156924	-0.1555498	1.6077454	0.29533345	0.90924436	0.9488862	3.0738616	2.873543	-0.117564455	1.2892543	2.4491737	0.18677764	2.2329035	1.360805	1.2230248	0.39715725	1.5515124	1.4480375	1.3502536	2.5736532	0.7473609	1.1761256	1.3739295	0.6659519	-0.09988136	1.2706705	0.48348758	1.4198357	1.6763295	-0.5951375	1.3929557	0.9490808	-0.26068267	0.09149463	-0.25271404	-1.375779	-1.0498751	0.03998779	-1.1211203	0.32272297	0.22841111	1.0281948	1.6549485	-0.8510497	-0.5635492	0.99246055	0.5992071	0.8420555	3.085298	1.9702749	0.47583154	1.1333486	2.1515365	0.19102463	-1.3114882	-0.7400514	-0.8447995	1.4636306	0.052033365	0.78524595	-0.90986544	0.30379644	2.7591918	-0.49745318	2.1395721	0.8478693	1.6434695	-0.049497873	2.7768795	-0.9578381	-0.12539479	0.6457861	1.0461104	2.1955245	3.313721	2.2463763	0.95822275	2.0767841	0.998811	1.8278724	2.6530643	1.1735581	-0.47707662	-0.5328139	-0.020105744	0.5184265	-0.28305042	0.78818893	2.1618295	-0.19072211	2.3357446	1.6504667	-1.1064161	-0.76211566	-0.73337555	-0.74831706	2.2834222	1.2350434	-1.0302025	0.0014605579	-0.41241905	2.1583154	-0.6007771	0.8619602	0.43652943	2.1738615	-1.0232421	1.8190498	2.4674795	-1.1869813	1.996534	1.3712704	0.51037663	1.154573	0.039169323	0.12589811	0.15056929	2.121066	-0.5191419	1.4039654	3.233827	-0.13903415	1.7455889	0.92603844	2.152872	1.6543622	1.2215414	0.77701086	2.650362	-0.58268124	2.4505422	2.5777445	1.868034	1.2114693	-2.0244873	2.4361515	2.9694078	-1.1380014	-0.5005613	2.3245766	2.4468853	0.024027238	-0.41844267	2.2140536	-1.1671723	2.0570626	0.7314554
4-hydroxyglutamine	0.5912661	1.3029306	2.0273023	2.233978	0.49359286	0.97974133	1.1369797	1.1102073	2.2889085	-0.23332019	-1.2501862	1.3859558	-1.9251745	1.312014	-0.8066837	1.724326	-0.06445543	1.707243	1.2448107	1.1057053	0.7030335	0.5623129	0.7829562	2.3193479	1.6223799	2.1452677	1.5319772	1.0088369	-0.6893053	2.7091208	1.440694	1.1416142	0.2778821	0.76544106	0.6678361	0.81408584	2.4040089	0.90667665	1.662972	1.6268373	1.6615808	0.37317392	0.9724678	1.2345845	-0.21913074	1.1646118	1.4362543	1.5506363	1.2858093	0.9057533	0.72733516	0.8855744	0.58802605	1.1003422	-0.64025766	0.61268437	0.76737654	1.9785529	0.7632614	1.0471672	1.5979996	-0.14878592	-1.7655125	0.75284284	0.37669882	0.20255728	0.05977931	0.5147731	0.4612348	1.1094441	0.39796895	0.7282806	2.9642045	3.3354917	-0.06761025	2.2758274	2.2478201	-0.09977736	-0.3707133	0.5502865	-0.13095672	-0.2228422	0.39810008	1.5492043	0.62822676	2.3228548	1.1914595	1.5532247	1.76597	2.2759428	1.9116467	5.3829646	-0.59395623	1.1287407	1.7119526	0.83143115	2.2064204	-1.5679461	1.0129585	0.22174276	0.43369162	0.7052194	1.4148635	1.0676274	0.62814146	1.0608603	0.8837073	2.1888893	2.3443189	1.1409897	0.72456145	0.7364422	1.9650806	0.32298252	1.4673051	1.3852679	1.3425165	0.46770346	0.39752397	1.0578339	1.7184113	2.4179006	0.253632	1.2231641	1.3569317	1.134648	-0.18680152	1.3662748	1.2337421	1.4317076	0.45790794	0.92916876	1.4713576	1.5637333	1.4431057	-0.17974776	1.5822072	-0.27675393	-0.15959729	0.7927408	-0.26164806	1.0502439	0.3785306	1.4174246	1.5482864	-0.4404223	-0.19554907	0.8988387	0.74508494	0.8650999	0.5183028	1.4921721	-0.3931986	1.9601821	0.89263654	-0.22387135	-1.5658277	-0.82869977	-0.6158143	0.68480366	0.37866506	1.2324209	-0.72673494	0.36656445	2.3286102	-0.00031213864	1.6875298	0.873705	2.3694577	0.5664108	2.507074	1.366631	0.27852544	0.78365743	1.2205757	1.7475783	1.398913	1.7230904	0.06818809	1.4454756	0.8205445	1.117616	1.8359418	-0.04817564	-1.6376859	-1.3472208	0.29177082	0.59592444	-0.3362506	0.596264	1.7747967	0.7065193	1.0271245	3.096113	-0.34355792	-0.27636653	-1.0644358	-0.44822717	1.1227323	1.5058283	0.13448706	0.50603795	0.08662002	1.1962935	-0.48035306	1.0430303	0.5948226	1.8057003	-0.7815305	0.72858685	2.1256752	0.749775	2.2565277	1.3817317	0.96847194	0.16675098	1.1665549	-0.7193964	0.924295	1.1675396	0.27497756	1.1329346	1.2430507	0.2977127	0.43348655	0.036040533	1.8235763	0.89839065	0.7050626	1.3724508	1.9517305	0.022107469	2.0046422	1.2349664	1.1361343	0.61500734	-1.6924502	2.7690141	3.8272789	-1.5074397	-0.3969181	2.5625818	1.6893746	0.66278243	-0.016802678	1.6050037	-1.1565124	0.9533387	1.1950698
4-hydroxyphenylglycine	-1.2236423	-0.40750635	-0.23371963	-0.1969186	-0.10874645	-0.8448949	0.5989203	-0.44706294	-0.3249908	-1.6234713	-1.606115	-0.66487277	-3.0236642	-0.08322961	-1.213009	0.7066474	0.8810548	-0.42240855	-1.332074	-0.30540285	-0.35876527	0.54674333	-0.75013703	-0.6032712	-0.11624134	-0.37895784	-0.48240754	-1.0731133	-1.1143225	-1.0178322	0.2596898	-1.0567989	-1.3044289	-0.32896268	0.17330801	-0.566899	0.25417504	0.7611032	0.28316742	-0.4399158	-0.58055264	-0.5924705	-0.5319986	-0.64689857	1.0708028	-0.6351033	0.7598522	-0.5914284	-0.44873205	-0.5572465	-0.6232205	-0.5806923	0.70704347	-0.10314663	-2.0503361	-1.4315926	-0.9539939	-0.21939273	0.49716872	-1.1388806	-0.717862	-0.7014751	-1.2448164	-0.86520267	-0.5585113	-1.1729387	-0.4957754	-0.79618335	-0.7241808	-1.6468211	-1.0535675	-0.12588876	-1.0389344	-0.85403657	0.28464454	-0.8944083	-0.13764958	-1.572678	0.27329263	-0.027746854	-0.86308014	-3.2663808	1.1379156	-0.64040804	-0.37255767	0.097487085	-0.42999017	-0.22326738	0.08610675	-0.5906209	-0.36441934	-0.59395623	8.52522	-0.40429452	-0.35555223	-0.13306727	-1.0878087	-0.89725333	-0.063926324	-0.8880561	-0.31247038	-0.49808818	-1.0986329	-0.26456985	-0.53153116	-0.20252441	-0.5913818	0.15292312	0.41232586	0.13783905	-0.16726239	0.08457061	-0.55517673	-0.79877114	-0.101685725	-0.78413343	-0.6848459	-0.5366513	-0.119900726	-1.1766174	-0.59762526	0.05488129	-0.15782712	-0.340045	-0.48948753	-0.5330031	-0.48442134	0.39326727	0.05259835	-0.06522407	-0.7903211	-0.12679558	0.2766742	-0.32532677	0.050154306	-0.14765044	-0.429682	-0.60116607	-2.1550908	-0.017417802	0.051712602	-0.5415168	0.6144794	-1.4134992	-0.36968726	0.115989365	-0.1176618	0.60921973	0.049184795	0.19488116	0.34980294	-0.7416815	0.24816585	-0.26654848	-0.5703405	-0.5673365	-1.0711489	0.36038396	-2.0549238	-0.58387804	-0.28332454	-0.28764084	-1.984767	-1.4575042	-1.1523895	-1.5628159	-0.13163231	1.7344939	-0.4179505	-0.51299256	-0.6609318	-0.26601475	-0.12918772	-0.9293965	-0.44450328	-0.63555455	-1.4401046	-0.15991154	0.2784769	-0.02297187	0.3361037	-0.50301754	-0.60506827	-1.0283238	-2.0070298	-1.660025	0.34376323	0.109023646	0.6249874	0.26084325	-0.20362118	0.18854459	0.19131954	0.44792965	-0.46278828	-0.5844953	-0.91458243	-0.48315054	-0.4525399	-0.06953258	-0.7266201	-0.9223943	0.07708227	-0.31209528	-0.17743304	-0.5579202	0.06807262	0.29022554	-0.043180484	-0.46326238	-0.40573388	-0.18421522	0.4669902	-0.8202221	0.5350686	0.008807502	-0.5309609	-2.3157575	1.2471306	0.68256515	-0.8373393	3.0754979	-0.5159477	-0.29415554	-0.5030126	2.2842324	0.058873713	-1.0746231	-0.44162863	-1.510333	-0.3229798	-0.94297016	-0.38323915	-0.45349917	-0.8304262	-1.6001115	-1.8418211	-1.5072453	-0.43148506	-2.7489824	-0.35366148	0.82944	-0.017119681	0.031572886	-0.6552169	-0.4516128	-0.47596312	0.5393655	-0.19600035
4-hydroxyphenylpyruvic acid	-0.54236084	0.8132179	2.409361	1.3143377	1.3463558	0.35092747	0.89737815	-0.18532544	1.2316327	0.45439863	-0.20039019	0.9099666	-0.31463382	2.901832	-0.8855605	1.6909404	0.20179015	1.335959	1.7976022	1.7107611	0.50713116	0.26851583	0.5965482	0.36964545	1.2581575	1.2176144	2.7136009	3.066977	0.27403912	1.9307213	1.1638031	1.318913	0.6302672	0.8023197	0.6718469	0.04032218	-0.035389185	1.9176755	2.5431187	1.0666344	1.1856781	1.6537588	0.4134093	1.9805268	-0.841052	1.1007392	0.1724805	1.8155324	1.1454378	0.5284808	-0.049064633	0.40444273	0.61819035	1.0349779	-0.6747429	-0.36888325	-0.1782819	1.1125674	0.79072464	0.31662133	0.91894037	1.2761387	-1.0904919	1.7753646	0.37907845	0.15736891	2.5001872	0.40032393	-0.50981647	-0.41836342	-0.28742492	0.9699191	1.6150897	-0.27121642	-0.3586964	1.6874412	0.21127656	-0.6600438	-0.18756512	-0.19883657	-0.4237887	0.66344064	-0.04243842	0.42195007	-0.67048377	1.659545	1.2643869	0.9788274	1.8371563	1.7356485	2.2636678	1.1287407	-0.40429452	6.9369226	-0.3281684	0.64717305	0.22317816	-1.0686046	0.1311624	0.35345384	0.25753286	0.34857035	0.7333376	0.344122	0.9781112	0.054872487	0.7326277	1.0280133	2.2756937	1.7804682	0.8556163	0.3770813	1.528521	-0.2493274	2.3567247	0.24607557	-0.038656928	0.19682217	0.0808589	0.48035675	1.8124074	1.2044045	-0.23706461	0.02584947	1.5685894	0.88677293	0.16614963	1.0313776	0.054574084	0.6529498	0.10934257	-1.5854602	0.28901598	1.0941905	-0.15179233	0.84538555	0.3170347	-1.1571023	-1.5862254	0.31121722	-1.0959492	0.68025774	-0.3626463	0.4116853	1.2988464	-0.96553975	-0.6982166	0.7903744	0.018542403	0.2767825	1.37698	1.6469102	0.31082374	0.3198118	1.6774298	-0.75917375	-1.551228	-0.4275629	-1.5937217	0.7448557	-0.56401324	1.350253	-1.21087	-0.3500292	0.13432387	-1.2414702	1.6701714	0.60566205	1.0495003	-0.2887248	2.3712816	-0.77149993	-0.9492225	0.4314707	0.4951096	0.77119106	2.4651678	1.8569552	0.34618145	2.4245813	-0.70550656	1.7685039	2.685156	0.20832781	-0.8646818	-0.2220891	0.11611006	0.5017594	-0.3721277	0.99230033	1.5654008	-0.53976727	1.7738556	0.76870847	-1.4791905	-0.78015405	-1.4234678	-0.44832152	1.5741453	0.4558262	-0.7315957	-0.8512982	-0.46488637	3.6724558	-0.53419566	1.280523	-0.059093334	1.3359393	-0.99309534	0.48263606	1.508539	-1.3332537	0.90929925	1.3981652	0.61838347	0.48053873	-0.46429798	0.33096245	-0.31512517	2.35315	-1.0919523	1.6119337	1.7479647	-0.6805753	0.7813967	1.5086557	1.3364608	4.7885723	-0.060936566	-1.0684566	1.9411243	-0.75667894	1.7284318	2.2331655	0.5809008	-0.08069438	-1.9794573	0.66527796	0.96630657	-1.630988	-0.02277593	0.77773124	2.5120795	0.17545266	-0.75617033	0.96319705	-0.99703485	1.5607859	0.79134977
4-methoxytryptophan	1.2578814	-0.1312651	0.38109276	1.5615493	0.11154119	0.1151725	0.37877402	0.22583178	0.8584138	-1.0033497	-1.5246348	0.1416867	-2.9629052	-0.9482615	-1.7303348	0.4417376	-0.15515245	0.8366141	-0.6977391	0.7353913	0.15359904	0.3214151	0.3370378	1.6425732	-0.112554476	1.5123419	0.2251221	-0.77423805	0.51533395	0.49241966	1.0119582	-0.4810898	-1.2225928	0.18079604	0.1967789	-0.07338593	0.5010095	0.33043575	0.08512014	0.4607862	0.23333986	0.3851638	0.60815334	-0.36562923	-0.40523237	0.9792679	1.9975057	-0.11674836	-0.43404433	0.73803395	0.23117633	0.22298934	0.12620561	-0.10004584	-0.61285853	0.86266804	0.56510484	-0.22146803	0.84399605	0.90565026	-0.18959875	0.5400383	-1.3595254	-0.08537911	-0.17607826	0.033251833	0.35671493	-0.26576024	0.53729755	0.6457961	0.69789404	0.5136468	-0.11324826	0.55972606	0.13685657	0.9680346	0.19534026	-0.40326905	0.25637755	0.13661441	-0.15703847	-1.6383274	0.59161633	0.08993668	0.19999063	0.7790522	0.50734425	1.2996284	0.22021464	1.1721243	0.19092102	1.7119526	-0.35555223	-0.3281684	8.078768	0.47952634	2.0409539	-0.6654819	0.82346183	-0.28721544	-0.10838966	0.47372913	0.019935833	1.0949264	-0.69796157	1.1930091	-0.08778953	1.7008342	-0.26480982	0.38310492	1.1859093	0.16404259	0.9313068	0.14544952	0.88485384	-0.7359659	-0.8476938	-0.03474514	-0.16802418	-0.70031595	0.36623415	0.8011432	0.1854818	0.33944538	1.15375	0.38058263	0.8531726	0.6259444	0.42848843	0.2654504	-0.7567218	0.5100057	0.77419883	0.55364877	0.6019601	0.5016367	-0.3395481	1.1579274	-0.24600908	0.9698863	-0.11887891	0.2470531	0.5349248	-0.4116244	1.0599309	0.05391805	-0.2836058	0.6836253	0.5135726	0.4234388	0.18986258	0.46633676	0.36940348	2.8346014	0.05961097	-0.20710361	-0.5595566	-0.21617801	-0.0669056	0.32990038	0.56563586	1.2801477	-0.8646404	0.62909144	1.7393295	-0.32166055	0.679671	0.61530906	0.30003768	0.8327312	1.1106209	2.5723588	1.1958234	0.46647847	1.9515456	-0.76255596	-1.3513085	1.0471929	0.44518694	-0.0014502784	0.8555379	0.46788776	0.43059486	0.020728156	-1.7888728	-1.028551	0.6730011	0.3413828	0.08079667	-0.05621954	1.0801374	0.74933016	0.34021586	0.25405124	-0.42087483	-0.07295287	-0.497542	-0.71644515	0.35110763	0.9291863	0.57920665	0.07465647	0.4315746	-0.5364875	-0.5415498	0.29870057	0.6352893	0.5128066	-0.036751058	-0.1359992	1.0254622	0.66436905	-0.40155092	1.284509	0.49742416	0.52950025	0.72193336	-1.4867802	0.7396667	0.58495146	0.99878013	-0.24716133	0.08324822	0.6748088	-0.12697577	-0.3060519	0.6945336	-0.38726985	0.32420868	-0.5414954	0.9895648	0.5014057	0.83811265	-0.14552967	0.11005541	-1.2575758	-1.1082534	2.2968607	-0.8426834	-0.5601846	0.5835827	0.79906785	-1.0713785	0.8487754	0.0638839	0.9285787	-0.67549473	0.59564894	0.35093677
4-methylproline	-0.48640963	0.2395894	0.0048753195	1.1054798	-0.42698747	-0.25205836	1.21958	1.4567341	0.7507369	0.9519707	-0.38843265	2.0777142	-3.3579874	-0.3660663	-1.6809789	0.24739812	0.28075388	0.6145563	0.6982971	0.82234997	1.483663	0.90163887	0.9912536	0.7464724	0.51250196	1.0658538	0.27047163	-0.26437098	1.591104	-0.31308165	0.923504	1.5510564	-0.09208183	0.023220638	1.5465848	0.7956262	0.8556148	3.4502456	0.6164697	0.19265197	1.4588714	0.42828602	0.8168522	0.1343889	-0.7655041	1.5729535	0.497182	0.31328726	0.22863819	-0.06150485	-0.51686376	1.6044381	-0.6444631	0.1549749	-0.30984616	-1.0041933	-0.2859786	-0.29785803	1.3175154	-1.6239874	-1.195452	-1.5282893	-1.698454	-0.11364704	0.07561996	0.89765346	-0.2748737	0.38398153	-0.8774827	-1.1029767	-0.5864758	-0.19760361	-0.021171732	-0.5076756	0.0870431	-0.028258258	0.34461647	-1.1485746	-0.21874627	0.20096275	-0.464568	-0.5904579	-0.6845022	0.8586917	-1.0747231	0.34974927	-0.22334562	1.2498842	0.43417662	0.59647864	1.0456108	0.83143115	-0.13306727	0.64717305	0.47952634	6.478816	0.91599447	-0.8964581	1.4791254	1.6283877	3.7552402	0.21824121	0.78273755	2.851577	1.1443981	2.418407	1.9801177	2.725606	-0.07767334	0.41889015	-0.111848585	0.66587967	1.3867114	1.560844	0.5264476	-0.49763924	0.026938759	-0.29622003	-0.77333975	-1.2742993	1.4116652	2.1084127	0.35106233	-0.04006092	0.7969644	0.45905888	-0.29633754	1.505295	0.1728088	0.544212	-0.10672695	-1.501997	0.13393898	0.18101898	1.0781027	1.9223868	-0.9962776	-0.42950308	-1.6936929	-0.4826613	-0.27741367	1.3330159	-0.31753287	0.51192826	5.412686	0.8071154	-0.0827382	1.6837548	0.28326944	1.0448782	2.7271593	0.04149144	-0.070065685	-0.41106823	0.16961184	-0.33259082	-2.3129413	-0.43317485	-1.1187574	0.21659003	0.12597147	0.28322688	-1.436195	-0.67456675	0.6113746	1.0502596	1.0659044	-0.27024743	0.481157	-0.43819565	0.65746003	-1.295846	-0.6680505	0.2536553	0.19346957	1.3321943	-0.81128377	0.618774	0.4655601	0.5724777	-0.8692873	0.9274655	-0.15103026	-0.16617703	0.3118972	0.5558123	-1.2636381	0.50759447	-1.0531764	0.674785	1.6547966	-0.18894888	0.30398753	2.4265275	-1.5828747	-1.2890837	0.1856734	-1.0773994	0.9942767	0.17041883	-0.8438886	-0.6617349	-0.65960264	0.07323437	-0.6895835	0.45937535	1.1322086	0.66725236	-0.72457194	2.5903437	0.8069633	-1.1039699	-0.3826941	-0.16359152	0.522982	-0.04137761	0.11261073	-2.231875	-0.0011404101	1.1219717	-0.056266326	1.5176789	0.13690543	-0.14486536	2.0533223	0.8434386	0.29777315	-0.09615144	1.4044696	-0.8745107	1.649469	1.8840455	0.9340607	0.56702054	-0.6274355	-2.588133	-1.059548	-0.006085517	-0.016626	-1.8806595	-0.71587986	0.49000862	0.57155824	0.22873501	-0.2797804	1.0090528	-0.92315483	1.0101311	2.0708747
4-nitrotryptophan	-0.020265397	-0.98813957	1.5975509	2.1890736	0.012186122	0.46878383	0.18019333	0.8230021	2.5490522	-0.79646486	-1.0719911	1.3139064	-3.5751848	0.21661307	-1.3563943	0.6487374	-0.7068707	0.49948242	2.5054007	0.21755047	1.3745316	-0.013140449	0.701828	2.6364899	-0.2558612	2.4073012	2.0128725	2.2241695	-0.759626	1.4710814	0.2880613	1.1532291	-0.15783095	-0.8224537	0.047379844	-0.31657374	0.039138716	0.27005485	1.816392	0.4054732	-0.6774686	0.49387118	0.023092626	-0.33043957	-0.83516777	-0.88697827	2.275603	1.8916072	0.01451434	0.13928413	-0.30134094	1.9958246	0.26915166	-0.6029773	-1.1215171	-0.731013	0.07032187	0.004799275	0.88231105	-0.2998729	0.16222873	0.015296528	-1.409522	-0.30436277	-0.6046615	-0.55188763	1.4281592	0.6729325	-1.2988942	-0.5205982	-0.7646983	0.7643823	-0.4765631	-0.8921093	-1.0363235	1.965722	0.053187322	-0.5931348	-0.9662744	-1.0112431	-0.9477506	2.5981357	0.56237364	0.5666913	-0.5773539	1.6170665	0.25329635	1.2287885	0.07608804	1.7639993	1.2122749	2.2064204	-1.0878087	0.22317816	2.0409539	0.91599447	6.2480345	-1.9510778	1.1224315	1.3031093	0.48548844	-0.5396165	2.3963997	-0.47132325	2.1486762	1.2918172	1.7199376	2.4189153	0.10811333	1.1950464	0.050776556	-0.3385901	2.071251	0.4956441	0.9909379	-0.12092164	-0.2989953	0.6265006	-0.12372376	0.05355789	0.5495243	1.4331115	0.44154227	0.5214144	0.26349443	-0.65833414	-0.70886624	0.734078	-0.7321001	2.334692	1.4318204	-1.3538742	0.5837337	0.1489917	-0.7608828	0.13496214	-0.41003266	0.118276596	-1.1628194	-0.09724488	-1.0025793	1.9499778	0.4779395	1.6256918	1.4353051	1.3534904	0.45481268	0.5657032	1.862075	1.3375096	1.5292604	0.17228203	-1.0192024	0.25391465	0.80314857	-0.547762	-1.2374518	-0.7473417	-1.9528275	0.116329536	-0.3451482	1.1432613	-1.5996065	0.42203778	2.925556	0.08240876	0.6516048	1.1100456	0.032905843	0.26288998	2.422025	3.1107032	0.051599167	-0.7359433	0.95632374	0.06904101	1.4311763	1.6720994	-0.2678423	1.9830397	-0.3557454	0.8502983	0.700304	-1.2721622	-0.23995413	1.0352046	-0.46723628	1.0057203	-1.2467152	-0.93004364	0.47808	-0.77233106	1.2434617	1.1250278	-1.5840611	-1.0800673	-0.59810567	-1.82742	0.90770036	0.63323814	0.112050205	-0.87786984	-0.731878	-0.058202777	-1.0930899	0.07304368	0.77904105	0.35423243	-0.6519918	0.8831677	1.7634708	-0.7741208	0.8763538	0.62564874	-0.28633386	-0.21153294	1.2788935	-1.3525728	0.3542961	0.8727314	-0.26793915	-0.3140815	0.5075313	1.1389301	0.63212085	-0.7068776	0.49419644	0.66628623	0.7449811	0.11620919	2.0837772	0.16568835	2.6269255	1.9983273	-0.38058278	-2.326634	-2.126107	2.0506306	-0.22494209	-1.8389306	2.7983437	0.9561006	0.43240556	1.1100218	0.16225538	1.8189238	-1.1214257	1.4519459	1.3730706
4R-E-butenyl-4R-methylthreonine	0.10933028	-1.1488857	-0.54835385	-1.1871835	-1.418891	-0.57693416	-1.2691084	-1.8160683	-1.0491219	-3.0543618	-2.8396661	-0.8479544	-2.9004545	-1.0583526	-2.446023	-0.76899093	-0.6824747	-2.1236222	-1.1785749	-1.6835917	-1.2701919	-0.59558827	-0.9992755	-1.8468724	-1.4536456	-0.87420404	-1.5004075	-1.8600552	-1.4070488	-1.8742831	-0.6206606	-1.3372475	-2.591854	-0.48910534	-0.26740095	-1.2835311	-1.0618241	-0.18139376	-0.87072337	-0.8877216	-1.5941015	-0.8914245	0.012238173	-2.1805108	-0.90951735	-1.8093027	-0.8153536	-1.1919986	-1.4020466	-1.6952863	-1.4384716	-2.1262884	-1.3992013	-1.3817931	-3.0852082	-2.7455857	-1.6672757	-0.5055921	-0.95341665	-2.996509	-2.2528508	-1.2128173	-0.9977656	0.57033134	-2.4743114	-1.3160671	-0.52343446	0.053556535	-3.2401145	-2.586682	-1.4028814	-1.6924566	-3.0465796	-1.4334745	-1.2660092	-1.3002579	-2.0702538	-2.5520217	-1.0602015	-1.6032288	-1.791416	-1.8975377	-0.7282743	-1.4568064	-1.6330744	-0.72896874	-1.7270086	-0.74777865	-1.19725	-0.59669465	-1.7219893	-1.5679461	-0.89725333	-1.0686046	-0.6654819	-0.8964581	-1.9510778	5.6204906	-1.0634971	-2.3032644	-1.5058216	-0.8372993	-1.4784565	-0.6536323	-1.5909243	-2.139619	-1.9996171	-0.89869994	-0.6587094	-1.01917	-1.6814995	-1.9350557	-1.3229374	-3.3313913	-1.937155	-2.4866326	-2.1298256	-1.749772	-2.7325294	-1.9190404	-1.1284822	-1.131662	-1.4301041	0.21561848	-1.6641515	-0.153232	-1.6812576	-0.81139636	-0.23544191	-1.5270324	-2.959582	2.0030591	-0.610809	0.110310696	-2.4210413	-0.7822656	-0.0048023555	-0.9642731	-2.4582863	-1.1244897	-2.1945524	-1.0578133	-0.7802173	-2.304085	-2.0344703	-0.8731421	-0.67510104	-0.7056786	-1.6188195	-1.0460576	-1.5820879	-0.8184953	-1.0837734	-2.8311903	-1.4275895	-1.0673553	-0.5498448	-0.2926758	-1.5892637	-1.5787683	-1.5422295	-1.8640436	-2.9457872	-2.4539077	-1.5815253	-4.166342	-0.7476175	-1.3590878	-1.863582	-2.3716962	-1.1489203	-1.9789839	-1.3617562	-0.8491266	-1.6596291	-2.5391197	-2.3008065	-1.423906	-1.2131723	-1.0607402	-1.622283	-1.7008181	-1.2958773	-2.0293374	-2.1598864	-2.054489	2.0859714	-0.13006969	0.22276124	-1.5320503	-1.4239763	-1.6387917	-0.571588	-1.2842898	-2.1790652	-1.8416566	-2.4878955	-3.1438768	-1.5080665	-1.5721962	-1.8104367	-2.028681	-0.7061814	-0.91948086	-0.7172763	-0.8771672	-1.020967	-1.5169021	-1.2415048	-1.3016437	-0.7263035	-1.6205218	-1.123634	-0.71722496	-0.75400555	-0.8744924	-1.9316177	-3.578809	-0.13017519	-0.73064864	-2.4372106	0.28464732	-1.3276697	-1.0814503	-1.3887564	-0.17661306	-1.6080941	-1.7101704	-1.9122422	-2.7741098	-1.4020629	-2.0246425	-0.94101256	-1.083411	-1.8840595	-4.1044965	-2.2405622	-1.8279344	-3.2842305	1.5693842	-0.93403304	-0.75277627	-0.89835817	-1.0291189	-1.8324697	-1.9537212	-0.7324112	-1.327865	-1.179799
4R-hydroxyproline	0.49854553	0.7054335	0.9699634	1.3885828	0.64386415	0.016223673	0.6035105	1.0764191	1.4965404	-0.18124391	-0.3752306	0.8873245	-1.3907108	0.5406215	-0.7403211	0.87004745	0.21294819	0.34197915	0.5569813	0.8561472	0.7005363	0.6984325	0.39373127	1.5978358	0.8754405	1.3854954	0.46412218	-0.049569335	-0.20681426	0.6804392	0.32061467	0.34975708	0.0471671	0.26874736	0.4617967	1.0409454	0.8139241	0.57818884	0.45707247	0.9262603	1.0531801	0.6577823	0.104271315	0.5895129	0.23414543	0.3885177	0.5442237	0.9672473	0.5181538	0.6180285	0.49644685	2.159493	0.76286495	0.67871654	-0.22483289	-0.41398898	0.4785787	0.36591315	0.45960176	1.6577927	0.52812976	0.13294485	-0.035904884	0.6179706	0.24387388	0.20426016	0.7004017	0.8604299	0.25467747	-0.42208043	0.538819	0.72179157	0.4928658	0.39118698	1.0828087	1.2238841	1.1556491	-0.44658127	0.31603438	0.57174957	0.15730526	0.7099283	0.44925198	0.7721059	0.11203954	0.9833984	0.9963482	1.0057422	0.7676968	0.8706266	1.0108014	1.0129585	-0.063926324	0.1311624	0.82346183	1.4791254	1.1224315	-1.0634971	7.146008	1.8381408	1.6908656	0.8168179	1.2544212	0.35947627	1.3646315	1.0491128	1.8515764	0.80920047	0.30315393	0.4729957	0.81091064	0.63480747	1.1414998	0.7531165	0.62455684	0.19211864	0.3046225	0.10869873	0.7307917	0.6873262	1.1047684	1.3546531	0.5054288	0.45940962	0.5425329	0.73465335	0.1043756	0.8308865	0.691172	0.74905574	0.083485335	0.41697627	0.87346506	0.7041361	0.90107787	0.39852047	0.16787992	-0.88547647	0.33017993	1.0351335	0.36199194	0.77183485	0.70579153	1.2093228	1.2846109	0.7745827	0.39919934	0.53704953	0.59681654	0.98679537	1.299414	1.2343755	1.0082515	-0.04602486	0.8807108	0.22424501	-0.083026685	0.18369524	-0.9316197	0.13936286	0.35080895	0.67613685	-0.4012431	-0.33098906	1.5720804	0.8730453	0.95870274	1.072276	0.57847965	0.062292162	1.5878199	-0.15495987	0.5605697	0.34638464	0.7515313	1.1441532	-0.12760738	0.8875338	0.8515361	0.47116986	0.90827924	0.8462799	0.61141443	0.30951053	-0.9419375	-0.39697573	-0.04439891	1.7504975	0.033500757	0.73475975	0.95351475	0.6076778	0.5284516	0.81683636	-0.31134954	-0.012981628	-0.61170834	0.13348992	0.8999388	0.88152415	0.35163054	0.2813227	0.50896126	0.384538	-0.21862337	0.47686142	0.7542548	0.22982295	0.048295107	1.1331639	1.3195866	0.60450387	0.3724358	1.0297481	0.7106046	0.27576503	0.85366017	-0.98624885	0.58650464	0.36279652	0.30733088	0.43285152	0.9236995	0.4710339	0.7981976	0.308074	0.6081254	-0.04318366	1.264985	-0.64753646	1.5164968	0.8703786	1.1871341	0.5962562	0.4462604	0.28578737	-1.2556999	1.7436446	-0.06992671	-1.3470434	0.51391774	0.9585077	0.22612278	0.59685534	0.17163068	0.9723107	-0.278104	0.8299605	0.8246066
4R-methylproline	-0.35068977	-0.82718736	0.49218607	-0.21653041	-0.057734303	-0.7872277	0.15170167	0.49866435	1.067441	-1.1678199	-1.5067221	0.8684949	-3.817035	-1.4956602	-2.0531282	-0.5347537	-0.77568924	-0.033114925	0.53347284	-0.64364624	0.5005528	-0.09505146	-0.64910305	1.0275846	-0.6015909	0.69415057	0.29183617	0.29475337	-1.0791925	-0.25165212	-0.08623697	0.06663966	-0.7698165	-0.02265581	0.75288707	0.50789636	0.31294212	-0.25920618	0.36123145	0.72805697	-0.21229663	0.21582052	-0.41161764	-0.13045202	-0.98024464	-0.16035423	-0.2555907	0.22920984	-0.84260726	0.26760694	1.1535732	3.5547197	-0.6878958	-0.0447668	-1.3820091	-1.0278523	-0.55180943	0.5450173	0.020216366	-1.2558727	-0.21777575	-1.5183787	-0.8917465	0.26462764	-1.3271799	-1.603937	-0.2136038	-0.12634815	-1.9455868	-0.8111297	0.01627915	-0.16084822	-0.08212893	-0.21467207	-1.9214433	-0.033334654	0.07956099	-1.2361077	-0.9121773	-0.7211275	-0.84517324	0.6878333	0.21056506	0.5027	-2.0157568	-0.33946157	-0.035024546	0.6628502	0.3561755	-0.41476223	0.517884	0.22174276	-0.8880561	0.35345384	-0.28721544	1.6283877	1.3031093	-2.3032644	1.8381408	4.596665	1.7624086	-0.62924194	2.859831	-0.8527448	3.4887657	2.8872337	4.596664	0.9055758	-0.4933212	-0.57037014	0.016195053	-0.69799507	0.15909523	1.537083	0.29380745	-0.8598126	-0.6519843	-0.44240844	-0.3088652	-1.4243853	1.4010818	0.1805848	-0.42738503	0.18147595	0.09502351	-0.9720008	0.004157353	0.058429997	-1.3839182	1.1971363	-0.64059365	-1.4695666	-0.28811944	0.29452553	-0.30733898	-1.4678942	-0.95700485	-2.5060034	-2.16077	-0.46300495	-1.1211883	0.68971246	-0.70196354	1.1081798	1.1013986	-0.8745492	-1.0676429	0.4367465	-1.29958	-0.009457526	-0.48194647	-0.58524424	-1.7632469	-0.846899	-0.10748001	-0.8879403	-1.6543514	-0.85837245	-1.9152007	-0.43065155	-0.86265516	-1.1837286	-1.8997555	-0.47057542	0.23502424	1.371605	0.26578665	2.4473622	0.14987451	-0.6304327	0.24574147	-1.041041	-1.3636761	0.23180336	0.81953967	2.104902	-1.6008251	0.31538808	-0.10657496	0.051522974	-0.17382137	0.6476023	0.007097863	-0.57033145	-0.94322944	0.40249014	-0.24774586	-0.5864824	-1.5295419	-0.6002036	0.34041536	-0.3003804	-0.61800116	0.15067203	-1.6779176	-1.0372325	-1.7201477	0.06413203	0.6503451	0.370319	-1.4016974	-0.18435906	-0.055697232	-0.07844428	-0.929638	-0.31370407	-0.4419175	0.055748116	-0.8410268	-1.1547383	-0.11768875	-1.2826495	-0.39542252	0.8831007	-0.19328699	0.15754469	0.07093026	-2.7942953	-0.033234086	0.82950234	-1.1489768	-1.1368631	0.12110457	-0.7089268	-0.6688218	-0.65154415	-0.25758296	-0.3619237	3.5027986	0.7921264	0.4240828	2.5676732	0.3418394	0.6686272	-0.7884054	-3.3601198	-2.1043437	-1.4602591	-1.3991406	-0.73503965	-0.5014214	0.45953485	-0.89830494	-0.37148032	-1.0600741	0.379587	-1.2403396	1.2342573	-0.32166144
4R-propylproline	0.8959083	1.750928	0.67773753	0.57242846	1.4920698	-0.47842947	0.49184293	1.6052846	0.5184426	-0.6241791	-0.6796141	1.9783794	-1.6597259	0.122300014	-1.9039402	0.8063853	0.45657656	-0.35941756	1.1676009	0.6082874	0.34214544	0.095771	0.23630594	1.2205665	0.6341643	0.82338583	0.83161116	0.94108045	0.086720474	0.6325926	0.58736795	0.60803276	-1.0082127	0.65019166	1.03585	1.3268342	0.99248725	0.24945284	0.32268187	0.6870286	0.21240129	0.83371824	-0.33908105	2.1195865	-0.42151323	-0.21265063	0.23770265	1.0397799	1.9007019	0.5444032	0.9743365	2.16238	-0.3475664	1.9890851	0.8102483	-0.5130836	0.46995208	0.87649554	0.25767714	0.030768653	0.318413	-0.45344436	-0.651134	0.18963914	1.4506106	0.103797115	0.56190485	0.21106288	-0.2810628	0.2473338	0.7788624	0.40154332	1.2761239	1.9174185	0.037211243	0.5046292	0.7947267	-0.6290684	0.017476376	-0.10061833	0.7116299	0.45530108	0.17238949	0.8392797	-0.39934534	0.29628405	1.6398779	0.8575803	1.6620457	-0.1597514	0.9489612	0.43369162	-0.31247038	0.25753286	-0.10838966	3.7552402	0.48548844	-1.5058216	1.6908656	1.7624086	3.7552412	-0.6293041	1.4578141	-0.5762423	2.7842453	2.1642478	2.2931042	0.8278094	0.13496391	0.92608255	0.7473522	0.39009768	0.7110137	1.9190738	0.52290785	-0.30608073	-0.045875456	0.043665085	0.3492743	0.8743075	1.2538415	1.8525383	-0.011931205	0.26133016	-0.2453285	0.48086852	0.39318836	1.2479278	-0.90369326	1.4350225	0.38629115	-0.9715752	0.21241285	0.20744829	-0.09640424	-0.86911017	-0.9572247	-1.2734209	-0.61083317	-0.13917923	-0.9963121	0.27191582	0.5542552	1.0288725	2.96254	0.5962665	1.6555998	0.34719655	0.0107267685	1.0532237	-0.1562234	0.26510036	0.07306108	-0.8780275	1.5224454	-0.05504999	-0.7096366	-0.12654147	-0.08630259	0.17117664	0.24092092	0.6801151	-0.43410146	0.052273244	0.43292654	2.20307	1.1921495	0.9999591	0.95256925	-0.049505137	0.72764635	-0.73361725	-0.8287345	-0.21100806	0.6271357	2.2739751	1.0371777	0.7579631	2.6326697	0.44963667	0.06451354	1.0419966	0.69373816	1.7636557	-0.8792299	-1.2461337	-0.17798682	0.5395834	-0.785503	-0.17750095	0.77080023	0.11566714	0.20655227	0.77160126	-0.8249806	-0.78894764	-0.7566599	-0.06437762	0.8132997	0.25108147	0.48326844	-0.29369843	-0.20763688	-0.08764332	-0.29746312	0.74563897	0.28317058	0.109521545	0.055356245	0.33745998	0.48895615	-0.86837333	0.55310273	3.2659009	0.39925933	0.8868464	0.1127985	-0.76324964	0.084943205	0.54441726	-0.24042036	-0.07751514	0.05087728	0.18893605	0.9394193	0.84204286	0.8509674	-0.18403523	1.7752652	-0.013958505	1.1491044	2.0169272	0.5387305	0.9359515	0.034930613	-0.011300276	-1.1459976	-0.08205083	1.1352361	-2.0966132	0.15660779	1.2770342	0.817075	0.45102122	-0.04588631	0.8079923	-0.76556456	0.90534526	1.4055362
4S,5-dihydroxy-2S-aminopentanoic acid	-0.67099017	-0.46595767	2.5994823	1.0856107	0.63217735	-0.1378522	-0.48989624	0.72400624	0.71128297	-0.7705121	-0.8614506	0.40571463	-2.6116636	3.0406911	-0.4131765	1.0301548	1.0991462	1.0727594	0.53372777	0.7478059	1.0656387	0.30692577	0.13255526	0.27982327	0.35923842	1.50503	0.8354753	0.22066484	0.55758536	0.7596917	0.95004046	0.0064497166	-0.9939335	0.6348413	0.19447386	1.077204	0.51023316	1.2744999	0.28751624	2.371398	1.8278804	0.5201793	1.6026852	0.33142042	-0.61096483	1.8541895	-0.40520352	1.4210701	2.7754552	0.7937285	0.09983726	0.0085372245	0.8387208	0.23838675	0.0689233	1.0206084	0.5739742	-0.67121464	-0.38185224	-0.487414	0.47222748	-0.03766597	-1.0349473	-0.43949944	0.107066385	0.67970985	0.42756814	2.8021977	-0.40798604	0.8676039	1.0088642	0.2664327	-0.5029717	0.14238802	-0.8660877	0.45878565	0.73920685	-0.15699941	1.35322	0.30729833	0.17712799	-0.9554351	0.51517224	0.097265705	-0.07288491	0.5875966	0.40971002	1.6218727	1.742804	1.0885127	0.5841598	0.7052194	-0.49808818	0.34857035	0.47372913	0.21824121	-0.5396165	-0.8372993	0.8168179	-0.62924194	-0.6293041	4.6261086	0.4553791	0.6668637	0.99944437	-0.5058466	-0.561438	1.124508	0.037805326	0.97884005	0.8990779	-0.14021352	1.2473613	-1.459312	0.9257118	-0.47600055	0.018350942	-0.099797316	-0.3661795	-0.03945484	-0.2781136	0.45084053	-0.1768566	1.0473511	0.98336685	-0.6998495	-0.10699233	0.8524307	0.25583845	0.15252191	-1.0939326	-0.98505527	0.6354008	2.0830872	-0.8199063	-0.17970553	-0.19906877	-1.3241346	-0.18177834	-0.24595685	0.7881686	0.11426564	-0.094743565	1.4303284	1.8257064	-1.562205	0.16608079	0.3236716	0.2111313	0.0944986	0.59900725	2.8322713	-0.42788926	1.1810815	2.174978	-0.18471095	-1.7252011	0.2412053	-2.427578	-0.1349239	0.5719604	0.4840059	-0.4903378	0.6482845	0.3074734	-1.8968145	0.8433576	0.114081025	-0.003658781	-0.013811943	1.0718501	-1.3413074	-0.4863512	1.2983253	0.94164383	0.8087088	0.23664406	2.8766005	1.1241841	0.47749686	-0.07583613	0.7817307	0.74438614	-0.3280163	-0.65906304	0.033921678	0.95483446	0.2517372	0.6914332	1.7394468	1.2560295	0.93838775	1.0770836	0.22116692	0.020538162	1.335484	-0.88354933	-0.102109365	0.89985555	0.39279348	0.16960318	0.8481137	0.21244003	1.4982814	-0.37414506	0.18620197	1.3530853	0.43262184	-0.6866945	-0.6849599	0.52411	0.47048512	2.3351996	0.60015494	1.1542712	-0.2933781	2.5413077	-0.34236434	1.0610565	0.6216803	-0.34974867	-0.65434164	0.27583542	-0.38821304	-0.61727613	0.05049234	0.8595212	0.0141394725	-0.39822754	0.8714605	1.2245193	-1.0059811	0.882999	3.9757767	0.8728641	-1.0652182	-0.59054804	0.5555176	1.44402	-0.8280892	-0.05494564	0.9209609	0.104380436	0.23454133	-0.14267184	1.5684636	-0.7610121	0.41292372	-0.5011402
4S-acetyl-5S-methylproline	0.16446267	-0.32642773	2.0162413	1.9870937	-0.098192014	-0.14586017	0.0783855	0.5506845	2.4744136	-0.008871993	-0.62630457	1.8402002	-2.1404307	0.07341528	-1.6207205	1.0227827	-0.21687242	1.8421803	2.5714455	0.46275604	1.0224518	0.13846834	0.40021673	2.4574633	1.4160391	2.1991076	1.5679852	1.1917187	0.34860575	1.7053027	1.7166454	1.1063323	0.15428123	0.20150445	0.36128068	0.7264085	0.81467897	0.6296269	1.5956697	1.5745836	-0.18899094	1.1724229	-0.17839119	-0.17449436	-0.78834075	-0.24538252	-0.28272194	2.873306	0.25131553	0.52827674	1.2616462	2.4935143	-0.42400518	0.82834387	-0.397306	-1.9370126	-0.2661112	0.9631472	1.0133497	0.88609695	1.6514224	-0.7626818	-1.3634833	0.3148612	-1.5499523	-0.5006959	-0.5464909	0.3592394	-1.3555197	-1.3556281	-0.97700644	-0.21062155	0.021076635	0.15595452	-0.5627906	2.043418	0.24502814	0.012371703	-0.7188362	-0.55884135	-0.946691	2.6449034	-0.4538978	1.6894231	-0.52090216	1.4069825	1.3412819	1.8691465	0.50597775	1.9236225	1.8156924	1.4148635	-1.0986329	0.7333376	0.019935833	0.78273755	2.3963997	-1.4784565	1.2544212	2.859831	1.4578141	0.4553791	4.948174	-0.2227287	4.614013	1.0700375	3.8259487	1.5838125	0.12369916	1.477203	-0.2144916	-0.22439706	1.9910588	0.9548823	1.8137009	0.2990185	0.27484363	-0.3218713	-1.0658156	0.75524545	1.4778873	2.0663435	-0.71831596	-0.021650182	0.29142803	-0.084843494	-0.96604455	1.7180697	-0.84169406	1.8142284	-1.2160621	-1.3525925	0.566289	0.8248713	-0.1058049	-0.9046539	-0.558104	-2.3445456	-0.84026337	-0.3017129	0.14186598	0.06800278	-0.34865132	3.8653677	1.7196131	-0.7127582	-1.1152205	0.43114907	-0.72155386	0.99898326	-0.058709458	0.7794095	-0.6875255	-1.1301543	2.8768673	-0.3134567	-0.10916717	-0.5172232	-1.5038903	0.19527124	-0.9226365	-0.36726588	-1.8516057	0.678507	2.8240829	1.4903852	1.3507388	0.46588948	0.48435754	-0.28319106	2.376961	-1.1638336	-1.356092	0.10428689	0.29332802	-0.07955692	0.14885181	2.020295	-0.41524693	0.98535883	-0.16883671	1.7914387	1.3041083	-1.56797	0.93263817	2.3758056	-0.8856668	0.0791996	-1.2511549	0.51849717	1.128072	-0.18073797	1.2487631	1.3108923	-1.8587875	-1.5181053	-1.7004815	-1.4739776	1.5997822	0.80884385	-1.6017128	-0.48110273	0.045160826	0.48302996	-0.6544496	0.5798016	0.15454498	1.1944386	-1.1971326	-0.11792305	1.8498935	-1.0028697	0.19385548	1.0291387	0.25464562	0.0048817256	0.18645091	-1.266719	-0.45974585	1.557889	-1.793705	-0.03863295	1.2138363	-0.6430667	-0.1691676	-0.026112339	1.0457807	0.36912587	1.9622465	2.6656911	2.123006	0.74849844	2.1683042	2.240296	1.4513712	0.0008915264	-1.4124062	1.7476544	-0.5099534	0.28959662	-0.53416216	1.1517017	0.7980409	-0.27729625	-1.1227474	1.8197465	-0.9411714	2.5853872	0.049915276
4S-hydroxylysine	0.22223705	0.6669418	0.33119652	0.8339321	-0.64047676	1.2904255	-0.4251105	-0.37762648	0.46310472	-0.6591703	-0.9444758	-0.16968402	-3.0543203	0.15008084	0.5153517	1.7336601	-0.35166278	1.9617629	0.60785306	0.8848414	0.6108445	0.25690508	0.6381576	-0.316459	0.74745023	1.3588724	2.8223398	1.509417	1.388584	-0.3696274	2.3236816	1.2985345	-0.13355279	-0.43386522	1.6148441	0.24250682	-0.62455195	3.63755	1.1379131	0.62738657	0.7456353	-0.1898217	3.956842	-0.45459372	0.002042947	0.25243902	0.068790324	-0.047238383	1.5227504	-0.10413536	1.4882195	-0.9101524	-0.24573751	0.15826318	-0.8089886	1.3619233	1.1735901	1.9074	-0.48682192	-0.72712153	0.3593407	0.29163384	-1.6376448	-0.1436759	-1.3395193	0.6200147	-0.06597534	-0.14772733	-1.5255424	-0.19740565	1.5039082	-0.05246513	0.46209872	0.24992137	-0.16290346	-0.03368567	-0.080823034	-0.91929924	-0.07002433	0.42745528	0.42757484	-0.9217355	-0.6639565	0.127319	0.2656319	-0.15776019	0.27082103	2.2419693	0.46897733	1.6068343	-0.1555498	1.0676274	-0.26456985	0.344122	1.0949264	2.851577	-0.47132325	-0.6536323	0.35947627	-0.8527448	-0.5762423	0.6668637	-0.2227287	4.320078	-0.30641657	-0.14836319	-0.4261871	3.210514	-0.5294264	0.25199983	2.3243916	-1.0282207	1.8364033	-2.1925457	1.5123987	0.28758848	1.6246989	0.89144063	0.17026058	-0.44781482	0.038069874	-0.4755311	0.14173004	0.7969073	0.6182146	0.32647303	-0.115714975	1.6100227	-0.6922266	0.55496264	-1.6331177	-2.1580625	-0.5770303	0.5260943	-1.0253148	1.2386868	-0.76347	-0.83488154	-1.6829865	0.9943378	0.21208128	0.09580794	-0.60120434	0.17804009	0.31317982	-1.1245248	-0.21369338	2.5615768	1.4980322	0.45312744	-0.47882953	0.76010084	-0.117802	3.0488694	0.37146747	-0.38923073	-1.1086333	-0.61788726	-2.0527232	-0.58416253	1.222713	1.5790342	-1.3898087	-0.97749275	-0.6861252	-1.5754366	0.413137	0.9793579	0.18769282	-0.04626636	0.9855272	0.17085372	-0.32618585	0.01772305	1.8229307	1.9893014	-0.18284206	1.3874062	1.3801647	0.40299937	1.1631249	0.53564715	-0.16013308	-1.6499208	-0.5364486	0.4822038	-1.1752301	1.518531	-0.98761153	1.0256897	2.3961465	1.0683059	0.5412556	-0.3186656	-0.36588573	0.6861193	-0.9272396	-1.0423076	0.5167947	0.72845644	-0.77506876	-0.15225878	1.3240017	0.9624299	-0.9639184	0.96549624	0.13452125	0.20074753	-0.638786	-0.692866	0.19206317	0.4262145	0.13949268	0.050572693	0.26694757	0.40224668	0.5836577	-1.7822077	-0.8000373	0.8996273	1.8554019	1.2158976	-0.5683023	-0.16589837	0.111410774	0.9137611	1.1755222	-0.3069203	-0.5029103	0.058705673	-0.22307625	-0.50361544	0.90584236	0.8837915	0.47729045	-1.3328307	-1.5674777	-0.33341715	-1.5598722	-1.9698774	-0.16499001	1.2809101	0.6117054	0.7203543	-0.13044748	0.077286646	-0.943346	0.48620427	-0.599981
4S-methylazetidine-2S-carboxylic acid	0.38475934	0.8335467	1.8452126	0.6090347	0.3157409	-0.5156569	0.2786808	0.978356	1.6854187	-1.3499571	-0.78503317	1.177251	-2.4744115	0.45870262	-1.6952711	1.2106684	-0.24582043	1.6691535	2.1629436	0.7929157	0.63544613	0.12552963	0.20680307	1.2809334	2.7251475	1.1440142	1.8726187	1.7886889	0.2683956	1.7855709	2.119138	1.3508313	-1.0248865	0.5864924	0.2876839	0.10502931	0.56632864	0.39588332	1.2014371	2.6224098	-1.1258945	0.6010264	-0.39676714	1.7925295	0.008902029	0.6049423	0.018533511	2.066834	1.7977536	0.21120939	0.87133133	2.8438442	-0.6850963	-0.25256088	0.51010835	-1.6218617	-0.35725892	0.8805039	0.34873414	0.27994186	1.2230383	-1.3372823	-1.2020103	-0.25358468	1.404998	-0.37688228	-0.30542582	1.4376781	-0.6523646	0.28998774	0.48632163	0.2967849	0.26096767	2.2355142	-0.8516227	1.7659731	0.2978759	0.13233556	-0.7888101	-0.22806953	0.89944065	1.8820529	-0.9147453	2.3343794	-0.6596429	1.2913395	1.5253147	1.8020838	0.65415156	0.8780692	1.6077454	0.62814146	-0.53153116	0.9781112	-0.69796157	1.1443981	2.1486762	-1.5909243	1.3646315	3.4887657	2.7842453	0.99944437	4.614013	-0.30641657	6.3800535	1.5972753	3.5794332	1.2878803	-0.55155236	2.8901658	-0.16016036	-0.61112744	0.99389726	0.7812873	1.5018773	-0.32649925	-0.44476214	-0.498272	-0.061676957	0.7458342	1.1302681	1.6106652	-0.39472872	0.31234348	0.79422057	-0.2132587	0.20361307	1.1005752	-1.2995816	1.6655989	-0.09630566	-1.3171602	-0.07000694	1.0458426	0.26563355	-0.48124054	-0.95133764	-2.0926397	-1.8213944	-0.4144735	-1.2708224	0.5453436	-0.40457964	2.9629319	1.1233584	-0.413383	0.9380027	0.44582215	-0.47236905	0.7366702	-0.42012832	1.0374671	-0.5522299	-1.4109408	4.3417697	-0.29219198	-0.5274027	-0.90607095	-0.8616678	0.9605831	-0.40649405	0.5784842	-0.550312	0.5386249	1.5886594	0.26734757	1.2824382	1.1648556	0.21140943	-1.1152875	1.5662583	-0.99003583	-0.18389696	0.46445975	0.051247578	-0.21930061	1.0548689	1.3722149	2.7182503	0.7454088	1.0039206	1.4205029	1.6117313	1.3801656	0.3294996	1.7413865	-0.86832315	-0.20139408	-1.6558753	-0.9226591	0.9887057	-0.066819765	1.2589401	0.6824644	-0.6719595	-0.7912387	-1.117368	-0.582101	1.2127143	0.046521436	-0.4715045	-0.40583584	-0.44099456	0.33299208	-1.0819502	0.24015023	-0.25639144	1.4343265	-0.66586393	-0.33969083	1.4734124	-0.71688634	0.5965622	1.1786205	0.17141789	-0.25996986	0.40883717	-1.7864145	-0.84231335	1.9153202	-1.1356488	0.5206068	1.5005379	-0.22823285	0.091935225	0.09124776	1.4360765	0.07961625	2.2484493	1.8313459	1.0231849	1.5236996	1.5507379	2.010911	0.07193029	-0.59581256	-0.79517835	0.57576674	-0.7082182	-0.30492482	0.19597125	0.68989885	0.45461255	-0.018729107	-0.7729022	0.5849144	-1.24104	2.2727745	0.5848784
4S-methylproline	-0.3772331	-0.21924585	0.25845358	0.23509906	0.44870147	-0.49242336	0.51965433	1.044746	0.29987827	-0.81563336	-1.3207182	0.8562382	-2.499765	0.55675286	-2.0438619	0.20420933	-0.56178385	0.34371844	0.37074146	0.33441836	0.4469033	-0.1396314	0.5382851	1.6574829	0.28948087	0.7109673	0.6533894	1.0703862	-1.2112831	-0.10253458	0.41404992	0.013564793	-0.48250902	-0.027000906	0.49087483	0.013590195	1.0412335	0.5711978	0.5999543	0.62253547	0.4084768	0.46444693	0.7082954	0.57140976	-0.69390005	0.3650568	1.2752357	0.33502305	-0.05462202	-0.39048532	0.2697676	2.277192	-0.6406324	-0.15812722	-0.52583164	-0.12393532	0.7579763	-0.45407972	0.25853497	-0.67128086	-0.4011779	-0.4779713	-1.0633502	0.47923797	-0.45609203	0.15214643	0.7704708	-0.44120654	-0.7400054	-0.07138385	0.78226984	0.23670314	0.29674435	-0.4754635	-0.6959466	0.13404398	0.083056465	-0.65122366	-0.15393645	0.35638803	-0.56479573	-0.22346613	-0.1097225	0.7219878	-0.6536125	0.30897546	-0.5160299	0.6886842	1.1394833	0.1826299	0.29533345	1.0608603	-0.20252441	0.054872487	1.1930091	2.418407	1.2918172	-2.139619	1.0491128	2.8872337	2.1642478	-0.5058466	1.0700375	-0.14836319	1.5972753	7.2548566	3.08361	1.0190527	0.4086827	0.37340972	0.54339725	-0.099365234	0.5887118	2.572764	0.49001652	-0.45072782	-0.0050085834	-0.19419907	0.054399334	-0.5770516	1.8258592	0.47084126	0.13788785	0.64990026	0.43477833	0.95204365	0.28170025	0.21375927	-0.24081463	0.7174997	-0.0995214	-0.8672744	0.1311415	0.04718541	-0.49159694	-0.33178583	-0.9741213	-0.8300449	-1.2993642	-0.21229303	-0.5028001	0.75448835	-0.16646972	1.311612	1.8872856	0.19744459	0.05533166	0.25291002	-0.3765665	0.79318583	-0.13807547	-0.18207727	-0.68861324	0.3105562	0.29226816	-0.46934628	-0.89500606	-0.7063436	-1.2929653	0.6608585	-0.2705194	0.6643151	-0.8624004	-0.12809072	0.38611573	2.2026892	0.41155133	1.2113122	0.265367	-0.5702283	0.4809708	0.657116	-0.25767234	-0.14801915	0.47964072	0.73508924	-0.08500863	0.39063072	0.2852817	0.19538723	-0.11805658	0.48536056	0.32978636	0.5209731	-2.097652	-1.3790302	0.14115807	-0.26175717	-0.9375717	1.28062	0.8558305	0.026140893	0.020030132	0.7045831	-1.0714955	-0.9617207	-1.34779	0.41371036	0.56369036	1.547316	-0.30463958	-0.630799	-0.13562438	0.118743874	-0.9896548	1.1839637	0.40064317	0.6232591	-0.30580902	0.46703115	-0.012968162	-0.9932812	-0.49336115	2.0957925	-0.39097947	-0.045874458	0.3634253	-1.6567345	0.14203148	0.25353414	-0.044118427	-0.75296503	0.744347	0.016534211	0.057335325	-0.09207307	0.34661934	-0.50104076	2.1558328	0.47664216	0.38164636	2.6036143	0.2649889	0.6183555	-0.69944024	-2.008815	-1.8208345	0.863108	-1.0399868	-2.7186477	0.43590719	1.6071215	0.101203956	0.23781647	-0.19108751	0.662314	-1.0990181	0.23269613	1.0068837
4S-propenylproline	-0.36831433	-0.69518846	1.7048227	0.61199963	0.27229205	-0.20719278	0.31692106	0.6241767	1.4951137	-0.16016504	-0.69745004	1.349457	-3.3116472	0.2375829	-1.5169461	0.36295152	-0.4474916	-0.07995354	0.7857695	0.5980682	0.59057325	0.102909885	0.16905943	1.1716967	0.9763573	1.309859	0.9592171	1.2493047	-0.73109937	0.76728755	0.07275165	0.2488301	-0.16832882	0.24752712	0.2294521	0.8112414	0.7968392	-0.26337394	0.78162235	1.7869285	-0.42865697	1.365191	1.659095	0.5358478	-0.6927739	-0.13679631	0.5979153	0.47951224	-0.8672259	0.39818045	1.8064511	3.287531	-0.7256129	-0.10699279	-1.4768848	-0.50881463	-0.16703196	2.1535056	0.41083494	-0.89121944	0.1725788	-0.9398385	-1.2229958	-0.23767796	-0.86518914	-1.8581578	0.295095	-0.04871406	-1.4788982	-0.6022354	-0.0634772	0.3210846	1.6642632	1.2928592	-1.2353584	0.521276	0.14716657	-1.011065	-0.1775747	-0.6763077	-1.0721338	0.37715775	0.4689589	0.27227607	-1.497165	0.54712087	0.1346864	1.6739221	0.34223908	0.016711133	0.90924436	0.8837073	-0.5913818	0.7326277	-0.08778953	1.9801177	1.7199376	-1.9996171	1.8515764	4.596664	2.2931042	-0.561438	3.8259487	-0.4261871	3.5794332	3.08361	4.596665	1.9733201	-0.50837564	1.1957457	-0.00814816	-0.3271906	0.97145075	1.7617764	0.06977637	-0.57434624	-0.3086665	-0.6064908	0.033990353	-0.86720794	2.821766	0.30310312	-0.38213328	-0.056325536	0.3902702	0.3050945	-0.5192415	-0.28320548	-1.4640731	0.7285134	0.04827489	-0.8032247	-0.24729314	0.36261007	-0.41836765	-1.0820476	-1.1756804	-2.563235	-2.6440876	-0.116365075	0.27499005	1.5625294	-0.4259279	1.3244699	1.2906611	-1.0524231	-0.778156	0.2470247	-0.98908556	0.055760402	-0.65109336	-0.4733332	-1.0163962	-1.1666662	1.7585708	-0.57625985	-0.51700485	-1.28671	-1.9798439	0.561406	-0.98960644	-0.7977135	-1.4764059	-0.50346226	0.83250713	2.1307943	0.62097687	3.0618336	1.142635	-0.8697636	1.2536149	-1.4692235	-0.89327186	-0.50307995	0.16355452	1.7319846	-0.07807147	1.0683734	-0.48768908	0.45892352	0.5335862	0.7818881	1.1523455	0.11737796	-1.8366075	-0.6779818	-0.31922126	-0.39181522	-0.9567982	-0.042699896	0.29314876	0.13393462	-0.090611726	0.5592569	-1.2309592	-1.3891851	-1.235766	-0.09151667	0.832802	1.3563555	-1.218821	0.16458878	-0.2715516	0.06386757	-1.0213445	0.041227568	-0.17584713	0.46517417	-0.77249604	-1.1844758	0.56842756	-1.3833711	-0.50516087	1.3069897	0.3371223	0.07458212	0.24221596	-2.4700317	0.5291895	2.08384	-1.5225508	-0.91003025	1.5399996	-0.5147518	-0.87998295	-0.469666	0.29674646	-0.0023254352	3.0768085	0.9632793	1.8900633	2.1864934	0.7174317	1.3433292	-0.99819034	-2.485006	-1.5523418	0.8124339	-0.9958024	-0.24167351	-0.5049817	1.2752031	0.24893624	-0.05145582	-0.9100743	0.88946664	-1.2104492	1.001676	-0.07951374
5,5-dimethylpipecolic acid	-0.09070401	-0.6192703	1.7479045	1.831661	0.107462384	0.4350043	0.32567903	0.90508056	1.8413646	-0.8070158	-0.86892205	0.87083524	-2.0389144	-0.53376985	-1.0668633	1.0163378	0.12419381	0.9435461	0.80792767	0.7022042	0.63487184	0.83723676	0.40474975	1.8916233	1.4410979	1.7896994	1.1325369	0.25478736	2.498403	0.98841786	1.3266057	0.25351524	-0.20067143	-0.54620534	1.019904	-0.28720194	1.8184048	3.464991	1.0786903	1.1679206	2.4495533	0.6408265	1.1453265	0.27689007	-0.35009298	0.07300036	0.9369779	1.22677	0.4893643	-0.6204532	0.2109731	0.5325851	0.83925295	0.5332866	-1.0467706	-0.09839239	0.53551936	1.2072865	0.46123788	0.69422305	0.45067126	-0.573382	-0.5013842	1.1879405	-0.49705902	1.7188424	0.06512603	0.40357354	-0.68486106	-0.59270173	0.45330352	-0.111580916	1.3503072	-0.022138	-0.3089337	1.1279914	0.29972014	-0.40216658	0.22652443	1.0951076	-0.42624962	0.16837516	1.3319185	1.2089001	0.8370169	1.8569639	0.85847294	1.5831041	1.6669657	1.8451402	0.9488862	2.1888893	0.15292312	1.0280133	1.7008342	2.725606	2.4189153	-0.89869994	0.80920047	0.9055758	0.8278094	1.124508	1.5838125	3.210514	1.2878803	1.0190527	1.9733201	6.2812905	1.2638131	0.73517555	0.15531288	-0.23539272	1.8494041	0.014163801	0.6864183	-0.18389982	0.27557456	-0.37002927	-0.27129874	0.92664	2.0469053	1.5948262	-0.17372975	0.7542934	0.3678156	0.09076234	-0.20710735	0.5391725	0.6141488	0.22869366	-1.0929403	-0.3071487	0.70550334	0.61505413	0.039108682	1.0177432	0.73749864	-0.9570924	-1.6668956	0.08926921	-0.94376516	0.55354416	0.68595713	1.2667412	0.80433536	-0.09902501	0.84738547	1.9586258	2.6877005	1.1926515	-0.25883457	0.544686	-0.54528505	-0.16220431	1.4036679	-0.17954303	-0.39596048	-0.4144626	-1.0263162	0.46810552	-0.12940308	0.35349452	-1.3949419	-0.3374284	2.039541	-0.5457144	0.90285516	0.25956237	0.87871087	0.1129826	1.8773403	0.81091434	-0.82860917	0.31774428	1.1372768	-0.0030783063	-0.0072239465	1.46205	1.2271003	0.8163211	0.12836677	0.7774968	1.2404488	-0.5339704	1.0194528	2.692758	0.738423	0.63147587	0.4641912	1.0416236	0.5831567	0.07429685	1.0671123	1.6614742	-1.298058	-0.8192782	-0.3627235	-1.1389245	0.791496	0.9357465	-0.4308795	-0.6481719	-0.3544895	0.82422376	-0.43546912	0.43848267	0.54336774	0.99178815	-0.5436541	-0.028800227	1.6883242	-0.21135797	0.9575739	1.095014	0.40894988	0.089355886	0.9143041	-1.1348847	1.2292279	1.514201	-0.030721165	1.7464764	1.0020642	0.6860564	-0.07968756	1.0561191	0.8430712	0.28120032	0.5471782	1.2135161	1.5620946	0.43128577	1.5668789	0.87449414	0.016380595	1.4209255	-0.5234032	1.7257262	-0.5457948	-1.0592397	-0.63050497	0.82411057	0.6288616	0.4842575	-0.29159915	1.315556	-0.6398798	0.5224097	0.5397481
5-aminolevulinic acid	0.54680187	-1.0451918	2.4586163	2.2629418	2.1070735	0.87334716	3.1247811	-0.16566649	2.5429904	-1.485041	-1.4695003	1.565714	-0.44796583	1.0175985	-1.2737839	2.6206121	-0.58497	0.68346095	2.6264756	0.25191486	1.1467755	0.9252395	1.0717716	0.89993775	2.1815848	1.390271	1.6032991	1.5700265	0.19473018	3.3463678	0.8747836	1.5874791	-1.4011835	0.5975295	0.6790745	0.49445617	1.8248224	1.4294772	1.8948002	1.3302691	1.9978093	-0.114807256	2.3367987	0.87524277	-1.5526656	0.89737767	-0.31014386	1.8776376	3.7489996	-1.3377177	0.01229081	-0.77508366	0.92928654	0.4907783	0.3832303	-1.3069373	-0.7075123	1.784581	-0.2928377	2.1863575	1.4886717	-0.80115867	-1.1145988	1.5548667	-0.28843218	0.26585016	-0.38042703	0.6506312	1.0293409	-0.6172728	-0.99998885	-1.0564262	0.8067297	1.3301121	-0.4181966	3.5678344	1.7866896	0.11571545	-1.1159157	-1.0399418	0.8655661	-0.3955638	-0.6784664	0.25179923	2.0225143	2.159089	0.029971872	1.7523388	4.0900884	3.2072215	3.0738616	2.3443189	0.41232586	2.2756937	-0.26480982	-0.07767334	0.10811333	-0.6587094	0.30315393	-0.4933212	0.13496391	0.037805326	0.12369916	-0.5294264	-0.55155236	0.4086827	-0.50837564	1.2638131	4.2785006	2.629564	0.6810437	0.50671804	2.9070172	-2.055872	3.3508487	2.53209	2.5730307	0.7218993	-1.4908689	1.9824425	0.59139377	2.3364086	-0.6572067	-0.3977803	1.608607	1.9875623	0.28103536	0.17506088	2.2002327	-0.4970214	-2.1276753	-0.21164967	0.2949514	1.8438405	-1.5726975	-1.1465973	-1.1592823	-2.0095565	-1.9017107	-0.38514614	-2.229413	1.5030264	0.3600477	0.13317141	2.9560812	-1.1773883	-0.06104585	0.1811274	0.21251503	0.18403971	1.4977713	1.6710519	0.13424037	-0.24463066	2.138435	-0.91692847	-1.1804439	-0.97848105	-1.0984244	1.7695749	-0.14013822	-0.4904986	-0.47934008	-0.540723	0.91203356	-2.3070033	2.3170142	1.7959651	0.18189394	-0.009290505	1.6797698	-1.6422107	-2.100013	-0.08512512	-0.08981258	0.49410853	3.7993548	2.3801935	-0.08157106	2.196624	-0.6137836	2.2945123	3.5882628	0.781877	-2.242821	-2.023138	-0.74585956	1.6225244	-1.1524718	-0.31378466	1.0663646	-0.34549043	3.0336068	0.42787227	-0.86565584	-0.9306824	-1.7401196	-0.37824187	3.5505543	0.5833584	-0.35699323	-0.26706076	-1.2841827	1.5232017	-0.3557711	1.1555123	0.2904803	1.5567528	-0.8307944	2.5428765	3.1183727	-1.2139463	1.8786051	1.2754395	1.0207183	1.0283343	-0.38741297	-0.6209925	-0.56187457	4.0601993	-0.14826944	1.4231313	1.9736363	-0.5106444	1.3253325	0.50037545	2.6543586	1.1563785	0.65476716	1.1769242	1.8566141	-1.4507614	2.6214192	2.2456799	1.0990989	0.7468278	-2.169593	2.6995554	3.4766698	-1.9379758	-0.7816277	3.4144251	4.2784996	0.23523597	-0.60444	2.7389	-1.2783948	1.67319	1.517531
5-chloroanthranilic acid	1.1389035	-0.21488434	2.2862148	0.834428	1.4229993	-0.10127439	0.65656626	0.16879645	1.74089	-1.3539186	-1.7294236	1.2839779	-1.4443958	4.158733	-1.5798441	2.3122253	-0.18645614	1.0989968	3.8099713	1.0939887	0.7989934	0.46570766	0.51793426	1.1936475	2.6520915	1.7319722	2.393909	1.9379926	-0.89165753	3.2105756	0.8594224	0.780548	-1.211313	0.9081674	1.3730363	0.7645335	0.24127452	2.0827854	1.9546297	2.054493	1.3418306	0.5209393	1.0964986	1.8339859	0.065372616	0.7655433	-0.2845672	2.6078236	2.210849	0.22248673	0.6358976	1.1461624	0.37823984	1.4179435	-0.2586831	-0.49121636	-0.29353166	0.66877425	0.42298916	0.3306361	1.2713987	-0.53525347	0.03607767	1.9162312	1.4878105	-0.55298066	1.6789159	0.7201467	0.07522983	-0.4671507	0.06276641	0.5658848	1.320443	0.34503868	-0.1652107	2.2951052	0.56608063	0.779609	0.3646511	0.06680582	-0.22665504	1.7189231	0.6589381	2.2546172	0.29454428	3.0379317	1.4310042	1.8760246	1.8351682	1.5537095	2.873543	1.1409897	0.13783905	1.7804682	0.38310492	0.41889015	1.1950464	-1.01917	0.4729957	-0.57037014	0.92608255	0.97884005	1.477203	0.25199983	2.8901658	0.37340972	1.1957457	0.73517555	2.629564	4.7841268	0.3686142	0.8665971	2.0625856	-0.3282736	1.0209885	1.9221586	2.2816799	0.3838338	0.13495955	0.30631632	2.3454087	1.6787782	-0.0572201	0.7786979	1.1545902	0.02821648	1.7713044	1.1155574	0.55682784	1.3621913	-0.6890828	-0.7532866	1.1975584	1.7213669	0.1527186	0.5883465	-0.15679923	-0.29987067	0.0012727026	0.22747053	0.18435384	0.5543591	-0.16160393	0.41202495	0.8647094	-0.91247356	-0.020985274	1.65315	0.6562294	0.6673282	1.3777688	2.2379737	-0.19331136	-0.34857538	3.7286255	-0.22780699	-0.8191925	0.48592633	-1.2649531	2.812085	0.46632972	1.185804	-0.33322358	-0.45723474	1.2900625	-1.2073314	2.0902588	1.6288896	0.74857616	0.18814911	2.3982878	-0.9807579	0.020499857	0.28298286	1.3420124	0.04062178	4.0732856	2.0418153	0.19066009	2.347725	-0.30030912	1.896288	2.603977	0.37275875	-0.38923433	-0.37015346	0.5687446	0.5580905	0.8454068	0.88032013	1.0510739	-0.32471094	2.0416906	1.662634	-1.1919663	-0.92382586	-0.7906628	-0.5996998	2.32614	0.4496689	-0.73275656	-0.451826	1.3539116	2.2144434	0.098650604	0.676045	0.13700376	2.1802554	-0.25238916	0.9997364	2.1410377	-0.4044644	1.7492045	1.440238	0.37755686	1.6377087	-0.30193803	-0.7487193	0.13535205	2.2912755	0.09787522	1.8579004	1.6595739	-0.5715585	0.03345545	0.63587284	1.8635195	1.1905929	-0.10273721	-0.98521304	2.1084151	-0.45187134	2.045357	2.5658443	1.225947	-0.77471554	-2.3211503	1.9600717	2.5458198	-1.2458452	-0.23933187	1.7241944	2.4586549	0.07320213	0.43482587	2.7134867	-0.40277013	1.8324765	0.3960972
5-chlorotryptophan	-0.36058217	1.1425205	-0.5908707	-0.17372762	1.4905564	-0.1175373	-0.1803677	-0.12401791	-0.027169624	-0.44266108	-0.11978737	0.15433711	-3.63484	-0.66555554	-0.3814063	0.6023499	0.5243119	0.5220004	0.14541695	0.50872177	0.23498042	0.83626133	0.24140236	-0.671864	0.116596915	0.16075157	1.1452373	0.88385636	-1.188236	0.057702675	0.7842788	0.07335181	-0.49001715	0.3946592	0.46434864	1.1827439	0.14871919	0.7449563	0.45602876	0.7367417	-0.43640494	-0.16651161	2.1241314	0.55048263	0.2332397	0.12692238	0.33233145	1.1011571	-0.9125599	1.7798688	0.13074806	0.45476553	-0.32547268	0.87220615	-0.9733842	1.58116	0.5760169	-0.47207668	0.70425755	-0.73492235	-1.4559929	-0.17902611	-1.4805577	-1.1975837	-0.7229745	-1.484616	1.2056916	0.6596624	-0.3044187	-0.47502512	0.3315432	0.068377815	-1.1774657	-0.6608867	1.0121541	-0.6933158	0.51784176	-1.1235303	0.92360485	-0.0038402409	-0.60320246	-0.3005137	-0.51108	0.45761523	0.24125533	-0.78236973	0.62040615	1.448116	-0.02933537	-0.28238678	-0.117564455	0.72456145	-0.16726239	0.8556163	1.1859093	-0.111848585	0.050776556	-1.6814995	0.81091064	0.016195053	0.7473522	0.8990779	-0.2144916	2.3243916	-0.16016036	0.54339725	-0.00814816	0.15531288	0.6810437	0.3686142	7.965885	0.11714228	-0.5071544	-0.8689654	1.2414399	-1.6137502	-1.2845358	1.1732415	0.11732241	-1.4576734	-0.5015982	-1.0051975	0.41633454	0.40819293	-0.026427107	0.16509414	-0.08719565	0.53869987	0.061341193	0.4612922	-0.9164891	-0.6617142	0.29698583	0.75626296	-0.5381749	0.66112506	0.07925554	0.13944115	0.3827441	1.507207	0.119555406	0.5307844	0.9972268	0.5341146	0.51341397	0.57599133	0.205356	0.50605464	1.0892358	0.56213135	0.26807973	0.7438954	0.9646705	1.7434968	0.8300398	-0.099340685	-1.3650001	0.43569916	-1.6459645	-0.17643842	0.6922783	1.0995955	-1.3453773	-0.5745023	-0.72132295	-1.4294583	-0.061071765	-0.57155925	0.42364773	1.0611519	-0.59261507	1.7826717	1.041664	0.066176616	1.6905613	-0.25752774	0.4219543	-0.13112803	0.22672105	0.38202938	0.36317107	0.19207989	-0.42565647	-0.7067157	-2.1440864	-2.261189	0.53453124	2.6853883	-0.6727168	-0.67273855	1.5547493	0.22976449	-0.19328293	0.08769043	-0.14847934	0.6531902	-0.7172395	-0.33444434	0.71512127	0.031740468	0.30162773	-0.07045491	1.3635349	0.6626139	0.103583366	0.13562709	1.1666552	0.083680294	0.671034	-0.4140886	-0.26827815	0.006813626	-0.7824817	1.314754	0.24461734	0.49041188	1.4706007	-0.5854342	0.08080854	0.108494475	0.79596144	-1.1816647	-0.7510404	0.5335908	-0.6245974	-0.5094283	0.17999272	-0.9426162	0.20119578	-1.5188056	0.17263167	-0.19369976	-0.014011394	-0.0062563214	-0.91467553	-3.0821211	-1.8739747	-1.2622758	-1.3323624	-2.2994158	0.40293872	-0.31669548	-0.32597405	1.5826415	0.48674712	0.34836355	-0.28561893	0.12623975	0.14605859
5-methoxytyrosine	-0.28552908	-0.8674888	-0.12296384	0.5910777	0.3097242	-0.5252033	0.9683044	0.089683875	0.15051606	-2.3994093	-2.5657063	0.07321299	-1.8459069	2.201935	-1.1421328	0.74100703	0.7350484	-0.44334847	0.22163408	0.32262886	0.23883824	-0.007514987	-0.2517721	-0.65951926	0.5968057	0.48490417	0.7062629	0.0690893	-2.386737	0.5028873	-0.17002606	-0.71780664	-2.5501862	-0.18377396	-0.15278198	-0.26939285	0.50402254	0.5162872	0.21465021	-0.33653188	0.23999599	0.066131316	-0.8133768	0.45580238	-0.08470939	-0.15805028	2.625362	0.8791355	-0.30879977	-0.05697645	0.19976662	0.053846322	-0.39431795	0.67007005	-1.0376067	-1.585654	0.3051453	0.0394499	0.12324198	-0.14200324	0.11874832	1.95165	-1.8842385	-0.124989	1.161364	-1.041158	0.4027173	0.16823997	1.6512703	-1.3561858	-0.13537143	1.5108624	1.7079331	-0.66275096	0.779458	0.061370566	0.33642077	-1.2579863	0.41856295	1.4610648	-1.1210454	-0.643752	-0.31573123	0.19490932	0.39918664	0.2960084	0.16091082	0.48520634	0.40009815	-0.08081521	1.2892543	0.7364422	0.08457061	0.3770813	0.16404259	0.66587967	-0.3385901	-1.9350557	0.63480747	-0.69799507	0.39009768	-0.14021352	-0.22439706	-1.0282207	-0.61112744	-0.099365234	-0.3271906	-0.23539272	0.50671804	0.8665971	0.11714228	8.042771	-0.21927723	-0.119626865	0.41450366	-0.7577349	-1.1243358	0.72961754	1.4208459	0.3756672	-0.08789463	0.19856572	0.3071088	0.3237237	0.64503103	0.19134021	-0.14581354	0.010577213	2.0426888	-0.033799846	1.0780429	1.9627143	0.96917397	0.36962113	1.7864746	-0.47250128	-0.13702357	-1.7165359	-0.04513476	0.023417458	0.2013454	0.13662003	1.0215886	0.39287204	0.44692922	2.1368465	0.9586237	0.40015104	0.73117745	0.54088455	2.6311767	0.44963416	0.471137	-1.1863568	0.6115499	-0.13456148	-0.12877232	-0.47624388	-0.95212924	0.05595825	0.08473765	0.34117842	-1.3329265	-0.92019475	-0.1650918	-1.3648553	0.90456617	-0.45541173	0.96488	0.81274635	0.65461516	0.25588664	0.4498691	-0.5255837	0.09074884	-1.5349596	1.3201632	0.1949359	-0.5510512	0.65563965	1.3434665	0.1735654	0.886831	-0.2132879	-2.3481047	-2.2925742	0.23534931	0.3066679	-0.5360507	-0.22473148	1.0027936	1.5486773	0.41435623	1.0435839	-1.5634772	-1.2622349	-1.3202035	-1.1955336	0.45598745	0.60390127	-0.07934976	-0.37646565	0.17663726	0.5566218	-0.3093134	0.43427896	0.45755917	0.7240716	0.31138408	0.55106324	-0.07437256	1.595796	0.68969584	-0.076306276	0.5154334	0.6846933	-0.19428006	-1.7520198	1.1198093	0.057638984	-0.093052536	-0.70698464	0.021977214	0.79799813	0.47756052	0.6300854	1.0326297	0.6358552	0.23110415	-0.93522716	0.9486058	-0.32546023	0.83925915	0.79061234	-0.09670464	-0.60850745	-2.284193	0.73246473	0.31416705	-2.1034539	0.042642657	0.505816	0.43779865	0.88335496	0.93149024	-0.17414965	-0.8658449	0.9032757	-0.040007874
5-methylorsellinic acid	0.64186263	-0.6108605	2.9493606	2.6784425	0.96007735	0.2736687	0.95210224	0.6894215	2.9363806	-0.7210337	-0.748291	1.576593	-0.9574573	2.413764	-1.2596427	2.2867827	-0.21845835	0.9184982	3.0012162	0.43154278	1.2521925	0.17040625	0.76533556	2.9070842	1.5165392	2.7182975	1.7584418	1.6824318	0.47054508	2.180816	1.1733868	0.75669444	-0.16771623	1.39733	1.5187308	0.8820292	0.6480783	1.6726178	2.0759315	1.3903623	1.3729221	1.1520653	0.6029446	1.501646	-0.873571	0.4660234	0.12326971	2.033777	2.716891	-0.4375431	0.16496558	0.94371873	0.6501395	0.48295885	0.2503484	0.5815369	0.9421461	0.45130312	0.9767281	1.3531833	1.8811779	-0.5682627	-1.4896	1.0632635	1.1422414	1.0485507	-0.14019185	0.32527527	0.9335225	0.7636476	0.8724006	0.40663427	0.9454832	0.6860078	-0.059016064	2.7661326	0.8660936	0.94586974	-0.44432786	0.66905946	1.6818298	1.4755801	0.17156321	0.6576851	0.19282678	2.4057584	0.934609	1.4144214	1.9412991	2.3612182	2.4491737	1.9650806	-0.55517673	1.528521	0.9313068	1.3867114	2.071251	-1.3229374	1.1414998	0.15909523	0.7110137	1.2473613	1.9910588	1.8364033	0.99389726	0.5887118	0.97145075	1.8494041	2.9070172	2.0625856	-0.5071544	-0.21927723	3.9507253	-0.6532101	1.4269626	1.8514339	2.101766	0.21159218	-0.15823816	1.6658566	1.3578528	2.4626985	0.11505191	1.1684107	1.1931506	1.2520053	-0.54845005	0.7898717	0.07142274	0.7739695	-0.63798577	-0.9187044	1.5231042	0.75716025	0.35565874	-0.027000722	-0.012260486	-1.4914869	-0.75216466	-0.109059885	0.6014317	0.577955	0.26196334	1.6259955	1.7766411	-1.1943601	-0.7072869	1.2770572	0.6146167	0.8091271	1.0123557	1.9147204	-0.06431437	0.43297192	1.3747971	-0.6684282	-1.6191596	-0.12034843	-1.1367319	1.7343291	-0.16119704	0.018265147	0.0772808	0.9824507	3.0492816	-0.99077666	1.6557097	1.021673	0.53300095	-0.18784428	3.4119372	-0.97521466	-1.171068	-0.110517435	0.6426595	1.7381667	2.2987423	2.159881	0.39704633	1.7336802	-0.8778672	3.67557	1.9470297	1.0690769	0.70570266	0.28971028	-0.1156326	0.03243268	-1.1286976	0.8407927	0.83459395	-0.009386286	1.7807312	1.8407068	0.09844352	-0.6669294	-0.9089771	-0.8517733	2.7713661	1.1545359	-0.2029124	-0.5009835	-0.37834182	1.143377	-1.1488729	0.8032044	1.1384041	1.019756	-1.1044028	0.52795935	2.7949982	-0.8833259	1.718242	1.8872075	0.33888566	0.22035025	0.05957357	-0.21348977	0.36011198	2.217294	-0.34135488	2.1887596	2.7604322	-0.5247395	0.17490828	0.7147577	1.7448303	1.648933	0.6770096	0.33615354	3.1784477	-0.3266921	2.4357364	2.165365	1.6554992	1.1396432	-1.3895336	3.195023	0.5990914	-1.5531988	-0.30236682	1.4630003	2.2511585	0.084557466	-0.82769877	3.9507244	-0.60058385	1.7636987	0.4397324
5S-methylproline	-1.07956	-1.3171984	-1.0310265	1.4858404	0.9351575	-1.1670358	1.4152154	-0.5031552	-0.6553462	-0.29714808	-1.0806061	1.7461932	-3.538299	1.1008188	-2.3410044	1.1116631	-1.4046403	-1.2862006	0.4879928	0.27788833	-0.20778874	-0.9816714	-0.74795705	0.49436522	-0.53121203	1.0081162	-0.5777461	-0.61749285	-2.5915048	-1.2455118	-0.7416445	-0.8771897	-1.3291526	-0.94210786	-0.12460322	-0.5516353	-0.46365955	1.1775144	0.4019238	-0.43752962	-0.5351262	-1.003305	-1.4741781	0.81517154	-1.1658183	-0.41260508	0.27053255	0.025024809	-1.1057918	-1.2370721	-0.6651058	1.9985688	-1.5488719	-0.3092584	-1.5452307	-2.074512	-0.7355098	-1.5890759	-0.6052291	-1.8228817	-1.2408447	-0.46897867	-1.8265773	-0.06351918	-0.10403886	-1.9419733	-0.781908	-1.0827191	-0.28499252	-1.1167556	-0.80409276	-0.18730012	-0.22757632	-1.3965982	-0.87239766	-0.94778436	0.6791358	-1.8349483	-1.1039877	0.44118983	-1.119976	-1.4417208	-0.5303518	-0.68796194	-1.4642285	0.46305236	1.2312707	-0.33022013	-0.21366519	-0.62678057	0.18677764	0.32298252	-0.79877114	-0.2493274	0.14544952	1.560844	0.4956441	-3.3313913	0.7531165	1.537083	1.9190738	-1.459312	0.9548823	-2.1925457	0.7812873	2.572764	1.7617764	0.014163801	-2.055872	-0.3282736	-0.8689654	-0.119626865	-0.6532101	5.9462576	-0.4313545	-1.070946	-0.8900523	-0.87352693	2.274959	-1.746791	-0.6524052	-0.05813474	0.8975486	-0.12045398	-0.1454273	-1.4358463	-0.9224442	-0.80329293	0.17341687	0.49172884	2.2984636	0.10998995	0.3765587	-0.6004048	0.15587446	-1.4665953	-2.1084702	-2.5884495	-3.149897	-1.2915883	-1.0879836	-0.2778213	-0.7865268	0.46803498	1.4940549	-1.368387	-1.3103087	-0.6345609	-0.65676355	0.08022803	-0.5102166	-0.79098755	-0.8337892	-1.246385	-0.6003775	0.110149264	-1.6369671	-1.3732773	-1.9536747	-0.8768229	-0.87626445	-0.9490816	-1.8772837	-0.9523661	0.20597303	4.9391427	-0.25351363	-0.6227451	-0.30289626	-1.7053375	-0.072330244	-1.0518354	-1.6543254	0.24509597	-0.6091102	1.3872696	-0.81341016	-0.19211958	0.39088196	0.33389604	-0.43885133	-0.19332604	-0.19763803	-0.69518757	-1.6339296	-2.8039055	-1.141645	-1.5406971	-2.1665528	0.13069995	-0.099431925	0.56701744	-0.5251306	0.9351045	-1.9362769	-2.0179548	-1.0573467	1.3329271	-0.4050909	-0.40842247	-1.5598779	-1.0136086	-0.79249465	0.39257863	-1.532376	-0.037197243	-0.60469	1.7854018	-1.1051129	-1.4156376	-1.021838	-0.242617	-1.089849	0.7936465	-1.08317	-1.044856	-0.66318524	-2.3119783	-0.3642951	0.67948526	-1.32816	-1.2292686	0.33038342	-0.47384152	-0.7500503	-0.7228305	-1.0223478	-0.4259456	2.007566	-0.7684092	-0.036095567	2.165371	-0.25845677	0.7966812	-1.6966273	-3.1030798	-1.0187486	-0.5046058	-1.4559872	-3.3763397	-0.99199855	0.24722543	-0.7709355	-0.44738248	-1.2690732	-0.4537035	-1.634801	-0.2793737	-0.20992926
6,7-dichlorotryptophan	0.45290023	-0.45640162	1.7741807	2.578398	0.6180873	0.53143597	3.115735	0.47636744	1.8172702	-0.98659074	-1.525963	1.2694392	-1.7181809	0.50963587	-0.8053512	1.6286348	-0.08781953	4.0698414	2.209865	1.4505006	0.8070796	0.7390355	0.5813516	1.8766128	1.5762671	2.032926	1.4920496	0.7428439	-0.60442084	1.6135303	3.0927086	1.8120542	-0.67525584	-0.054063108	0.17457716	0.83121914	1.6003482	0.6714763	1.55325	2.0910487	0.94058293	0.8189743	0.6334275	0.22714202	-0.19753462	0.5724729	-0.015766764	2.1782434	0.6996703	0.39079598	1.8423213	0.4859008	-0.10513983	1.5068038	-0.17678562	-0.62667304	-0.38065928	-0.17901392	0.26581973	0.86049217	2.1146526	1.2921342	-1.9601	1.4031576	0.35419017	0.20507123	0.37948602	0.31181124	0.17221409	0.21201639	-0.83780813	-0.1747263	1.3553525	0.12335506	0.2903848	2.198724	0.65968424	-0.1921395	0.28063855	0.24077213	0.36823037	4.3476515	0.17292753	1.6503428	-0.19533862	1.4443537	1.6427207	1.983497	1.5232439	1.950809	2.2329035	1.4673051	-0.101685725	2.3567247	0.88485384	0.5264476	0.9909379	-1.937155	0.62455684	0.29380745	0.52290785	0.9257118	1.8137009	1.5123987	1.5018773	0.49001652	0.06977637	0.6864183	3.3508487	1.0209885	1.2414399	0.41450366	1.4269626	-0.4313545	4.3476524	0.7470535	0.7830503	0.35901657	1.3882557	0.22926094	0.56565326	2.0191426	0.44331056	0.9221907	1.6103864	0.81757766	-0.33383602	1.704334	0.35382363	1.0001818	1.0413967	-0.059819892	0.6049906	1.9757532	-0.9463425	0.00074704393	0.6145521	-1.5911163	-0.19625685	1.4304212	-0.933993	-0.13898812	0.55241704	2.4009223	2.2490122	0.034143478	-0.15910232	0.9404752	1.2510749	1.1587473	1.7911842	0.82724756	0.05294585	2.2086625	1.1918696	0.45572084	-0.0014745133	-0.29109257	-1.2836529	0.2583619	0.1110652	0.30681604	-0.94919145	-0.10865654	2.248784	-0.6903837	1.987668	0.74141806	1.6527628	-0.3650347	2.805667	1.2770958	-0.31117353	2.3177152	1.5678668	-0.008128269	1.2448545	1.7382215	1.5538363	1.5581689	-0.344984	1.5533164	1.8306537	-0.3109211	-1.4477466	-1.7675871	-0.40109727	0.9732978	-0.7499979	1.0625036	2.2858157	-0.2421041	1.7110314	1.6318673	-1.2771426	-1.0273551	-1.4656008	0.03265446	1.5294648	0.74940985	-1.1808316	-0.72479934	-0.2114819	2.1127746	-0.4635013	0.6388916	0.20461325	2.587051	-0.52331454	0.912469	1.5455678	-0.954373	1.0823703	2.392311	0.47005498	0.5933742	0.2262903	-0.61687744	-0.5031528	3.1312892	-0.35693803	0.5669226	0.96666884	-0.043723755	0.727946	0.4999582	2.0718343	1.4014925	0.7566679	2.9997494	1.5878011	-0.346056	1.4759035	2.2345757	1.0508072	0.621725	-1.4575956	1.7786283	0.14009751	-1.736979	-0.1386295	3.3289318	1.2993371	0.7611589	-0.17141059	1.614087	-0.7299471	1.8895124	0.3358483
6-chloro-4-hydroxy-1-methyl-indole-3-carboxylic acid	-0.0104674045	0.06476184	0.50130606	0.6201014	-0.13201362	-0.1984157	0.29374933	0.5273787	1.1953748	-0.7865745	-1.1260782	2.6499667	-1.5767839	0.851831	-1.7681235	0.8958328	-0.6671783	0.006422001	1.4928983	3.1282666	0.40846395	0.9678367	-0.4421881	0.33295304	1.0415658	0.83022517	1.6716651	0.96417725	-2.0798323	2.7459898	0.23222494	0.15757555	0.013179686	-0.46423835	-0.27740613	-0.2618494	-0.34538376	-0.056558374	0.47706208	1.7924922	1.3471266	1.1486441	-0.07023505	1.7435069	-0.45125118	-0.25483468	-0.4755642	1.9834021	1.4421953	-1.2997905	0.1589966	-0.47663704	-0.9011194	2.5445006	-0.8770536	-2.3559816	1.5153004	0.7280541	1.5561259	1.9833784	0.9078753	0.1997178	-0.7766605	1.3978691	-1.0681951	-1.185181	-0.21847667	0.3205132	-0.61944395	-1.6709566	1.2830292	-0.82006526	1.831689	0.07451341	-0.8676874	1.5096478	0.5541862	-0.975978	-0.726746	-0.5460446	-1.4702549	0.98203725	-0.15181884	-0.96066356	-0.09757898	0.80994916	3.2175467	2.3378854	1.8434131	0.5153843	1.360805	1.3852679	-0.78413343	0.24607557	-0.7359659	-0.49763924	-0.12092164	-2.4866326	0.19211864	-0.8598126	-0.30608073	-0.47600055	0.2990185	0.28758848	-0.32649925	-0.45072782	-0.57434624	-0.18389982	2.53209	1.9221586	-1.6137502	-0.7577349	1.8514339	-1.070946	0.7470535	6.5841637	6.5841627	-0.02470823	-0.8085158	0.27305505	0.44813797	2.4924495	0.1740333	0.039735552	0.916143	-0.31452352	0.082374066	1.2393279	0.94246364	-0.5399135	-2.0986733	-0.81591713	0.06219303	0.095230006	0.07265732	-0.022904234	-1.260392	-2.1862528	-3.3775492	-0.20021841	-2.4320066	-0.7198506	-1.2855574	-0.3724023	0.16932526	-1.9614428	-0.8692269	1.4508663	-0.5560833	1.6118765	0.8085246	1.5697681	-1.6369488	0.7730618	1.4380844	-1.3911514	-1.7261288	-1.5908366	-1.3019366	0.8921206	-0.57807434	-0.36862892	-0.61566615	-1.1283777	0.7025798	-0.94571775	1.6932304	1.9273521	0.52981496	-1.1035432	0.7753277	-2.2162733	-2.237424	-0.54102135	-0.600481	2.1841426	2.4143353	1.3527291	-0.9498523	1.6261492	-1.1513361	0.79282963	1.84626	-1.2269164	-1.5962893	-3.4739022	-0.3872544	-0.8424655	-1.2933174	0.36022532	1.4007367	-0.6327683	0.7908212	0.6650187	-1.7277747	-1.3319627	-1.8094901	-1.0061065	2.114944	1.5020567	-1.0319543	-0.33758825	-1.142222	3.0264246	-0.3327865	-0.32399297	1.4721558	0.27697852	-1.4114685	-0.52658916	2.5353947	-1.0133005	0.37146878	0.814543	-0.8879842	1.057904	0.7315793	0.6117868	-0.06860485	2.2419245	-1.4675497	1.0718509	2.175808	-1.0402104	-0.5917038	-0.8307559	1.4372569	0.2906453	0.08524571	-0.2148446	0.65128845	-1.0436454	0.5579316	2.1345835	1.1636941	0.4899408	-2.0358078	1.1774659	4.0531406	-2.7817595	-0.08401671	2.505218	2.4847093	-0.6795069	-1.7234728	1.8273089	-1.5734676	0.41943073	-0.15213947
6-chloro-4-hydroxyindole-3-carboxylic acid	0.14964728	-1.0444422	0.98677146	0.48648405	-0.060817666	0.10443628	0.14367542	1.0046426	1.0588757	0.020603327	0.014266402	2.503726	-1.3042789	-0.1360464	-1.1814603	1.633722	-0.36642992	0.4097647	2.1406152	3.480049	0.5621773	0.979072	0.038811497	-0.5079916	1.6639662	0.88405	1.5757641	0.731219	-1.6316974	2.6388276	0.6926328	0.67267394	0.77444756	-0.26549935	0.15219139	0.4018824	-0.2530557	0.08515003	0.65101564	1.8857396	1.2923003	1.1456596	1.1722095	1.5010557	-0.24685596	0.15299341	-0.11497976	1.8502603	2.3799078	-1.0144587	0.6273961	-0.5398177	-0.26490864	1.9031434	-0.29294014	-1.1207603	1.2096394	0.81989616	1.2896256	2.2815623	0.6272749	0.74422586	0.1433911	1.1034312	-1.0732037	-0.81812364	0.42186916	0.98996913	-0.45703965	-1.0061938	1.4426734	-0.48908365	1.7591602	0.4525761	-0.61066574	1.6412008	0.644035	-0.6703621	-0.2601533	-0.34161454	-1.261639	0.657824	0.110558346	-0.8296295	0.35322326	0.80509347	2.734773	2.1006918	1.9165182	0.5404443	1.2230248	1.3425165	-0.6848459	-0.038656928	-0.8476938	0.026938759	-0.2989953	-2.1298256	0.3046225	-0.6519843	-0.045875456	0.018350942	0.27484363	1.6246989	-0.44476214	-0.0050085834	-0.3086665	0.27557456	2.5730307	2.2816799	-1.2845358	-1.1243358	2.101766	-0.8900523	0.7830503	6.5841627	6.5841637	0.013159921	-0.29660004	0.42549184	1.1449896	2.3176775	0.747101	0.4357371	0.7054301	-0.107471846	0.36481336	1.1682026	0.85723114	-0.6201709	-1.7990954	-1.9663446	0.029178506	0.13460055	-0.048520643	0.855051	-0.856685	-1.9799991	-3.369296	0.33377856	-2.189432	-0.1287972	-0.9102005	0.18225394	0.15266712	-1.2352006	-0.32375917	1.4202054	-0.014026505	1.534473	0.6006165	1.7503285	-1.4361075	0.19735663	1.4287903	-1.0392	-2.2699547	-0.99609	-1.523352	1.0783068	-0.41416845	-0.18849508	-0.05383752	-1.085757	-0.27545756	-0.61727095	1.8502691	2.4693832	0.48282918	-0.8998564	0.53252834	-1.4618412	-1.4826334	-0.29474884	-0.073703945	2.2372177	1.7943685	1.4773848	-0.46205515	1.6767513	-0.9498977	1.0347126	1.5977619	-0.90702367	-1.7207831	-2.0896494	-1.0447627	-0.866942	-0.7979581	0.4657084	1.6826038	-0.54864794	1.3515289	0.40086833	-1.2236023	-0.9564638	-1.4927673	-0.36405993	2.0716858	1.6493392	-0.53511083	-0.2003693	-0.34363103	3.2265444	-0.14062005	-0.23829624	1.3562418	0.4169946	-0.83514094	-0.34941614	2.250108	-0.9490949	0.7877106	1.065879	-0.64177936	0.7825149	1.0694592	0.922446	-0.1823793	2.108756	-1.3593761	1.4550273	1.9184388	-0.8458733	-0.3596834	-0.630214	2.1665707	0.24989064	0.24346167	0.55758566	0.75991845	-0.7041526	0.29688653	1.818437	0.9222753	0.67163694	-2.1039627	1.1334018	4.0692215	-2.6802137	0.77879786	2.4804099	2.233576	-0.36922	-1.370567	2.0532923	-1.2915863	0.38052282	0.009550596
6-chlorotryptophan	0.901445	-0.36857048	0.5173057	0.1995694	0.19266692	0.35405216	0.63485783	-0.0035621114	0.11746785	-1.7685854	-1.2822859	-0.39025897	-3.6931777	0.75271505	-1.0377736	0.12256707	0.099125415	-0.2447176	0.49127585	-0.0837991	-0.18146914	0.13317047	0.018686678	0.049207944	-0.8328326	0.245376	1.293356	1.065293	-1.6697649	0.6170065	-0.25700104	-0.25434116	-1.9915066	1.616015	1.2513118	1.0857854	-0.3876092	0.16738464	0.67538303	-0.21056636	-0.5607185	0.20619887	0.9122453	-0.52315754	0.033753652	-0.19919272	0.3054193	0.2350461	0.5599614	0.41307533	0.12138366	-0.26773572	-0.23496915	-0.8912471	0.057178732	0.4002288	-0.3564266	-0.09904265	0.55129135	-1.2974468	-0.83859396	0.17166935	-1.4317217	-1.324276	0.07423642	-0.7856644	0.49743494	-0.4944636	0.63178474	-0.03869732	-0.269607	1.0118802	-0.76551944	-0.5476061	-0.06897384	1.3127526	-0.12000052	-0.65621567	0.17287649	1.2350038	-0.47294393	0.027691465	0.34576884	1.1208758	-0.063389495	0.21151471	-0.76380634	1.0557153	0.8732381	-0.09187925	0.39715725	0.46770346	-0.5366513	0.19682217	-0.03474514	-0.29622003	0.6265006	-1.749772	0.10869873	-0.44240844	0.043665085	-0.099797316	-0.3218713	0.89144063	-0.498272	-0.19419907	-0.6064908	-0.37002927	0.7218993	0.3838338	1.1732415	0.72961754	0.21159218	-0.87352693	0.35901657	-0.02470823	0.013159921	7.348839	-0.5103288	-0.94739294	-0.5969172	-0.07654581	0.053028494	2.2191844	0.117314674	-0.3571605	-0.44068697	0.9733963	0.009386456	0.11528086	-0.48346558	-0.22077735	0.32478908	-0.34136268	-0.15671758	0.496839	1.3569161	0.042933565	0.4981684	0.9807204	-0.45927778	1.0075549	0.6079579	0.45164648	-0.13537553	0.46026573	1.0308781	0.3217023	1.2480112	0.92159605	2.189946	0.06062036	-0.07380667	-0.10442128	1.2845598	-0.31510827	-0.7150131	0.52355593	-1.8666745	-0.5680194	0.24579667	2.5142272	-0.63250643	0.026939107	0.4523381	-1.2282332	0.21126024	-0.67932016	-0.3318414	0.23761797	0.096748345	-0.11013373	0.9700015	-0.76122046	0.099658266	-0.22311708	0.9391315	0.10463707	-0.3423781	1.1712883	-0.092314444	0.044049468	0.2752566	0.025394224	-2.3626957	-2.527681	0.116637014	1.4936234	-0.75387716	-0.27299774	0.82140404	0.14558865	0.14680205	0.047622778	-1.0895969	-0.18206133	-1.1515925	-1.0536516	0.2667965	-0.385182	-0.049272433	-0.6541693	-0.001197578	1.4031917	0.012290575	0.16829154	1.8830907	-0.30560923	-0.21344882	0.32626915	0.0042711943	0.06761001	-0.28363216	1.8527277	0.68194807	0.6193681	0.4363862	-1.9671112	0.22551928	0.4366512	-0.05592589	-0.8082271	-0.6651534	0.5835676	0.106381	0.23928146	0.8527287	-0.34312412	-0.1907361	-0.5712917	0.17470159	-0.5523143	0.44162145	0.43583494	-0.9945454	-2.2027528	-2.3135417	0.045404527	-1.0972381	-2.6708553	0.27611884	-0.6051608	0.39110586	0.9537633	0.16727452	0.0626942	-0.69224614	-0.29871875	0.13630135
6-hydroxy-tetrahydro-isoquinoline-3-carboxylic acid	-0.37102878	-0.27700204	-0.2791744	0.15511353	0.41599816	-1.048488	2.5234003	0.7153064	0.06829688	-1.1703848	-1.5478972	0.16744351	-1.5993325	1.6278971	-1.7068318	0.78609055	-0.28855172	-0.3632192	-0.12044383	1.283282	0.8519545	-0.23185842	-0.09253987	-0.07849122	1.8436617	0.015854256	0.2023236	-0.27944842	-1.8982807	0.15136872	0.56047326	-0.69010544	-1.1717492	-0.61853266	-0.6523883	-0.30495748	0.6097241	1.3714329	0.107278965	0.08889681	-0.5928514	0.21993627	-0.77550787	0.32892212	-0.6410855	-0.0099720005	1.1445477	0.38394994	-0.81744975	-0.15399589	1.1876258	0.512167	0.18730126	0.23430161	-0.40112746	-0.6586359	-0.70630354	-0.34939924	-0.10532286	-1.160214	-0.037029114	2.1944277	-1.6417713	-0.7098692	1.5486822	0.05176592	0.020606598	0.06497143	1.2740992	-0.32093507	-0.8007922	0.5399682	0.059865322	-0.38556597	0.7407992	0.26637912	1.3057823	-0.49561688	-0.46778813	1.4647534	-0.41673344	1.2503003	-0.21999297	-0.014423778	-0.4633861	-0.31463805	-0.2411108	-0.038288493	0.072982736	-1.0346127	1.5515124	0.39752397	-0.119900726	0.0808589	-0.16802418	-0.77333975	-0.12372376	-2.7325294	0.7307917	-0.3088652	0.3492743	-0.3661795	-1.0658156	0.17026058	-0.061676957	0.054399334	0.033990353	-0.27129874	-1.4908689	0.13495955	0.11732241	1.4208459	-0.15823816	2.274959	1.3882557	-0.8085158	-0.29660004	-0.5103288	5.4970074	-0.3198384	0.18895134	0.098841876	1.841567	1.1777585	0.6283735	0.18086629	-1.3258272	-0.321258	1.0448064	0.03560014	3.7354302	1.0059073	0.5732885	-0.07436646	1.395361	-0.29055938	-0.66055167	-1.9644201	-0.5997183	-0.098570965	-0.07569989	-0.1535786	0.5539367	-0.74724495	-0.10624567	-0.036563158	0.16826978	0.08181885	-0.055522244	0.46587196	1.1299841	-0.073253356	0.9305386	-0.8859049	0.76439345	1.3326863	-0.29222903	-0.5521471	-1.0378143	0.21050836	0.40324408	0.040211916	0.017060896	-0.3097636	0.013061442	2.119826	0.3805726	-0.504594	0.11942286	-0.23821825	0.629457	-0.786026	-0.47063228	-0.7479403	0.3141782	1.4343688	-0.26725075	-0.20272025	1.3014715	0.62700003	2.1398277	-0.21640852	0.30097365	0.6932248	-0.28491232	-1.86094	0.011782223	-0.044522543	-1.211012	-0.10472298	0.23008637	0.44151852	-0.08367383	0.04181458	-1.0938469	-0.63505715	-0.23958406	2.015027	-0.2573703	1.5767955	-0.920705	-0.39464134	-0.4457147	0.98223406	-0.75327086	-0.69155246	0.03644487	1.4686896	-0.4833966	-0.6087751	-0.21773268	0.6734162	-0.06028086	0.058380187	0.5777893	-0.21993637	-0.3604244	-1.2104114	0.5856076	0.49078616	0.25521275	-0.16401581	-0.4401705	0.15014908	-0.6166739	0.9837982	-0.24234916	-0.34276858	1.1050243	-1.3719249	2.0204196	0.5645161	-0.008063433	0.77843034	-0.7657973	-1.3509214	-0.42327288	-1.2463415	-1.5748541	-2.271341	0.41353986	1.5623349	-0.57980776	0.103944644	-0.16255705	0.29757676	-0.70713514	1.6292835	-0.23015732
6-methylsalicylic acid	0.35793197	0.1310775	1.3026198	0.9514182	1.010683	2.3620744	0.21960364	0.16194661	0.9275661	-2.6406348	-2.5931625	-0.4479001	1.7195805	0.21783344	-1.7491012	0.70573056	1.1406829	-1.0264857	0.74771416	0.21787581	-0.014359319	0.27840742	-0.026013108	0.74656415	-0.088716745	1.0433081	1.1112732	0.13052233	0.22140291	1.7033393	0.34275773	-0.39413098	-2.1601794	1.1820391	0.080300204	-0.59180844	-0.011392211	-0.80018	0.18564686	0.24130055	1.4035468	1.0417413	-1.4182456	1.6633649	-1.391895	0.83136266	-0.7726687	1.9379728	1.729152	-0.8350749	0.5308845	-1.0526781	-0.021871611	-0.20068389	-0.4627006	-1.5224949	-1.160722	1.9775562	-0.38157415	2.650606	2.0767808	0.5273171	-1.3373289	0.76712435	-0.6214521	-0.8834333	-0.5768383	-1.1806103	-0.29077923	-0.61081606	-0.5332686	-0.3964639	0.37439814	0.650949	0.9463745	1.0064782	1.1078222	0.19211884	-0.38743666	0.34592354	0.08466109	-0.48533615	0.56791776	0.6878978	-0.29016837	1.406441	0.71636105	0.44247958	1.522168	0.9203219	1.4480375	1.0578339	-1.1766174	0.48035675	-0.70031595	-1.2742993	0.05355789	-1.9190404	0.6873262	-1.4243853	0.8743075	-0.03945484	0.75524545	-0.44781482	0.7458342	-0.5770516	-0.86720794	0.92664	1.9824425	0.30631632	-1.4576734	0.3756672	1.6658566	-1.746791	0.22926094	0.27305505	0.42549184	-0.94739294	-0.3198384	4.2662477	1.0337232	1.1315954	0.28354248	0.18794258	-0.025163619	0.29063702	0.28833723	-0.3113479	0.43899673	-0.28093758	-0.73925835	-0.5159975	0.96714467	1.5802925	-0.2618072	-1.4197788	-0.6191611	-1.62832	-1.793857	-0.4509459	-1.5470936	0.73214465	1.0373073	0.32016352	0.42906848	-1.2948939	-0.18179522	0.07932712	-0.31802785	0.076034464	-0.7573955	0.6906798	0.868844	-1.1118894	1.5150001	-0.9154713	-1.9287972	-0.62164164	-2.0651581	0.51255596	-0.28084996	-0.7556618	-1.1500753	-0.8113417	1.1144867	-2.089833	2.1966865	1.7762202	-0.43226767	-0.35463092	0.874473	-2.3431633	-0.6387446	-0.5145417	0.7071711	-0.40000036	-0.50582415	2.1312644	0.46440372	0.9392128	0.47177652	2.2780797	1.224405	0.70058906	-1.3861512	-1.7052633	0.38093492	-0.6852614	0.09179005	0.37153482	0.30428234	0.22972329	1.5011352	0.9433467	-1.6007552	-1.6481577	-1.9099296	-1.2445679	1.8081636	1.0941505	-0.45487022	-1.0577432	-0.75012624	1.0974038	-1.0481734	1.1840179	-0.34448278	0.6792259	-0.7133092	1.4651504	1.6055506	-0.2716418	1.1487901	0.91178304	-0.34687972	-1.1933353	-0.55969054	1.7328373	0.40003407	1.0306795	-1.4758816	0.70066917	1.2897681	-0.8529146	2.0225234	0.51857555	1.9435214	0.15950774	1.4372594	-1.5827925	0.898225	-1.4821843	1.9136149	0.7584032	2.1572635	3.2047708	-2.1128244	1.3011242	0.17307644	-2.5715444	-0.70059437	1.3837652	2.5762782	-0.36696833	-0.8393853	1.8471603	-1.5729424	1.3614721	1.2590945
6S-methyl-pipecolic acid	1.238993	-0.55577356	1.5616927	0.890718	0.43263987	1.587951	0.6585645	2.0479085	0.86404604	0.6344526	0.13525541	1.139917	-1.3444536	0.8552872	-1.2159013	0.41284153	0.082459696	0.21189651	0.85560143	0.68849885	0.5791451	0.37008604	1.690811	0.5175163	1.5346879	0.5969983	1.8553473	2.0586288	-0.7173585	1.565181	1.0067303	1.9712712	0.9132233	0.21922056	0.14281513	0.06787459	0.98916507	1.5259429	1.7149223	1.7209829	0.32238993	2.096431	1.6651632	1.4338102	-0.7803646	-0.3074536	0.09258603	1.6120329	0.23841305	-0.59451485	1.0431958	0.72458494	0.20122609	1.2262865	0.282779	-1.2788864	1.1565498	1.3815131	0.7231421	0.86203414	0.9879982	0.11252115	-0.67950535	1.7744242	0.6925113	2.0955784	0.78670293	0.6584636	-0.011642495	-0.41468462	0.9426777	0.17624356	3.0094066	1.7330325	1.7314616	1.3593913	1.3505735	0.7489743	0.3229201	-0.47111434	0.16112423	-0.14999671	-0.47209102	1.3790601	0.5451083	1.8752759	1.5775076	1.4042017	1.5842413	0.9002057	1.3502536	1.7184113	-0.59762526	1.8124074	0.36623415	1.4116652	0.5495243	-1.1284822	1.1047684	1.4010818	1.2538415	-0.2781136	1.4778873	0.038069874	1.1302681	1.8258592	2.821766	2.0469053	0.59139377	2.3454087	-0.5015982	-0.08789463	1.3578528	-0.6524052	0.56565326	0.44813797	1.1449896	-0.5969172	0.18895134	1.0337232	3.239329	0.91470265	0.17881487	0.7454463	0.32273376	2.738259	-0.1315971	1.1570839	-0.2730459	0.107770145	0.41141325	-1.4627073	0.326168	0.12587383	0.33281988	0.38916728	0.0469484	-1.9916393	-0.560939	0.26143277	-1.0899594	0.34724358	0.15354903	1.6299865	1.1729983	0.29524222	0.063417226	1.0622313	0.64845324	3.0602689	0.3126468	0.3026734	1.9503663	-1.2701564	1.3108037	0.6848337	-0.40057933	0.39937302	-0.5379572	0.80162036	-0.20489837	1.2495495	0.66051483	-0.27966797	0.49177593	-0.91899115	1.3855768	0.09564458	1.942936	0.3908309	1.905204	-1.2340878	0.063282065	-0.62702465	0.47898465	0.09556875	1.8510847	1.4965754	0.16547176	0.96661586	0.17192163	0.80453694	1.9409988	0.9177272	-1.0615836	-0.12198238	0.7580535	0.14269008	-0.43992385	2.5587654	1.0229459	-0.09392716	1.3085433	1.3643701	-0.9446219	-0.46279994	-0.14076316	-1.2454747	1.1234207	1.456897	0.5614065	0.12971818	0.3201513	1.270229	0.09102794	2.6292033	0.24136424	1.0450566	0.20162714	1.953337	0.956398	-1.4044175	0.12616819	0.62548006	-0.123819284	0.21889172	0.30404407	-0.64213973	-0.12682657	1.8066303	-0.38214192	1.1023842	3.2393281	0.25481573	1.5096164	-0.27604505	1.030922	1.4745514	1.271477	-0.43116724	1.4030017	0.17344603	0.9651154	1.9399157	0.36412737	0.16218494	-0.5615632	0.34999964	-0.39397284	-1.6845132	0.5114712	-0.08260651	1.1955388	0.19372074	-0.3700184	1.0127409	-0.6748936	0.445907	0.75533754
An acid hydrazine polyene (intermediate 14)	1.1212009	1.9149547	2.7640822	2.331064	1.1330544	0.088166215	1.4799622	1.0646257	2.7788756	-0.4313988	-0.23711433	1.3147551	-0.96423376	1.8840778	-1.3079723	1.9478273	1.2863575	2.3132799	2.297165	1.351903	1.0785744	0.9690384	0.6633334	2.6190472	1.733034	2.9944322	1.7924963	2.0046842	0.73317504	1.8551533	1.959866	2.1459825	0.19573389	0.0648081	0.39343965	0.49239504	2.5120082	0.89763707	1.4987818	1.6685008	1.7366681	1.1994817	0.49659646	1.9503472	-0.41678768	0.9523754	0.6966137	1.8873956	2.8870778	-0.09656428	0.5918366	0.8983318	2.1695182	1.8388803	-0.076219566	-1.5638919	0.7365033	1.016771	0.60070497	1.7093656	0.30031395	-0.48273617	-1.0483171	1.0128435	0.8852435	0.43062383	-0.33868122	0.5967751	-0.3844695	-0.54275	-0.22067983	-0.42726597	1.6401606	0.73029137	-0.0527802	2.1069875	1.142351	-0.18077868	0.46223515	0.47234848	0.23889786	-0.14804293	0.38107446	0.6657504	1.5962477	2.697158	1.9775711	1.8382158	2.3985872	2.8378537	2.5736532	2.4179006	0.05488129	1.2044045	0.8011432	2.1084127	1.4331115	-1.131662	1.3546531	0.1805848	1.8525383	0.45084053	2.0663435	-0.4755311	1.6106652	0.47084126	0.30310312	1.5948262	2.3364086	1.6787782	-1.0051975	0.19856572	2.4626985	-0.05813474	2.0191426	2.4924495	2.3176775	-0.07654581	0.098841876	1.1315954	0.91470265	5.482571	-0.050463263	0.9899595	1.1008092	0.513565	-0.67739046	1.2959573	0.6010799	1.5252422	-0.42246255	-0.71399593	1.1036403	1.4719952	-0.36378565	-0.21551234	0.97805285	-1.3122073	-2.0649989	0.8591126	-0.21830745	0.23861788	0.7688938	3.3178794	2.1482563	-0.9560678	0.4537526	0.79361975	0.4084051	0.80271894	1.2255112	1.6299336	-0.18103994	-0.3091431	1.7369311	-0.22437818	-1.368214	-0.42147455	-0.2609679	2.1918402	-0.43691513	0.31752616	-0.63993734	-0.52990335	2.766768	-0.25761566	1.5915354	0.7930943	1.1816255	1.4388893	2.554394	-1.2132044	-0.7614698	1.5542018	0.25345448	1.2883112	0.5254913	2.3607488	1.1294187	1.9062356	-0.120551206	1.1344222	1.7105155	1.2648598	0.3250197	-0.015273025	-0.085200794	2.066541	-0.30741712	1.5910004	2.2659073	-0.6705965	2.017987	2.5016625	-0.13276105	-0.026863195	-0.9163384	-1.0642043	1.2674997	0.4535073	-0.59813297	-0.21427196	-0.93847704	0.89035594	-0.6378461	0.49959671	0.62147856	2.0832741	-0.94409895	1.0036594	2.1249633	-1.1385449	1.9462347	1.824436	1.613743	0.36197054	0.38022244	-0.6544492	0.4250801	1.4521632	-0.51092327	2.2506363	1.8062124	-0.49666306	0.7866613	0.94419456	2.0571501	0.8697112	0.7499774	2.6730628	2.2344532	-0.045548894	1.9758852	1.6180964	0.15354648	0.64788085	-1.0729861	2.9844642	0.54014105	-1.4668249	0.054017555	1.5817239	2.038874	0.33075798	-0.40875995	1.997263	-0.8772552	1.7021626	1.0129473
D-alanine	-0.31277505	-0.016551157	0.42053774	-0.08683438	0.3974768	-0.12690154	2.2087793	1.5434569	-0.24693622	-0.76308614	-0.48336798	-0.27268586	-2.3029726	0.3013028	-1.1414503	0.3216876	0.076816805	-0.36062807	-0.47978604	1.27535	0.9315967	0.4180459	0.64797807	-0.2351011	1.0104258	-0.6951717	0.12793417	-0.21769008	-1.2748361	-0.50343883	0.15486574	-0.37447274	-0.1803577	-0.12655838	-0.038660333	0.8840502	0.5936666	0.52176285	-0.045876577	-0.15748051	1.2385415	0.50392944	-0.48491624	-0.2979552	0.06835889	1.4194605	0.40429762	0.26895866	-0.25833696	-0.02160724	0.64772475	0.13885666	-0.055065606	0.12491982	0.963101	-0.53221494	-0.4366298	0.16212888	0.4892252	-0.29623935	0.17717873	1.8372377	-1.0171536	-0.7661165	0.67773265	0.26235753	1.0558382	0.6452067	0.3470403	-0.23558538	-0.41954964	0.24809553	-0.534832	0.65523356	0.53835946	-0.36265308	1.4901106	0.6999137	0.2796425	-0.17374316	0.20507598	-0.87591326	-0.21892329	0.124386884	1.0792612	-0.39773354	0.05008548	0.7617769	-0.10765749	-0.28249207	0.7473609	0.253632	-0.15782712	-0.23706461	0.1854818	0.35106233	0.44154227	-1.4301041	0.5054288	-0.42738503	-0.011931205	-0.1768566	-0.71831596	0.14173004	-0.39472872	0.13788785	-0.38213328	-0.17372975	-0.6572067	-0.0572201	0.41633454	0.3071088	0.11505191	0.8975486	0.44331056	0.1740333	0.747101	0.053028494	1.841567	0.28354248	0.17881487	-0.050463263	7.4307966	-0.27238566	0.38341907	0.6222521	0.4894343	-0.10895201	0.04606469	0.43451396	2.5914075	0.018094938	0.43640453	-0.14936383	0.45283967	-0.033466417	0.35145187	-1.2955126	-1.0649984	0.64473486	-0.17415895	1.445376	0.34994847	-0.08651756	-0.19460882	0.33219284	0.84851617	0.004695105	0.25643685	0.9522149	1.2740495	-0.47659633	0.59852153	-0.5838136	-0.14894965	0.8417885	-0.12092198	0.097123355	-0.9252185	-0.16365196	0.0070024556	0.19649637	0.9115423	-0.42520824	-0.76853615	0.81349117	0.16835803	0.40388483	0.6891613	0.1763284	-0.54764	-0.42612594	0.055372264	-0.8137554	1.1794472	-0.24061452	-0.9888918	-0.30102855	0.5218681	0.2711614	0.30309758	0.66152006	-0.18344459	-0.09415549	-1.2763501	-0.94761693	-0.051694307	0.3307006	-0.52709043	-0.28041893	0.63553226	0.11071854	0.57983357	0.5523662	-0.49086845	-0.14941941	0.37488246	1.0156261	0.2780984	0.34391537	0.41524875	0.07627473	0.52687746	0.11381754	-0.25092962	0.16736013	0.7198435	0.7432371	-0.0014028251	1.1426011	-0.6141806	-0.1209766	-0.020067248	0.2658625	0.43512163	0.30222824	0.029423121	-1.5469131	0.37846535	0.14660254	-0.35173538	-0.20684673	-0.4162292	0.30135924	1.105572	0.1323743	-0.1849805	-0.5230983	0.5078588	-0.9989463	0.02635978	0.024215639	0.26874554	0.4776948	-0.32741237	-0.9091967	-1.1673564	-0.14361878	-0.9835269	-1.9781566	1.066479	0.2634076	-0.24847056	0.5131513	-0.01930604	0.449916	-0.39579257	0.2592653	1.3157914
D-aspartic acid branched	-0.119210444	0.034437444	1.1422968	1.4153304	1.3733076	-0.09213196	0.051220056	1.0201876	1.2057503	1.3324263	1.3179218	1.9329519	-2.4941115	1.5350049	-1.2222608	0.6636054	-0.33340824	0.72633135	0.25070462	0.49678007	2.2378273	-0.008514609	0.13689213	1.6186321	1.1134871	2.483719	1.0876526	-0.2960865	-0.6997072	1.2768072	0.98944515	0.10369213	1.6489161	-0.17643614	-0.0395352	0.07165946	0.4651371	0.70954406	0.47234872	0.83852124	0.6865166	0.031509012	-0.80220705	1.1697844	0.22020794	1.1174883	0.32369378	0.9567147	-0.15069737	-0.42441568	1.0680829	0.20196667	0.4023513	1.9031856	-1.2299924	-0.26416415	0.2803039	-0.026962819	0.6384419	-0.9238952	0.47438318	0.25930807	-0.08759303	0.9366566	0.02027501	0.77508694	1.5275165	1.250449	0.93290025	-0.40850246	0.83339876	1.372174	1.5063357	-0.53126425	0.6966659	1.2534251	1.6772279	-0.8700285	-0.007977813	4.65884	0.71825594	-1.6903805	0.46243435	1.8625073	-1.1278107	1.4729446	1.7378681	1.3726045	1.3467622	0.67881507	1.1761256	1.2231641	-0.340045	0.02584947	0.33944538	-0.04006092	0.5214144	0.21561848	0.45940962	0.18147595	0.26133016	1.0473511	-0.021650182	0.7969073	0.31234348	0.64990026	-0.056325536	0.7542934	-0.3977803	0.7786979	0.40819293	0.3237237	1.1684107	-0.12045398	0.9221907	0.039735552	0.4357371	2.2191844	1.1777585	0.18794258	0.7454463	0.9899595	-0.27238566	6.399806	2.2316327	0.6122218	-0.1433909	1.0971327	1.9746933	0.6397195	-0.26695022	1.9844823	1.4052392	0.3861581	0.55062944	0.0604213	-0.9223146	-2.2193947	-1.6666112	0.007924664	-0.21270385	1.2415476	0.10209399	0.24981171	0.7947525	-0.22374512	0.60426474	1.2236192	1.2841511	0.548554	1.252123	1.2057691	0.574249	-0.15876742	0.6907159	-0.30394444	-0.43410414	0.82163817	-1.83891	-0.004950239	-0.18330196	0.27060023	-1.2182169	1.0775707	2.8001027	-1.2260954	1.6779263	0.5356047	0.8815333	-0.3157084	1.3467684	-0.65795034	-0.3445426	1.0222049	0.41301727	0.03922125	1.1160661	1.7309262	1.7173109	0.9567925	0.5045127	1.1051643	0.9449129	0.07517908	-1.4462454	-1.0252113	1.2486527	-0.9450084	-0.72133696	0.5218086	0.70633215	0.6178732	0.50929046	2.2907884	-1.0122867	-1.0569304	-1.2320908	-0.15527602	1.343489	1.5825912	-0.258989	0.4434753	-0.17122085	0.58165336	-0.15339841	0.30147237	0.6085489	0.810087	-0.3144404	-0.29842412	0.72462523	-0.047721844	0.23883064	1.2959583	0.16314508	0.6239999	1.1216171	-0.7389029	1.6075648	0.3817144	-1.012353	0.66121614	1.3348391	0.044898376	-0.17446086	0.80908126	0.83086616	-0.18618102	0.27688363	-0.10402966	1.0670229	-0.0149998665	0.92390066	0.5624231	0.3424601	-1.0904016	-1.5944957	1.096904	-0.3503137	-1.3273603	0.11021237	0.051841192	0.2674941	0.30646196	0.8433584	1.2007829	-0.08720638	-0.11403931	-0.09095374
D-glutamic acid branched	-0.01894825	-0.686959	0.91559297	1.1394879	0.1481661	0.19707945	0.83339477	0.87820643	0.19589677	0.641767	0.48671788	1.5469149	-2.57206	1.7246094	-0.37394086	1.7192204	-0.32348338	2.2246323	1.2159475	0.19159418	2.4099925	0.2054919	0.11269306	0.50846434	0.8037847	1.5517259	1.1094579	1.1475441	-0.9391698	1.1976366	1.0601469	0.49643576	0.7963206	0.20172156	0.10429591	-0.22757459	0.9149082	0.3675653	1.2093186	1.0071898	2.0446274	0.29321384	0.41731775	0.62581855	-0.3884744	2.222716	0.60720575	0.97148323	0.54576176	0.1116203	0.25511336	0.2643901	0.29816845	1.4783307	0.12957954	0.81403345	0.37472028	0.9914509	-0.09324659	0.24626327	0.5170559	0.36452046	-1.6525195	0.2764737	0.6347577	-0.08842661	0.7633657	1.2637142	0.8117066	1.0195053	0.8283529	1.5221128	1.3064172	-0.062491808	0.5917647	0.5606719	1.059324	-0.11191991	-0.058095127	2.26788	0.3935184	0.578108	0.25490358	1.1489414	-0.03973234	1.1550616	0.7489963	1.2061033	1.2833102	0.6824815	1.3739295	1.3569317	-0.48948753	1.5685894	1.15375	0.7969644	0.26349443	-1.6641515	0.5425329	0.09502351	-0.2453285	0.98336685	0.29142803	0.6182146	0.79422057	0.43477833	0.3902702	0.3678156	1.608607	1.1545902	-0.026427107	0.64503103	1.1931506	-0.1454273	1.6103864	0.916143	0.7054301	0.117314674	0.6283735	-0.025163619	0.32273376	1.1008092	0.38341907	2.2316327	9.658296	0.110305466	0.1114352	0.63803816	1.3410431	0.5486654	-0.41241705	1.0856395	0.7336014	1.3611814	1.0610875	-0.0777051	0.4073213	0.18625055	-0.31647274	0.6397228	0.65654576	0.80326706	-0.27780855	0.7679352	1.9290571	-1.0037184	-0.2723613	0.69102395	0.51635045	0.5066647	2.2419975	1.1504714	0.45523083	2.5001235	1.1007534	-0.5782767	-0.75705296	-0.45018053	-2.0571518	0.30771846	0.6680745	1.027153	-0.3287232	0.89893353	0.8045825	-0.8868885	1.1397376	0.68814486	1.1075237	0.009762874	0.9625615	0.21946706	-0.2981528	1.3955986	1.396529	-0.10557004	1.6663564	0.85921496	0.94238275	0.9198171	0.7294595	1.4953295	1.3423494	0.26126635	-1.2500442	-0.9844245	-0.48645297	-0.46633577	-0.5542369	0.9003619	1.7570311	0.94883186	0.9660703	1.3177747	-0.057989832	-0.35741535	-1.0983776	0.30018398	1.4941756	0.7401412	0.025638605	0.43406758	0.1255779	1.2293212	-0.82508713	0.06954077	0.09446617	1.0980177	-0.6611192	0.9714513	0.5733279	1.0442749	0.8395774	0.47021917	0.7932214	0.15015697	0.19040766	-1.3899772	0.98718154	0.99079543	0.20164195	0.5975492	0.92773867	-0.36993244	0.81380236	-0.15302089	1.695157	1.8408461	0.21775548	0.9105131	0.84701157	-0.31783995	0.9562396	0.87674785	0.16290192	-1.0367069	-1.59827	0.6835852	0.9713621	-2.037344	0.08572583	0.9701896	1.270122	0.15423657	-0.47734597	1.5789032	-1.1554925	0.6129227	0.080691434
D-isovaline	1.9134982	-0.7494316	0.984244	1.2204549	0.68294686	-0.016966471	1.5351845	-0.23510857	0.34462482	-0.070435405	0.14797048	0.6473492	-0.23939654	-0.6573583	-1.3292638	0.73108405	0.4780795	0.06511564	0.11074586	0.8250057	0.58556205	0.43793222	2.583305	-0.79452085	1.236453	-0.3065539	1.5153521	1.9629238	1.2234513	0.72428554	0.20372948	0.53950924	0.37442085	-0.09125257	-0.06389926	0.35303468	0.04501645	-0.2291692	1.6065984	0.5881997	0.22897321	2.1501877	-0.39491236	0.5119065	-0.6828136	0.21010245	0.64632547	0.28244302	-0.012903313	-0.28584984	0.47500202	-0.14686203	-0.0068506473	0.40969223	-0.96005636	-0.7484703	0.44587976	0.44611496	0.59580207	0.6929583	-0.091824755	-0.05390558	-0.80540097	2.2383082	-0.3733507	1.4528888	0.35699928	-0.010164967	-0.3807234	-0.9699386	0.38326135	0.22417118	1.6138171	-0.12306973	1.0077202	1.2619618	0.558805	-0.55838627	0.6597524	-0.60359967	-0.120829016	-1.3606558	-0.14188872	0.16679618	-0.1558143	0.58145714	0.29817572	0.4623207	0.6582006	0.8368382	0.6659519	1.134648	-0.5330031	0.88677293	0.38058263	0.45905888	-0.65833414	-0.153232	0.73465335	-0.9720008	0.48086852	-0.6998495	-0.084843494	0.32647303	-0.2132587	0.95204365	0.3050945	0.09076234	1.9875623	0.02821648	0.16509414	0.19134021	1.2520053	-1.4358463	0.81757766	-0.31452352	-0.107471846	-0.3571605	0.18086629	0.29063702	2.738259	0.513565	0.6222521	0.6122218	0.110305466	3.2959661	-0.18923534	0.8244362	-0.27208313	-0.3937898	-0.20307545	0.7022117	0.58333087	0.89978456	0.95511013	-0.10838129	-0.02843602	-2.1178315	-2.5659168	0.23907724	-0.21063751	0.7479567	0.09770885	0.38025618	0.6421831	0.5883326	0.070521526	0.9433158	0.74076915	0.2087776	0.26763704	2.0508115	1.1923411	-1.179971	0.7212465	0.8890842	2.490797	0.14665577	1.1018938	0.4453231	-0.3781838	0.46832654	-0.971958	-0.7749068	-0.816083	-1.6428721	0.7500175	0.95007455	0.8058202	-0.18312098	0.82243526	-0.4197972	-0.1573211	-0.36368376	0.70690143	0.13893946	-0.9048406	0.98523885	-0.29282334	0.7913329	-0.17280178	0.93167746	1.0043232	-0.5403812	-0.7526694	-0.36971503	0.69257516	-0.03571986	0.14821607	2.7521892	0.68837714	0.22803697	0.9424555	0.03764656	-0.17692938	-1.1733268	-0.46097904	-1.5154806	0.949217	0.686141	-0.33552113	0.29153562	1.0090096	0.40243316	-0.08045443	3.2959652	0.6929319	0.41108993	-0.23997216	0.19042332	1.1061019	-0.90188235	-0.2431738	0.462213	-0.08667927	1.2466469	-0.8260126	-0.30087298	0.25008115	1.2970951	-0.16283864	0.8245034	2.2403634	0.532636	0.37321717	0.19961773	0.8745588	0.8693086	0.12613678	-1.3115604	1.003389	0.47184157	0.53790826	1.2709607	-0.33308434	0.4666643	-1.0779474	1.3695304	-0.80543095	0.37376267	0.4872469	0.58295596	0.7343921	0.43973538	-0.21962205	0.657159	-0.23115993	0.3269816	0.56165844
D-leucine	-0.3328511	-0.09600092	0.17705339	-0.74102813	-0.22847873	-1.2707093	-0.29636905	-0.059452184	-0.44851688	0.3606059	0.089647256	0.12503028	-2.4713476	0.39983094	-1.558176	-0.36237782	-0.24111019	-0.7302319	0.03194139	1.3056165	-0.1500436	0.25896493	0.7499398	-0.6486635	0.2004594	-1.2643075	0.28937626	0.12529798	-2.3054261	0.7742378	1.099838	-0.14145057	0.5994921	0.3732533	0.09819156	0.3428674	-0.33613724	-0.41266334	-0.24410646	0.9425556	0.6273969	1.3049488	0.59845644	-0.2162623	-0.39253733	0.14744177	0.14610969	0.25222903	0.029379135	0.7098971	-0.18584225	-0.26025984	0.60010856	0.017809127	-0.39465904	-0.22558875	-0.44648087	-0.8878011	0.25284958	-0.042438608	-0.42754087	0.5531275	-1.0273826	-0.3647404	0.18370377	-0.78383714	0.5281471	-0.07951755	-0.6149886	-0.021655664	0.0882281	0.24606365	-0.8610685	-0.7750274	-0.7161942	0.04709068	0.18452483	-0.3667772	-0.09816611	-0.7323186	0.23965976	-1.1654192	0.6314347	0.07430117	-0.15334386	0.14061137	0.11782574	0.511414	-0.07285183	0.4981759	-0.09988136	-0.18680152	-0.48442134	0.16614963	0.8531726	-0.29633754	-0.70886624	-1.6812576	0.1043756	0.004157353	0.39318836	-0.10699233	-0.96604455	-0.115714975	0.20361307	0.28170025	-0.5192415	-0.20710735	0.28103536	1.7713044	-0.08719565	-0.14581354	-0.54845005	-0.9224442	-0.33383602	0.082374066	0.36481336	-0.44068697	-1.3258272	0.28833723	-0.1315971	-0.67739046	0.4894343	-0.1433909	0.1114352	-0.18923534	6.1454053	0.12459835	-0.36128646	0.2810673	-1.4613878	-1.7261866	0.42256856	0.25542247	-0.36604652	-0.36213934	0.043657325	-1.8197671	-0.26886666	0.66023076	0.12975493	0.07081454	0.59399945	0.10067203	-0.06886304	-0.030520504	0.6197995	-0.21424611	0.23038673	1.7925901	-0.19690467	0.20453748	-0.72103965	-0.6711778	0.8344456	-0.47625634	-0.6635155	0.11458683	-2.0830019	-0.40270522	0.6437425	0.9719688	-0.6671059	-0.19564743	-1.3372036	-1.632978	0.14693461	0.37696084	-0.052752364	-0.63724834	-0.81268466	0.17477846	0.6400991	0.41274008	1.3908262	-1.2557588	0.8914525	-0.2674124	0.108006544	-0.009145829	0.02005245	0.023496991	0.020455008	-0.22441997	-2.7085032	-2.521916	1.0751946	0.060894083	-0.43048176	-0.56489176	-0.10425072	0.38915145	1.004011	-0.12140722	-1.1366833	-0.8186726	-0.15850122	-1.2438171	0.35927105	-0.4402813	-0.027826218	-0.97393316	0.006049655	0.15373449	0.12045737	2.2419486	-0.013141053	0.72794884	1.3987321	1.1869597	-0.32783005	0.35412994	-0.8650108	0.32964683	-0.21155879	1.866323	0.26416743	-1.6136034	0.5202894	-0.17061207	0.58766794	-1.0733774	-0.6866174	0.094502285	1.0943049	-0.7045539	-0.4488439	-0.485655	0.31462407	-1.7554315	-0.59340376	-0.13701202	1.0145657	0.037197344	-0.44097364	0.44712347	-2.2314315	-1.7563151	1.0666915	-2.7893438	-0.119121276	1.2191657	-0.45065093	0.38311923	0.25099403	0.9127068	-0.14639382	0.16667067	1.8823727
D-lysergic acid	0.662906	2.460977	0.85576016	0.76332873	0.617321	1.5417243	0.64014643	1.1125325	1.364973	0.8837916	0.09793737	1.477283	-1.75406	1.3891355	-0.88705385	1.3774021	0.74257106	1.872983	1.9815749	0.62197614	0.8813481	0.56281686	0.6390474	0.93560946	0.91930103	0.91876596	1.0825933	0.30458724	1.4839891	0.7243521	1.0202446	0.76592743	1.4476175	0.96670336	0.92154527	0.33940277	0.8977418	1.6576238	1.3310152	1.0705456	1.0514584	0.7335125	1.3810098	0.93898606	0.7724437	0.8487105	0.51963276	1.5521929	0.73985624	1.2341257	0.7712432	0.82400274	-0.011179659	2.0315526	0.040616058	-0.16136289	0.41161856	1.9572095	0.6176962	0.043902304	1.7513057	0.24399017	-0.59417576	1.3468591	0.66563773	2.3783522	0.4783119	1.0561273	-0.94050545	0.24640724	0.43752885	0.7565776	1.9884536	0.23203638	0.55332863	1.1060979	0.72281104	0.89072424	0.6436237	1.402197	2.0041537	2.8603957	0.34996855	1.300871	-0.29984388	1.2139436	1.9391152	1.358542	1.2127321	1.473008	1.2706705	1.3662748	0.39326727	1.0313776	0.6259444	1.505295	0.734078	-0.81139636	0.8308865	0.058429997	1.2479278	0.8524307	1.7180697	1.6100227	1.1005752	0.21375927	-0.28320548	0.5391725	0.17506088	1.1155574	0.53869987	0.010577213	0.7898717	-0.80329293	1.704334	1.2393279	1.1682026	0.9733963	-0.321258	-0.3113479	1.1570839	1.2959573	-0.10895201	1.0971327	0.63803816	0.8244362	0.12459835	6.1874986	0.5069072	0.85503227	0.99671674	-1.164416	0.7766985	0.7032165	-0.23288041	1.5197827	0.72570574	-0.21711685	-1.6970047	0.6555564	-0.7249768	1.1976082	0.3309128	1.2399511	1.4316891	0.7372574	0.30906773	2.6491678	2.5060508	0.97242206	0.023322897	0.3984506	0.5664686	2.634475	1.160872	-0.032694574	-0.065768756	0.5341084	-0.65282834	0.27668804	0.5596402	0.4675211	0.25253302	0.20641448	1.5775585	-1.3695872	1.8412982	0.5487914	0.8210076	-0.41677088	1.4411812	0.18950008	-0.20966107	0.7346289	0.2715481	1.6372339	0.49883938	1.2831237	1.4833376	0.7862892	-0.24324365	0.9667743	1.1416723	0.43015775	0.067475185	0.31595084	0.44550332	1.2528682	-0.022499312	2.2705953	1.251396	-0.039511636	1.3562682	0.79110813	-0.9985932	-0.4926587	-0.69607526	-1.2374367	1.0410448	2.2899725	-0.40625334	0.69790757	0.19675685	1.0515459	0.5097559	0.77890134	0.33430487	0.82401043	0.00016425691	0.034497563	0.72551566	-0.7046469	0.65362066	1.0600278	0.47578087	0.58056813	0.8282269	-0.8227033	0.032254938	1.5859063	0.14954947	2.730319	0.9309985	0.12750307	0.07010473	0.88681716	1.3673358	0.486058	0.22721763	0.49800202	1.284814	-0.014962535	1.1406014	1.7198286	2.0434003	-1.1086354	-1.2830586	0.8121071	-0.59359425	-1.5951892	0.2963735	0.68110365	0.6506011	0.38758552	-0.40343705	1.2774999	-0.07723816	1.026345	0.36498713
D-phenyllactic acid	-0.5939624	-0.96402586	0.69253445	0.7995608	-0.55806065	0.14341621	-0.6015666	0.077033594	0.961426	-1.3134136	-0.7967289	0.4999375	-0.84726155	0.77801746	-0.9696837	1.3291638	-0.46066663	0.9813941	0.5593844	-0.89381707	0.80341196	-0.14695336	0.03438573	0.3022924	1.4619734	2.5578504	0.64119726	-0.13166496	-0.69658417	0.6767306	1.3721515	0.31779513	-0.71763897	-0.44706303	0.079254	-0.5260069	0.66433424	0.19860697	1.0159221	0.5152639	0.7788008	-0.22986032	-0.6486365	-0.13145632	0.46944225	0.14033271	-0.33308867	0.14268512	1.7489522	-0.92004085	-0.7536943	-0.016818255	-0.49566677	0.084921084	-0.5354276	-2.7607005	-1.0797467	0.64566827	-0.27208352	-1.245261	0.17214054	0.5572978	-0.6817722	0.5027683	-1.0037355	1.2790229	0.9466828	1.5506738	2.2364638	-1.1320735	-1.4182094	2.0860229	0.52180487	-0.042680115	1.2689703	0.45668074	0.9597966	0.26972976	0.39595088	2.5799263	0.18157278	-1.7581284	-0.52653426	2.2220113	-1.1691436	0.7433304	0.40562302	1.4075267	1.3329002	1.5512908	0.48348758	1.2337421	0.05259835	0.054574084	0.42848843	0.1728088	-0.7321001	-0.23544191	0.691172	-1.3839182	-0.90369326	0.25583845	-0.84169406	-0.6922266	-1.2995816	-0.24081463	-1.4640731	0.6141488	2.2002327	0.55682784	0.061341193	2.0426888	0.07142274	0.17341687	0.35382363	0.94246364	0.85723114	0.009386456	1.0448064	0.43899673	-0.2730459	0.6010799	0.04606469	1.9746933	1.3410431	-0.27208313	-0.36128646	0.5069072	5.97955	-0.14121097	-1.0793109	3.0697937	1.4308215	0.060668826	2.750213	1.1336858	-1.4256645	-0.6945112	-1.0883693	-0.3202909	0.36925608	0.39991572	0.43075404	-0.28861853	-0.5756297	-0.1938525	-0.7680917	0.96602774	0.42591125	0.94497013	1.2593706	1.197459	0.67511135	0.09922106	1.0502971	-0.39704886	-1.3793992	-0.32205543	-2.0817866	0.560715	-0.28352666	-0.48417175	-0.3620854	-0.7256463	0.3998923	-2.3862908	0.9638712	1.3982154	0.42258355	-0.7780488	0.45340073	-1.0442002	-0.15568022	0.44612747	-0.7241547	0.019171536	1.8657517	0.29859295	-0.9480438	0.47403967	1.455165	0.9968513	0.32523835	-0.26237804	-1.5087994	-0.7626528	1.4637384	-0.22372307	-1.0696454	0.27538958	0.52529407	1.7572752	0.20865706	2.4956887	-1.9984387	-1.7632148	-1.5160928	-2.271108	0.75850207	1.631463	0.05099748	-1.5665982	-1.0806315	-0.2802252	-0.48001847	0.22928037	-0.29462975	1.4895219	-0.057947513	1.2640024	0.4861669	2.3772168	0.26709616	0.06742192	-0.41236448	0.25573212	-0.52300966	-1.0074987	1.7520865	0.18181612	-0.2707023	0.92419124	-0.2818896	-0.022662882	0.98747474	-0.11235865	2.2674727	0.4663897	0.024947606	1.0060741	0.58050126	-0.3264711	0.82998127	0.06800557	-0.048305746	-0.8175849	-1.651928	1.1551894	-0.564239	-1.251785	-0.19208793	-0.22769493	0.7499461	0.33219677	0.08630666	0.25692323	-0.16587001	-0.21104236	1.5124477
D-serine	-0.68538654	1.3511734	2.0808027	0.36134812	2.245406	1.2057205	0.5856913	0.89086944	1.8356178	-0.24859628	0.36091632	0.8938676	-3.092925	2.8969328	0.56051284	1.1204937	0.14615697	1.0602268	1.7296957	1.3575511	0.8641114	0.40970165	0.48539805	0.7760734	0.23148592	0.6854105	1.3292669	1.1069177	-1.3739281	0.9520997	0.7944677	0.6070727	0.15987071	0.1961395	0.41917467	0.23471875	1.4515462	1.108363	1.1500508	0.83012724	0.5725386	0.6056759	0.39310202	1.0400771	-0.15110853	0.1333517	0.08009787	1.6011968	0.83069384	1.0644075	-0.1302708	1.796996	1.1572943	1.0669858	-0.0452911	-0.85625005	-0.007931971	0.26378593	0.40444678	-0.42390826	-0.030822955	0.013298857	-0.32648894	-0.13631277	0.7842565	-1.3186654	0.40627882	0.8644087	-0.58878964	-0.68932784	0.34806353	0.7277075	0.281934	0.1767032	-0.17271464	1.1825777	0.7098358	-0.34587085	0.026019875	0.4559987	-0.22072019	1.8647535	-0.42135054	0.8571705	0.13391949	1.274989	1.3309095	0.680865	0.46621582	0.97917217	1.4198357	1.4317076	-0.06522407	0.6529498	0.2654504	0.544212	2.334692	-1.5270324	0.74905574	1.1971363	1.4350225	0.15252191	1.8142284	0.55496264	1.6655989	0.7174997	0.7285134	0.22869366	-0.4970214	1.3621913	0.4612922	-0.033799846	0.7739695	0.49172884	1.0001818	-0.5399135	-0.6201709	0.11528086	0.03560014	-0.28093758	0.107770145	1.5252422	0.43451396	0.6397195	0.5486654	-0.3937898	0.2810673	0.85503227	-0.14121097	8.213298	0.6522128	-0.8921958	0.6230217	0.43359488	-0.4847067	-0.19228318	1.0643411	-1.2505611	-0.81984335	1.1069535	-0.3713689	0.010737972	0.59242857	0.8606494	-0.093755566	0.44001004	1.5847661	0.38760227	-0.01821363	0.8709343	0.5727703	0.40463588	0.18505995	0.224422	0.90640825	0.25337112	-1.1172433	-0.4098752	-1.0592291	0.14706697	0.7424938	0.66460603	-0.67365384	0.34704754	1.133508	-0.60762215	0.77280825	-0.022515344	0.41089344	0.21728104	1.6231874	-0.64148134	-0.08476051	0.57171184	0.14348385	-0.79350436	0.93198645	0.84682196	1.3000231	1.3699983	0.45565742	0.85955435	1.116419	0.64360327	0.3978292	1.6043841	-0.47825846	0.17249894	-0.41792977	-0.23142576	0.50808537	0.38549247	0.9597832	0.965245	-0.7223281	0.1828163	-0.20737311	-0.5077433	0.7863244	0.4749213	0.31321406	0.5655766	0.5090512	1.1091158	-0.80187947	0.3677441	0.5214964	1.3318443	0.033424783	-0.2959505	0.9053082	0.8910731	4.1466227	0.7448096	0.4211081	1.0093126	0.46719754	-1.4860897	0.0029511969	0.4100501	-0.16593264	0.66209435	0.4753718	-0.074141376	0.033802636	1.1342812	0.40912703	0.06187136	0.7266204	-0.16369268	0.8239646	0.06479961	1.8170108	2.0074098	-0.36559322	-2.148742	-1.0346812	0.550384	-0.5890039	-1.6383221	0.13833568	0.5469893	0.82734483	0.53621113	-0.050329994	0.69311714	-0.62658983	2.0456638	0.73113686
N-formylglycine	-1.2048403	0.023247544	-0.63209015	-0.381228	1.1823457	-1.5333343	3.1077995	0.053225752	0.7532727	-1.9816644	-1.8178943	-0.799425	-3.9848154	-0.41210866	-1.8988858	-0.84612244	-0.58799523	0.48289177	-0.18147643	1.0001191	0.014194124	-0.6678685	0.92008924	0.63503796	1.1499759	-0.61455745	0.30451936	0.27051955	-2.015421	-1.0887939	-0.2253892	-0.79791296	-1.4304799	-0.1826681	-0.5970266	0.15526909	-0.25285888	1.0117832	0.37129414	-1.0033351	-1.1900779	-0.356219	-1.9277999	0.06716558	-0.8482265	-1.1566645	0.73264223	-0.24498561	-1.1341472	-0.97961557	0.01035036	0.14395458	-0.7175847	0.032587655	-1.7643273	-2.1070957	-1.0547782	0.11812397	0.37684965	-1.9323392	0.0009224927	2.6085105	-1.3441935	-1.755287	1.5683482	-0.4710287	-0.78679055	0.031050555	-0.36442327	-1.0556254	-1.5567504	-0.86329	-1.2050561	-0.047559872	-0.9814394	0.084699206	-1.1074859	-2.0270152	-0.13705891	-0.77333057	-1.0258824	1.7164872	-1.0906274	-1.3292482	-1.1863911	-0.6075485	-0.25499433	-0.31445748	0.032253552	-1.3175972	1.6763295	0.45790794	-0.7903211	0.10934257	-0.7567218	-0.10672695	1.4318204	-2.959582	0.083485335	-0.64059365	0.38629115	-1.0939326	-1.2160621	-1.6331177	-0.09630566	-0.0995214	0.04827489	-1.0929403	-2.1276753	-0.6890828	-0.9164891	1.0780429	-0.63798577	2.2984636	1.0413967	-2.0986733	-1.7990954	-0.48346558	3.7354302	-0.73925835	0.41141325	-0.42246255	2.5914075	-0.26695022	-0.41241705	-0.20307545	-1.4613878	0.99671674	-1.0793109	0.6522128	4.676919	-0.92265874	0.10932238	-0.2983516	-0.841781	-0.60013855	-1.3289083	-2.3804493	-0.7643631	-0.8025231	-0.9493985	-0.23429169	0.029067697	-0.69641316	-0.8777368	-0.36394268	-0.115093306	0.587978	-0.9100315	1.1653837	1.3895382	-2.0850942	-0.6283726	-1.8575002	-0.7543372	1.3788853	-1.2713504	-1.1325059	-0.67654693	-0.0020999291	-0.06315176	-0.6173372	-1.605285	-0.83197033	-0.2686735	2.1933968	-0.3776209	0.3750006	-0.25796962	-0.92877036	0.20574075	-1.7561556	-0.65012395	-1.3181988	-0.15604949	-0.5917549	-1.4586116	-0.25528753	1.1939905	0.13166864	-0.4885174	-0.099378996	0.7590208	0.56535745	0.023958107	-2.6330864	0.38456947	-0.57080716	-0.79534966	-0.0541841	1.6522322	-0.4965839	-0.4166545	0.1313508	-1.8868628	-1.8406668	0.7325614	1.0929244	-0.47359827	0.030636169	-1.0611038	-1.0668974	-0.34630644	0.53786504	-1.0600708	-0.7732686	0.6183694	1.0139232	-0.8823375	0.33750626	-0.6158059	-1.5566125	-0.8780204	0.040303063	0.97118926	0.5372602	-0.44301108	-3.2438247	0.15441453	0.6895231	-1.4964072	-0.046777766	-1.292365	0.13192642	0.31575683	0.4047154	-0.82039165	-1.1376458	1.0831144	-2.1957338	-0.47835532	0.52119696	-0.3747545	0.4960328	-0.98401284	-3.1756887	-0.8984987	-1.612579	-2.1550596	-2.3122804	0.35777712	0.61037517	-0.8655035	0.010266943	0.17069001	-0.017337987	-1.0036403	1.3522153	0.32147896
N-hydroxyvaline	0.931178	-1.9927202	0.35948426	0.8928759	-0.3810349	-0.53853387	0.06386489	-0.92420006	-1.406496	-2.8128731	-2.0939264	-0.42089298	-0.4020861	-1.2411126	-0.956609	-0.71188587	-0.8558524	-0.6796379	-1.5161119	-1.3098136	0.41849822	-0.82535917	-0.71280146	-0.74899125	-0.6431729	1.3623364	-1.0490843	-2.374529	-1.0163412	-0.31207103	0.24069314	-1.0981529	-2.4958515	-0.46606585	-0.23324989	-1.2206906	0.108384095	-1.5560528	-1.4070358	-0.92825764	-2.0395455	-0.6460373	-2.0339448	-1.5905668	0.3117016	-0.70745814	-0.25896475	-0.7858158	0.064669326	-1.4474382	-0.07667908	-0.97721225	-0.51008534	-0.55127984	-2.0041757	-2.886079	-1.863059	-0.73825973	-0.34674373	-1.191001	-1.3014287	0.5150015	-0.7882765	-0.88555104	-1.6126937	-1.9837188	0.73594826	1.7719029	2.18693	-1.0520804	-1.9702594	2.0688717	-2.211761	-0.093705356	1.1427015	-0.6562701	0.63331836	-2.1387382	0.0508851	2.3169014	-1.3236146	-3.4114134	-1.6150693	-0.9535746	-1.1071479	-0.9474101	-0.8007451	-0.667141	-0.0063260193	1.1302739	-0.5951375	0.92916876	-0.12679558	-1.5854602	0.5100057	-1.501997	-1.3538742	2.0030591	0.41697627	-1.4695666	-0.9715752	-0.98505527	-1.3525925	-2.1580625	-1.3171602	-0.8672744	-0.8032247	-0.3071487	-0.21164967	-0.7532866	-0.6617142	1.9627143	-0.9187044	0.10998995	-0.059819892	-0.81591713	-1.9663446	-0.22077735	1.0059073	-0.5159975	-1.4627073	-0.71399593	0.018094938	1.9844823	1.0856395	0.7022117	-1.7261866	-1.164416	3.0697937	-0.8921958	-0.92265874	5.6852493	1.3635113	-0.3383292	2.7916327	-1.6613626	-1.6678902	-1.8377435	-1.4129484	-0.9675831	0.36666495	-0.3133199	0.25147054	-1.1551962	-1.1945357	-0.38082448	-1.0066298	0.3517009	-0.21931212	0.5579241	1.0736518	0.44943994	0.5948013	-1.7242894	0.63849956	-0.20393717	1.8166912	-0.5766399	-0.030378561	-0.2097798	-0.29468304	-1.0797079	-2.1597526	-0.7752692	-0.04256797	-2.6094007	0.6497268	-0.988835	-0.48563942	-1.2292162	-0.9651754	-1.4100637	-0.75551444	-0.26874694	-0.15059163	-1.8369936	0.525411	-0.5730812	-0.9853874	-0.6725708	1.4400358	-0.43487626	-0.82342947	-0.25142026	-2.695296	-2.8316324	0.9218157	-1.5797101	-0.95265543	-1.1940995	-1.1314092	1.7470702	-0.6322321	-1.1836771	-2.0424185	-1.8818945	-1.4880959	-2.445173	0.19058995	0.15653175	-0.020573156	-1.8653319	-0.9169365	-1.3342053	-0.41424033	-0.799687	-0.5580415	-0.6281086	-0.2863071	0.9911742	-0.10979328	2.3629358	-0.28945965	-0.654852	-1.1128167	0.31769884	-1.4074702	-2.9051878	1.638218	-0.30956233	-0.18877754	-1.1217241	-0.86189246	0.12522383	1.0870026	-0.58229524	-0.30917883	0.20464231	0.19147153	-0.057245474	-1.1867273	-0.38698632	0.664873	-1.2337677	-1.1235472	-1.1291472	-2.137463	1.2017308	-2.0481167	0.4494601	0.22039452	-1.3953912	-1.216506	0.13095212	-0.02746604	-0.8813535	-0.109435126	-0.8113316	1.2629213
N-methylphenylalanine	0.51544917	0.41776428	1.170951	1.5602795	0.8425514	-0.5481386	0.25595373	0.74622	1.502658	-1.3474549	-1.2595028	0.9819835	-0.39556646	2.129201	-0.89086235	0.9825107	0.8245711	0.26004806	1.2690253	0.8472643	0.503159	0.4190998	0.5038739	1.6599195	1.0179278	1.549351	0.8763472	-0.13000663	0.8763711	0.82470804	0.5605429	-0.277384	-1.3720145	0.87300146	0.6536388	0.88166106	1.2588136	0.81223124	0.7487639	0.7344603	1.3019605	0.6064832	-0.27705103	0.5251647	0.09412705	0.4779183	0.41362765	0.9955276	0.8731744	0.44156206	0.48097184	0.93043554	0.605082	0.59075993	-0.6731091	-0.6310299	-0.08933995	0.45678568	0.9304457	1.1798902	1.6764826	0.12859404	-0.3788834	1.1881189	0.40455878	0.39641348	0.28179848	-0.16144869	0.7399106	-0.14612992	-0.14685471	1.1046944	-0.38991043	0.2149493	0.74654686	1.2901698	0.66647315	-0.22660406	0.36570057	1.4924232	0.060954314	0.11640498	0.66435766	0.9809284	0.037591685	1.182026	0.6595506	0.9820936	0.5574896	1.2346513	1.3929557	1.4713576	0.2766742	0.28901598	0.77419883	0.13393898	0.5837337	-0.610809	0.87346506	-0.28811944	0.21241285	0.6354008	0.566289	-0.5770303	-0.07000694	0.1311415	-0.24729314	0.70550334	0.2949514	1.1975584	0.29698583	0.96917397	1.5231042	0.3765587	0.6049906	0.06219303	0.029178506	0.32478908	0.5732885	0.96714467	0.326168	1.1036403	0.43640453	1.4052392	0.7336014	0.58333087	0.42256856	0.7766985	1.4308215	0.6230217	0.10932238	1.3635113	4.9377666	1.7005212	1.8673073	0.9167277	1.9699908	-0.036893044	0.040317375	1.1727974	0.11523072	0.5694827	0.5764256	0.24175186	0.3463339	0.84285223	0.7036968	0.5350977	0.94134456	0.9603688	0.8550429	1.1211978	0.51686925	-0.43864056	0.5308701	0.23584643	0.11525579	0.6619268	-1.3255999	0.3173231	0.48156607	1.0235962	-0.69155604	-0.25102592	1.69447	0.6887595	1.2987076	-0.33087564	0.16187534	-0.16392775	1.6100916	0.4008974	0.35112986	0.39539352	1.2630354	1.0347117	0.4491938	1.2297636	0.13556036	0.8157481	1.0857921	1.2271419	0.92523885	0.016602686	-0.40833092	-1.0701234	1.0297508	0.16600394	0.6919611	1.0272263	0.354602	0.7292507	1.2953613	1.4234458	-1.00036	-0.6320278	-0.685414	-0.8276296	1.0396775	0.7342129	-0.08816853	-0.46776283	0.2394664	0.63202405	0.2930986	0.6326851	0.57555246	0.8247928	0.059804685	1.1399049	1.4494858	0.77609646	0.4128808	0.56261635	0.33471712	0.72823435	0.32987073	0.51485986	1.0460889	0.99497384	0.60597765	0.51130706	0.9249952	0.769026	1.1529529	0.9781614	0.77072066	-0.08831123	0.6254532	-0.005207604	1.4939625	-0.14957486	2.0372114	0.90550566	1.606302	0.5284373	-1.6552579	1.8283241	-0.5917174	-2.0415242	0.31488156	0.64512587	0.35767582	0.7663469	0.37195706	1.3253989	0.08701261	1.102324	1.4483898
N-methyltyrosine	0.28768998	0.94375736	0.66831565	1.4055197	0.72328496	0.19993764	2.1452582	0.50804657	0.77770925	-0.74667263	-1.7810454	0.64610493	-0.28280085	0.39052263	-1.3817636	1.0900806	1.3872757	1.4385475	1.1067046	0.7836616	0.36871785	1.6148273	1.2808428	0.091641806	0.55329704	-0.16527502	1.027311	0.7148537	-0.4061603	1.1889185	1.1090425	0.96098524	-1.0661029	1.337071	0.38756117	1.1158713	1.4775512	0.64380485	0.5133236	2.1243935	2.4805968	0.7534842	-0.029853176	0.11481196	-0.21101446	2.6073627	0.313606	1.4625729	0.18146749	0.82703215	0.67819923	-0.18890093	-0.2187123	0.8941028	-0.15618995	0.48390326	-0.31348142	1.5363154	0.3684463	0.49846956	2.0570827	-0.1378468	1.4204428	1.0138348	0.38588667	-0.4118252	0.9681776	1.920588	-0.84833217	0.97991157	-0.22635564	0.35637686	-0.06646126	0.5337608	0.35826978	1.2712537	0.66081345	0.062472593	1.4042913	-0.6112956	-0.046860155	2.6463418	2.833088	2.3014004	-0.37987787	1.3072288	0.9807553	2.3292015	1.4276516	1.6112869	0.9490808	1.5637333	-0.32532677	1.0941905	0.55364877	0.18101898	0.1489917	0.110310696	0.7041361	0.29452553	0.20744829	2.0830872	0.8248713	0.5260943	1.0458426	0.04718541	0.36261007	0.61505413	1.8438405	1.7213669	0.75626296	0.36962113	0.75716025	-0.6004048	1.9757532	0.095230006	0.13460055	-0.34136268	-0.07436646	1.5802925	0.12587383	1.4719952	-0.14936383	0.3861581	1.3611814	0.89978456	0.25542247	0.7032165	0.060668826	0.43359488	-0.2983516	-0.3383292	1.7005212	2.9310403	0.18173671	-0.5957577	0.28086913	-1.5372119	0.77056205	0.51812154	-0.32982796	0.28618172	0.18519983	0.83744955	2.4298682	-0.008299423	-0.06798748	0.41779608	-0.14477938	0.32805717	0.9102466	2.1400514	-0.114395246	1.2409607	1.6598017	0.052428685	-1.5182127	2.4231076	-0.87136745	0.80149436	0.12226352	0.834584	-0.9036654	0.54311645	0.06446257	-2.0485263	1.3514224	0.88643587	0.07931633	0.3889587	1.256991	-0.12977275	-0.13580617	2.8130574	1.0320007	1.8503313	0.37907198	1.5811709	0.16189459	0.8781741	1.3179178	1.4083279	1.2637235	0.4411787	-1.2312891	-1.029265	2.9310393	0.8013471	2.390361	1.8243665	2.1791935	0.8961504	1.3905711	1.0075334	-1.2950089	-0.8037742	-1.2765801	-0.8772234	1.1497443	0.27818936	-0.6571223	-0.5990681	-0.28196535	1.5296497	0.40635377	1.6472191	0.5815408	1.2910761	-0.025709478	0.850554	1.1374134	-0.41204098	0.5540122	2.806168	1.5450181	0.63206226	0.12461455	-0.20553125	1.1951495	1.2115039	0.3147246	0.63310105	0.80448717	0.110590585	1.4773222	0.27717325	1.2343796	1.1724818	0.22878736	-0.48291343	1.467307	-0.10522929	1.8830616	1.2190073	1.5292372	-9.7458345e-05	-1.725273	2.5629196	1.5576286	-1.6201358	0.3776055	2.8844297	1.5394322	0.30943915	-0.0084170485	1.3051567	0.6499852	1.1438749	1.5542414
N1-methoxytryptophan	-0.0023109175	-0.80011445	0.020496119	1.381608	-0.8561371	-1.3636606	0.07098523	0.48159236	0.15975194	-0.15611428	-0.36954847	0.36611092	-3.5152612	-1.5509073	-1.4253335	-0.3693143	-0.022529975	-0.5613504	-0.5295951	0.11871159	1.1837076	-0.3634449	0.23712125	-0.5123515	1.5216757	0.97143286	0.2608066	0.71072245	-1.9851943	-0.21005265	-0.2345576	0.035118006	-0.6148116	-0.14369398	0.053754933	0.17160167	-0.07312824	-0.7496403	-0.7074923	0.5566175	0.18063217	0.41155323	-0.49895582	-0.6475269	0.1921395	-0.02317578	-0.61312026	-0.053179342	-1.121307	-0.26344126	-0.860452	-0.73119533	-0.22107798	-0.3275346	-0.6675505	-1.2441999	-1.276082	-0.9928211	1.6769086	-1.6267276	-1.3838931	0.5203548	0.42917123	0.49087986	-0.38122642	-0.23092104	0.56879956	0.73829603	2.3196502	-0.78586435	-0.52741945	2.1254444	-0.82831144	-0.6992818	1.035937	-0.6487023	1.4168028	-0.72896206	0.02665175	2.19364	-0.605563	-1.8834931	-0.3788376	0.97263724	-0.38680026	-0.29974058	-0.8678925	0.26688176	0.5363827	-0.12523791	-0.26068267	1.4431057	0.050154306	-0.15179233	0.6019601	1.0781027	-0.7608828	-2.4210413	0.90107787	-0.30733898	-0.09640424	-0.8199063	-0.1058049	-1.0253148	0.26563355	-0.49159694	-0.41836765	0.039108682	-1.5726975	0.1527186	-0.5381749	1.7864746	0.35565874	0.15587446	-0.9463425	0.07265732	-0.048520643	-0.15671758	1.395361	-0.2618072	0.33281988	-0.36378565	0.45283967	0.55062944	1.0610875	0.95511013	-0.36604652	-0.23288041	2.750213	-0.4847067	-0.841781	2.7916327	1.8673073	0.18173671	6.3810315	-0.54862356	-0.8029358	-1.970834	-1.0860792	-0.24786599	1.0349184	-0.22392839	0.18667704	0.47714895	-0.5705748	0.37402162	-0.43472886	0.34318158	0.27976748	0.76754904	0.93272763	0.61188984	0.5836637	-0.0795344	1.3458582	-0.2542253	-1.8850967	-0.10334859	-2.2450552	0.261857	-0.08175732	0.12064378	-0.06274056	-0.43765113	0.3593779	-1.9433166	0.9101947	-0.65240777	-0.19864082	-1.1931053	-0.81240803	-0.7189365	-0.015773728	-0.28653237	0.29253396	2.671818	-1.0953201	-0.3012636	-0.68862295	-0.20651254	1.3518308	0.65015006	-0.61897874	0.09402126	-1.9545006	-1.7273016	-0.530375	-0.96982944	-0.1452589	-1.2881606	0.6418582	1.5925521	0.6128319	1.041714	-1.0874038	-0.2458282	0.25339073	-0.2582379	1.1167364	0.26887628	-0.024838371	-0.99753535	0.33496624	-0.2678127	-0.13643922	0.091070056	0.92886883	-0.27501714	0.016474761	0.7121235	-1.2110679	2.237878	-1.0506845	0.15381227	-0.29014677	-0.16289413	0.013537038	-2.735483	1.5762762	-0.5514188	0.36605883	0.5192189	-0.5153096	0.13320887	-0.10921764	-0.612039	-0.32942003	0.66237915	0.32936704	-0.49423796	1.3826448	0.10501407	1.7301271	-0.08072882	-1.2101934	-1.433423	-2.2157123	-0.98970574	0.3610691	-2.6551948	-0.43079662	0.2595141	-1.519918	0.3755585	0.16712959	0.7133488	0.06790622	-0.03643853	0.30146056
N5-acetyl-N5-hydroxyornithine	-0.2771506	1.189497	-0.49341503	-0.30873054	-0.15964217	-0.13591412	-0.063640565	-0.44579104	1.3308876	-1.2958859	-1.2278816	-0.36754405	-2.9808455	1.2381428	-1.265301	0.11267591	-0.56241876	1.3190508	-0.6622186	0.53317493	-0.13138045	0.3042817	-0.026611399	-0.24522072	0.50523084	-0.16650386	0.05977841	-0.5995616	-0.61669344	-0.304824	0.97883683	0.014430095	-1.2485753	-0.48426828	0.8022184	0.10053836	0.40602842	0.54499817	0.4122223	0.20882666	-0.05910718	1.0280453	1.3333894	-0.5501103	-0.2502716	0.35550788	0.86874807	0.0058460683	-1.0029266	-0.062262468	-0.48701477	-0.76265216	-0.106825836	0.6781145	-0.9293349	-0.75196165	-0.2781492	-0.16366109	1.0786927	-1.1765983	-0.15519693	0.2083014	-1.7009115	0.046728287	0.057614565	-0.16025424	0.24282302	-0.84230113	-0.95896274	-0.9174509	0.1644746	0.074789666	-0.38994977	-0.59537023	-0.1500229	-0.007969641	-0.32172114	-0.4412618	0.0024139332	-0.26209703	-0.41387212	-1.3969176	-0.83735013	1.4868723	-0.6913036	-0.12731495	1.4808625	0.46214738	-0.2112716	0.84018934	0.09149463	-0.17974776	-0.14765044	0.84538555	0.5016367	1.9223868	0.13496214	-0.7822656	0.39852047	-1.4678942	-0.86911017	-0.17970553	-0.9046539	1.2386868	-0.48124054	-0.33178583	-1.0820476	1.0177432	-1.1465973	0.5883465	0.66112506	-0.47250128	-0.027000722	-1.4665953	0.00074704393	-0.022904234	0.855051	0.496839	-0.29055938	-1.4197788	0.38916728	-0.21551234	-0.033466417	0.0604213	-0.0777051	-0.10838129	-0.36213934	1.5197827	1.1336858	-0.19228318	-0.60013855	-1.6613626	0.9167277	-0.5957577	-0.54862356	5.800416	0.14976521	1.9526492	-1.1841666	1.3603835	-0.5071567	2.2468274	-0.20454018	-0.3628413	-0.798589	-0.22997156	0.7621226	0.90223014	0.17938723	1.123997	0.43433285	-0.08185746	-0.1872025	0.33178928	-0.088743776	-0.3908858	-1.5502813	-0.61065584	-1.9233903	0.20077534	0.44548187	0.60720885	-0.7034116	-0.81103873	-0.096563034	-2.1658306	0.057488065	-1.2837683	-0.13849202	-1.1219655	0.00873211	-0.30959788	-0.013615673	0.316412	0.21391001	-1.373724	-0.4462969	-0.07456006	0.7705094	0.13550738	0.019844214	0.10166528	-0.17777197	-0.25852144	-1.8208663	-1.6837368	-0.8281136	0.44963142	-0.7699654	0.06591963	0.037318166	0.3169306	1.005072	1.6139191	-0.6773911	-0.25022718	-0.8432712	-0.13708134	-0.21717158	0.8065722	-0.7367478	-0.7473541	0.098240405	0.633124	-0.7274161	-0.010355862	0.67821944	0.28801322	-0.22525518	-0.15417376	1.2824663	-0.30172065	-0.72313774	-0.544539	0.18684459	1.324984	1.3337214	-1.9985696	-0.3743372	2.0277717	-0.100560725	1.3566986	0.2258605	0.047358356	-0.43131503	1.0668851	0.04639899	-0.51378495	-0.44317046	-1.3062636	0.10644101	-0.7370105	1.8532153	-0.15511091	-0.48670894	-2.1865125	-1.9318835	0.11377222	-1.0017402	-2.193192	1.1264027	-0.22658835	-0.7246728	0.67377585	-0.26112345	-0.40787122	-0.93378204	0.1265963	-0.28914267
N5-cis-anhydromevalonyl-N5-hydroxyornithine	0.94388163	-1.387478	0.29940906	1.5238159	0.053401385	-0.576271	-0.4329934	1.0372785	0.39976507	-1.1940038	-1.59374	1.3909999	-0.96949774	0.0442306	-1.4209052	0.4275536	0.97871965	-0.036932874	0.23472922	1.8004228	1.4346304	-0.007067863	-0.50625277	-0.08040056	-0.46525493	-0.31590328	-0.5520645	-0.8389225	-2.6964915	-0.3648629	0.1331472	-1.115152	-0.2575448	-0.2843094	0.4270318	0.46644652	2.2719088	-0.23730119	0.14153667	0.96906304	1.8760961	0.38280913	-0.6879714	-1.0638044	-0.5512728	-1.000835	0.2904803	0.12108629	-0.76090044	0.47375244	-0.061134618	-1.5378302	2.3828201	-0.6535638	-0.84972966	-0.59965724	-0.5726636	0.18990527	1.164109	-1.235366	-0.5626228	0.43661523	-1.9078708	0.59564286	-0.44022465	-1.234753	1.3244265	-0.6192192	-0.1072877	-0.856303	-0.5682822	0.48461917	-1.6687024	-1.0903467	-0.69073194	0.8440914	-0.6654403	-1.0249251	-0.7034634	-1.1752217	-0.99864256	-1.6623199	0.72089165	-0.3033104	1.1105099	1.2935268	-0.44988242	0.7967113	-0.19779907	1.7165501	-0.25271404	1.5822072	-0.429682	0.3170347	-0.3395481	-0.9962776	-0.41003266	-0.0048023555	0.16787992	-0.95700485	-0.9572247	-0.19906877	-0.558104	-0.76347	-0.95133764	-0.9741213	-1.1756804	0.73749864	-1.1592823	-0.15679923	0.07925554	-0.13702357	-0.012260486	-2.1084702	0.6145521	-1.260392	-0.856685	1.3569161	-0.66055167	-0.6191611	0.0469484	0.97805285	0.35145187	-0.9223146	0.4073213	-0.02843602	0.043657325	0.72570574	-1.4256645	1.0643411	-1.3289083	-1.6678902	1.9699908	0.28086913	-0.8029358	0.14976521	5.9484787	-0.28348354	-0.23181957	5.096746	-0.29323688	0.2949522	0.89855725	-0.60802495	-0.8010812	-0.34474298	-0.97773206	-0.7593231	-0.8268696	1.8510906	-1.1702284	-1.0666051	0.26152098	-1.349061	0.8595887	-0.6260156	-1.6087575	-0.80710214	-0.19945368	-0.27575955	0.40406302	-0.25550914	-0.85952336	-0.46958086	0.19374263	-2.4999783	0.15175484	-1.3313441	-0.84645957	2.1615648	-0.32604662	-1.0618588	-0.66228616	-0.328133	0.4910034	1.9391862	-0.8976811	2.0309916	-0.47304103	0.18315661	-0.2390382	0.46989584	-0.30294564	-0.5604525	-3.0339017	-3.1387894	-0.37903234	0.331807	-1.0613525	0.011469027	-0.024414463	-0.0064393333	1.757953	2.422118	-1.3053302	-1.143001	-1.7952029	-1.9407411	1.108608	-0.73477185	0.5743508	-0.41789195	-0.015936626	0.07087273	-0.8251044	-0.2021516	-0.53424895	-0.053472	-0.9342991	-0.70197433	0.4219547	-0.1634999	-0.22680728	1.2167394	0.8852862	-0.23972252	1.8344369	-0.30347717	-0.4870007	1.5464249	-0.48534778	-0.94583416	-0.06360099	-0.5317084	-0.20002568	0.8750895	-0.52922064	-0.39351466	-0.6034033	0.21542235	-0.14354907	-0.6333808	-0.5052102	-0.1824743	-1.0553981	-1.0309094	-2.0133245	0.6726301	-1.7088059	-2.7333093	0.58595496	-0.42273378	-0.6581647	0.80084443	-0.40138268	0.319911	-1.1856419	1.2463839	-0.0318437
N5-formyl-N5-hydroxyornithine	0.21787678	-0.55641985	-1.3934306	-1.9963504	-1.0498693	-0.5467824	-2.064747	-1.1719106	0.012504744	-2.4491854	-2.211955	-1.1006285	-3.3971765	0.27691066	-2.339125	-0.94882417	0.64365655	-1.2114801	-2.1920383	-0.86118406	-1.6697364	0.33646607	-0.25386184	-1.1851361	-1.409871	-1.6283153	-1.3040065	-0.42932397	-1.942354	-1.0171384	0.6746829	-1.3376551	-2.6937892	0.1661353	0.45216087	0.18375902	-0.6092889	-0.78415155	0.5458074	-1.1610248	-1.549659	-0.26303774	-0.74927664	-2.1098948	-0.7256842	-1.3234076	0.9037094	-1.4913201	-2.075162	-0.033067424	-1.2543056	-1.3360202	-0.9681294	-1.2891508	-2.1356714	-1.7419537	-0.24434234	-1.6842648	0.26235983	-1.8948952	-1.683349	-1.830612	-1.9067044	-1.6091473	-1.7700421	-2.2753718	-0.656753	-1.7070906	-1.9066023	-2.0834222	0.056008182	-1.1229801	-1.8781728	-1.7652618	-1.9421449	-1.8720423	-1.992469	-1.5287178	-0.7681989	-2.217885	-0.77847534	-2.1922011	0.50631297	0.9068824	-1.9094653	-1.5411675	0.9340175	-1.0928997	-0.98400134	-0.9755168	-1.375779	-0.27675393	-0.60116607	-1.1571023	1.1579274	-0.42950308	0.118276596	-0.9642731	-0.88547647	-2.5060034	-1.2734209	-1.3241346	-2.3445456	-0.83488154	-2.0926397	-0.8300449	-2.563235	-0.9570924	-2.0095565	-0.29987067	0.13944115	-1.7165359	-1.4914869	-2.5884495	-1.5911163	-2.1862528	-1.9799991	0.042933565	-1.9644201	-1.62832	-1.9916393	-1.3122073	-1.2955126	-2.2193947	0.18625055	-2.1178315	-1.8197671	-0.21711685	-0.6945112	-1.2505611	-2.3804493	-1.8377435	-0.036893044	-1.5372119	-1.970834	1.9526492	-0.28348354	8.732607	0.46977958	-0.50697815	-1.3974612	0.79768866	-0.94653887	-0.92288613	-1.8017689	-1.9737387	-1.2231001	-0.32952577	-1.7930268	-0.4805112	-1.6682308	-1.2430528	-1.3380344	0.07825256	0.31678644	-1.2418958	-2.7424126	-1.5623555	-2.8955173	-0.7935259	-0.5124763	-0.09205732	-2.3115098	-1.9193683	-1.3749964	-2.102603	-1.3423407	-1.5972131	-1.3427447	-1.1922132	-1.8728743	-0.52870435	-1.4080256	-1.3533716	-0.58734524	-2.7003741	-1.6155127	-1.3952751	-1.228168	-0.9637026	0.1308875	-1.6767163	-0.61039007	-1.7721674	-3.0157385	-2.9250388	-0.90066713	-0.59760964	-0.9016095	-1.551807	-0.32445136	-0.61289406	-0.5504046	-0.24165308	-1.0369492	-1.0561609	-2.0401804	-1.9095982	-1.7088255	-1.3706644	-1.7408285	-0.96734005	-1.0609258	-0.38691503	-1.6985451	0.56100976	-0.88512367	-0.16491964	-1.408823	-1.3271508	-0.5644808	-1.4013193	-1.4589902	-1.4312736	-1.1521528	-0.22193928	-1.4104561	-2.5184388	-1.2118926	0.30248067	-1.4750745	-0.9873453	-1.3998737	-0.8236411	1.1885567	0.47400078	-1.9170393	-2.0517595	-1.297236	-2.986548	-1.2707952	-1.3353869	-0.27940735	-1.600798	-1.8131089	-2.6926224	-2.737487	-1.7704339	-1.626669	-2.925982	-1.0281042	-1.507919	-1.0465056	-0.38881642	-1.2063628	-1.8124638	-1.6113074	-1.6461519	-1.6468984
N5-hydroxyornithine	0.58925223	-0.90907216	-1.794381	-1.1330862	-0.038685054	-0.7906715	-1.7295178	-0.07357575	-1.429884	-1.5881941	-2.6387315	-1.7299105	-3.390448	-1.1707357	-2.6274123	-0.4252034	-2.0260954	-2.2057881	-2.166179	-0.109151356	-1.293841	-0.28765497	-0.7755561	-1.2370808	-1.7622116	-2.518372	-0.80196714	-1.494809	-2.0712826	-0.20156804	-2.0198793	-1.8664134	-1.7287897	0.5940048	0.7790114	1.6905723	-1.4340532	-0.70123225	-0.19627267	-0.31277877	-0.540879	-0.35352463	-1.118624	-2.5740283	-1.6643981	-1.3233956	-0.59349865	0.20681325	-2.1061907	0.855407	-1.7985406	-1.6699445	-0.7096905	-2.8945496	-1.3865712	-1.1892003	-1.8399433	-1.8629565	-1.6485869	-2.663487	-2.3985755	-0.6111058	-3.6273851	-3.7879872	-0.6953478	-3.256188	-0.26818228	-0.26491106	-0.90541726	-1.7297214	-0.95586514	-0.078765646	-3.4212427	-1.5358791	-0.60019785	-1.3966957	-0.7708794	-2.2314184	-1.5459532	-1.7677889	-1.80643	-0.9211201	-0.490919	1.343836	-1.508314	-2.4424996	-2.1827261	-0.035919834	0.24100448	-2.6368775	-1.0498751	-0.15959729	-2.1550908	-1.5862254	-0.24600908	-1.6936929	-1.1628194	-2.4582863	0.33017993	-2.16077	-0.61083317	-0.18177834	-0.84026337	-1.6829865	-1.8213944	-1.2993642	-2.6440876	-1.6668956	-1.9017107	0.0012727026	0.3827441	-0.04513476	-0.75216466	-3.149897	-0.19625685	-3.3775492	-3.369296	0.4981684	-0.5997183	-1.793857	-0.560939	-2.0649989	-1.0649984	-1.6666112	-0.31647274	-2.5659168	-0.26886666	-1.6970047	-1.0883693	-0.81984335	-0.7643631	-1.4129484	0.040317375	0.77056205	-1.0860792	-1.1841666	-0.23181957	0.46977958	8.389498	0.25091454	0.3164219	0.22494218	-0.7865223	0.31379765	0.006790182	-2.5387018	-1.3841066	-1.1077863	-1.2124125	-0.6124742	-0.74087733	0.10100926	-0.651882	-1.21625	0.7694154	-1.6561913	-3.2081358	-1.8829734	-4.25512	-1.4497852	0.36611363	0.36609653	-2.2053428	-1.8835168	-1.6561681	-3.431871	-0.47788218	-2.180102	-1.6836021	-0.45447326	-1.8527285	-0.8814598	-0.69689983	-0.8534961	1.1184789	-1.8020003	-0.3861247	-0.9969794	-0.91317177	-0.5504021	0.5256609	0.44937095	-0.076498	-1.6980379	-3.299295	-4.090615	-0.8833177	0.766048	-2.949521	-2.3016596	-1.0298791	-0.26228994	-0.7300305	-0.3110845	-2.1958456	-1.3692318	-2.462868	-2.1280189	0.21912615	-0.5581671	-2.000849	-1.2492689	-1.0050355	0.7336601	-2.2574308	-1.1241928	-1.1507558	-2.2414358	-2.0353272	-0.565731	-2.5308385	-0.40968665	-1.5106418	-0.7226802	-0.6521219	-1.1121289	-1.3964068	-2.0325718	-1.0922961	-1.4140543	0.26156852	-3.1291533	-1.0521959	-1.0489081	-1.6881702	-2.0515118	-2.297181	-2.0380805	-1.3861262	-2.8651435	0.3020459	-1.9850644	-1.3150539	-0.96955115	-2.065281	-2.889529	-3.5937314	-1.8177694	-1.1574618	-4.242679	-1.4278436	-0.223987	-0.86600643	-0.62590605	-0.5087946	0.07963584	-2.3829699	-1.0164458	-1.7389437
N5-trans-anhydromevalonyl-N5-hydroxyornithine	1.2484406	0.07435893	-0.0465861	0.7109208	1.1028656	-0.4942113	0.08863741	0.5524101	0.17002466	-0.51561123	-0.54268754	0.12573612	-1.3429782	-0.40688685	-1.1309897	0.5523643	1.0013733	1.3139257	-0.44286367	1.9827026	1.0419694	0.7446889	0.12543774	0.03944096	0.2074725	-0.25304917	-0.09726071	-0.66972995	-1.8361988	-0.23662153	0.4807528	-0.6063079	0.123851255	0.39330032	-0.0009127251	0.84565264	1.4418159	0.18683648	0.56725603	0.79691184	0.85304606	0.5335302	0.63823026	0.41411904	0.19148286	0.26090166	0.45067352	0.14791702	-0.4710497	1.3956171	0.39489236	-0.5729907	1.8909092	0.03029066	-0.43225637	-0.42842996	0.44646105	0.51289696	0.7274219	-0.59261096	-0.84128064	0.6815694	-1.268136	-0.121540144	-0.21920793	-0.52886	1.4810221	-0.571391	-0.43590295	-0.2523144	0.45885813	0.51033205	-0.5143646	0.1450024	0.29040226	-0.08357325	0.13744637	0.07576485	0.41393605	-0.17090712	0.14742522	-0.949029	0.28632057	-0.13547291	0.9452557	0.53384	0.27356726	0.6676553	0.04932006	0.7813829	0.03998779	0.7927408	-0.017417802	0.31121722	0.9698863	-0.4826613	-0.09724488	-1.1244897	1.0351335	-0.46300495	-0.13917923	-0.24595685	-0.3017129	0.9943378	-0.4144735	-0.21229303	-0.116365075	0.08926921	-0.38514614	0.22747053	1.507207	0.023417458	-0.109059885	-1.2915883	1.4304212	-0.20021841	0.33377856	0.9807204	-0.098570965	-0.4509459	0.26143277	0.8591126	0.64473486	0.007924664	0.6397228	0.23907724	0.66023076	0.6555564	-0.3202909	1.1069535	-0.8025231	-0.9675831	1.1727974	0.51812154	-0.24786599	1.3603835	5.096746	-0.50697815	0.25091454	5.096747	0.36596954	1.2192413	1.2308128	0.30643794	0.13913634	0.23214339	0.3620688	0.3097493	0.72481626	1.107862	0.305694	-0.26632634	0.5374536	1.7829887	0.036737356	-0.21434744	-0.9439746	0.038273662	-0.8307706	-0.00044874483	0.90200585	0.9055456	-0.2925283	-0.40328136	0.12635386	-1.6911992	0.25288188	-0.51319367	0.18482405	1.5117819	-0.3081494	0.6329338	0.87444407	0.13223091	1.2520245	0.58559126	0.8301011	0.9668623	0.8141131	0.37637398	0.71311575	0.69939363	-0.35189512	-0.15160948	-2.5798576	-2.5962684	-0.26690865	0.2484626	-0.9414443	-0.12151241	0.5209532	0.8248334	1.4949957	1.6698911	-0.7491173	-0.31049562	-0.7996266	-0.419894	1.2783298	0.01645084	0.58020014	-0.20038547	1.2622263	0.4254402	-0.15175349	0.36222294	0.7356277	0.21034078	0.24797413	0.088057935	-0.10813142	0.507199	-0.37763917	0.41547516	1.0305808	0.7174354	2.452956	-0.712594	0.05205317	1.5130719	0.67802984	-0.77762234	-0.35663366	0.32087678	-0.029524744	1.31822	0.17833795	-0.27789062	-0.13507454	-0.08022714	0.69614404	-0.44867912	-0.03344158	-0.27317655	-0.6949305	-1.3253955	-1.6384671	0.12870672	-1.291025	-2.7219186	0.7584176	-0.26734674	-0.48490685	0.92543083	0.59973747	0.630134	-0.46037462	0.30997047	0.19081327
N6-hydroxylysine	-1.2829075	-0.5527666	-1.2827859	-0.9708946	-1.0901643	0.18668249	0.5015937	-0.5321031	-1.4865398	-1.8026077	-1.7477185	-0.8575412	-4.015142	-0.84309894	-1.4433649	-1.2737087	0.37389943	-0.5206053	-2.572124	-0.41227528	-0.06108019	-0.28746274	-0.7790566	-0.5025859	-1.8720585	-1.0160449	-1.163044	-1.1638111	-2.665002	-1.4820447	-1.1221118	-1.8725576	-1.1541075	-0.6240385	-0.56307137	0.35013604	0.45894077	-0.94156855	-0.23229165	1.1470895	-1.1993996	-0.2816967	0.9171289	-1.5441184	0.81047606	-1.1245396	-0.16769502	-0.6237781	-1.6347317	0.4797016	-1.1976652	-1.0132809	-0.6401224	-0.86412007	-0.56797606	-0.8060784	-1.15475	0.99281794	0.7152432	-2.5360038	-1.7799853	-0.2336795	-2.5252147	-2.1048112	-0.53689355	-1.7259027	0.17710823	-0.31160605	-0.05968512	-0.43529585	-0.80523735	1.0880109	-2.3911674	-0.50119245	0.4587852	-1.3409697	-0.48425475	-0.5880265	-0.32494295	0.21898998	-0.42024264	-3.3550231	-0.91751516	0.2939585	-1.2272387	0.044049013	-1.3049961	-0.48002443	-1.1939245	-1.263133	-1.1211203	-0.26164806	0.051712602	-1.0959492	-0.11887891	-0.27741367	-1.0025793	-2.1945524	0.36199194	-1.1211883	-0.9963121	0.7881686	0.14186598	0.21208128	-1.2708224	-0.5028001	0.27499005	-0.94376516	-2.229413	0.18435384	0.119555406	0.2013454	0.6014317	-1.0879836	-0.933993	-2.4320066	-2.189432	-0.45927778	-0.07569989	-1.5470936	-1.0899594	-0.21830745	-0.17415895	-0.21270385	0.65654576	-0.21063751	0.12975493	-0.7249768	0.36925608	-0.3713689	-0.9493985	0.36666495	0.11523072	-0.32982796	1.0349184	-0.5071567	-0.29323688	-1.3974612	0.3164219	0.36596954	7.6691613	-0.76876724	-0.33821887	-0.8569892	-0.893174	-0.76144856	-0.30887654	-0.35991734	-0.73365396	-0.36584705	-0.35251972	-0.0058319424	-0.0060093	0.14562462	-0.71469957	-0.84115833	-1.5153579	-0.6017438	-3.079019	-0.7892252	0.72677416	0.32188132	-0.94032085	-0.86010915	-1.1350485	-0.8073543	-0.3730711	-0.658987	-0.76864415	-0.9119495	-2.000579	-0.98448753	-0.58241016	-0.35026947	0.91592073	-1.4189918	-2.1188538	-1.4458417	0.13577124	-0.52679634	0.4693507	2.1904335	-1.2931291	-0.36895505	-2.4200037	-2.6238205	-1.1559733	-0.39217582	-0.59664494	-1.4671743	-1.3825935	1.3820196	-0.83241725	-0.10383814	-1.062645	-0.6805219	-1.1373433	-0.13154727	1.0681546	-0.7331802	-0.6176759	-0.92968726	0.91656965	-0.13564676	-1.0097026	-0.69765174	0.66436756	0.5481243	-0.5462079	-0.8366412	-1.7312984	1.2032906	-1.7351443	-1.3264949	0.5458391	-0.7226888	0.14306034	-2.6783717	-0.3677114	-0.7804046	0.24149103	-0.2076415	-1.3277469	-0.6010951	-1.1136913	0.7756374	-1.3635552	-1.1227916	-0.5052293	-1.9818745	-1.1035249	-0.87000793	-0.80418164	-1.1421498	-1.7803413	-3.0898771	-2.4476755	-1.705566	-2.8304822	-3.4808571	-1.013926	-1.4038815	-1.4109995	0.11122669	-0.38422045	1.3100282	-1.1626809	-1.3124601	-0.5046022
O-dimethylallyl-L-tyrosine	2.3758035	-0.28943202	0.77337927	0.69251925	1.1177483	0.8889421	0.40519685	1.3380419	0.70942503	1.658867	1.691719	0.7060759	-2.604605	0.14593333	-1.1723526	1.0943428	0.5154651	0.12588738	0.37111583	0.8287956	1.7026299	0.52498156	0.5842853	0.61647683	1.3308845	0.1541959	1.4850668	2.2986448	-0.24473937	0.83688796	0.70027655	1.0062032	1.9632612	1.6542616	1.8131071	1.0228343	0.9641847	0.18749598	1.0217016	1.0272073	0.23148091	0.49734947	1.1398538	0.10414317	-0.4355501	2.3894632	1.0511693	-0.0735957	1.2891014	0.6524598	0.6854402	0.35881525	-0.023444286	-0.170443	0.5034782	-0.71614736	-0.22704399	0.47651026	0.18691707	-0.6113289	-0.8969971	1.6963909	-1.2371588	0.7030767	-0.31662193	1.2215462	1.38251	-0.23696905	-0.04896535	-0.550519	-0.047985394	1.1132833	0.15237574	0.6992173	0.3138938	0.73223454	2.2266345	-0.2928917	-0.021056188	1.2428336	-0.1024799	-1.336589	0.7289567	1.7485003	0.6722663	0.7087876	0.69128925	0.7655667	1.1072043	1.0603269	0.32272297	1.0502439	-0.5415168	0.68025774	0.2470531	1.3330159	1.9499778	-1.0578133	0.77183485	0.68971246	0.27191582	0.11426564	0.06800278	0.09580794	0.5453436	0.75448835	1.5625294	0.55354416	1.5030264	0.5543591	0.5307844	0.13662003	0.577955	-0.2778213	-0.13898812	-0.7198506	-0.1287972	1.0075549	-0.1535786	0.73214465	0.34724358	0.23861788	1.445376	1.2415476	0.80326706	0.7479567	0.07081454	1.1976082	0.39991572	0.010737972	-0.23429169	-0.3133199	0.5694827	0.28618172	-0.22392839	2.2468274	0.2949522	0.79768866	0.22494218	1.2192413	-0.76876724	5.856612	0.33872232	0.3796118	0.6557037	0.22339234	1.2913172	0.75943404	1.4796329	0.9823857	0.3746053	0.029218797	0.5421963	0.12608886	1.2388775	0.49473998	0.19159792	0.42063996	-1.1457297	0.20574811	0.08139059	0.23747724	0.3615187	-0.6193353	0.6200331	-0.64112073	0.6998321	1.8128675	0.4128686	0.07271707	0.41712192	0.24789403	0.3485059	0.45288834	0.74472564	-0.49378207	1.4666753	0.52110165	-0.5003653	1.0252782	0.108684726	0.3333121	0.47690612	0.611827	-0.8119543	-2.2822032	0.2570169	0.43240154	-0.5175792	-0.11180792	0.077778764	0.45165217	0.9867646	2.7317324	-1.0381889	-0.062272426	-0.55257416	-0.72016376	0.96029246	1.213161	0.28818917	-0.18456364	0.20382448	0.7630433	0.11047477	0.8820197	0.581713	1.062851	0.017979031	0.5947615	1.0662515	-0.7105055	0.3626259	1.1490346	0.5903317	0.69123685	0.63968295	-1.7199959	0.94215304	0.8269815	-0.53909004	0.15114072	0.27049017	0.6952525	0.45630005	-0.14554298	1.0391734	0.105326444	0.7335841	-0.5778754	0.9622261	0.2180476	1.6808333	1.1236914	-0.5836732	-1.1960906	-1.8298402	1.9483157	-0.27257955	-2.0163603	1.0632529	-0.06349105	1.0009198	0.86531	0.24450037	0.6329858	-0.11676531	-0.01367078	1.6311754
O-methyltyrosine	-0.0019930182	-0.19175589	0.36095744	0.36670533	0.40086684	1.8460598	0.07210244	0.26078364	0.42798504	-0.520498	-1.0484049	-0.36237302	-2.1093113	-0.2203019	-0.72242665	0.27688807	1.5617125	-0.0827538	-0.1962016	0.3934957	0.17383924	0.97760445	0.09761749	0.33915085	0.011658983	0.2521706	0.0045738365	-0.5293873	-1.9797711	-0.14446674	0.45589754	-0.13134931	-1.0931567	0.56010526	0.6742509	0.06536547	0.56584585	0.21200761	-0.09207418	0.040534552	0.6736908	0.058975987	-0.7994679	-0.12888297	0.29756436	-0.009414384	0.51881325	-0.028393768	0.3603186	0.5872444	0.47552451	0.29571268	1.9121724	-0.5367871	-0.5081006	-0.08810057	0.55049354	1.414432	0.5711848	0.13855438	-0.26100227	1.1443187	-0.7070559	-0.295147	-0.20320348	-1.1069646	0.9421274	-0.45741704	0.011366963	-0.7711434	0.34908935	0.35526046	-0.5156825	-0.39772838	0.38231418	0.29539654	0.24345896	-0.621143	0.727279	0.13190447	-0.25976643	0.9609439	2.070705	0.07301554	1.1217626	1.2510611	-0.1355211	0.25455448	0.55055076	-0.0528688	0.22841111	0.3785306	0.6144794	-0.3626463	0.5349248	-0.31753287	0.4779395	-0.7802173	0.70579153	-0.70196354	0.5542552	-0.094743565	-0.34865132	-0.60120434	-0.40457964	-0.16646972	-0.4259279	0.68595713	0.3600477	-0.16160393	0.9972268	1.0215886	0.26196334	-0.7865268	0.55241704	-1.2855574	-0.9102005	0.6079579	0.5539367	1.0373073	0.15354903	0.7688938	0.34994847	0.10209399	-0.27780855	0.09770885	0.59399945	0.3309128	0.43075404	0.59242857	0.029067697	0.25147054	0.5764256	0.18519983	0.18667704	-0.20454018	0.89855725	-0.94653887	-0.7865223	1.2308128	-0.33821887	0.33872232	5.9728546	-0.29914328	-0.41825092	1.4363749	0.9746356	0.34181994	1.2516346	0.55478716	0.33134246	0.3208957	0.28148383	-0.526842	0.08664647	0.1511321	-0.30732918	0.8915446	-1.25502	-0.47097418	0.3079638	0.32262644	-1.0008537	-0.3638244	0.20203826	-1.577061	0.19416006	1.2296838	0.0059053237	0.63751894	0.5182777	2.0583208	1.2973866	-0.15393756	0.267625	-0.79403204	-0.17811188	0.2413706	-0.1047836	0.19273141	0.67284566	0.14787537	-0.0041046822	-0.4374372	-2.2980206	-1.8578367	1.1122521	1.3780428	0.34854385	0.005230908	0.9933252	0.48938367	0.34179208	0.41418135	-0.38788593	0.11117571	-0.41331238	-0.64708775	0.24466102	-0.10458737	0.7712349	0.0012000748	0.5241152	-0.1254842	0.24466336	0.35162306	0.67275006	0.47477219	0.50114584	0.13171305	0.26721764	0.7118897	0.35209447	0.010942335	1.23398	0.37955144	0.991369	-1.2654603	1.702375	-0.064058304	-0.59110874	-0.50791526	0.09078281	1.1136699	-0.045938857	0.74332577	0.30985993	-0.4777855	0.16791408	-1.3603302	0.49331158	-0.19982833	0.4846576	0.016026018	-0.4395714	-0.14961688	-1.5949222	0.101351	-1.2124811	-2.4151027	0.73461175	0.20413001	1.1601477	0.8143958	1.0701522	0.16224767	-0.009597794	0.1457388	0.5248127
R-3-hydroxy-3-methylproline	0.8403514	-0.42609984	1.8823854	2.4215124	0.96446633	1.1762978	-0.16007753	0.861711	1.9659332	0.99183625	0.976409	1.1501553	-1.4654741	0.07405489	-1.2356527	1.4845766	-0.44940987	3.028707	2.0201113	0.49822086	1.52682	0.6571495	1.1206605	1.4998517	1.2103999	2.8887963	0.8212909	-0.07470559	1.2999488	1.6024604	2.0941644	1.3585006	1.2637657	0.39035136	-0.018068202	1.5940813	1.9524045	0.29405853	0.76714474	1.809177	0.7961149	1.3029786	-0.3366109	0.015528483	-0.44521892	-0.15821442	-0.8197641	3.9524157	0.37901592	0.72322583	0.88166726	1.6876293	-0.16087538	1.3935686	1.4109118	-1.4960766	0.6234732	1.6935856	0.63025635	0.7935288	1.3560222	-0.482187	-0.41941345	1.3404272	-0.814382	-1.8581619	-0.45705125	0.9040444	-1.0781581	-0.5042751	0.43378797	0.008640168	0.16445692	-0.19653207	0.22737044	0.8860223	0.3664548	0.9549815	-0.390714	0.2823969	-1.1361333	0.65439796	-0.4517909	2.4096477	-0.6869147	1.2867411	2.1214247	1.8145144	1.6146016	1.9929945	1.0281948	1.4174246	-1.4134992	0.4116853	-0.4116244	0.51192826	1.6256918	-2.304085	1.2093228	1.1081798	1.0288725	1.4303284	3.8653677	0.17804009	2.9629319	1.311612	1.3244699	1.2667412	0.13317141	0.41202495	0.5341146	0.39287204	1.6259955	0.46803498	2.4009223	-0.3724023	0.18225394	0.45164648	-0.74724495	0.32016352	1.6299865	3.3178794	-0.08651756	0.24981171	0.7679352	0.38025618	0.10067203	1.2399511	-0.28861853	0.8606494	-0.69641316	-1.1551962	0.24175186	0.83744955	0.47714895	-0.3628413	-0.60802495	-0.92288613	0.31379765	0.30643794	-0.8569892	0.3796118	-0.29914328	4.883094	2.1419113	-1.1528319	-0.6116463	0.006555599	-0.241746	1.0959264	0.6353272	0.9886865	0.25233963	-0.41279545	1.8590465	-0.3571554	-0.31409013	-1.0419825	-1.0136118	-0.54164165	-0.2506123	-0.061182205	-1.4536078	-0.537659	1.8925802	-0.2191536	1.4707272	1.043175	0.5110779	0.07572341	1.7924079	-0.99723655	-1.1948514	1.0193834	0.03394726	-0.6021986	0.46062475	0.8443203	-0.6932183	1.0766649	-0.15721583	0.95085305	0.8618255	-1.6954833	-1.8291365	-1.474905	-0.5028971	0.44581762	-1.2135854	-0.19481601	1.8504821	0.6195372	0.90565884	0.78442323	-1.1537511	-1.4623091	-1.5486643	-0.5404967	0.92165637	0.07784714	-1.5547479	0.7841527	0.60798544	1.0861698	-0.8746354	0.30920738	0.6513829	1.9563044	-1.1230389	0.71912384	0.77099276	-0.4319025	0.72697055	0.96347314	0.25395367	-0.51181513	0.4349775	-0.795597	-0.24385351	0.50914204	-0.2922707	-0.62633246	1.8308439	-0.31468254	0.066732444	-0.50692827	1.2503318	-0.076584354	1.3789145	3.7328267	1.6663544	0.306124	1.36471	1.7391667	1.605015	0.040567063	-1.7330972	1.0070896	-0.47298124	-2.0169613	-0.30431947	1.9005051	1.5213001	-0.058504492	-0.18028104	1.5472702	-0.9981046	-0.25421485	0.23017785
R-aza-beta-tyrosine	0.34145287	1.9695458	1.3489012	2.3184536	0.5110759	-0.14074527	2.1529443	1.4377329	1.8627884	-0.49678874	-1.1415421	2.1649444	-0.80680037	-0.089226484	-1.1466633	1.1734635	-0.31072873	0.74232787	0.5646357	0.82806253	0.92957276	0.57657635	0.5805665	2.2556953	0.8984428	2.008036	0.5980774	0.35620245	1.3060609	1.3458612	0.3042364	1.1459522	-0.49850965	0.7262783	0.64101416	1.6081395	0.44959006	0.8918801	0.4625853	1.3677918	2.1541622	-0.08436004	0.25092825	0.48441726	-1.3280996	3.9715312	0.8052528	1.9977295	0.43949413	0.69974244	-0.41587618	1.3832573	-0.29987717	1.9807305	1.8478801	0.81566775	-0.20948018	-0.0907555	0.5313584	0.20606685	-0.3916517	-0.842047	-1.5420021	0.22346403	-0.00919329	0.1499486	-0.12723683	1.6125759	-0.2863591	1.2852027	-0.63979936	0.0003065593	-0.056828994	0.2906232	0.065206334	1.5085081	0.69050086	1.4357495	-0.28964284	0.9989404	0.88267744	-0.30617204	0.5162523	0.39509755	0.119155064	1.2582276	1.8886406	1.8955256	1.8827826	1.9164253	1.6549485	1.5482864	-0.36968726	1.2988464	1.0599309	5.412686	1.4353051	-2.0344703	1.2846109	1.1013986	2.96254	1.8257064	1.7196131	0.31317982	1.1233584	1.8872856	1.2906611	0.80433536	2.9560812	0.8647094	0.51341397	0.44692922	1.7766411	1.4940549	2.2490122	0.16932526	0.15266712	-0.13537553	-0.10624567	0.42906848	1.1729983	2.1482563	-0.19460882	0.7947525	1.9290571	0.6421831	-0.06886304	1.4316891	-0.5756297	-0.093755566	-0.8777368	-1.1945357	0.3463339	2.4298682	-0.5705748	-0.798589	-0.8010812	-1.8017689	0.006790182	0.13913634	-0.893174	0.6557037	-0.41825092	2.1419113	5.412687	-0.14878634	-0.38471478	1.3061312	0.71910256	0.70178413	2.1247997	1.9070348	-0.010788251	2.0929582	1.8368992	-0.815709	-1.2470165	-0.29644987	-1.6374906	1.3959183	0.43007275	0.31680703	-0.053575378	1.3707131	2.5470662	1.7195227	1.0934653	1.3255574	0.09250876	0.09219225	1.7077534	-0.6071952	-1.5245582	1.5987574	0.6355957	1.8357794	-0.13511588	1.465234	-0.058930393	0.7032005	-0.5176018	1.5455359	1.2388223	0.7861735	-1.6817081	-1.3623662	-0.21704184	0.87011427	-1.0253432	0.6499816	2.1966429	0.2899949	1.1379017	1.8117716	-1.3340012	-1.1733466	-1.4150305	-0.6503548	1.7484812	0.666611	-1.0058264	-0.7562596	0.9238216	1.3122809	-0.84733254	0.38188806	0.3754974	0.5980414	-1.1060411	0.72573173	1.5234094	-0.4227627	-0.1527617	1.1600761	1.071272	0.32541957	0.56363803	-0.5608954	-0.1507991	2.3547869	-0.22512884	-0.13074815	0.955415	-0.5020328	0.8277622	-0.30630773	0.8022558	1.2528981	1.0345938	0.29289255	1.8484638	1.4240987	1.5261273	1.0336016	0.12159997	-0.9530715	-1.9899282	3.0766075	1.415277	-2.4747913	-0.948425	2.1735141	1.5259057	0.0842061	-0.6846211	2.0342069	-1.3641498	1.1391532	1.2165209
R-beta-hydroxyphenylalanine	-0.86675125	-0.4069028	-0.41488343	-0.91077584	0.5796151	-0.5494177	-0.061997984	-0.07987444	0.08704714	-2.4767919	-0.9495875	-1.1610315	-2.6389506	-1.8227636	-1.729716	0.23117642	-0.21018694	-0.3168415	-1.2838767	0.30539462	-0.17735611	0.32640833	-0.03857261	-0.49299318	0.44803202	-1.1020563	-0.28623337	-0.807463	-2.6674478	-1.1015098	0.46525672	-0.96788174	-2.1498666	-0.69473106	-0.44893456	-0.12528238	0.87826717	-0.93866056	-0.54976493	-0.21841164	-1.1865119	-0.2778648	-1.3586228	-0.38194978	-0.1007654	-0.55349547	1.7398846	-0.77060366	-1.0454443	-0.2518914	0.3507375	-0.2752687	-0.37151048	-0.8843504	-1.0117685	-1.207089	0.8266635	0.97675693	0.3923669	-1.1534308	-0.78954065	1.1084526	-1.3670951	-1.129943	-1.001237	-1.928561	0.57211125	-0.48115182	-1.3997018	-0.8570812	0.80668455	0.084169164	0.8121123	-1.1005476	0.70201236	-1.436165	0.3569545	-1.5639371	0.33823055	-0.29892898	-1.2964414	-1.9682945	-0.40024832	-0.33485198	-0.30717194	-0.32232618	-0.87535673	0.16921908	-0.6207178	-0.657915	-0.8510497	-0.4404223	0.115989365	-0.96553975	0.05391805	0.8071154	1.3534904	-0.8731421	0.7745827	-0.8745492	0.5962665	-1.562205	-0.7127582	-1.1245248	-0.413383	0.19744459	-1.0524231	-0.09902501	-1.1773883	-0.91247356	0.57599133	2.1368465	-1.1943601	-1.368387	0.034143478	-1.9614428	-1.2352006	0.46026573	-0.036563158	-1.2948939	0.29524222	-0.9560678	0.33219284	-0.22374512	-1.0037184	0.5883326	-0.030520504	0.7372574	-0.1938525	0.44001004	-0.36394268	-0.38082448	0.84285223	-0.008299423	0.37402162	-0.22997156	-0.34474298	-1.9737387	-2.5387018	0.23214339	-0.76144856	0.22339234	1.4363749	-1.1528319	-0.14878634	3.734134	1.4118253	0.3225875	0.28795332	0.57232046	0.5014254	-0.1812309	0.53848046	-1.1863093	-0.6992768	0.046164412	0.18177159	0.3265205	-0.669388	-0.59350014	-0.38164338	0.41117495	-1.2771472	-1.319452	-1.365254	-1.883109	0.6606589	-1.6425558	0.51490295	-0.8585126	-0.7482586	2.10816	1.5902951	-1.2326039	-0.37888616	-1.6280483	-1.9270079	-1.5155295	-0.8285536	-0.17324461	0.2636634	-1.029034	-0.33490974	-0.80538905	-2.88115	-2.295287	0.43251032	0.20139803	0.20423342	-0.08266724	-0.56814486	0.7921947	-0.37538293	-0.47076485	-0.86430705	0.1624756	-0.94917405	-1.1497852	-0.41141266	-0.5323141	0.6005417	-0.5557486	0.19926901	-1.5006613	-0.1362931	0.3459006	1.021048	0.14401703	0.68617594	0.021686094	-1.4481307	-1.0063871	-0.784171	-0.24635217	-0.41384363	0.4947613	0.22605336	-2.0635676	-0.022840567	-0.25110537	-1.0244926	-0.7294354	-1.1729368	2.2281692	0.040116865	-0.3985031	1.4602997	-0.40980724	0.16996332	-1.4762024	-0.34524056	-0.124044694	-0.9020285	-0.8923477	-1.4768649	-2.3887806	-2.2357774	-1.8588461	-2.3611295	-2.6941156	1.1823448	-0.93629473	-1.0996499	0.89043176	1.4514136	-0.90166444	-0.23288576	-0.637826	0.72852045
R-beta-hydroxytyrosine	-0.2907204	1.088677	0.5703479	-0.7598574	-0.25320694	0.22570042	-0.10613199	1.5772518	-0.5259153	-2.662768	-1.6876638	-0.91977537	-3.3482533	-0.7210997	-1.4892547	0.15281755	-0.11124437	-0.2914687	-1.1159157	1.0740517	0.6384211	0.13880116	-0.1254798	-1.3593585	0.0043419376	-0.18486461	0.007843765	0.3756872	-1.9809753	-0.62733513	-0.2804913	-0.58915097	-2.3799152	0.19110341	0.2844735	0.2778744	0.651286	0.75101006	0.14821689	-0.30257314	-0.5671357	-0.13992143	-0.11858298	0.27674264	0.5980618	1.064859	0.45682782	-0.6263651	1.4952716	-0.04836036	-0.16462313	0.6766945	-0.20439392	0.14918026	0.20400715	-0.94694424	-0.5081215	0.13946407	0.1544413	-0.50533855	-0.4418143	1.345774	-1.0906088	-0.5228609	0.5003358	0.34156284	1.3805156	-0.870481	-0.18625844	-0.37517083	0.5411597	0.22869699	-0.27764717	0.46077988	-0.052399553	-0.22898154	1.0187235	-0.34045872	0.2260779	0.60014725	0.23319928	-1.7834324	0.20980212	-0.15965295	0.07596143	-0.14926487	0.16969624	-0.035881467	-0.16734715	-0.6011764	-0.5635492	-0.19554907	-0.1176618	-0.6982166	-0.2836058	-0.0827382	0.45481268	-0.67510104	0.39919934	-1.0676429	1.6555998	0.16608079	-1.1152205	-0.21369338	0.9380027	0.05533166	-0.778156	0.84738547	-0.06104585	-0.020985274	0.205356	0.9586237	-0.7072869	-1.3103087	-0.15910232	-0.8692269	-0.32375917	1.0308781	0.16826978	-0.18179522	0.063417226	0.4537526	0.84851617	0.60426474	-0.2723613	0.070521526	0.6197995	0.30906773	-0.7680917	1.5847661	-0.115093306	-1.0066298	0.7036968	-0.06798748	-0.43472886	0.7621226	-0.97773206	-1.2231001	-1.3841066	0.3620688	-0.30887654	1.2913172	0.9746356	-0.6116463	-0.38471478	1.4118253	8.155498	0.18483901	0.6599522	0.8897957	0.3365239	1.6322916	0.53627306	-0.14754051	0.5239462	-0.38189617	-0.18276915	0.2016632	-1.2661694	-0.7520737	0.2535851	0.9331719	-0.015008035	-0.46790785	-0.44956237	-2.069812	-0.0074346378	-0.4788102	-0.22986715	-0.017561194	-1.5241277	0.69082415	0.83351976	-0.47756994	0.029227942	-1.9690348	-1.8624495	-0.7466619	0.840234	0.22132094	0.27856207	-0.6943122	-0.526983	1.1645024	-2.5331616	-2.7450106	0.11003651	0.3227878	0.29448834	-0.7110139	-0.07749556	0.65492296	-0.47439933	0.6368049	-0.97256804	-0.6655479	-0.8467569	0.04519957	-0.54470533	0.08330822	0.65017265	-0.6831283	1.1620437	-0.7140377	0.44452676	0.32960147	0.6810669	-0.3979371	0.2888941	0.03093533	-0.7984629	-0.04169449	0.0066035623	0.11580231	0.419525	0.3818892	1.07795	-2.5778658	0.4423988	-0.09834813	-0.4350502	-0.8449564	-0.88456935	1.0155917	0.6408892	-0.34765163	0.6046049	-0.6966697	-0.06940601	-1.4869041	-0.9541079	-0.34867668	-0.44191676	-0.24053855	-0.59781885	-1.265088	-2.1406808	-0.6083283	-2.014378	-2.485775	0.90864986	-0.21324593	0.19933414	0.7877922	0.9435157	-0.8258682	-0.050254405	-0.4216965	0.36867225
R-beta-methylphenylalanine	-0.15095165	0.38221958	0.8498463	0.9651737	0.51372576	1.8659652	0.46745566	0.024361888	1.1023782	1.0479361	-0.19763775	0.9581218	-1.2349204	1.3929362	-1.050731	1.1493664	0.64653134	1.5135258	1.6550002	0.1671078	1.0746517	0.6181404	0.50509936	0.7758868	1.0477028	0.71009296	1.1424562	0.32730278	2.0162783	0.9805685	1.03896	0.2609269	1.3524498	-0.17390089	0.72209454	0.87912846	0.09938459	2.24342	1.0769682	0.9498788	1.6185356	0.6471597	1.7917125	1.3864716	0.17987064	0.7678354	1.4176564	0.8600146	0.49609813	0.05358535	-0.046277657	0.15699475	-0.013040987	0.9389818	-0.67849976	-0.83104193	-0.10679095	0.92083865	0.934147	-0.47033224	0.40611157	-0.0076328805	-0.9716664	2.0344236	-0.24519695	2.1154156	0.18842947	0.9738363	0.43668202	-0.600273	0.09567026	0.64852905	1.8592154	0.26265046	0.3670393	0.9007196	0.5193112	-0.11469875	0.76756865	1.9903009	1.2654669	0.40046275	-0.38375074	0.6972979	-0.49646717	1.1276593	1.139943	0.9781692	1.273866	1.1655377	0.99246055	0.8988387	0.60921973	0.7903744	0.6836253	1.6837548	0.5657032	-0.7056786	0.53704953	0.4367465	0.34719655	0.3236716	0.43114907	2.5615768	0.44582215	0.25291002	0.2470247	1.9586258	0.1811274	1.65315	0.50605464	0.40015104	1.2770572	-0.6345609	0.9404752	1.4508663	1.4202054	0.3217023	0.08181885	0.07932712	1.0622313	0.79361975	0.004695105	1.2236192	0.69102395	0.9433158	-0.21424611	2.6491678	0.96602774	0.38760227	0.587978	0.3517009	0.5350977	0.41779608	0.34318158	0.90223014	-0.7593231	-0.32952577	-1.1077863	0.3097493	-0.35991734	0.75943404	0.34181994	0.006555599	1.3061312	0.3225875	0.18483901	7.9942303	3.04871	0.99645984	0.79059285	0.6998423	0.24779123	1.8481247	1.0792822	-0.18279676	-0.84235054	0.20275508	-1.2111136	0.5749222	0.055655435	0.8267944	-0.90687144	-0.36956596	0.9860738	-1.4109644	1.560434	0.3268512	0.98901516	-0.3392214	1.1890507	-0.0075853732	0.12445868	0.6917294	0.13881858	2.2476232	1.8637004	0.73670626	0.5237918	0.69991547	0.19148837	0.80206776	1.1049917	-0.18528871	0.92291886	1.4525499	-0.14235167	0.31064096	-0.41845652	2.151397	1.1855016	0.40310666	0.91404545	0.7676193	-1.1577276	-0.6880911	-0.88428944	0.78766793	1.0095459	2.0801234	-0.3656093	-0.4149577	0.3774118	0.48120654	-0.1057238	0.8456023	1.2205014	0.6345855	-0.004813136	-0.255845	1.004833	0.28539872	0.26720706	0.6952704	0.46189713	0.58918715	0.07004749	-1.1830282	0.30565536	1.6979842	-0.31818116	2.836091	0.565386	0.47936723	-0.11868916	1.4217241	1.4308692	0.59745306	-0.13939074	-0.1843762	1.1498538	-0.3008989	0.9067248	0.78228885	0.40888873	-1.0859662	-0.96415967	0.9254821	-0.27988985	-1.1541649	0.6134209	0.38393986	0.7201002	0.59593076	-0.09493722	1.345982	-0.50850016	0.7003617	0.26149637
R-beta-methyltryptophan	0.782403	-0.3405161	0.66266054	1.9464461	0.008810929	1.9938678	0.1593376	-0.56918913	0.5562436	0.7453531	-0.5543153	0.29982367	-2.3133051	0.953913	-1.2125773	1.3904417	0.46299827	1.3764828	1.6433177	0.7472523	0.62346345	0.35271034	0.45430645	0.3600589	0.6951749	0.2512927	0.86694646	0.1314846	1.1625088	-0.06289866	0.111021675	0.07010051	0.9087841	-0.1188193	-0.03782257	1.5030792	-0.2768805	0.45233643	0.80435747	0.64725995	0.9914178	0.2166649	0.89153224	0.99708915	-0.3658644	0.3336836	0.46260655	0.5393485	1.2222551	0.020066587	0.16731788	-0.35692132	0.16449413	0.19850452	-1.0299401	-0.40548357	-0.21357398	0.22641654	0.611968	-0.66960675	0.8694318	1.6270763	0.0074502956	2.0220747	0.2043204	1.9215014	0.8373091	0.5639783	-0.25552437	-1.1521432	-0.49257395	0.47906062	0.7637733	-0.07350332	0.3738023	0.5572769	0.5142771	-0.6969005	0.47533163	2.4864519	1.0882888	-0.9944444	1.4022145	0.7649895	0.020586511	1.261696	0.5483791	1.3572475	1.3686032	0.1683794	0.5992071	0.74508494	0.049184795	0.018542403	0.5135726	0.28326944	1.862075	-1.6188195	0.59681654	-1.29958	0.0107267685	0.2111313	-0.72155386	1.4980322	-0.47236905	-0.3765665	-0.98908556	2.6877005	0.21251503	0.6562294	1.0892358	0.73117745	0.6146167	-0.65676355	1.2510749	-0.5560833	-0.014026505	1.2480112	-0.055522244	-0.31802785	0.64845324	0.4084051	0.25643685	1.2841511	0.51635045	0.74076915	0.23038673	2.5060508	0.42591125	-0.01821363	-0.9100315	-0.21931212	0.94134456	-0.14477938	0.27976748	0.17938723	-0.8268696	-1.7930268	-1.2124125	0.72481626	-0.73365396	1.4796329	1.2516346	-0.241746	0.71910256	0.28795332	0.6599522	3.04871	5.6807504	0.6235524	1.5151492	1.8939396	0.3630841	2.2881138	0.14159834	0.21926986	-0.18892051	0.11186677	-1.444941	0.31353238	0.12241203	0.21897179	-0.840031	-0.6432503	0.48070827	-2.5760083	1.545638	0.6132439	0.29927668	0.23764823	0.60690683	0.34751865	0.2067419	0.22374247	0.29211268	2.0872996	-0.32798502	0.2761126	-0.17161457	0.61798745	0.011437796	0.35202396	0.6500784	-0.7663573	0.11348003	1.5065193	-0.17941628	1.0126302	0.06088567	1.9901702	1.2319425	-0.24756123	0.98568815	1.2665777	-1.4401807	-0.54552466	-0.946289	-1.5051953	0.75917274	1.9937047	-0.0764693	-0.7904561	1.2445639	-0.22813609	-0.19360073	0.6027271	1.1135693	0.22839412	-0.048958465	0.2882142	0.27976066	-0.17883414	-0.13701263	-0.14781736	0.49889478	0.5934893	0.1916925	-1.5916184	1.1893294	0.90002596	0.71872514	2.3275652	0.34943688	0.9793306	0.18492948	-0.16694954	1.4691705	-0.40829462	-0.31799927	-0.7052048	1.2186514	-0.33764097	0.76644623	0.19329095	0.70563805	-0.6375984	-1.312431	0.1670366	-1.4204401	-1.6858797	1.2692624	-0.15650009	0.24463293	1.4235339	0.24140516	1.4680805	-0.18022415	0.17034051	0.95640725
R-beta-phenylalanine	-0.32269064	0.49103388	0.7574556	0.9705564	0.3003135	1.1540451	0.84874356	1.9009758	0.94390213	0.3607188	0.72771394	1.1898227	-2.570267	1.1910172	0.30412683	0.7243987	0.10342084	0.8337226	1.3896872	0.92604214	0.83191836	0.8183	0.81952906	1.1922466	0.56160444	1.1059114	0.84762955	0.44536948	-1.2709479	0.5467299	1.0448204	0.2821836	0.7511994	0.3856965	1.1104271	0.592556	1.1347668	1.0689688	0.8845321	0.80431724	0.20381816	1.9049606	1.2453911	0.24395299	0.46717125	0.4170968	0.755972	1.0671865	0.043854844	0.05243004	0.6896516	0.84367025	0.6343207	0.6580686	-0.049745474	-0.512071	0.2745587	0.20185132	1.1282698	-0.52329963	-0.3197854	0.69635767	-1.081397	1.7203759	0.22538209	0.33681932	0.6280238	0.841233	0.5787534	-0.34487846	0.3537427	0.8164212	-0.040362112	0.033333123	0.10851544	0.8851432	0.9984681	-0.22976243	0.07936467	0.5710502	0.20373249	1.8934625	-0.08049681	0.46809387	0.9839062	0.97956026	0.52757174	0.83716387	0.7618677	0.9832909	0.8420555	0.8650999	0.19488116	0.2767825	0.4234388	1.0448782	1.3375096	-1.0460576	0.98679537	-0.009457526	1.0532237	0.0944986	0.99898326	0.45312744	0.7366702	0.79318583	0.055760402	1.1926515	0.18403971	0.6673282	0.56213135	0.54088455	0.8091271	0.08022803	1.1587473	1.6118765	1.534473	0.92159605	0.46587196	0.076034464	3.0602689	0.80271894	0.9522149	0.548554	0.5066647	0.2087776	1.7925901	0.97242206	0.94497013	0.8709343	1.1653837	0.5579241	0.9603688	0.32805717	0.76754904	1.123997	1.8510906	-0.4805112	-0.6124742	1.107862	-0.36584705	0.9823857	0.55478716	1.0959264	0.70178413	0.57232046	0.8897957	0.99645984	0.6235524	4.4668126	1.3387495	-0.03709214	0.14378506	-0.84301037	0.50310403	0.4930602	-1.069659	0.1071329	-0.735899	-0.018522155	0.11949839	0.90631425	-0.3124725	0.0034373268	1.5055604	-0.7621009	0.6640579	-0.16023396	0.60875106	0.13557254	1.1455971	-0.5987501	0.68463993	-0.011496935	0.5074884	0.14485936	-0.21102646	0.996859	0.5725655	0.58907694	0.695177	0.59456515	0.5923399	0.49496928	-1.5909505	-1.365485	1.387582	0.5991756	-0.61390936	0.33572057	0.8336993	0.56627053	0.8087198	1.1996201	-0.6888481	-0.06458379	0.014158748	-0.65898436	0.5311604	0.8641252	0.5530357	0.27955985	0.10306765	0.45780492	-0.015764765	1.530929	1.3489488	0.9084035	0.07262894	1.3232659	0.73163766	0.62161565	0.40753347	0.90627503	0.33509883	1.1271687	0.81501365	-1.7979723	0.57920426	1.4611021	-0.25744185	0.84643495	0.41085488	0.43481082	0.9639119	0.7687102	0.23963124	-0.037275072	0.77049553	-0.48531795	0.8154531	0.2503479	1.0452399	1.1750541	-0.5425263	-0.21449775	-0.94617975	1.2423158	-0.7770204	-2.3640645	0.6664841	0.41609797	0.39035088	0.88901347	0.13910626	0.59262806	-0.27232006	0.38917214	1.535173
R-beta-tyrosine	-0.8167408	-0.4957293	0.40828574	2.775624	0.33957833	-0.18397254	2.5735905	0.54116476	0.38004124	0.00838876	-0.20051911	0.6053902	-3.5719926	2.8100417	0.2031523	0.6674389	-0.20152414	0.11847368	0.535638	-0.0694361	1.6309154	0.3041469	0.6445157	0.058829993	0.8795678	0.6640828	0.91003734	0.732802	-1.2653397	0.8138104	0.010021608	-0.24732229	-0.17562075	0.08178601	0.38745743	0.661644	-0.49033955	1.041373	0.9909613	0.38555342	2.6578386	0.47065857	-0.5049315	0.49749932	0.032755528	1.1792861	2.5404584	1.2437876	-0.38524586	-0.13657941	0.6723495	0.40238056	0.38146818	1.0402263	-1.0506202	-0.4034194	-0.112974145	0.013195451	0.2608609	-0.88067704	-0.5735557	0.27521884	-1.6719959	-0.19362178	2.4137306	-0.35950455	0.26031217	1.1387254	0.97429496	-0.41321236	0.18785396	1.4805984	1.3220013	-0.6576512	2.2785444	0.6748609	0.60990864	-1.083345	0.02363345	1.103316	-0.48606253	-0.40670627	-0.40101936	0.15579744	-0.5725145	0.9266261	1.0966452	1.5300186	0.5968174	0.30113697	3.085298	0.5183028	0.34980294	1.37698	0.18986258	2.7271593	1.5292604	-1.5820879	1.299414	-0.48194647	-0.1562234	0.59900725	-0.058709458	-0.47882953	-0.42012832	-0.13807547	-0.65109336	-0.25883457	1.4977713	1.3777688	0.26807973	2.6311767	1.0123557	-0.5102166	1.7911842	0.8085246	0.6006165	2.189946	1.1299841	-0.7573955	0.3126468	1.2255112	1.2740495	1.252123	2.2419975	0.26763704	-0.19690467	0.023322897	1.2593706	0.5727703	1.3895382	1.0736518	0.8550429	0.9102466	0.93272763	0.43433285	-1.1702284	-1.6682308	-0.74087733	0.305694	-0.35251972	0.3746053	0.33134246	0.6353272	2.1247997	0.5014254	0.3365239	0.79059285	1.5151492	1.3387495	4.0397186	1.2695992	2.157295	0.042676125	1.0004783	0.20597458	-0.116602615	-0.55094	-1.7054647	0.31856287	0.14964667	1.2463986	-1.2042848	-0.14443451	0.5674812	-1.4089074	0.9810465	-0.9796062	1.0874449	-0.35442734	0.83283466	-0.1036411	0.59054625	0.046994124	0.048828606	1.4195571	1.1424328	0.24755812	0.063380085	1.2425468	1.1395743	1.1770698	1.039066	0.8066038	-1.5650218	-1.5338297	0.36256287	0.37793827	-0.6189258	0.19106638	3.9502547	0.51910025	1.211577	0.31135258	-0.7942871	-0.72970694	-0.2124944	-0.36781603	1.4703829	1.0471811	0.13024703	0.14941652	0.37757355	0.86723244	-0.32738185	0.53375894	1.89765	0.8024051	0.09656122	4.0397177	1.0782825	0.8161175	1.3065327	-0.18847702	0.6248983	0.37423393	-0.29552045	-1.7426194	1.119959	0.9785014	-0.24638397	-0.34173816	1.316966	0.6980409	3.800953	1.4388996	0.62390614	0.6840481	0.07256852	-0.8860272	1.2034831	-0.6208137	1.244372	1.2868131	-1.1167163	-2.5224047	-1.4142301	0.0928242	-0.80686	-1.3630645	0.8398785	0.2509224	0.7042754	1.0672225	0.4767929	0.62624943	-0.9223949	1.077407	0.5741162
S-adenosylmethionine	-0.20975642	-1.0659263	1.5533777	1.4547921	0.70958525	0.24145554	0.080436826	-0.06333056	1.3933012	-0.9207011	-1.5935415	0.7430754	-0.2973254	2.672396	-1.2310511	2.7127552	0.2405715	0.45096326	2.3315182	1.1284685	0.46606678	0.42697763	1.0890775	1.1361539	0.89630115	1.6909012	1.6076823	1.2922198	-0.2261546	2.3158844	0.5855784	1.0074807	-1.1039364	0.89557946	0.33366558	1.8150024	0.18960187	1.3617513	1.8164401	2.6856267	1.839038	0.7043649	0.48708	1.8895737	-0.5668104	1.486109	-0.3910259	1.7061183	2.6118307	0.8066798	-0.34642038	0.629212	-0.26304728	0.8637846	-0.17535678	-0.08219293	0.3490986	0.33630267	0.32054988	0.190064	1.509944	0.38407132	-0.018703418	2.0509052	0.17745169	-0.21776967	-0.08176851	3.0681558	0.24462827	-0.0018265229	0.51021177	0.90905404	1.5641026	-0.1988951	1.0328019	1.3480084	1.2914987	-0.18416485	1.3507471	0.8108857	-0.69125104	-1.2747504	1.0749685	0.4239465	0.76067764	2.3479517	0.6618073	2.4807856	1.6822344	2.0687225	1.9702749	1.4921721	-0.7416815	1.6469102	0.46633676	0.04149144	0.17228203	-0.8184953	1.2343755	-0.58524424	0.26510036	2.8322713	0.7794095	0.76010084	1.0374671	-0.18207727	-0.4733332	0.544686	1.6710519	2.2379737	0.7438954	0.44963416	1.9147204	-0.79098755	0.82724756	1.5697681	1.7503285	0.06062036	-0.073253356	0.6906798	0.3026734	1.6299336	-0.47659633	1.2057691	1.1504714	2.0508115	0.20453748	0.3984506	1.197459	0.40463588	-2.0850942	0.44943994	1.1211978	2.1400514	0.61188984	-0.08185746	-1.0666051	-1.2430528	0.10100926	-0.26632634	-0.0058319424	0.029218797	0.3208957	0.9886865	1.9070348	-0.1812309	1.6322916	0.6998423	1.8939396	-0.03709214	1.2695992	5.759432	-0.1937292	1.5323247	2.6074405	-0.90575874	-1.1569339	0.34648135	-2.246467	1.5391939	0.30089426	0.5724966	-1.1648666	-0.40019068	1.2077191	-1.9151736	1.6194582	1.4993356	1.1654832	0.06127235	1.6258256	-0.06755228	-0.16003011	1.6482297	0.9538238	2.9373398	1.406558	1.7682376	0.3133391	1.7798005	0.08898471	0.8329822	2.1376328	-0.2348557	-0.73022443	-0.18607427	0.40342623	0.48016715	-0.73297656	1.8013389	1.7144297	0.5910065	1.9992317	0.9157622	-1.2489462	-1.2301905	-1.5010163	-1.0518469	1.2717454	0.80574685	0.9603517	-0.9572823	0.60541743	1.6750705	-0.35303473	1.3453662	-0.13506341	0.9226587	-0.8525872	0.26175937	2.3395674	0.716377	0.94098127	0.6788686	1.022542	0.30367205	-0.047208827	0.4778919	0.5022196	1.9606391	0.91804	0.1357574	1.3977951	-0.17965859	0.57277626	0.46138743	3.35937	1.3773986	-0.29304424	-0.89283895	1.2639536	-0.89220935	1.4231794	1.3392171	1.9005109	-0.20528832	-2.3065023	2.381663	0.16856796	-2.206538	-0.7088752	0.98872554	1.5056864	0.15131196	-0.57160777	1.2076488	-0.8323314	1.089095	0.7245054
S-beta-hydroxycyclohex-2S-enylalanine	0.96287364	0.06182867	0.25901398	0.29319972	1.7414361	-0.1890957	0.2966911	-0.37073064	0.3108544	-1.4563689	-1.0871333	-0.27266565	-0.8152251	0.6544882	-1.3227626	1.6027609	0.645797	1.080686	-1.0357575	-0.10232763	0.35461572	0.7296414	0.08461202	-1.7344443	-0.44347236	-0.1305361	-0.73822576	-1.1001911	-0.4713156	-0.44642553	1.5478594	-0.30176264	-1.4882063	-0.26847225	-0.17879032	0.34478292	1.0802143	0.5229314	0.58448386	0.50523853	-0.3678508	0.6949361	-0.7494004	0.6395651	0.23675461	0.109829105	-0.25042287	0.7708194	0.6352438	0.054646436	0.012523581	-0.3546711	-0.16608717	-0.34781358	-0.6287128	-0.75751734	-0.58444697	0.52381	0.23483677	0.45138	0.3894976	-0.23091924	0.19385096	0.20994844	-0.024196194	1.0617815	0.37549853	-0.084100865	0.01315145	-0.6730922	-0.20236956	1.094219	-1.4305718	-0.24846706	4.187612	-0.4882196	1.7419658	-0.22838165	1.0734259	0.71093243	0.28750148	-2.941449	-0.583081	0.28323433	0.5698279	-0.027380273	-0.0665235	0.15556769	-0.29458973	-0.36488375	0.47583154	-0.3931986	0.24816585	0.31082374	0.36940348	-0.070065685	-1.0192024	-1.0837734	1.0082515	-1.7632469	0.07306108	-0.42788926	-0.6875255	-0.117802	-0.5522299	-0.68861324	-1.0163962	-0.54528505	0.13424037	-0.19331136	0.9646705	0.471137	-0.06431437	-0.8337892	0.05294585	-1.6369488	-1.4361075	-0.07380667	0.9305386	0.868844	1.9503663	-0.18103994	0.59852153	0.574249	0.45523083	1.1923411	-0.72103965	0.5664686	0.67511135	0.18505995	-0.6283726	0.5948013	0.51686925	-0.114395246	0.5836637	-0.1872025	0.26152098	-1.3380344	-0.651882	0.5374536	-0.0060093	0.5421963	0.28148383	0.25233963	-0.010788251	0.53848046	0.53627306	0.24779123	0.3630841	0.14378506	2.157295	-0.1937292	4.187613	0.9156735	-0.016381796	0.1423295	0.55997807	1.1196404	-0.42328444	-0.07119611	0.43908355	-0.33515704	-0.2803174	-0.69591326	-1.1648602	-2.1688492	0.38558814	-1.0055805	0.2485673	-0.324682	-0.4838789	-0.62097067	-0.23333591	-0.24705297	-0.31924653	-1.3410568	-1.1940308	0.026190829	-0.41301623	1.0496275	0.25370592	0.2611102	0.051298425	0.01874658	0.15068875	-0.27844828	0.76357114	0.023015043	0.20520483	-0.7360423	1.0073199	0.35086578	0.41833514	-0.4511093	-1.1428344	-1.1034749	-0.702496	0.32112643	0.41970477	1.398836	0.98868424	0.36827278	0.6916147	-0.28782266	0.5020673	0.42346805	1.080799	1.5881321	0.61145765	1.7910842	-0.446999	0.51964045	-0.18746108	0.076154105	0.024008501	0.3064345	0.35378388	-0.5801104	0.48153162	-0.19289085	-0.59460354	0.66249394	-0.104283534	0.23733792	1.519544	-0.3006546	0.1768918	0.4899558	0.11149385	-0.009892357	-0.2848093	-0.537253	0.4271175	-0.36302012	0.022039603	0.36376905	-1.8883007	-0.97466636	-1.3440024	-0.9262041	0.3795276	-0.8400271	-0.27977008	0.7886948	0.11188458	0.08421837	0.43485883	-0.5760964	0.123399846
S-beta-hydroxyenduracididine	-1.345992	-0.19873549	0.41232145	1.0751635	-1.086808	0.8931586	0.2083046	-0.13146515	1.8747401	0.2798548	-0.6389615	0.2969618	-2.3559492	0.59432536	-0.624195	1.6997687	-0.7027218	3.8723097	0.8531073	0.34347385	0.20036867	-0.26277766	1.1795624	-0.4603104	0.16000654	1.4677836	1.7528739	-0.09218744	-1.245791	0.86948276	0.9689224	0.64758015	0.5485872	1.1641519	1.1591631	0.4048576	-1.1208678	-0.41000885	1.6581786	2.0133069	1.8893642	-0.38025492	2.1475732	0.07248248	-1.2392504	2.428472	1.7500801	0.2152751	-0.049424034	0.5327083	0.47766885	-0.78550196	-0.2749652	0.78397137	0.14161831	1.1656858	0.28528446	0.06380428	-0.3099743	0.49619323	1.7568521	-0.6773103	-2.0024948	0.36000618	-0.050970364	1.257331	0.61942387	0.6959069	0.42259112	0.8967457	0.25178975	0.70951045	1.1976461	-0.43233636	0.07772583	0.4352571	0.049600527	0.73578537	-0.3105261	0.9443968	0.8449919	0.08621885	0.97131544	-0.48313853	0.30878133	-0.37946478	0.85860896	1.9442254	3.005651	0.5937726	1.1333486	1.9601821	-0.26654848	0.3198118	2.8346014	-0.41106823	0.25391465	-2.8311903	-0.04602486	-0.846899	-0.8780275	1.1810815	-1.1301543	3.0488694	-1.4109408	0.3105562	-1.1666662	-0.16220431	-0.24463066	-0.34857538	1.7434968	-1.1863568	0.43297192	-1.246385	2.2086625	0.7730618	0.19735663	-0.10442128	-0.8859049	-1.1118894	-1.2701564	-0.3091431	-0.5838136	-0.15876742	2.5001235	-1.179971	-0.6711778	2.634475	0.09922106	0.224422	-1.8575002	-1.7242894	-0.43864056	1.2409607	-0.0795344	0.33178928	-1.349061	0.07825256	-1.21625	1.7829887	0.14562462	0.12608886	-0.526842	-0.41279545	2.0929582	-1.1863093	-0.14754051	1.8481247	2.2881138	-0.84301037	0.042676125	1.5323247	0.9156735	4.202649	1.6789616	-1.3189244	-2.025022	-1.090644	-2.4600077	0.31793672	1.8214668	2.055459	0.17419225	0.8755813	-0.52493876	-1.4339832	1.6445818	3.2094657	0.6547901	-0.292287	0.38685045	1.6296977	0.47049123	1.8935826	1.1514914	2.940059	0.06581594	-0.06802327	-1.1046847	0.40838972	1.2520926	0.28267935	0.56757134	0.20726876	-1.81905	-1.1892357	-1.4631546	-0.6058967	-1.227986	1.0344772	2.0859537	0.06209859	-0.032086235	-0.62474144	-1.395737	-1.3558371	-1.7109808	-1.0473499	0.71399117	2.0040748	-0.39402515	-0.61585015	1.7726562	0.42825198	-1.5334448	-0.909419	-0.30456433	0.9287988	-0.5973061	-0.74456686	0.965496	-0.45121965	-0.2631339	-0.07582141	2.9107885	0.29684356	-0.6464205	-1.2781519	-0.07276772	0.0059688413	0.9262952	0.82999825	0.18050946	-0.07830291	-0.22987479	-1.1752725	3.1836147	0.70424914	-0.40651062	0.0723267	0.30817965	-0.6504154	-0.17658377	0.18409386	1.9340097	-1.585549	-2.284154	0.6297441	2.3205912	-2.9104168	-0.87324756	1.833081	0.9341944	0.43308425	-0.6781146	1.7195568	-1.7732463	2.1804488	-0.46779317
acetic acid	1.3436847	1.2554661	2.3612552	0.68079054	1.2538698	0.3399638	0.19969457	0.3560591	1.274842	-0.37748754	-0.84717417	1.0369166	-0.563996	2.7941427	-1.2754364	1.7900299	0.4448095	0.8578696	3.2714877	1.3136575	0.8429813	0.5304784	0.7257301	-0.03096201	3.2981427	0.88837755	2.4132009	2.319024	-0.40134084	3.5987916	0.955718	0.9629352	-0.53838885	2.1107578	1.6758636	1.2205304	-0.018764818	1.2734456	1.5726652	3.25559	1.9523288	0.7482082	0.30407056	2.2747755	-0.58391297	1.9862412	-0.25857916	2.5704968	2.3924615	0.7851881	0.14977875	0.9587897	-0.22620736	0.9984114	0.20291975	0.58677775	-0.018229168	0.7341305	0.082138225	1.632236	1.5016912	-0.41326624	-0.5411528	0.3992611	0.7624553	0.139889	0.26726946	2.0273535	1.739729	0.29451826	0.11278209	0.5666009	1.1524427	0.36959338	0.12486058	3.1973474	0.86775357	0.6577275	0.7305881	1.0324619	0.07036265	2.0590525	0.61335796	2.7288423	0.48830476	1.903264	1.2843925	2.2981033	1.8540193	1.2550526	2.1515365	0.89263654	-0.5703405	1.6774298	0.05961097	0.16961184	0.80314857	-1.4275895	0.8807108	-0.10748001	1.5224454	2.174978	2.8768673	0.37146747	4.3417697	0.29226816	1.7585708	1.4036679	2.138435	3.7286255	0.8300398	0.6115499	1.3747971	-0.6003775	1.1918696	1.4380844	1.4287903	1.2845598	0.76439345	1.5150001	1.3108037	1.7369311	-0.14894965	0.6907159	1.1007534	0.7212465	0.8344456	1.160872	1.0502971	0.90640825	-0.7543372	0.63849956	0.5308701	1.6598017	1.3458582	-0.088743776	0.8595887	0.31678644	0.7694154	0.036737356	-0.71469957	1.2388775	0.08664647	1.8590465	1.8368992	-0.6992768	0.5239462	1.0792822	0.14159834	0.50310403	1.0004783	2.6074405	-0.016381796	1.6789616	4.3417706	-0.34650457	-0.8285696	0.26991972	-1.5852067	2.016334	-0.014969433	0.7794709	-0.3201032	0.8526981	0.7369532	-1.0794408	1.8118198	1.3295221	0.48987073	0.6955322	1.6554615	-1.1093005	-0.19977017	0.92994547	0.5458093	1.6037431	3.239239	1.785965	0.7496025	2.1294909	0.3296433	1.6470813	2.522613	1.2633002	-0.5705049	0.2804146	-0.05877981	0.5128928	-0.587894	1.5976852	1.4237278	0.52456474	1.6726375	0.82131535	-0.93679845	-0.7752494	-1.1860029	-0.986367	1.8800821	0.59137464	0.16757993	-0.5545229	0.26470652	1.9084607	-0.21355641	0.8350466	-0.15398957	1.0041463	-0.63846225	0.4185679	1.8516802	0.4331989	1.4783459	1.5780567	1.1594102	0.9484705	0.022180226	0.5478998	0.30539593	2.3642526	-0.2516022	1.9520959	1.717627	-0.36564323	0.52765423	0.19585611	1.8019727	0.8855395	0.63917154	0.12106549	1.3932127	-0.33848798	1.3904026	2.3844197	1.2367382	0.9229209	-1.5320367	1.7166219	1.2985277	-1.960614	-0.36996627	1.4952297	2.2557907	0.08104569	-0.37965173	1.3210698	-0.69494	1.7964252	0.37898695
alanine	0.3628361	-0.083779074	-0.2563031	-0.11304235	-0.36194965	-0.3630155	1.0619396	-0.16666834	-0.6198276	-1.5294836	-1.3566732	-0.55689543	-3.1448665	-0.31667086	-1.7176806	-0.49844116	-0.2097287	-0.60700065	-0.08310654	0.66393733	-0.18393993	0.10338246	0.31963298	-0.3845933	-0.44369507	-0.7928037	-0.51904845	-0.9515851	0.3527611	-0.88262886	-0.2387225	-0.25286946	-1.3255966	-0.22609025	-0.075647935	-0.008594264	0.013391196	-0.11925363	-0.2957707	-0.04520167	-0.16906686	0.41085938	-0.6221911	-0.83864665	-0.5383918	-0.5374229	-0.19945171	-0.69678974	-0.40456086	-0.44677052	1.2286699	-0.28503206	-0.07745247	-0.13526893	-1.4582078	-1.3143125	0.1614146	0.1886283	0.1615355	-1.3248147	-0.74309903	0.042244133	-0.32272223	-0.62461543	-0.17002068	-0.28655443	-0.28106225	-0.25486535	-1.1130995	-1.2314683	-0.092484094	-0.2931903	-0.62248915	-0.4651683	0.118851215	-0.46934897	-0.3242381	-1.2367754	-0.2078285	-0.5266928	-0.6287767	-1.37724	-0.32917297	0.0874068	-0.35843912	-0.70517963	-0.3216173	-0.0070637814	-0.6091431	-0.41187721	0.19102463	-0.22387135	-0.5673365	-0.75917375	-0.20710361	-0.33259082	-0.547762	-1.0673553	0.22424501	-0.8879403	-0.05504999	-0.18471095	-0.3134567	-0.38923073	-0.29219198	-0.46934628	-0.57625985	-0.17954303	-0.91692847	-0.22780699	-0.099340685	-0.13456148	-0.6684282	0.110149264	0.45572084	-1.3911514	-1.0392	-0.31510827	1.3326863	-0.9154713	0.6848337	-0.22437818	0.8417885	-0.30394444	-0.5782767	0.8890842	-0.47625634	-0.032694574	-0.39704886	0.25337112	1.3788853	-0.20393717	0.23584643	0.052428685	-0.2542253	-0.3908858	-0.6260156	-1.2418958	-1.6561913	-0.21434744	-0.84115833	0.49473998	0.1511321	-0.3571554	-0.815709	0.046164412	-0.38189617	-0.18279676	0.21926986	0.4930602	0.20597458	-0.90575874	0.1423295	-1.3189244	-0.34650457	7.643725	1.4547862	-0.10641424	-1.3611511	-0.6448274	-0.51458824	-0.4432923	-1.4475706	-1.2689772	-0.87648135	-0.14692582	-0.10064015	-0.4005593	0.15283893	-0.7518651	-0.519899	-1.0578643	-0.23263533	-1.0330635	0.30281633	-1.0382824	-0.9436361	-0.37847045	0.3262343	-0.32746762	0.051486176	-0.48070204	-0.52682906	-0.88253456	-1.5412885	-1.3463975	0.15271482	0.33244362	0.03325852	-0.096254796	-0.2638547	-0.24624899	0.2504927	-0.30911085	-1.210284	-0.58615535	-0.45911023	-0.2647615	-0.3950351	-0.5059071	-0.46701586	-0.5193424	0.015371661	-0.57168204	-0.54469854	0.3287766	0.33232135	-0.13183074	-0.5683445	-0.12918088	-0.4388994	-0.7874828	-0.28201994	-0.7137625	-0.22590129	0.3215787	-0.2062388	-2.3838077	0.056599993	-0.15840581	-1.1479098	-0.30240354	-0.3584245	-0.025163373	-0.2679743	-0.088155895	-0.5771832	-1.0345727	-0.041285116	-0.9903608	-0.15225461	-0.4717989	0.044623774	-0.4054573	-0.9770932	-2.1210265	-1.1657338	-0.8686116	-1.8994331	-2.1006658	0.42940748	-0.5970141	-0.522604	-0.058532868	-0.60481954	-0.6765886	-0.21138676	0.1900631	0.31592095
alaninol	2.2046437	-1.7067035	-1.0201294	0.689782	-0.06246243	-0.95849365	0.89919734	-0.48228994	-1.1788425	-2.4849432	-2.0854652	-1.5210704	-4.4507236	-1.9854214	-2.4518309	-1.6326356	-1.3737683	-0.72684735	-2.0579958	-0.9192538	-0.76049715	-0.7739696	0.524011	-1.2252352	-0.9732546	-1.6455095	-1.7269995	-2.5738497	-2.7682953	0.116164505	-0.9338601	-1.1807364	-1.629999	-0.97041494	-0.33715194	-0.7734977	-0.70044404	-1.1488763	-2.0948985	-0.6830964	-1.8287481	-0.42722923	-1.7440362	-2.164765	-1.0531269	-0.5758334	0.9313803	-0.968371	-1.2413179	-1.3885791	0.2907798	-0.4506412	-0.25467026	-1.2345356	-2.0189264	-2.4861834	-1.7777884	-1.3402747	-1.0158329	-1.7461749	-1.2456918	0.027378572	-1.2088583	-1.6949681	-1.6488676	-2.12938	1.0007552	-1.2841183	-2.2581768	-1.3711438	-1.9546506	-0.103312574	-2.520527	-1.6204872	0.41130534	0.6422838	-0.752054	-1.917353	-1.4206567	-1.7484697	-1.6872842	-2.7565625	-2.084393	-0.8587061	-0.47386476	-1.537029	-0.3235058	-0.8784568	-0.8169579	-0.97194654	-1.3114882	-1.5658277	-1.0711489	-1.551228	-0.5595566	-2.3129413	-1.2374518	-0.5498448	-0.083026685	-1.6543514	-0.7096366	-1.7252011	-0.10916717	-1.1086333	-0.5274027	-0.89500606	-0.51700485	-0.39596048	-1.1804439	-0.8191925	-1.3650001	-0.12877232	-1.6191596	-1.6369671	-0.0014745133	-1.7261288	-2.2699547	-0.7150131	-0.29222903	-1.9287972	-0.40057933	-1.368214	-0.12092198	-0.43410414	-0.75705296	2.490797	-0.6635155	-0.065768756	-1.3793992	-1.1172433	-1.2713504	1.8166912	0.11525579	-1.5182127	-1.8850967	-1.5502813	-1.6087575	-2.7424126	-3.2081358	-0.9439746	-1.5153579	0.19159792	-0.30732918	-0.31409013	-1.2470165	0.18177159	-0.18276915	-0.84235054	-0.18892051	-1.069659	-0.116602615	-1.1569339	0.55997807	-2.025022	-0.8285696	1.4547862	5.8112636	-0.9096092	0.3310781	-1.642856	-0.78160113	-1.6416122	-2.0036426	-1.4742903	-2.0308068	-2.109242	-0.056068733	0.015862938	-0.5606168	-0.8897206	-0.27920678	-0.72005856	-1.1561143	-0.8604989	-1.6712155	-2.1677694	-2.6668518	-1.7778554	-1.57654	-1.3102487	-0.972863	-0.9635815	-1.0353414	-1.1655734	-2.9775455	-2.4068608	0.007748192	-0.33017254	0.13994704	-0.6409478	-1.0919963	-0.18366602	-0.7524704	-1.5766114	-1.728606	-1.5971897	-1.6109074	-1.3393979	-0.90523624	-0.942681	-0.69257766	-0.95815504	1.1397829	-0.8458888	-0.30457914	-0.33312163	-0.25230396	-1.1720513	-0.73045164	-0.7890267	0.48594546	-1.4723712	-1.1346723	-1.055936	-0.34198424	1.4040216	-1.2998978	-3.5943606	-1.2489316	-0.2279859	-1.4336915	-2.0221124	-0.94182736	1.4161102	-0.36519435	-0.30810624	-0.72975475	-1.4059967	-0.64307743	-1.3126438	-1.7256873	-0.95099485	-1.9444845	-1.7546248	-1.200574	-3.790885	-0.8403572	-2.813607	-2.9489777	-0.59746134	1.7035428	-1.1056908	-0.63570267	-0.36318722	-0.73363733	-0.6462666	-0.20915546	-2.2295115	-0.080765136
allo-isoleucine	0.47672155	-0.005814496	-0.26104033	-0.5340612	0.22579315	-0.24792418	0.3027709	-0.4983401	-0.5419148	-2.7198465	-2.10914	-0.97675353	-2.4975166	-0.9475885	-1.1635276	0.17786388	1.8041576	-0.28439248	-0.5020481	0.33289722	-0.23506166	1.4968492	0.3298127	-1.3408363	-0.37544602	-1.3487042	-0.69985944	-0.71991813	-1.3239411	-0.8735859	0.32524377	-0.66471297	-2.5066068	1.320808	1.171666	0.21500564	0.4127321	-0.07181367	-0.20561552	0.6179364	1.0551432	0.11540907	-0.53361005	-0.49876538	0.45701396	0.4860838	-0.21051133	-0.4462346	0.44943827	0.016174762	0.001630407	0.28548592	-0.48713738	-0.45736223	-1.2621344	-1.0802467	-0.8156166	0.012477784	1.4718884	-0.6678951	0.27515748	-0.48185682	1.278046	0.15825605	-1.2252445	-0.69677514	0.7059607	-0.16709754	-1.305134	-0.6579819	-0.6357256	0.07242616	-1.1760926	-0.5332661	1.2570049	-0.4756084	0.42719027	-0.7598848	1.6817782	0.24243122	-1.068861	-0.32220656	2.963564	1.0899956	-0.5601711	-0.7118217	-0.47375882	0.647395	-0.44303966	-0.4499903	-0.7400514	-0.82869977	0.36038396	-0.4275629	-0.21617801	-0.43317485	-0.7473417	-0.2926758	0.18369524	-0.85837245	-0.12654147	0.2412053	-0.5172232	-0.61788726	-0.90607095	-0.7063436	-1.28671	-0.4144626	-0.97848105	0.48592633	0.43569916	-0.47624388	-0.12034843	-1.3732773	-0.29109257	-1.5908366	-0.99609	0.52355593	-0.5521471	-0.62164164	0.39937302	-0.42147455	0.097123355	0.82163817	-0.45018053	0.14665577	0.11458683	0.5341084	-0.32205543	-0.4098752	-1.1325059	-0.5766399	0.6619268	2.4231076	-0.10334859	-0.61065584	-0.80710214	-1.5623555	-1.8829734	0.038273662	-0.6017438	0.42063996	0.8915446	-1.0419825	-0.29644987	0.3265205	0.2016632	0.20275508	0.11186677	0.1071329	-0.55094	0.34648135	1.1196404	-1.090644	0.26991972	-0.10641424	-0.9096092	6.5433736	-1.574632	-0.34397256	-0.54742396	-0.10543638	-1.3053756	-1.0437872	-1.216352	-2.7347941	0.03668392	-0.88078314	-0.14423522	-0.099143475	0.16294749	-0.6400935	0.6755077	0.631997	-0.12906307	0.37336022	-1.1751951	-0.25604397	-0.24022633	0.03840743	-0.2483147	-0.6825529	-0.5296474	-0.58004653	-1.8271228	-1.5833303	1.7241243	0.4452294	1.7709812	1.470299	0.56641227	-0.3903503	-0.051360194	-0.9470873	-1.6124103	-0.65605664	-0.8446088	-0.9388495	0.037507985	-0.2304367	-0.18931349	-0.83650416	0.37609765	-0.32132736	1.4893148	0.8981363	0.55617267	0.045652837	0.8078065	0.4581352	-0.58864486	-1.0059036	-0.64762646	1.3009813	1.0018742	0.6536062	-0.12941849	-1.5612128	1.9987705	0.09072108	-1.2589757	0.7796968	-0.6092804	0.20579071	0.53911567	1.4023405	-0.11573458	-0.7079422	-0.2912052	-1.8123974	0.24134111	-0.44703403	-0.22309585	-0.5414452	-0.2903804	-1.8373517	-2.550682	-0.75173825	-1.6519215	-2.804232	0.16023892	1.05273	-0.73096853	0.2839123	-0.25624463	0.2911432	1.4459355	-0.5094079	0.69473344
allo-threonine	1.2712743	-1.2748154	-0.75705993	0.20702213	-0.5327223	-1.4367988	-0.14959571	-1.519557	-1.0496693	-3.82599	-3.2451823	-1.6366663	-4.3100615	-2.1538308	-3.5503492	-0.69858044	-1.6067541	-0.99443394	-1.7405562	-0.9755418	-1.8083616	-1.5899224	-0.8694808	-1.1548465	-1.1556361	-1.549421	0.0834679	-1.3033371	-1.0653776	-1.2884662	-1.1625242	-2.033231	-3.5762758	-0.9224172	-1.0215302	-2.2733648	0.95092964	-0.94425625	-1.1676697	0.30321756	-1.4084457	0.38671297	-2.3093312	-0.23900768	-2.2885482	-2.192807	-1.2443167	-1.6417468	-1.1778797	-2.0393126	-1.3334732	-0.92054546	-1.0729797	-1.8205332	-1.7398067	-2.9879043	-1.7163752	-2.3514872	-0.9024074	-0.7927327	-1.1149464	-2.3038504	-2.9805417	-1.5408952	-1.3889314	-2.295281	-1.7399856	-2.0655167	-3.3862832	-1.6632483	-1.3526752	-1.312026	-1.8554893	-0.63583887	-0.62508404	-0.89521265	-1.4166111	-2.2390058	-1.333544	-2.3119183	-1.0934647	-2.496272	-1.8499901	-1.8991379	-1.9514588	-0.9770664	-1.787306	-0.9801173	-2.114792	-0.029611247	-0.8447995	-0.6158143	-2.0549238	-1.5937217	-0.0669056	-1.1187574	-1.9528275	-1.5892637	-0.9316197	-1.9152007	-0.08630259	-2.427578	-1.5038903	-2.0527232	-0.8616678	-1.2929653	-1.9798439	-1.0263162	-1.0984244	-1.2649531	-1.6459645	-0.95212924	-1.1367319	-1.9536747	-1.2836529	-1.3019366	-1.523352	-1.8666745	-1.0378143	-2.0651581	-0.5379572	-0.2609679	-0.9252185	-1.83891	-2.0571518	1.1018938	-2.0830019	-0.65282834	-2.0817866	-1.0592291	-0.67654693	-0.030378561	-1.3255999	-0.87136745	-2.2450552	-1.9233903	-0.19945368	-2.8955173	-4.25512	-0.8307706	-3.079019	-1.1457297	-1.25502	-1.0136118	-1.6374906	-0.669388	-1.2661694	-1.2111136	-1.444941	-0.735899	-1.7054647	-2.246467	-0.42328444	-2.4600077	-1.5852067	-1.3611511	0.3310781	-1.574632	7.587393	-1.3611537	-1.8660718	-1.3113129	-2.5448682	-1.9235938	-1.1782429	-2.3925877	-0.88548243	-1.4220513	-1.3114164	-2.3009422	-0.9577651	-2.1217895	-2.0399203	-1.8397706	-2.3073828	-2.8524842	-1.2522694	-1.0005813	-0.4388931	-0.6505172	-2.228445	-1.4901472	-1.2411522	-1.374205	-3.472442	-3.7094712	-0.27000514	-1.1713465	-0.8590803	-1.4085084	-1.8246342	-1.9625379	-0.88755083	-1.213338	-2.6906848	-2.3343194	-2.6984477	-2.6311226	-1.1682676	-1.1723565	-1.6906879	-1.456111	-1.4980001	-2.045571	-1.3273857	0.18380515	-1.1433342	-1.2721256	-1.1139734	-1.6057081	-0.61423707	-2.4463174	-1.2626722	-1.1547484	-1.529649	-0.68377197	-1.8743546	-3.4630713	-1.8451723	-1.5300065	-2.559274	-1.6128819	-1.1861304	-0.89168566	-1.0249283	-1.4665	-1.0845062	-1.4616122	-1.2629502	-0.4743629	-0.5853004	-0.98621464	-1.1411737	-1.2379627	-0.6474546	-2.6860626	-1.7177407	-0.26726094	-2.963059	1.7534323	-1.2046033	-1.218539	-1.9798986	-1.0965055	-1.8224272	-1.4302785	-1.4901216	-2.2533724	-1.0734489
anthranilic acid	-0.030174652	0.41260758	1.4465714	0.43087366	0.3913058	-0.40149516	0.42861563	0.9553913	1.5692717	-0.53780234	-0.8301494	0.41788068	-0.4258737	2.0932736	-2.0144043	1.3010497	-0.43447727	0.722896	2.5443308	0.56772995	0.4711448	-0.09820201	0.22498131	0.33396918	4.2663827	0.725998	1.0997705	1.0880878	-1.2904646	2.2222102	0.7478319	0.11540769	-0.43741375	0.08961292	0.16334334	0.13882211	0.043299165	0.64093137	1.0872068	0.9325369	1.649715	0.5875857	-0.027321896	0.68574125	-0.6711723	1.9635705	0.23439498	1.1505609	1.2802714	-0.8316603	-0.21910492	-0.124821045	-0.35613978	0.876136	-1.180751	-0.79772913	-0.98119	0.66026115	0.29707724	0.61335677	0.38287514	-0.5933632	-1.0550023	1.5579584	0.061645877	-0.068803914	-0.19031848	-0.030963548	1.7231604	-0.5209629	-0.9659106	-0.33366668	0.7291755	-0.056670777	0.04059053	1.7578939	0.17848694	-0.6331757	-0.18648617	-0.066551335	-0.35324007	-0.5429411	-0.38549262	0.3828097	-0.25094151	1.3400581	0.8633813	1.2157558	1.6789837	1.0363663	1.4636306	0.68480366	-0.58387804	0.7448557	0.32990038	0.21659003	0.116329536	-1.5787683	0.13936286	-0.43065155	0.17117664	-0.1349239	0.19527124	-0.58416253	0.9605831	0.6608585	0.561406	0.46810552	1.7695749	2.812085	-0.17643842	0.05595825	1.7343291	-0.8768229	0.2583619	0.8921206	1.0783068	-0.5680194	0.21050836	0.51255596	0.80162036	2.1918402	-0.16365196	-0.004950239	0.30771846	0.4453231	-0.40270522	0.27668804	0.560715	0.14706697	-0.0020999291	-0.2097798	0.3173231	0.80149436	0.261857	0.20077534	-0.27575955	-0.7935259	-1.4497852	-0.00044874483	-0.7892252	0.20574811	-0.47097418	-0.54164165	1.3959183	-0.59350014	-0.7520737	0.5749222	0.31353238	-0.018522155	0.31856287	1.5391939	-0.07119611	0.31793672	2.016334	-0.6448274	-1.642856	-0.34397256	-1.3611537	9.025994	-0.78066474	-0.0037084953	-1.3188558	-0.35451034	0.40715137	-1.491513	0.96277636	1.2735521	0.24152033	-0.27907497	1.0267307	-0.66805357	-0.7798826	-0.06593498	-0.075823076	0.74627256	2.16198	0.9652877	-0.27460736	1.7018981	0.20229809	1.125518	1.8010869	-0.12549244	-1.2239181	-0.8002416	-0.333501	-0.22513938	-0.39149114	0.43933797	0.5479697	-0.58518106	0.97374845	0.6427766	-1.7962654	-1.3693124	-1.3478265	-1.1382277	1.1805028	0.5815374	-0.5481946	-0.9826738	-0.17502093	0.6927075	-0.77676636	0.18236223	-0.18508893	0.99416804	-0.8116308	0.23553725	1.2531213	-0.72680795	0.5250149	0.8283029	0.64961505	0.22273749	-0.49744907	-1.0015708	-0.22164775	1.260305	-0.9954609	1.7417959	1.2658331	-0.58633596	0.10392401	-0.05207682	1.6797622	0.5621623	-0.09242734	-1.1039147	1.0923197	-0.72722995	1.1705589	0.9431517	0.35336745	0.19777215	-2.4833837	2.1022725	0.22593677	-2.096886	-0.5901019	0.44975132	1.3064123	-0.1959601	-0.85133165	0.93079185	-0.9931339	0.90700454	0.63341427
arginine	-0.11402301	1.1362072	-0.40496248	-0.3062407	-0.38346574	1.509405	-0.0017026846	0.18468897	0.51678663	-0.80439115	-0.8174223	0.91356707	-2.6885726	-0.35798934	-0.51814765	0.07033243	0.104187965	0.33725306	-0.45146403	0.16968226	0.5132136	0.16840386	-0.018667405	-0.6505695	-0.2192385	-0.48417515	0.024489855	-0.6050001	-1.1954281	-0.4281668	-0.03234908	-0.62047946	-1.0629731	0.09433546	0.08646663	1.0946879	0.29572445	-0.0077884514	0.43016845	0.5669282	-0.28901818	0.27262956	1.0375289	-0.5961017	-0.04983412	0.23986001	0.044331074	-0.023774695	-0.29480213	1.6957161	0.21464637	-0.47790784	0.76843804	0.21028322	-0.6269627	0.09493028	1.414494	0.4002827	-0.22323243	-0.77933276	-0.6650706	0.1317861	-0.42085278	-0.7062039	-0.21981546	-0.66120774	0.17503347	-0.5070334	-0.4080122	-0.40413657	1.2525408	1.0652318	-0.39186946	-0.14620131	0.0576481	-0.37606376	0.09319373	-0.79330397	-0.06976123	-0.17723405	-0.09178575	-1.0635803	-0.6752047	0.4844937	0.05966589	-0.12975788	0.27898327	0.47070345	0.46790552	0.86429256	0.052033365	0.37866506	-0.28332454	-0.56401324	0.56563586	0.12597147	-0.3451482	-1.5422295	0.35080895	-0.86265516	0.24092092	0.5719604	-0.9226365	1.222713	-0.40649405	-0.2705194	-0.98960644	-0.12940308	-0.14013822	0.46632972	0.6922783	0.08473765	-0.16119704	-0.87626445	0.1110652	-0.57807434	-0.41416845	0.24579667	0.40324408	-0.28084996	-0.20489837	-0.43691513	0.0070024556	-0.18330196	0.6680745	-0.3781838	0.6437425	0.5596402	-0.28352666	0.7424938	-0.06315176	-0.29468304	0.48156607	0.12226352	-0.08175732	0.44548187	0.40406302	-0.5124763	0.36611363	0.90200585	0.72677416	0.08139059	0.3079638	-0.2506123	0.43007275	-0.38164338	0.2535851	0.055655435	0.12241203	0.11949839	0.14964667	0.30089426	0.43908355	1.8214668	-0.014969433	-0.51458824	-0.78160113	-0.54742396	-1.8660718	-0.78066474	5.6400933	1.206945	-0.8879059	-0.37931505	-0.5760753	-0.8148862	0.040315084	0.53621936	-0.05088469	-0.34025046	-0.74407303	-0.041344687	0.69353336	0.71730906	1.3388573	-0.26855224	-0.44292364	-0.3497014	0.5269065	-0.12530068	0.70387995	0.5438273	-0.3487435	-0.42999813	-2.0713308	-1.44217	-0.21391343	0.4040534	-0.40519807	-0.07239426	0.037353996	1.156861	0.46061105	0.0486558	-0.056045786	0.40892398	-1.0416529	-0.09248292	0.34414303	0.85949844	-0.2427922	0.030056436	0.8101741	-0.29285336	-0.7331408	0.1494504	0.3435874	-0.2647229	-0.41228816	0.09430075	0.21307372	1.2791069	-0.25451243	-0.43646646	0.84801966	0.4035491	0.6061365	-1.8484517	-0.1755622	-0.12320011	1.4279474	-0.59282476	-0.31667396	-0.23044938	0.281379	-0.48912925	-0.31138703	-0.56840235	-0.41514584	-0.9917765	-0.17012936	-0.682483	0.10371082	-0.2685075	-0.18907237	-1.8525462	-1.7305937	-0.3733529	-1.0011507	-2.3290353	0.15184712	0.018681413	0.22345306	0.53840315	0.059162863	0.43473434	-0.80393136	0.2610245	0.194962
argininol	-0.1413874	0.7128743	0.955731	0.1010627	0.06396956	0.7378634	0.27786258	0.46328393	0.33912978	1.6081356	0.6020136	0.8184106	-3.174977	1.1527171	-0.33460093	0.74424016	0.2814249	0.38637555	-0.23856647	0.54787266	0.08590515	0.3947269	0.7490421	-0.42544353	0.6562997	-0.3770756	1.6605831	1.186808	-1.2833425	0.90568256	0.23755461	0.22056186	1.1329093	0.5689539	0.3240999	1.0549954	0.6905445	0.8022297	1.448178	0.61775243	0.3690067	0.3234739	0.6108865	0.5207346	0.11092021	0.43061346	0.94856447	0.6952495	0.8225223	0.77952915	0.16210862	0.9444951	1.6466013	1.0683627	-0.5137421	0.20676382	0.69417137	0.41603693	0.8931511	-1.1259518	0.12973566	0.3203918	-0.72519535	-0.30423334	0.7088431	-0.44860443	0.40075	0.2568703	-0.3743522	-0.58836895	1.0170903	1.0823368	1.5591427	0.24847376	-0.31108567	0.19645503	0.6901393	-0.5043615	-0.38505372	-0.4765754	0.34891126	-1.7981027	0.50622755	0.8890454	0.39658162	0.9174016	1.0965583	0.8390624	0.46873772	-0.035360534	0.78524595	1.2324209	-0.28764084	1.350253	1.2801477	0.28322688	1.1432613	-1.8640436	0.67613685	-1.1837286	0.6801151	0.4840059	-0.36726588	1.5790342	0.5784842	0.6643151	-0.7977135	0.35349452	-0.4904986	1.185804	1.0995955	0.34117842	0.018265147	-0.9490816	0.30681604	-0.36862892	-0.18849508	2.5142272	0.040211916	-0.7556618	1.2495495	0.31752616	0.19649637	0.27060023	1.027153	0.46832654	0.9719688	0.4675211	-0.48417175	0.66460603	-0.6173372	-1.0797079	1.0235962	0.834584	0.12064378	0.60720885	-0.25550914	-0.09205732	0.36609653	0.9055456	0.32188132	0.23747724	0.32262644	-0.061182205	0.31680703	0.41117495	0.9331719	0.8267944	0.21897179	0.90631425	1.2463986	0.5724966	-0.33515704	2.055459	0.7794709	-0.4432923	-1.6416122	-0.10543638	-1.3113129	-0.0037084953	1.206945	2.514228	-1.3271861	-0.5296883	-1.2061292	-1.4243684	0.6343389	-0.119573526	1.5583524	1.3709605	0.41289067	0.30973846	1.5919845	0.27308837	1.7095054	-0.46924078	0.5248594	0.37040973	0.9859088	0.9610427	1.4336771	0.7240439	0.81826806	0.7339683	-2.3628297	-1.9456052	0.21015908	1.1389284	-0.266997	0.58203024	0.79859	0.2855834	0.2654766	0.47237036	0.922846	1.1311805	-0.6485707	-1.0105345	0.6101253	0.44049352	0.76967436	0.02951896	0.48708218	0.7916578	0.10667859	1.0748245	0.6425765	0.2888538	-0.14098708	0.82661355	-0.18490908	0.55922717	0.5183477	0.87288594	0.5869678	0.6337812	0.5005538	-1.797334	0.71752316	0.46994567	1.7470249	-0.30266052	0.8320258	0.1630905	0.44709754	0.68549544	1.1316589	1.0782185	-0.14804631	-1.5585428	0.5664468	-0.7522432	0.003799483	0.7300631	-0.6170788	-1.9461105	-0.7581476	-0.00530665	1.695953	-2.4977994	0.4841468	1.2660419	0.48417816	0.64744365	0.12898077	0.739995	-0.7650653	0.8310551	0.7862249
asparagine	-1.9288037	-0.14899246	-0.31584653	-1.0728158	-0.8341547	-1.3741986	-0.8711797	1.9182113	-0.8543968	-2.029819	-2.5697033	-1.5334556	-3.5767434	-1.8731617	-2.2015035	-0.6972141	-1.0142232	-0.9864112	-1.7527156	-0.33883137	0.24820352	-0.94610274	-1.0851141	-1.4565891	0.8603369	-1.782242	-0.75311834	-1.0198629	-2.2549436	-0.51200455	-1.4042969	-0.8762633	-2.3038118	0.05298949	-0.34404823	0.5349957	-0.9296784	0.030441344	-0.8869963	-0.8118604	-0.8708974	0.022757318	-1.7462598	-0.31450236	-1.5349787	1.0888375	-0.011614636	-1.0251554	-1.1281666	-0.2586475	-1.172975	-0.56066585	-1.1499726	-1.326166	2.5949101	0.42030826	-0.8226989	-1.3357887	-0.78013736	-1.1521835	-0.5166945	0.30363464	-2.3187592	-1.5215694	1.599885	2.0704336	0.2841738	-1.3211452	2.0231755	1.3246704	-0.17295802	-0.6958858	-1.7898068	0.74123335	-0.31335014	-0.19910201	0.7031316	2.9640975	-0.8374436	-1.1765432	1.1815251	-1.6180675	-0.97949976	0.6939129	0.75234103	-0.8937174	-0.86080414	-0.29132777	0.2533513	-1.2032372	-0.90986544	-0.72673494	-1.984767	-1.21087	-0.8646404	-1.436195	-1.5996065	-2.9457872	-0.4012431	-1.8997555	-0.43410146	-0.4903378	-1.8516057	-1.3898087	-0.550312	-0.8624004	-1.4764059	-1.3949419	-0.47934008	-0.33322358	-1.3453773	-1.3329265	0.0772808	-1.8772837	-0.94919145	-0.61566615	-0.05383752	-0.63250643	0.017060896	-1.1500753	0.66051483	-0.63993734	0.9115423	-1.2182169	-0.3287232	-0.971958	-0.6671059	0.25253302	-0.3620854	-0.67365384	-1.605285	-2.1597526	-0.69155604	-0.9036654	-0.06274056	-0.7034116	-0.85952336	-2.3115098	-2.2053428	-0.2925283	-0.94032085	0.3615187	-1.0008537	-1.4536078	-0.053575378	-1.2771472	-0.015008035	-0.90687144	-0.840031	-0.3124725	-1.2042848	-1.1648666	-0.2803174	0.17419225	-0.3201032	-1.4475706	-2.0036426	-1.3053756	-2.5448682	-1.3188558	-0.8879059	-1.3271861	7.8207703	0.66268706	-0.3964078	-2.1859171	-0.76419204	-0.55668557	-1.388548	-0.056852654	-1.3218961	-1.5746188	-1.3619307	-1.282266	-0.39704958	-0.9439537	-2.0070229	-0.5364507	0.0037874884	-0.55360544	-1.5855993	0.039945643	-0.53638834	1.3268459	-2.871922	-2.2102728	-1.3939937	-0.1582186	-0.9774108	-1.1409128	-0.8345945	-0.71445286	-0.23993942	-0.48187312	-1.0351155	-0.32909146	-2.0926921	-0.5742681	-0.3523307	0.604162	-0.17604627	-1.084722	-0.1800996	-0.61078554	-1.7469366	-1.1733098	-0.68634504	-1.1524723	-1.4625535	-0.43413183	-1.2067864	-1.6103944	-0.8217882	-0.34205726	-0.15149865	-1.2614244	-0.21770772	-2.47135	-0.882919	-1.3715644	-1.6069456	-0.8710167	-0.64387184	-1.3157297	-0.6111961	-1.4482507	-1.6156672	-1.1817205	-1.2108196	-2.2317758	-0.697068	-1.600938	-0.8592023	0.21810137	-1.0571972	-2.3171382	-3.2006571	-0.53906727	-1.3469834	-3.3681026	0.42029148	-0.342108	-0.89826274	-0.32693574	-1.0370643	-0.16006172	-1.8525631	-1.1874161	-1.1254703
aspartic acid	-1.0376891	0.14061666	0.6406442	0.37786916	-0.687413	-1.2124195	-0.20621647	0.41310868	0.23291904	-1.6451612	-1.9960544	0.21134372	-3.0364275	0.2012449	-1.6268746	-0.57825106	-1.3850744	-0.35934138	1.0357351	-0.64463776	0.4305461	-0.35634473	-0.10628073	0.33616468	-0.6289707	-0.0062274723	0.403447	-0.047601566	-1.6660465	0.98198855	-0.43017188	-0.46444696	-1.8595659	1.4974695	1.4616371	0.098199345	-0.36800918	0.5442151	0.49504894	0.039589126	-0.061649885	0.28336024	-1.5279883	-0.5537721	-1.6066439	1.8707701	0.59573984	0.93189615	0.19995824	0.80160016	-0.44212812	-0.5978955	-0.622768	-0.56471413	1.1964287	2.9167402	0.5182711	-1.3137339	-0.1745172	-0.63044685	0.87031883	-0.77193445	-1.4849811	-0.8064508	2.3408444	0.2808666	-0.042231668	-0.025437612	1.8887731	2.8878171	1.0037208	-0.5063291	-0.9187869	0.7602371	-0.83254194	1.6391469	-0.33188486	0.8293056	-0.7041644	0.9115685	1.8607701	1.3786143	0.88884383	0.0768592	-0.3325642	-0.38775545	-0.6499416	0.18333496	0.8234033	0.03730232	0.30379644	0.36656445	-1.4575042	-0.3500292	0.62909144	-0.67456675	0.42203778	-2.4539077	-0.33098906	-0.47057542	0.052273244	0.6482845	0.678507	-0.97749275	0.5386249	-0.12809072	-0.50346226	-0.3374284	-0.540723	-0.45723474	-0.5745023	-0.92019475	0.9824507	-0.9523661	-0.10865654	-1.1283777	-1.085757	0.026939107	-0.3097636	-0.8113417	-0.27966797	-0.52990335	-0.42520824	1.0775707	0.89893353	-0.7749068	-0.19564743	0.20641448	-0.7256463	0.34704754	-0.83197033	-0.7752692	-0.25102592	0.54311645	-0.43765113	-0.81103873	-0.46958086	-1.9193683	-1.8835168	-0.40328136	-0.86010915	-0.6193353	-0.3638244	-0.537659	1.3707131	-1.319452	-0.46790785	-0.36956596	-0.6432503	0.0034373268	-0.14443451	-0.40019068	-0.69591326	0.8755813	0.8526981	-1.2689772	-1.4742903	-1.0437872	-1.9235938	-0.35451034	-0.37931505	-0.5296883	0.66268706	6.9603043	1.2175491	-0.8951612	0.2977057	0.4844301	-1.005639	-0.5118836	0.6353482	0.10656447	-0.5399054	0.123861894	-0.07075158	-1.360074	-1.0766147	0.4932762	0.23589315	0.70713747	-1.002281	0.76439774	0.81558895	2.3165784	-2.3480034	-1.7259862	-0.8152431	-0.7573244	-0.77064604	-0.9375689	0.35082388	-0.24686877	0.11342214	0.30010197	-0.33172554	-0.6125721	-1.734426	-0.19751704	0.6155876	-0.09547008	-0.57948107	-0.2761434	-0.33202899	-0.73917	-1.5035294	-0.7018037	-0.44836193	-0.8817635	-1.2056948	0.079929724	0.73192865	-0.8843102	0.1957574	-0.18764536	0.44386443	-0.3634834	-0.20015943	-2.332252	0.7755496	-0.21128066	-0.7826296	-0.82104945	-0.19518855	-0.93253124	0.02361587	-1.1720686	-0.9241846	-0.23015776	-0.3099383	-1.4342824	-0.2518547	-1.1494375	0.4818995	0.82836837	0.23284358	-2.1429589	-2.5953643	0.4592234	-1.3473322	-2.6443808	0.48635834	0.102726385	-0.0812848	-0.4548256	-0.99176615	0.6398416	-1.5886418	-0.3798323	-0.48361436
aspartic acid branched	0.9986059	0.14922339	3.1243687	3.3526158	0.32368153	-0.9532283	0.40308955	1.70719	3.5283954	-0.52850443	-0.9237335	1.885935	-2.3143969	0.1740351	-1.0999181	1.5885956	-1.5256201	0.7900271	2.3390472	0.9408541	1.6377273	-0.04721664	0.5425487	3.9904754	0.384188	3.661986	1.5142771	0.8801742	0.41675588	2.1003883	0.46588582	0.5081005	0.013823957	-0.5675296	0.49585196	-0.26262578	0.9628194	1.0169834	1.8097898	1.3081918	-0.17871249	0.45674953	-0.3653023	-0.89315933	-0.8433914	0.4007576	-0.26381436	2.0635633	1.3068062	-0.40619954	-0.1589214	1.1823055	0.564629	0.3049636	0.38415113	-0.15981476	1.0844936	-1.0969675	1.7734811	0.7407047	0.89276576	-0.55564064	-2.1455963	0.37297076	0.19074965	-0.22688468	-0.2967071	-0.25561887	-0.0022741766	0.40632972	-0.82697296	0.268478	-1.6220808	0.46749875	-1.1417228	2.8988113	1.2703292	0.63294035	-0.82606685	2.5312018	1.2634008	3.1523695	-0.36061594	0.72521764	0.4619047	2.6576939	1.061719	1.9029609	0.42312315	2.8862865	2.7591918	2.3286102	-1.1523895	0.13432387	1.7393295	0.6113746	2.925556	-1.5815253	1.5720804	0.23502424	0.43292654	0.3074734	2.8240829	-0.6861252	1.5886594	0.38611573	0.83250713	2.039541	0.91203356	1.2900625	-0.72132295	-0.1650918	3.0492816	0.20597303	2.248784	0.7025798	-0.27545756	0.4523381	0.013061442	1.1144867	0.49177593	2.766768	-0.76853615	2.8001027	0.8045825	-0.816083	-1.3372036	1.5775585	0.3998923	1.133508	-0.2686735	-0.04256797	1.69447	0.06446257	0.3593779	-0.096563034	0.19374263	-1.3749964	-1.6561681	0.12635386	-1.1350485	0.6200331	0.20203826	1.8925802	2.5470662	-1.365254	-0.44956237	0.9860738	0.48070827	1.5055604	0.5674812	1.2077191	-1.1648602	-0.52493876	0.7369532	-0.87648135	-2.0308068	-1.216352	-1.1782429	0.40715137	-0.5760753	-1.2061292	-0.3964078	1.2175491	4.6975083	-0.13167447	1.5428792	-0.25658733	-0.45431888	-0.06266123	3.4684393	-0.24672168	-1.1929457	-0.23509741	0.41977018	-0.9581622	-0.15758999	2.3681006	0.039410707	1.5001786	-1.0877111	1.4876031	1.3042018	1.2088877	-1.910113	-2.084524	-1.4942824	0.06807495	-1.9724092	-0.34311807	0.22994041	-0.6022726	2.0083082	1.9368759	-1.0634463	-0.7984939	-1.6480131	-0.66806924	1.4567909	0.57751745	-1.1594892	-0.528331	-1.0091429	-0.056412246	-1.3772082	-0.2349329	0.630664	-0.3330109	-1.3635625	-0.27569404	2.831591	-0.5388926	0.7243587	1.031808	0.12816282	-0.8965302	1.5674342	-1.6143873	0.24154197	1.5620302	-0.9939426	0.1279046	1.4327018	-0.7962357	0.24489135	-0.1770257	-0.6238741	0.8371654	0.6875682	0.50002027	3.0695343	-0.6154461	2.9921591	2.2027771	0.5940134	-0.7648386	-2.1810532	3.639949	0.32209748	-1.7752651	-0.4481528	1.2141728	0.25829983	0.22635303	-1.1456237	2.7604167	-1.6060836	0.7040343	0.15137272
azetidine-2-carboxylic acid	-1.4401318	-2.119476	-1.662395	2.007392	0.16818283	-1.6774698	0.90473866	-0.9307453	-0.8721595	-1.1351002	-0.6024111	2.2718332	-3.3372557	-0.33501297	-2.4620812	1.6445366	-2.1353111	-2.159417	1.0138371	-0.54722315	-0.6822908	-1.4583102	-0.9480719	0.006541506	-1.4664825	-0.3612656	-1.3736709	-2.0340607	-3.093825	-1.5226939	-1.569965	-1.1164985	-1.0399884	-1.2267896	-0.22945265	-1.3467156	-0.8721738	0.49224225	0.5779441	-1.207008	-1.3718798	-0.9508569	-0.96322674	-0.14852084	-2.0737228	-1.0098076	0.22092925	-0.66938555	-1.8707525	-1.4111156	-0.4834768	1.7784731	-2.0267293	-0.30686826	-2.0700092	-1.9738388	-1.1558344	-1.578062	-1.4181736	-1.9830226	-1.5254909	-1.0017533	-2.4794774	-1.760065	-0.70660156	-2.4436839	-1.4979208	-1.644875	-2.4341383	-1.0046276	-0.92252994	-1.6618439	-0.78280914	-2.0128505	-2.3519924	-1.2558533	0.63578093	-2.3802886	-2.4128437	-1.4537029	-1.4688781	-0.91047	-2.0047371	-0.69004923	-2.3649738	-0.33562002	1.839483	-0.8967288	-0.919949	-1.3967386	-0.49745318	-0.00031213864	-1.5628159	-1.2414702	-0.32166055	1.0502596	0.08240876	-4.166342	0.8730453	1.371605	2.20307	-1.8968145	1.4903852	-1.5754366	0.26734757	2.2026892	2.1307943	-0.5457144	-2.3070033	-1.2073314	-1.4294583	-1.3648553	-0.99077666	4.9391427	-0.6903837	-0.94571775	-0.61727095	-1.2282332	2.119826	-2.089833	-0.91899115	-0.25761566	0.81349117	-1.2260954	-0.8868885	-1.6428721	-1.632978	-1.3695872	-2.3862908	-0.60762215	2.1933968	-2.6094007	0.6887595	-2.0485263	-1.9433166	-2.1658306	-2.4999783	-2.102603	-3.431871	-1.6911992	-0.8073543	-0.64112073	-1.577061	-0.2191536	1.7195227	-1.883109	-2.069812	-1.4109644	-2.5760083	-0.7621009	-1.4089074	-1.9151736	-2.1688492	-1.4339832	-1.0794408	-0.14692582	-2.109242	-2.7347941	-2.3925877	-1.491513	-0.8148862	-1.4243684	-2.1859171	-0.8951612	-0.13167447	6.2602587	-0.9033087	-0.32780722	-0.46840903	-2.3234835	-0.67646605	-1.5025373	-1.8467219	-1.780889	-0.9594328	1.5461324	-1.8256617	-0.72800297	0.071125016	0.5053286	-0.97206354	-0.6555787	-1.0584202	-1.672238	-2.1800501	-3.3740776	-2.059271	-1.9581648	-2.6748724	-0.54001915	-0.69380903	0.62570745	-1.0875429	1.075355	-2.185845	-2.1815414	-1.4771379	0.9600533	-0.982898	-0.4899372	-2.607554	-0.5448973	-1.4490867	0.050576095	-2.4454699	-1.4832983	-1.047279	1.9807861	-1.5124004	-2.4190056	-1.2420168	-2.2249064	-2.039818	-0.1781279	-1.6197839	-2.0185802	-1.2969477	-2.9956644	-1.5366087	1.0825775	-1.4579394	-1.819651	0.7577082	-0.6955971	-1.0619841	-0.59970826	-1.5559057	-0.6320012	2.0769765	-1.4954677	-0.7059509	2.1216228	-0.9370155	1.1540827	-1.8945339	-3.77826	-0.9598659	-1.255872	-1.9841363	-3.940092	-1.3934284	-0.71223724	-1.2402335	-0.6788119	-1.7876185	-0.8947711	-2.6427305	-0.90094954	-1.1693386
benzoic acid	0.6973309	1.5603374	1.7339101	1.6236778	0.8273197	0.8461571	0.7452128	0.6222029	1.6143471	0.7125153	0.033702135	1.6220692	0.34752926	2.7192955	-1.2469504	1.8472655	0.4075993	2.0783985	1.9636598	2.2715828	1.0256457	0.56142485	0.5806961	1.5822599	1.6470689	1.7837849	1.6474535	1.2615445	0.035684463	2.1074002	1.6777511	0.9108052	0.89995867	1.6455894	0.5925939	1.0371168	1.2010869	1.2381252	1.5704366	1.5921949	1.768567	0.8142035	0.3074394	1.9314307	-0.54788834	0.74377733	0.6175725	2.1497238	1.9706467	0.282957	1.2697258	0.6267246	0.30384547	1.8276896	-0.11479917	0.09846232	0.09312868	0.9316591	0.7067982	2.2038825	2.0619082	0.047068845	-0.13028519	2.7142096	0.71571815	1.2053714	0.3265513	0.8997159	0.566208	0.31933594	0.26655874	0.6741054	2.632484	0.35207427	0.5012799	1.9073576	1.1228408	0.059422158	0.20309101	1.5760897	0.6988502	1.7400812	0.36128908	1.6046395	0.16152303	2.224967	1.8460175	1.4607044	2.3229232	1.7322578	2.1395721	1.6875298	-0.13163231	1.6701714	0.679671	1.0659044	0.6516048	-0.7476175	0.95870274	0.26578665	1.1921495	0.8433576	1.3507388	0.413137	1.2824382	0.41155133	0.62097687	0.90285516	2.3170142	2.0902588	-0.061071765	0.90456617	1.6557097	-0.25351363	1.987668	1.6932304	1.8502691	0.21126024	0.3805726	2.1966865	1.3855768	1.5915354	0.16835803	1.6779263	1.1397376	0.7500175	0.14693461	1.8412982	0.9638712	0.77280825	-0.3776209	0.6497268	1.2987076	1.3514224	0.9101947	0.057488065	0.15175484	-1.3423407	-0.47788218	0.25288188	-0.3730711	0.6998321	0.19416006	1.4707272	1.0934653	0.6606589	-0.0074346378	1.560434	1.545638	0.6640579	0.9810465	1.6194582	0.38558814	1.6445818	1.8118198	-0.10064015	-0.056068733	0.03668392	-0.88548243	0.96277636	0.040315084	0.6343389	-0.76419204	0.2977057	1.5428792	-0.9033087	5.0015116	1.4149635	1.7370672	-0.22644079	2.2530704	-0.27482358	0.004812088	1.0370668	0.841679	2.5305264	2.4236794	1.7452269	0.5134292	1.7164638	0.24280086	1.6031457	2.570989	0.7015317	-0.71225214	-0.41269854	0.35864896	0.40779316	0.4219388	1.3198974	1.7787054	0.31475732	1.5985577	1.5532947	-1.2687011	-0.89430493	-1.0800662	-0.9058576	1.6994072	1.5995727	-0.22537524	-0.32735068	0.26611748	2.1163797	-0.12222065	0.7273926	0.43259254	1.8283241	-0.3942717	1.0278733	1.9153175	-0.018488275	1.3293567	1.4098549	0.6457934	0.7773775	0.21274015	0.6776017	0.5937537	1.7916682	-0.34387925	2.047128	2.5509367	0.009939226	1.1072146	0.5457815	2.246902	1.4631463	0.8570554	1.8300664	1.7795112	-0.080334544	1.7599534	1.773735	1.7229263	1.3278319	-1.4913745	1.8542411	1.8929393	-1.4262419	0.11849179	1.749145	2.1277654	0.26288074	-0.19605488	1.6921148	-0.4500019	1.3523762	1.0475898
benzoxazolinate	1.3379859	-0.47470704	0.7105856	1.4426143	0.2565339	2.8012528	0.47629905	0.21885811	1.488907	-0.8912208	-1.9192725	1.9232162	-2.5481098	-0.08672042	-1.1818097	2.7427652	0.12749383	1.1109343	0.9256863	-0.1015312	1.0529358	0.87945545	1.2322409	1.3870631	0.5213634	3.4286964	0.7735395	0.67943263	-1.856491	1.4171878	1.6334271	0.6850664	-1.0864244	1.2475395	1.5504622	-0.26972735	-0.19554313	-0.22025287	1.4002022	1.3908386	1.0967458	-0.45879143	0.070866846	0.59675944	-1.0133348	2.3517575	0.67518485	0.34981272	1.5799537	-0.261846	2.5217416	1.979386	-0.86767834	0.75900877	-0.6374391	0.98128766	1.054241	4.1972227	0.75562114	0.11043944	1.1857153	-0.35223433	0.25208896	0.95265007	-0.41701594	0.29025328	-0.5308226	0.41538963	0.49284875	0.3476197	0.9504066	-0.26508516	2.0237634	-0.070240684	-1.3585355	1.6032648	1.0430123	-0.25210935	0.49219838	0.13595523	-0.5458282	-0.9935974	2.9994526	0.089478634	0.34004363	0.75767154	0.33228946	1.028772	2.1124074	0.3498916	0.8478693	0.873705	1.7344939	0.60566205	0.61530906	-0.27024743	1.1100456	-1.3590878	1.072276	2.4473622	0.9999591	0.114081025	0.46588948	0.9793579	1.1648556	1.2113122	3.0618336	0.25956237	1.7959651	1.6288896	-0.57155925	-0.45541173	1.021673	-0.6227451	0.74141806	1.9273521	2.4693832	-0.67932016	-0.504594	1.7762202	0.09564458	0.7930943	0.40388483	0.5356047	0.68814486	0.95007455	0.37696084	0.5487914	1.3982154	-0.022515344	0.3750006	-0.988835	-0.33087564	0.88643587	-0.65240777	-1.2837683	-1.3313441	-1.5972131	-2.180102	-0.51319367	-0.658987	1.8128675	1.2296838	1.043175	1.3255574	-1.6425558	-0.4788102	0.3268512	0.6132439	-0.16023396	-0.9796062	1.4993356	-1.0055805	3.2094657	1.3295221	-0.4005593	0.015862938	-0.88078314	-1.4220513	1.2735521	0.53621936	-0.119573526	-0.55668557	0.4844301	-0.25658733	-0.32780722	1.4149635	4.648235	0.54570234	-0.28986454	1.0091344	-0.69026977	-1.5883187	1.0663279	0.012346976	2.29095	0.6510139	1.1363246	-1.1500434	1.3989061	0.96292883	2.1782672	1.497942	0.12116825	-1.2394474	-0.9650269	0.57281864	0.2885537	0.37202233	1.4842716	2.0368724	0.6018602	0.3984385	1.4913177	-1.2426728	-0.92847383	-0.47920683	-0.16599618	1.723081	1.1390302	-0.19413638	0.46260324	-0.2143371	1.4198055	-0.113847196	0.10912904	0.4676243	1.545431	-0.541476	0.6040174	2.2420318	0.3338868	1.2719933	0.12175714	2.0430322	1.7514874	-1.1343098	-1.4031593	2.693036	0.88770926	-1.1816348	0.82585573	1.2255052	-0.23270762	0.9185486	0.118997596	3.6830142	0.8013047	1.2773325	-0.37398225	2.2859776	0.5380133	0.17380549	0.3833617	1.0002254	-0.9899372	-2.1383078	1.3785203	2.3414054	-1.7753649	-1.2540144	2.919053	4.648234	0.03396846	-0.68672603	1.6303594	-0.7724207	1.3970572	1.0040838
beta-alanine	-0.40077844	-0.41447836	1.250048	0.6363724	0.2589368	0.4351241	0.37182015	0.0028140254	0.69116956	-0.4966133	-0.7831904	1.1643709	-2.0580523	1.2187183	-1.2396592	1.4806442	-0.0045489864	1.3135917	0.43747118	0.58219004	0.29831585	0.5442499	0.39003834	0.6201887	1.5164034	0.9259947	1.6919897	0.6003043	-0.67971236	1.4517933	1.3280284	0.35850096	-0.40062585	-0.3860889	-0.15898491	0.24625404	0.8105298	0.041939877	1.2707597	1.5085415	0.78493136	0.47706816	0.031942315	1.8594757	-0.34509113	0.36317837	1.2485139	0.9238197	-0.067548074	-0.016293038	1.1933467	0.34985965	0.11637856	1.8134497	-0.9234077	-1.0978147	0.6907447	1.7870193	0.307386	-0.80272293	0.8514937	-0.027469715	-0.49659646	1.5381908	-0.35286185	0.083825886	0.14199342	0.22016461	-0.9125189	-1.0818135	0.69396853	0.113433205	4.0491858	0.93200815	0.38831025	0.28926256	1.6556382	-0.5440755	0.054350674	0.061299596	-0.28274274	-0.5016621	-0.15573065	1.1920849	0.47283196	1.8387985	1.2165924	1.2980151	1.3710904	0.18230988	1.6434695	2.3694577	-0.4179505	1.0495003	0.30003768	0.481157	0.032905843	-1.863582	0.57847965	0.14987451	0.95256925	-0.003658781	0.48435754	0.18769282	0.21140943	0.265367	1.142635	0.87871087	0.18189394	0.74857616	0.42364773	0.96488	0.53300095	-0.30289626	1.6527628	0.52981496	0.48282918	-0.3318414	0.11942286	-0.43226767	1.942936	1.1816255	0.6891613	0.8815333	1.1075237	0.8058202	-0.052752364	0.8210076	0.42258355	0.41089344	-0.25796962	-0.48563942	0.16187534	0.07931633	-0.19864082	-0.13849202	-0.84645957	-1.3427447	-1.6836021	0.18482405	-0.76864415	0.4128686	0.0059053237	0.5110779	0.09250876	0.51490295	-0.22986715	0.98901516	0.29927668	0.60875106	1.0874449	1.1654832	0.2485673	0.6547901	0.48987073	0.15283893	-0.5606168	-0.14423522	-1.3114164	0.24152033	-0.05088469	1.5583524	-1.388548	-1.005639	-0.45431888	-0.46840903	1.7370672	0.54570234	5.5259933	0.04164159	1.9848953	-0.7054216	0.7000426	0.23482461	0.48480257	1.506072	1.150678	0.681609	0.27928436	0.9241186	0.27297205	1.097274	2.5368943	-0.590031	-1.1544323	-0.7897007	0.21486141	0.44515142	0.63896024	0.6028013	1.6899405	0.12826087	0.24316053	-0.0487528	-0.8573065	-0.18634978	0.43303865	-0.17503627	0.86674225	0.70760924	-0.023420062	-0.09348949	0.015203543	0.46253103	0.4070615	0.6609318	0.4993407	1.0793087	-0.25074005	0.22271097	0.33431605	-0.42953277	1.1944069	0.6794127	0.39914745	0.66201556	0.40892217	-1.1666737	0.5187678	1.7113631	-0.51707554	0.33565828	1.4058031	0.1546222	0.15850635	0.5231459	2.4107673	0.526514	-0.00623365	0.36074904	0.68258363	-0.38747162	0.056904666	0.65825784	-0.5960645	-1.3289604	-1.4752737	0.052748423	0.67848706	-1.9077314	0.2826293	0.4554178	1.4393528	0.29380992	-0.39088854	0.8529786	-0.65060884	-0.00753997	0.6973791
beta-hydroxy-3-hydroxy-O-methyl-5-methyltyrosine	-1.1883736	-1.0879757	0.4027153	0.05310808	-0.4243722	-1.0081724	-0.4205599	2.4205728	-0.42544582	-1.8843961	-1.5598838	-0.3912577	-2.3890996	0.8759859	-0.89391226	-0.04032283	2.1877496	-0.5569754	-0.24019676	-0.40663502	1.1483737	-0.18854158	-0.029533891	-0.24622765	-0.34982917	-0.45037755	0.17771	-0.6712685	-1.612613	0.19674246	-0.41327778	-0.27325347	-1.4384185	1.1571904	0.08489535	1.0636587	-0.060059812	-0.35482213	-0.28777808	-0.2715456	-0.4181161	0.7651411	-0.79703236	2.7264853	-0.36319384	-0.22259681	-0.010227108	0.123979315	1.1670753	1.0278869	0.3988626	0.14680988	1.9362279	-0.91994184	2.101753	-0.43696725	-0.01793475	-0.025173888	-0.035572853	-1.1498652	-0.5512901	0.95600414	-1.2860532	-0.9177304	-0.2556549	-0.45630583	0.53331834	-0.53429866	1.0171596	-0.9513332	-0.04768121	1.791697	-0.60709876	0.23803268	-0.11018943	0.13547698	-0.17417966	0.4221437	0.38450202	-0.9538876	-0.063705355	-1.6463317	1.2280668	0.10051594	4.8107786	0.527372	-0.3530254	0.37607896	1.2772064	-0.28378463	-0.049497873	0.5664108	-0.51299256	-0.2887248	0.8327312	-0.43819565	0.26288998	-2.3716962	0.062292162	-0.6304327	-0.049505137	-0.013811943	-0.28319106	-0.04626636	-1.1152875	-0.5702283	-0.8697636	0.1129826	-0.009290505	0.18814911	1.0611519	0.81274635	-0.18784428	-1.7053375	-0.3650347	-1.1035432	-0.8998564	0.23761797	-0.23821825	-0.35463092	0.3908309	1.4388893	0.1763284	-0.3157084	0.009762874	-0.18312098	-0.63724834	-0.41677088	-0.7780488	0.21728104	-0.92877036	-1.2292162	-0.16392775	0.3889587	-1.1931053	-1.1219655	2.1615648	-1.1922132	-0.45447326	1.5117819	-0.9119495	0.07271707	0.63751894	0.07572341	0.09219225	-0.8585126	-0.017561194	-0.3392214	0.23764823	0.13557254	-0.35442734	0.06127235	-0.324682	-0.292287	0.6955322	-0.7518651	-0.8897206	-0.099143475	-2.3009422	-0.27907497	-0.34025046	1.3709605	-0.056852654	-0.5118836	-0.06266123	-2.3234835	-0.22644079	-0.28986454	0.04164159	5.8428516	-0.294348	-1.2668893	-0.336382	-0.7767856	1.1907512	-0.21870941	-0.2606993	0.15981574	-0.62156564	0.116135955	0.71227753	0.09797412	0.07553983	0.1458879	-2.3122528	-1.8148797	0.021347161	0.69445443	-1.5450904	0.9574293	0.34651297	-0.27317828	0.18646625	-0.19032815	-0.879294	-0.91952527	-1.130434	-0.89080304	0.27501142	0.33822152	2.8097377	-0.8801954	0.8974193	0.15855742	-0.17931588	-0.063344024	0.3312288	-0.08497443	-0.4377258	-0.70610404	-0.9499746	-0.7067731	-0.032985426	2.430606	4.4651713	-0.3477512	0.8805113	-0.99845695	-0.10624885	-0.18504727	-0.27030337	-1.0781707	-0.708543	-0.10980678	-0.35667983	0.19657639	-0.36446396	-1.248189	-0.61853343	-2.098294	0.1520978	-0.9626519	0.05690962	0.39627025	-0.5578896	-1.4901642	-1.7300835	-0.45707816	-0.7193577	-3.2882257	-0.18696757	2.130731	-0.15083721	1.3730451	0.16482477	0.18080978	-0.52852106	0.22600791	-0.08667934
beta-hydroxy-gamma-methyl-hexadecanoic acid	1.0962907	-0.95553166	2.8914814	3.0816517	1.4001502	0.16885868	0.86489666	0.23761252	3.399046	-1.0046992	-1.5207912	1.9275516	-0.7274542	3.693794	-1.655764	2.5431318	-0.68028766	2.4418437	2.7357752	0.5418056	1.1248089	0.59279627	1.0822113	3.40518	1.5519009	3.2111447	2.3300188	1.9713957	0.7304409	2.5024958	1.9263481	1.3180002	-0.45051897	0.14924999	0.67498463	-0.19175437	1.1777254	2.0126066	2.3513412	2.028005	0.8523019	0.75923675	1.6181984	1.9794828	-0.5525035	0.40518644	-0.15969007	2.735855	1.1688477	-0.6407833	0.35518357	1.727333	1.0482506	1.4653925	-0.79174674	-1.4633929	0.8249248	1.2699902	1.1549699	1.8759044	1.3389733	0.3422308	-2.138355	2.1768732	0.9404215	0.04227933	0.33568344	-0.06665907	-0.81874424	-1.2400349	-0.5308945	0.48004258	2.8861544	0.52630055	-0.49881622	3.4566503	1.5540645	0.2974575	-0.11929828	-0.010729448	-0.1876122	3.8283277	0.41338587	1.0556022	-0.8696695	3.0475094	1.9273653	1.9394306	2.4810119	2.5684748	2.7768795	2.507074	-0.6609318	2.3712816	1.1106209	0.65746003	2.422025	-1.1489203	1.5878199	0.24574147	0.72764635	1.0718501	2.376961	0.9855272	1.5662583	0.4809708	1.2536149	1.8773403	1.6797698	2.3982878	-0.59261507	0.65461516	3.4119372	-0.072330244	2.805667	0.7753277	0.53252834	0.096748345	0.629457	0.874473	1.905204	2.554394	-0.54764	1.3467684	0.9625615	0.82243526	-0.81268466	1.4411812	0.45340073	1.6231874	0.20574075	-0.9651754	1.6100916	1.256991	-0.81240803	0.00873211	-0.32604662	-1.8728743	-1.8527285	-0.3081494	-2.000579	0.41712192	0.5182777	1.7924079	1.7077534	-0.7482586	-1.5241277	1.1890507	0.60690683	1.1455971	0.83283466	1.6258256	-0.4838789	0.38685045	1.6554615	-0.519899	-0.27920678	0.16294749	-0.9577651	1.0267307	-0.74407303	0.41289067	-1.3218961	0.6353482	3.4684393	-0.67646605	2.2530704	1.0091344	1.9848953	-0.294348	3.8714874	-1.0766593	-1.015064	1.3357489	0.14943849	2.050795	2.6438758	2.5110817	0.05590865	2.1681552	-1.2139676	2.0714629	2.9054694	-0.23721632	-1.551191	-1.4348482	-0.30539647	0.6712091	0.37576458	1.3337343	1.7693738	-1.0394608	1.8494949	2.4207158	-1.1036699	-0.90798986	-1.7800531	-1.0238073	1.7322054	0.90874684	-1.3477484	-0.6206623	-1.1611729	2.1356518	-0.5759125	1.1225051	0.026995385	2.149627	-1.0110611	0.1496091	3.4538238	-1.4684727	2.1939163	2.1668851	0.30051056	0.64757186	0.18683311	-0.5065263	0.52781576	1.8712271	-1.1087104	1.4464005	2.7532964	-0.86881864	0.123262115	0.8693026	1.5487726	2.1327949	1.1050297	1.8194612	3.3406544	-0.7569352	3.0155153	2.8855824	0.77639246	-0.14241615	-2.0412896	3.4704652	0.7901051	-1.3889935	-0.79753155	2.216664	2.7701256	0.17225875	-0.8970425	3.1546583	-0.46434027	2.0073566	0.48314923
beta-hydroxyphenylalanine	-1.8066766	-1.4595382	-1.4718318	0.26851264	-0.6687877	-1.1090533	-0.72909045	-1.0274175	-0.29609963	-1.6286741	-1.9581835	-0.77830356	-4.245448	-2.294096	-2.2590554	-1.033792	-0.8996427	-0.29668286	-1.459829	-0.14818656	-0.95796514	-0.18782018	-0.44892317	-0.2306904	-0.22120439	-0.07632429	-1.2121471	-1.3292745	-1.4573643	-0.6245685	-0.40451843	-1.3211662	-2.0176487	-1.7292547	-1.3375387	-0.90227306	-0.37671885	-1.5023408	-0.95928663	-0.5354479	-0.4732447	-0.844414	-0.6466399	-1.5361989	-0.85779405	-0.43742722	2.4290197	-0.7593266	-1.7469213	0.37816527	-0.67696446	-0.970115	-1.4907284	-1.4031711	-1.7470689	0.4607387	-0.41528043	-0.18913704	-0.5362677	-1.2219204	-1.7209079	-0.4512301	-1.8839635	-1.3950741	-0.24811614	-1.723535	0.7834271	-0.70500326	-0.8930812	0.701043	0.059748203	-0.7730906	-2.199632	-1.4871225	-0.6747713	-1.0787506	-0.56291133	-1.1758002	-0.42091316	-0.5877846	-1.4351641	-2.5635793	0.0006667536	-0.36262167	-1.471342	-0.6211584	-1.040078	0.9431702	-0.85616285	-0.67685264	-0.9578381	1.366631	-0.26601475	-0.77149993	2.5723588	-1.295846	3.1107032	-1.9789839	-0.15495987	-1.041041	-0.73361725	-1.3413074	-1.1638336	0.17085372	-0.99003583	0.657116	-1.4692235	0.81091434	-1.6422107	-0.9807579	1.7826717	0.25588664	-0.97521466	-1.0518354	1.2770958	-2.2162733	-1.4618412	-0.11013373	-0.786026	-2.3431633	-1.2340878	-1.2132044	-0.42612594	-0.65795034	0.21946706	-0.4197972	0.17477846	0.18950008	-1.0442002	-0.64148134	-1.7561556	-1.4100637	0.4008974	-0.12977275	-0.7189365	-0.30959788	-1.0618588	-0.52870435	-0.8814598	0.6329338	-0.98448753	0.24789403	2.0583208	-0.99723655	-0.6071952	2.10816	0.69082415	-0.0075853732	0.34751865	-0.5987501	-0.1036411	-0.06755228	-0.62097067	1.6296977	-1.1093005	-1.0578643	-0.72005856	-0.6400935	-2.1217895	-0.66805357	-0.041344687	0.30973846	-1.5746188	0.10656447	-0.24672168	-1.5025373	-0.27482358	-0.69026977	-0.7054216	-1.2668893	-1.0766593	5.6936	1.2367573	-0.8480746	1.4487491	-1.7610705	-2.1862168	-0.73450243	-0.85520834	-0.85343	0.032658152	-1.5778198	-1.103467	-0.6214321	-3.6428537	-3.4817777	0.32595918	0.18353778	-0.45511758	-1.3309426	-0.6548469	-0.31541455	-0.52300173	-0.681684	-1.6451417	-1.2069073	-1.1356851	-1.144427	-0.9017793	-0.6454653	-0.4467612	-1.5776938	-0.862753	-0.93131816	-1.0310845	-0.5029369	0.16876976	-0.804747	-0.21893768	-0.81207013	-1.5069917	-0.9812247	-1.7693621	-0.46257338	-0.86269796	-0.22211283	-0.058702692	-2.3056939	-0.2162577	-0.90047973	0.24374431	-1.1702181	-1.4683596	2.6658924	-1.0471438	-1.157168	0.6042956	-1.2787187	-0.62652683	-1.1220318	-0.11851359	-0.38835365	-0.59881854	-1.6616011	-1.2970573	-3.2123933	-2.7525895	-0.7540564	-1.9944096	-3.411189	0.8727602	-0.48272294	-2.3552742	1.0902115	1.2436398	-0.4767723	-1.1031327	-0.3159243	-0.54876584
beta-hydroxytyrosine	-0.77669525	-0.111828454	-0.5178789	-0.4873714	-0.1246359	-0.75651956	-0.19558139	-0.08211489	0.11416759	0.037093166	-0.040635582	-0.43303505	-2.387055	-1.535617	-0.65532553	-0.43194225	-0.13218054	-0.5823379	-1.7696971	0.02627525	-0.14614075	0.470075	0.23443091	-1.0481713	-0.03396133	-1.2977048	0.35616297	-0.75658673	-2.3969345	-0.7825888	0.058957558	-1.2336813	-0.63882697	-0.36143807	-0.46242478	-0.008367881	-0.29729837	-1.0196195	-0.6774254	0.1938595	-0.90598345	0.034459442	-0.42601395	-0.012857186	0.5454322	-0.37767848	1.3771509	-0.3518448	-0.28558737	1.0061564	0.7012452	-0.5037198	0.6438709	0.0745101	-1.2264978	-0.3757907	1.963381	-0.3322622	1.2204612	-1.4356191	-1.6956878	0.47869065	-1.3445085	1.2936069	-0.5226994	-1.7905252	0.7443789	0.34396043	-1.464076	-0.7787909	2.0062604	-0.24500869	1.0832514	-0.91382486	0.037332524	-1.3759769	0.052078176	-0.764599	1.1671892	-0.44514132	-0.851169	-3.6885152	-0.14829944	-0.20869102	-0.06946134	0.037050433	0.31487557	0.39739665	0.21273178	-1.3418343	-0.12539479	0.27852544	-0.12918772	-0.9492225	1.1958234	-0.6680505	0.051599167	-1.3617562	0.5605697	-1.3636761	-0.8287345	-0.4863512	-1.356092	-0.32618585	-0.18389696	-0.25767234	-0.89327186	-0.82860917	-2.100013	0.020499857	1.041664	0.4498691	-1.171068	-1.6543254	-0.31117353	-2.237424	-1.4826334	0.9700015	-0.47063228	-0.6387446	0.063282065	-0.7614698	0.055372264	-0.3445426	-0.2981528	-0.1573211	0.6400991	-0.20966107	-0.15568022	-0.08476051	-0.65012395	-0.75551444	0.35112986	-0.13580617	-0.015773728	-0.013615673	-0.66228616	-1.4080256	-0.69689983	0.87444407	-0.58241016	0.3485059	1.2973866	-1.1948514	-1.5245582	1.5902951	0.83351976	0.12445868	0.2067419	0.68463993	0.59054625	-0.16003011	-0.23333591	0.47049123	-0.19977017	-0.23263533	-1.1561143	0.6755077	-2.0399203	-0.7798826	0.69353336	1.5919845	-1.3619307	-0.5399054	-1.1929457	-1.8467219	0.004812088	-1.5883187	0.7000426	-0.336382	-1.015064	1.2367573	6.42082	-0.77290154	1.4222186	-1.4110353	-1.6479697	-0.90506107	0.65398514	-0.28239214	0.9682767	-0.81974745	-0.26232466	-1.023956	-2.7104542	-3.009157	1.202665	-0.42508322	-0.5395913	0.6674678	0.022250647	0.5035726	-0.04402387	0.10267626	0.6900989	1.3639995	-1.1799874	0.5988694	-0.32582185	-0.26984492	2.5316398	0.22380614	0.15342921	-0.6347718	-0.048865642	1.0027254	0.57292247	-0.2350738	0.7424879	0.05619674	-1.4313726	-0.15087791	-0.89110667	-0.9494294	-0.3560111	1.0081651	0.04703063	-2.4344041	-0.1563811	-0.83250284	0.8491629	-0.733254	0.6561466	0.85559005	0.0048419842	-0.70958596	0.15252098	-1.1447699	-0.34349212	-0.97465605	0.11419918	-0.252828	-0.6059977	-0.78762376	-1.5860069	-2.7390501	-0.8865987	-1.5046151	-2.1831012	-2.5414996	1.9438229	-1.060431	-1.1661676	0.52012175	0.6384607	-0.5207861	-0.33639234	0.09669857	0.18130055
beta-lysine	-0.06940531	-0.34717682	0.0525608	1.7867495	0.5361838	0.18653016	1.3910043	-0.7139972	0.46631882	0.5735388	-0.01599168	0.7875051	-1.7981651	0.092641994	-1.322993	1.292689	-0.11101663	2.7640486	0.5410932	0.2975801	0.5334315	0.5570524	0.2138902	-0.25887316	0.5287994	1.1548477	0.1532255	-0.38424087	-1.2246208	0.4110399	1.4733953	0.77502173	0.25777397	0.422795	-0.070680186	0.89434975	1.1836973	0.36135677	1.2296336	1.8188998	1.7075099	-0.0350835	-0.16134734	-0.1491305	-0.4654221	1.5516795	-0.46446717	1.2695702	-0.08727356	0.5144131	-0.6445175	-0.41542014	-0.4359144	0.7174821	-0.6536588	0.5522684	-0.6140367	-0.6411186	-0.36029866	-0.60018533	0.7711152	-0.90933245	-0.62142813	1.6142015	-0.45366484	-0.70389163	-0.4182885	1.1955642	-0.25987563	0.6688072	-0.1804046	0.22893481	0.29786733	-0.78262734	-0.34686396	0.4069938	0.21494785	-0.5396448	0.47118357	0.4344427	-0.37436214	1.9053423	1.2957431	0.5637946	0.40899295	1.424215	0.8772	1.5284357	1.7269285	1.1964439	0.6457861	0.78365743	-0.9293965	0.4314707	0.46647847	0.2536553	-0.7359433	-0.8491266	0.34638464	0.23180336	-0.21100806	1.2983253	0.10428689	0.01772305	0.46445975	-0.14801915	-0.50307995	0.31774428	-0.08512512	0.28298286	0.066176616	-0.5255837	-0.110517435	0.24509597	2.3177152	-0.54102135	-0.29474884	-0.76122046	-0.7479403	-0.5145417	-0.62702465	1.5542018	-0.8137554	1.0222049	1.3955986	-0.36368376	0.41274008	0.7346289	0.44612747	0.57171184	-1.3181988	-0.26874694	0.39539352	2.8130574	-0.28653237	0.316412	-0.328133	-1.3533716	-0.8534961	0.13223091	-0.35026947	0.45288834	-0.15393756	1.0193834	1.5987574	-1.2326039	-0.47756994	0.6917294	0.22374247	-0.011496935	0.046994124	1.6482297	-0.24705297	1.8935826	0.92994547	-1.0330635	-0.8604989	0.631997	-1.8397706	-0.06593498	0.71730906	0.27308837	-1.282266	0.123861894	-0.23509741	-1.780889	1.0370668	1.0663279	0.23482461	-0.7767856	1.3357489	-0.8480746	-0.77290154	8.105882	-0.068050705	1.7633761	-0.63200647	0.23198128	-0.4376293	0.783274	-0.4792257	0.36109087	0.9937094	-0.42991623	-1.8886186	-1.6540916	0.8922175	-0.19137423	0.5546721	0.742336	1.2838743	0.8560422	0.49244565	0.16596173	-1.5983081	-1.3613527	-1.5155793	-0.9459815	0.24063195	0.8019085	-0.7505147	-0.5434027	-0.46923202	0.60217893	-0.6904097	0.7012489	-0.59575355	1.2480164	-0.8628877	0.26782084	0.1639915	0.7126709	-0.029246313	1.428503	1.1972866	-0.24391086	0.3396499	-0.6594263	0.27543917	0.10224553	-0.46013767	-0.024400353	0.8828897	-0.66792405	0.18294239	-0.046141077	2.1464665	0.6505118	-0.34796762	1.5705087	0.03500624	-0.68508047	0.3880181	0.4371268	0.11163662	-1.6690485	-2.4864879	0.94093895	-0.7774923	-2.5042746	-0.66681606	1.8701512	-0.05548356	-0.27568698	-0.6996016	0.32504544	-0.8502063	-0.013754775	0.7618696
beta-methylphenylalanine	0.22740473	0.016639734	0.9694371	0.5104978	-0.07827294	0.28477323	0.9028704	0.8631696	0.24110368	-0.5916129	-1.0832542	0.3243558	-1.844606	0.4231753	-0.99283075	0.5571944	-0.2707947	0.19799377	0.8038495	1.1570482	0.47289923	0.26871976	0.06335155	0.97714716	1.007175	0.7397774	1.385266	0.8598961	-1.4158775	0.7684013	0.9626556	1.2628263	-1.0396935	0.34883168	0.1998453	0.6212684	0.736349	0.62147	0.4083791	0.6728808	0.8853073	0.21604751	2.2072272	-0.3381723	-0.5747202	0.7226969	0.7557584	1.0304663	1.9960347	1.4990106	1.550029	0.5848752	0.64785236	0.60379624	0.085323215	0.80129796	0.37845558	0.11018995	0.42192873	0.10183067	1.147302	0.4189295	-1.0807725	0.62824315	-0.013188704	-0.5893575	0.5776059	0.18546349	-0.45137802	0.19266418	1.0237097	1.127118	0.16582146	0.031550247	-0.17406672	0.29233882	0.9389677	-0.34699827	-0.117256045	-0.13037074	0.07595436	-1.9412448	0.255211	2.089369	0.5069389	0.40014234	0.41185468	1.8210686	0.45510644	0.23811029	1.0461104	1.2205757	-0.44450328	0.4951096	1.9515456	0.19346957	0.95632374	-1.6596291	0.7515313	0.81953967	0.6271357	0.94164383	0.29332802	1.8229307	0.051247578	0.47964072	0.16355452	1.1372768	-0.08981258	1.3420124	1.6905613	0.09074884	0.6426595	-0.6091102	1.5678668	-0.600481	-0.073703945	0.099658266	0.3141782	0.7071711	0.47898465	0.25345448	1.1794472	0.41301727	1.396529	0.70690143	1.3908262	0.2715481	-0.7241547	0.14348385	-0.15604949	-0.15059163	1.2630354	1.0320007	0.29253396	0.21391001	0.4910034	-0.58734524	1.1184789	1.2520245	0.91592073	0.74472564	0.267625	0.03394726	0.6355957	-0.37888616	0.029227942	0.13881858	0.29211268	0.5074884	0.048828606	0.9538238	-0.31924653	1.1514914	0.5458093	0.30281633	-1.6712155	-0.12906307	-2.3073828	-0.075823076	1.3388573	1.7095054	-0.39704958	-0.07075158	0.41977018	-0.9594328	0.841679	0.012346976	0.48480257	1.1907512	0.14943849	1.4487491	1.4222186	-0.068050705	2.2072282	1.1552862	0.8728728	0.57604754	1.2064954	0.47048736	0.73234	1.057891	0.41850036	-0.020264545	-1.8616955	-1.9387548	0.74040926	0.63243204	-0.27787545	0.6482946	1.0630727	0.34172854	0.9028435	0.6053673	-0.36415413	0.40064198	-0.5720156	-0.5764988	1.3475313	0.023490122	-0.10051776	0.33865026	0.15284486	0.82497966	0.08616318	-0.066498145	0.4210725	0.5937063	-0.17479658	0.36913806	-0.19401358	0.8845398	0.27979767	0.19370905	0.21476638	0.82727927	0.24478497	-0.6262485	0.31141937	0.043962315	1.8775352	-0.58372605	-0.23359066	0.3775629	0.12806319	0.3277761	0.2809422	0.19506596	0.9460006	-1.5360465	0.7124212	-0.20862375	0.8517557	0.3897542	0.28881952	-0.037432846	-1.872568	0.010491928	-0.35208234	-2.7413526	0.26806915	0.38842887	0.25871876	0.44994998	-0.17873436	1.4926314	-0.30883336	0.7833272	0.46556392
betaine	-0.60374236	-1.2242304	-0.004157471	3.416846	0.38627818	1.4115672	-0.7231472	0.003773356	3.0872555	1.7844951	1.4709394	2.7956507	-2.4020824	0.64749336	-0.12484576	2.3897717	1.9910638	-0.0034352469	2.3736417	-0.24410592	2.4201083	0.15852945	1.5980874	0.6330511	2.4541008	2.3989604	2.3534946	1.3516392	-0.3094632	0.46338326	2.1259212	1.576748	2.3582318	-0.004691083	-0.31545255	-0.6764848	-0.32416174	0.4766096	1.1201032	2.7794235	4.0360293	1.128207	3.280303	0.7685697	-1.8346672	1.7055196	-0.3973593	0.30363825	1.4796302	-1.2392988	-1.380019	1.8220631	-0.2506983	0.66090584	-1.8322197	-0.9292109	-1.4870102	-0.4348781	1.5873804	-1.0673413	-1.3416138	-0.19892506	-1.971298	0.79470855	-1.2384518	-0.8233047	0.06155901	3.190628	1.6408991	-0.037772864	-0.6954182	1.5851952	2.7452936	-1.3285884	-1.2177393	2.0331523	2.71316	0.58063334	1.1894231	0.85453224	0.09032003	0.1986354	2.298305	0.17012684	-0.57824236	0.8928602	0.7611539	2.7774005	4.0538807	0.287903	2.1955245	1.7475783	-0.63555455	0.77119106	-0.76255596	1.3321943	0.06904101	-2.5391197	1.1441532	2.104902	2.2739751	0.8087088	-0.07955692	1.9893014	-0.21930061	0.73508924	1.7319846	-0.0030783063	0.49410853	0.04062178	-0.25752774	-1.5349596	1.7381667	1.3872696	-0.008128269	2.1841426	2.2372177	-0.22311708	1.4343688	-0.40000036	0.09556875	1.2883112	-0.24061452	0.03922125	-0.10557004	0.13893946	-1.2557588	1.6372339	0.019171536	-0.79350436	-0.5917549	-1.8369936	1.0347117	1.8503313	2.671818	-1.373724	1.9391862	-2.7003741	-1.8020003	0.58559126	-1.4189918	-0.49378207	-0.79403204	-0.6021986	1.8357794	-1.6280483	-1.9690348	2.2476232	2.0872996	0.14485936	1.4195571	2.9373398	-1.3410568	2.940059	1.6037431	-1.0382824	-2.1677694	0.37336022	-2.8524842	0.74627256	-0.26855224	-0.46924078	-0.9439537	-1.360074	-0.9581622	1.5461324	2.5305264	2.29095	1.506072	-0.21870941	2.050795	-1.7610705	-1.4110353	1.7633761	1.1552862	4.620035	1.2704815	0.5724038	0.43193874	1.7716935	-1.4562479	2.1413658	1.8718011	-1.5343804	-1.0068345	-1.1815569	-1.4250958	-0.48655593	-1.2260352	2.1610162	4.620034	-0.8444432	0.4167199	0.8357505	-2.2025523	-1.3079175	-1.3001293	-2.1428103	2.6612089	2.1832619	-1.3152593	0.93106514	0.68724644	0.026430255	-0.99497116	-0.33080867	0.12540987	-0.069002956	-0.98127156	0.35182634	-0.017600624	-1.6747895	-0.5373236	1.3843131	2.04951	-0.8571987	-0.664437	-2.1381183	1.8948866	0.027895521	-1.0053917	0.55407757	0.7066995	-0.777514	1.8793045	1.6043409	3.0153327	0.9223901	0.6478552	-1.6453241	3.3886154	0.053028267	2.1678836	1.8242675	0.5383906	-2.4141724	-1.6197288	0.3970847	2.4514215	-2.6446943	-1.1779062	2.3138907	1.4820868	0.022026775	-1.093189	3.1452093	-1.1987053	2.7195275	-0.45620537
butyric acid	0.5602698	-1.1493126	2.1474323	0.022009168	1.2224071	-0.5024455	-0.84561867	-0.7743002	1.4607952	0.19128685	0.025591198	2.308144	-0.8117286	4.0421557	-2.0331588	1.6368997	-0.7259926	1.6052953	3.5452049	0.82039154	-0.27223173	1.4102387	0.42276323	-0.18660483	1.4311255	2.2826598	2.9428234	2.209155	0.5373186	4.533692	0.37368235	0.48138782	0.50963616	-0.0023664199	-0.14679506	0.40798044	-0.77994215	1.7442935	2.0619197	0.8413952	1.5144805	0.11726357	2.201201	2.3648274	-0.607167	-0.3751692	-1.7109389	2.8167706	1.6979952	-0.23601207	1.7434996	0.7765019	0.735968	1.587817	-2.0211782	-0.55023503	1.1559004	-0.17019324	-0.8859581	0.8765767	0.7468573	-0.9101869	0.38024062	0.5071011	1.3888353	-1.3405949	0.8425208	1.5508376	-0.014149643	-1.3932531	0.4915844	-0.10664167	1.8728112	-0.41509303	-1.1757157	2.714075	0.48907524	-0.3765709	-1.3291887	0.3683089	-1.1910582	1.9734291	0.52345765	0.4363912	-2.1389854	3.4889088	1.1930882	1.7544342	1.8420591	0.9453826	3.313721	1.398913	-1.4401046	2.4651678	-1.3513085	-0.81128377	1.4311763	-2.3008065	-0.12760738	-1.6008251	1.0371777	0.23664406	0.14885181	-0.18284206	1.0548689	-0.08500863	-0.07807147	-0.0072239465	3.7993548	4.0732856	0.4219543	1.3201632	2.2987423	-0.81341016	1.2448545	2.4143353	1.7943685	0.9391315	-0.26725075	-0.50582415	1.8510847	0.5254913	-0.9888918	1.1160661	1.6663564	-0.9048406	0.8914525	0.49883938	1.8657517	0.93198645	-1.4586116	0.525411	0.4491938	0.37907198	-1.0953201	-0.4462969	-0.8976811	-1.6155127	-0.3861247	0.8301011	-2.1188538	1.4666753	-0.17811188	0.46062475	-0.13511588	-1.9270079	-1.8624495	1.8637004	-0.32798502	-0.21102646	1.1424328	1.406558	-1.1940308	0.06581594	3.239239	-0.9436361	-2.6668518	-1.1751951	-1.2522694	2.16198	-0.44292364	0.5248594	-2.0070229	-1.0766147	-0.15758999	-1.8256617	2.4236794	0.6510139	1.150678	-0.2606993	2.6438758	-2.1862168	-1.6479697	-0.63200647	0.8728728	1.2704815	4.7010727	1.1481793	-0.09959396	2.5377777	-0.021580322	1.9130228	2.8888717	-0.34735042	-1.0760425	-0.41911286	-0.09587607	1.4993207	-0.8732767	0.3845031	1.1730604	-1.5572307	2.3432953	1.2736169	-1.8161622	-1.4438837	-1.7500337	-0.98406595	2.9152458	-0.07836621	-2.0672357	-0.297206	-1.4926977	2.6529505	-0.77389586	0.06489245	0.6388762	1.5794443	-1.4302609	-0.2682394	3.0781198	-1.8305223	1.3319846	1.1407886	-0.284915	3.4789922	0.58458406	-0.17188749	0.092810296	1.1397978	-1.1409016	0.6499742	1.8260424	-0.033942092	-0.49558166	0.06703015	1.3630854	1.4407276	-0.24028414	-1.4625764	1.5357854	-1.1701027	1.2006147	2.3598747	0.1684908	-0.91371995	-2.5838473	0.8995675	4.461417	-2.097392	-1.9401944	2.6748934	3.970222	-0.27750617	-1.036168	1.9400878	-1.0094988	1.3167003	0.77998614
caffeic acid	0.9198348	-0.08383533	1.6902059	2.1860325	1.1122717	0.9653534	0.7943425	0.6429992	2.0251117	0.035802476	-0.10693694	1.5593013	0.43005103	2.4658897	-0.2689611	1.6604002	0.2974489	0.7385156	1.7747911	1.3365833	0.83699524	0.34993738	0.63410705	2.1768005	1.3325815	2.136324	1.8903759	1.8878076	0.4784016	2.4940412	1.4699656	1.8507029	0.42244652	0.7803156	0.2680749	0.6570937	0.60064554	1.3252769	1.5703998	1.3984091	1.4514524	1.3147193	0.0043666256	1.8265678	-0.9119716	1.065276	0.20191543	2.0444875	1.2186686	0.03329023	0.856035	0.71576196	0.7150952	0.8650944	-0.446802	-0.12269513	0.046953633	2.1440651	0.9587114	2.888684	2.4219778	0.35627326	-1.5371915	1.5181828	0.41609472	0.88330346	0.5000671	1.4071707	0.2403428	0.074612	-0.15851037	-0.11405768	0.7454782	0.61402035	0.34793282	2.4747145	0.9310646	0.06622292	0.8120068	1.217421	-0.3714378	2.6824605	0.6098679	1.0761452	-0.080903105	2.1388967	0.946318	1.4611834	2.532534	2.0905585	2.2463763	1.7230904	-0.15991154	1.8569552	1.0471929	0.618774	1.6720994	-1.423906	0.8875338	0.31538808	0.7579631	2.8766005	2.020295	1.3874062	1.3722149	0.39063072	1.0683734	1.46205	2.3801935	2.0418153	-0.13112803	0.1949359	2.159881	-0.19211958	1.7382215	1.3527291	1.4773848	0.10463707	-0.20272025	2.1312644	1.4965754	2.3607488	-0.30102855	1.7309262	0.85921496	0.98523885	-0.2674124	1.2831237	0.29859295	0.84682196	-0.25528753	-0.5730812	1.2297636	1.5811709	-0.3012636	-0.07456006	2.0309916	-1.3952751	-0.9969794	0.9668623	-1.4458417	0.52110165	0.2413706	0.8443203	1.465234	-1.5155295	-0.7466619	0.73670626	0.2761126	0.996859	0.24755812	1.7682376	0.026190829	-0.06802327	1.785965	-0.37847045	-1.7778554	-0.25604397	-1.0005813	0.9652877	-0.3497014	0.37040973	-0.5364507	0.4932762	2.3681006	-0.72800297	1.7452269	1.1363246	0.681609	0.15981574	2.5110817	-0.73450243	-0.90506107	0.23198128	0.57604754	0.5724038	1.1481793	3.3922925	0.6056014	1.6626326	1.0899026	2.0030077	2.3304973	0.040289894	-0.82341903	-0.06325214	0.45268512	0.4615512	0.25678685	2.950116	1.4231439	0.73883045	1.875783	2.3382158	-0.47162035	0.45967525	-0.9292087	-0.843329	2.1243396	0.8572871	0.23444732	1.2249135	-0.34043694	2.1857402	-0.7241237	0.97281003	1.1037004	1.1479952	-0.83547723	0.5746936	2.5496898	-0.9256279	1.0441493	1.8857591	0.3569537	0.110699974	2.451751	0.23033626	0.36592102	2.210012	-0.80734766	0.67184114	2.921733	-0.45272303	0.8905571	0.5375944	1.8244973	1.3913509	1.2341757	-0.11462616	3.3922915	-0.28954387	2.1052735	2.176647	2.27669	1.9028602	-1.2876835	3.1516702	2.0696971	-0.92470634	-0.33395487	1.624782	2.4365916	0.22756396	-0.29048893	1.9471413	-1.0500695	1.566798	0.6794171
capreomycidine	0.7707949	2.059982	1.3175122	-0.09174257	-0.0014067646	-0.6844881	1.507046	0.8636954	0.72274077	-1.8247182	-0.68858176	-0.061142918	-1.2417727	0.079972975	-1.7754893	2.5414724	0.30148622	-0.04598685	0.29565254	0.1594061	0.16642421	0.28026643	0.3564265	-0.41509563	-0.4908787	0.012956129	0.8725365	1.0111568	0.78800786	-0.029461391	0.7257954	-0.16821563	-2.1321552	0.12677747	0.32745773	-0.16640826	0.73836017	1.1471614	1.6582032	-0.092402436	0.32615027	0.10571241	0.013455652	1.6453168	0.14514129	0.39695978	-0.15919834	0.5774726	2.530407	0.5536301	1.1678703	1.2293005	0.41861558	1.7485436	0.9477283	-0.31006843	0.11480218	-0.38754135	0.17326932	-0.4565193	0.89730257	-0.1722278	-1.3835357	-0.87005055	2.0904381	0.33308563	-0.28360873	0.013309915	-0.88018304	1.1218876	1.122028	0.24965097	0.38365555	1.4877812	-0.79332954	0.36112484	0.012319659	0.14438112	0.351462	-0.7715542	1.6605449	-0.41914567	-0.90141094	0.6289421	-0.104107045	0.22559872	1.7203366	0.29820755	0.7548833	1.1733966	0.95822275	0.06818809	0.2784769	0.34618145	0.44518694	0.4655601	-0.2678423	-1.2131723	0.8515361	-0.10657496	2.6326697	1.1241841	-0.41524693	1.3801647	2.7182503	0.2852817	-0.48768908	1.2271003	-0.08157106	0.19066009	0.22672105	-0.5510512	0.39704633	0.39088196	1.5538363	-0.9498523	-0.46205515	-0.3423781	1.3014715	0.46440372	0.16547176	1.1294187	0.5218681	1.7173109	0.94238275	-0.29282334	0.108006544	1.4833376	-0.9480438	1.3000231	1.1939905	-0.9853874	0.13556036	0.16189459	-0.68862295	0.7705094	-0.47304103	-1.228168	-0.91317177	0.8141131	0.13577124	-0.5003653	-0.1047836	-0.6932183	-0.058930393	-0.8285536	0.840234	0.5237918	-0.17161457	0.5725655	0.063380085	0.3133391	-0.41301623	-1.1046847	0.7496025	0.3262343	-1.57654	-0.24022633	-0.4388931	-0.27460736	0.5269065	0.9859088	0.0037874884	0.23589315	0.039410707	0.071125016	0.5134292	-1.1500434	0.27928436	-0.62156564	0.05590865	-0.85520834	0.65398514	-0.4376293	1.2064954	0.43193874	-0.09959396	0.6056014	7.611456	0.48556358	0.17077424	0.24400848	0.15841895	1.5508764	-0.113554426	-0.2687503	-0.60369503	0.8483995	-1.042512	0.87685114	0.15216446	-0.095881715	1.5555767	0.76356447	0.028410697	0.21078329	-0.86122113	1.3256156	0.15057328	-0.16198093	-0.06636495	-0.52951807	-0.16188337	0.55398035	-0.5199335	-0.10120567	-0.2093268	0.4657783	-0.25639784	0.11197454	0.29206595	-0.11882816	0.7958839	0.5996223	0.5439753	1.1379119	-0.09653677	-1.2718226	-0.17788057	1.5188609	0.18842286	0.7651227	0.42478904	-0.3889403	0.6612183	2.1048121	0.4663728	-0.03644681	0.7351453	-0.7716641	0.26564187	0.14552806	0.65359247	0.655612	0.6930787	-0.2904279	-1.1287273	0.5429106	-1.3858981	-2.1869514	-0.33938876	0.86093265	-0.05364506	0.3489786	-0.38752493	0.12711273	-0.78412247	1.213668	0.77412075
cinnamic acid	0.5926671	-0.32062864	3.012546	1.3053155	1.3005432	0.23829931	0.9047197	0.20705867	1.8968226	0.44586	0.48304754	1.1683222	0.022025727	3.147696	-1.2376283	2.1927407	0.44332495	1.943779	2.7154102	1.0496563	0.77272886	0.59616745	0.61125666	1.3470373	1.6033771	1.7078495	2.7761827	3.2737224	-0.26353303	2.7079058	1.7822617	2.264636	0.5596503	1.0978236	1.1850809	0.73841614	1.3413044	2.0443003	2.979658	1.3384511	0.8761513	1.0566673	0.3299681	1.4177893	-0.46571216	0.7040889	0.05033014	1.8912475	2.9688559	0.083751775	0.14359662	0.7235227	0.14814463	0.88872766	-0.45137846	0.26216817	-0.18792598	0.8304596	0.59989756	1.2060384	1.0443445	0.19492118	-0.7524453	1.7155776	0.87923783	0.3801618	1.1553526	0.35178375	1.3081374	-0.0082532065	-0.014830647	0.54455197	1.5202934	0.2135959	1.1264615	3.1676745	1.2188088	-0.099358715	0.30614534	0.7664641	-0.16307703	1.6336852	0.44570526	0.8379327	0.4993106	2.0478802	1.1262293	1.2056513	2.0435514	1.4637814	2.0767841	1.4454756	-0.02297187	2.4245813	-0.0014502784	0.5724777	1.9830397	-1.0607402	0.47116986	0.051522974	0.44963667	0.47749686	0.98535883	0.40299937	0.7454088	0.19538723	0.45892352	0.8163211	2.196624	2.347725	0.38202938	0.65563965	1.7336802	0.33389604	1.5581689	1.6261492	1.6767513	1.1712883	0.62700003	0.9392128	0.96661586	1.9062356	0.2711614	0.9567925	0.9198171	0.7913329	-0.009145829	0.7862892	0.47403967	1.3699983	0.13166864	-0.6725708	0.8157481	0.8781741	-0.20651254	0.13550738	0.18315661	-0.9637026	-0.5504021	0.37637398	-0.52679634	1.0252782	0.19273141	1.0766649	0.7032005	-0.17324461	0.22132094	0.69991547	0.61798745	0.58907694	1.2425468	1.7798005	1.0496275	0.40838972	2.1294909	-0.32746762	-1.3102487	0.03840743	-0.6505172	1.7018981	-0.12530068	0.9610427	-0.55360544	0.70713747	1.5001786	0.5053286	1.7164638	1.3989061	0.9241186	0.116135955	2.1681552	-0.85343	-0.28239214	0.783274	0.47048736	1.7716935	2.5377777	1.6626326	0.48556358	7.6366935	-0.42444947	1.4628066	2.212127	0.52011114	-1.1166661	-1.0552763	0.44509086	0.9515619	0.08101733	0.638636	1.2314646	-0.23178785	1.7326497	1.3260174	-0.99303	-0.7418875	-1.2810118	-0.37527275	1.5490326	0.8338004	-0.4921852	-0.40943	-0.03850119	2.2723067	-0.09208915	1.1384226	0.6056351	2.4607124	-0.27061802	0.6772038	1.689286	-0.9158596	1.659003	1.1439701	0.55717206	0.5054779	0.15790543	-0.09330174	0.6760298	1.5932056	-0.7990936	1.4680977	1.4722602	-0.318956	0.67564744	1.8188406	1.7992972	2.4338496	0.4530851	1.4522476	1.9646584	-0.2653237	2.0591533	2.647406	0.6932874	0.6580911	-1.7053623	1.6230943	1.6333753	-1.3370907	0.48447114	1.4627637	2.2550418	0.32313415	-0.3664014	1.5165645	-0.31339017	1.3078506	0.7269845
citrulline	0.16107573	0.22827686	-1.0182713	0.053098924	-0.7373371	1.4731617	0.42090622	0.01588359	-0.82159495	-0.5344775	-0.87341815	0.033499144	-1.7459258	-0.6484712	-0.7223711	-0.52140975	0.04604727	-0.18283542	-1.5338609	0.17708026	-0.07221985	0.35567227	-0.28687614	-0.27954522	1.8170179	0.45198116	-0.04260392	-1.23843	-1.8708434	-0.7218746	-0.66096103	-1.2676324	-0.24728689	0.2952699	-0.067528434	0.41758677	0.0032119374	-0.5214869	-0.6852075	-0.051086657	-0.31324658	-0.031617284	-0.11639508	-0.63072354	0.2174798	-0.26137912	1.8037686	-0.4874147	-0.5877012	0.60812914	1.7424734	-0.14921214	0.37537152	0.07691207	-1.0943508	-1.1839086	-0.3687175	2.689308	0.22789338	0.30592299	-0.19906026	0.30617896	-1.8992134	-1.0447257	1.7031915	-1.3815378	0.55727434	-0.14119183	0.7832584	-1.6068505	-0.26731467	1.1926745	-0.20692773	-0.18152997	0.36976266	-1.1182185	0.1294924	-1.25819	-0.18020453	1.0526054	-0.6917369	-3.1602569	0.2664803	0.058584373	-0.1780695	-0.49303767	0.0010868363	-0.34971783	-0.3976668	-1.0371662	0.998811	0.8205445	0.3361037	-0.70550656	0.8555379	-0.8692873	-0.3557454	-1.622283	0.90827924	-0.17382137	0.06451354	-0.07583613	-0.16883671	1.1631249	1.0039206	-0.11805658	0.5335862	0.12836677	-0.6137836	-0.30030912	0.36317107	1.3434665	-0.8778672	-0.43885133	-0.344984	-1.1513361	-0.9498977	-0.092314444	2.1398277	0.47177652	0.17192163	-0.120551206	0.30309758	0.5045127	0.7294595	-0.17280178	0.02005245	-0.24324365	1.455165	0.45565742	-0.4885174	1.4400358	1.0857921	1.3179178	1.3518308	0.019844214	-0.2390382	0.1308875	0.5256609	0.71311575	0.4693507	0.108684726	0.67284566	-0.15721583	-0.5176018	0.2636634	0.27856207	0.19148837	0.011437796	0.695177	1.1395743	0.08898471	0.25370592	1.2520926	0.3296433	0.051486176	-0.972863	-0.2483147	-2.228445	0.20229809	0.70387995	1.4336771	-1.5855993	-1.002281	-1.0877111	-0.97206354	0.24280086	0.96292883	0.27297205	0.71227753	-1.2139676	0.032658152	0.9682767	-0.4792257	0.73234	-1.4562479	-0.021580322	1.0899026	0.17077424	-0.42444947	5.7730255	0.10543212	-0.31090158	-0.16877426	-2.126661	-1.9075447	-0.39398113	0.2513338	-0.5871399	-0.33168784	-0.2800597	3.0352902	0.12432278	-0.8868225	-0.25716066	0.20610158	-0.9478397	0.001755008	0.41304842	1.4667474	0.24882033	0.3060716	0.60902053	1.6410421	-0.7760328	-0.08605162	0.27556026	-0.04653452	0.12978488	-0.45475	-0.7368689	1.4051951	0.44638652	-0.32804757	0.40700546	0.075701855	0.52527696	-2.0096543	0.90380234	-0.32949197	1.5447544	-0.74611205	-0.31454638	0.3750161	-0.27649495	0.5699582	0.90100574	-0.6282119	0.20434694	-1.0879436	2.7725072	-0.39505032	0.41970867	-0.913187	-0.11331	-0.586301	-1.4001606	-1.393164	-1.989679	-2.9231372	0.42628694	1.6009004	0.9432078	0.60904723	0.016933266	-0.13018443	-0.8274675	1.8047618	0.16747831
colletorin D acid	0.1901866	-0.4703141	1.6881317	1.5398649	1.1581763	0.38791007	0.6604088	0.5297991	1.426433	0.35198697	0.025844708	1.1930661	-0.37942123	1.6869779	-1.2713265	1.6470062	0.5481297	1.2789983	2.2809656	0.39188525	0.8133308	0.17468357	0.43168765	2.0804803	1.2113582	1.9751369	1.2393607	0.4242091	-0.34170127	1.8770072	1.0208238	0.40792224	0.6135689	1.567049	1.2526026	0.7882637	0.83650047	0.7806241	1.5709449	1.7764351	1.2369527	1.1932635	0.44765732	1.2467719	-0.49819204	0.8746655	0.2679	1.764768	1.3302895	0.3234752	0.06776676	0.5839627	0.08414353	-0.14138563	0.14307159	-0.11507887	-0.28931308	1.1809556	1.1778802	1.9058907	2.344981	0.23921905	-1.554806	0.52958536	0.9707389	0.35032922	0.47093028	0.42350224	0.88613486	-0.011518098	-0.62108153	0.64323413	1.5088011	0.8669638	0.4706876	2.4170198	0.60755867	0.95498866	-0.034091327	0.6847904	1.4335202	2.612183	0.43019605	1.2771001	0.12359824	1.6761359	0.28238252	1.2770737	1.2700655	1.811588	1.8278724	1.117616	-0.50301754	1.7685039	0.46788776	0.9274655	0.8502983	-1.7008181	0.8462799	0.6476023	1.0419966	0.7817307	1.7914387	0.53564715	1.4205029	0.48536056	0.7818881	0.7774968	2.2945123	1.896288	0.19207989	0.1735654	3.67557	-0.19332604	1.5533164	0.79282963	1.0347126	0.044049468	-0.21640852	2.2780797	0.80453694	1.1344222	0.66152006	1.1051643	1.4953295	0.93167746	0.023496991	0.9667743	0.9968513	0.85955435	-0.099378996	-0.43487626	1.2271419	1.4083279	0.65015006	0.10166528	0.46989584	-1.6767163	0.44937095	0.69939363	2.1904335	0.3333121	0.14787537	0.95085305	1.5455359	-1.029034	-0.6943122	0.80206776	0.35202396	0.59456515	1.1770698	0.8329822	0.2611102	0.28267935	1.6470813	-0.48070204	-0.9635815	-0.6825529	-1.4901472	1.125518	0.5438273	0.7240439	0.039945643	0.76439774	1.4876031	-0.6555787	1.6031457	2.1782672	1.097274	0.09797412	2.0714629	-1.5778198	-0.81974745	0.36109087	1.057891	2.1413658	1.9130228	2.0030077	0.24400848	1.4628066	0.10543212	3.7478902	1.9775273	0.60053855	-1.0245532	-1.5688244	0.24674438	0.45676833	-0.6754636	0.83031005	1.4792395	0.2225227	1.2589735	1.1931493	0.418887	-1.0165122	-0.57555795	-0.6974792	3.3003144	0.7792738	-0.09937307	-0.7958011	0.48387623	1.3540288	-1.098938	0.414978	1.6398518	1.1903985	-0.7769605	0.6681443	2.1894658	0.117888995	0.914522	2.0555031	0.2411509	0.16263802	0.48951337	0.6113456	0.145654	1.8285509	0.64767724	1.1116542	1.6753407	-0.48207676	0.6744477	0.29751804	1.9580934	1.87036	1.0378077	1.1340915	1.5500078	-0.29743478	1.5389727	1.7778494	2.0378563	1.9158708	-1.6551073	2.7748258	1.3808827	-1.6274971	-0.3869018	1.685716	2.3046691	0.12651847	-0.48616284	3.7478893	-1.230374	1.4374923	0.7142071
coumaric acid	0.63406837	-0.25076663	2.066046	1.9516509	1.3577657	0.8820027	1.2732812	0.17714317	2.1606266	-0.6615657	-0.8074245	2.0624626	0.33165666	3.4984975	0.89786106	2.0425239	0.16285005	1.4075682	2.6426883	0.9965288	1.121657	0.3458689	0.6521317	1.4482723	2.1168003	1.9769747	2.0729594	1.7562253	-0.5366721	3.1688151	1.2269202	1.036265	-0.5643918	1.587306	1.2342198	0.41377592	0.8091551	1.6074083	1.914578	2.0130663	1.6388705	1.1994476	0.14309329	2.7646816	-1.1472126	0.9000984	0.48413447	2.7694092	1.9131572	0.06591516	0.36216384	0.910307	1.1921376	2.5950997	-0.25693962	0.36329153	-0.25653765	1.9880853	0.45019594	1.8326218	2.0043	0.2575497	-1.4170667	3.4239686	1.3503624	0.42353192	0.823163	0.62353873	0.8194339	0.79199153	0.18050857	0.5043559	3.6506147	0.87630665	0.064422674	2.671439	1.4838573	0.8792708	0.602606	0.23229195	0.220452	2.2247992	0.33534703	1.2192849	0.31764808	3.2692857	2.6782691	1.7351815	3.3018243	1.7772456	2.6530643	1.8359418	-0.60506827	2.685156	0.43059486	-0.15103026	0.700304	-1.2958773	0.61141443	0.007097863	0.69373816	0.74438614	1.3041083	-0.16013308	1.6117313	0.32978636	1.1523455	1.2404488	3.5882628	2.603977	-0.42565647	0.886831	1.9470297	-0.19763803	1.8306537	1.84626	1.5977619	0.2752566	0.30097365	1.224405	1.9409988	1.7105155	-0.18344459	0.9449129	1.3423494	1.0043232	0.020455008	1.1416723	0.32523835	1.116419	0.7590208	-0.82342947	0.92523885	1.2637235	-0.61897874	-0.17777197	-0.30294564	-0.61039007	-0.076498	-0.35189512	-1.2931291	0.47690612	-0.0041046822	0.8618255	1.2388223	-0.33490974	-0.526983	1.1049917	0.6500784	0.5923399	1.039066	2.1376328	0.051298425	0.56757134	2.522613	-0.52682906	-1.0353414	-0.5296474	-1.2411522	1.8010869	-0.3487435	0.81826806	-0.53638834	0.81558895	1.3042018	-1.0584202	2.570989	1.497942	2.5368943	0.07553983	2.9054694	-1.103467	-0.26232466	0.9937094	0.41850036	1.8718011	2.8888717	2.3304973	0.15841895	2.212127	-0.31090158	1.9775273	3.6506157	0.7394666	-0.8957478	-0.9055783	0.35050663	0.35599673	0.82674223	2.505915	2.1609714	0.030950934	2.066194	1.6338669	-0.7909037	-0.6311799	-1.7443384	-0.57594204	2.1605518	1.0984216	-0.5744499	0.5972251	-0.51565635	2.1500049	-0.28738075	1.0328448	0.03401582	1.9237192	-0.94293237	0.5774987	2.5080266	-1.2161278	1.8653139	2.049402	0.5627939	0.8150829	-0.016903847	0.4826817	0.41296735	2.403949	-0.9817001	1.1261208	3.1511085	-0.6258435	0.77038604	0.49876606	2.0357444	2.3812065	0.59956586	-0.06567856	2.0323002	-0.84593135	2.0043385	2.3258972	1.699814	0.9879802	-1.8472396	2.539405	2.690981	-1.5374167	-0.3906199	2.379072	3.4172988	0.026881782	-0.6459913	1.8140717	-1.106802	1.9068387	0.47733468
cysteic acid	-0.7025624	2.1159506	0.66029155	-0.23011155	0.29153606	-0.7280198	0.51909	1.3093976	-1.0012164	-0.6841119	-1.5042567	-0.11987728	-2.046507	1.4124587	-2.0079226	0.80447894	-0.8851688	-0.72255665	-1.0230234	0.24188393	-0.16742177	-0.3849275	-0.1396776	-0.975541	-0.071779154	-0.6997834	0.7673441	1.0652552	-0.8184718	0.27952352	-0.23813936	-0.14558186	-1.4359558	0.9527411	0.80057234	-0.39943004	0.46081913	0.49141464	0.17553958	-0.014431882	1.0661927	0.4398839	-1.2653061	0.77107143	-1.4044749	1.513813	0.86529356	0.54096794	1.6794044	-0.32999352	0.04531977	0.68825364	-1.0484174	1.5752556	1.8234067	1.7519456	0.45926142	-0.93959206	-0.87727886	0.22480196	1.8022152	-0.33938816	-1.0243527	-0.117982	2.939647	1.0292357	0.2319879	-0.9171103	1.580751	2.4315333	1.257605	-0.21492352	0.27466094	1.7955028	0.06151496	0.56296176	0.07932481	1.7638818	0.13266301	-0.7325558	2.532312	-2.1328971	-0.06102089	-0.24690907	0.24162903	0.3353668	1.6919299	-0.058530085	1.3431917	1.6037757	1.1735581	-0.04817564	-1.0283238	0.20832781	0.020728156	-0.16617703	-1.2721622	-2.0293374	0.30951053	-0.57033145	1.7636557	-0.3280163	-1.56797	-1.6499208	1.3801656	0.5209731	0.11737796	-0.5339704	0.781877	0.37275875	-0.7067157	-0.2132879	1.0690769	-0.69518757	-0.3109211	-1.2269164	-0.90702367	0.025394224	0.6932248	0.70058906	0.9177272	1.2648598	-0.09415549	0.07517908	0.26126635	-0.5403812	-0.22441997	0.43015775	-0.26237804	0.64360327	0.56535745	-0.25142026	0.016602686	0.4411787	0.09402126	-0.25852144	-0.5604525	-1.7721674	-1.6980379	-0.15160948	-0.36895505	0.611827	-0.4374372	-1.6954833	0.7861735	-0.80538905	1.1645024	-0.18528871	-0.7663573	0.49496928	0.8066038	-0.2348557	0.01874658	0.20726876	1.2633002	-0.88253456	-1.1655734	-0.58004653	-1.374205	-0.12549244	-0.42999813	0.7339683	1.3268459	2.3165784	1.2088877	-1.672238	0.7015317	0.12116825	-0.590031	0.1458879	-0.23721632	-0.6214321	-1.023956	-0.42991623	-0.020264545	-1.5343804	-0.34735042	0.040289894	1.5508764	0.52011114	-0.16877426	0.60053855	0.7394666	4.5449347	-1.6777114	-1.6448238	-0.12178241	0.50705785	-0.26379248	-1.1116947	0.2359662	-0.61309946	0.5079175	0.17632051	-0.076176725	-0.9556373	-1.6322563	-0.6309241	0.61635935	0.20477267	-0.4982511	-0.6965254	0.24330223	0.087269045	-0.9504507	-0.36745334	-0.0034457736	0.02073773	-0.53225785	1.9710417	0.61416507	-1.2486959	0.8636834	0.23546019	0.3143425	0.44984263	-1.166439	-1.9779135	0.031492375	0.5192847	-0.53090996	0.3661091	0.33859938	-0.57143056	2.421081	0.34768572	1.215752	-0.26794156	0.12805553	-1.0512888	-0.023038594	-0.61644804	0.04078648	0.42869717	1.0012455	0.063492075	-1.7652346	0.31508628	-1.492426	-2.153639	0.24720663	0.6081154	0.36484382	-0.16688545	-0.68992645	0.80231094	-1.1933159	0.7758636	0.7242444
cysteine	-2.0604796	-1.0514824	-1.2381268	-1.1586637	-0.8662444	-0.7668607	-0.44496515	-1.3192018	-0.75053775	-1.6475247	-1.9109042	-0.6919693	-4.6606064	-0.53706926	-3.0901115	-0.47067046	-0.9917858	-1.3168449	-0.7135923	-1.9302366	-1.3695785	-1.059609	-1.2454485	-2.0481093	-1.514215	-2.042386	-1.440189	-1.76934	1.732596	-1.8758204	0.009718957	-1.3866979	-1.3190861	-1.2166213	-0.46077833	-1.0568053	-1.9688923	0.97800845	-0.03696287	-1.4927256	-0.675532	-1.197237	-1.984003	0.39730886	-2.584823	-2.0435882	-2.0570042	-1.359922	-1.1414464	-1.3900838	-1.6609751	0.6753847	-1.3796403	-0.6969424	-2.6342885	-2.8830054	-0.81584316	-1.444018	-1.5507096	-1.9925842	-1.262574	-1.8478047	-1.3288496	-1.462423	-1.5976546	1.9538308	-2.3964696	-1.5152873	-2.6398103	-2.40895	-0.7142196	-1.9542139	-1.1080964	-1.1293101	-0.5154239	-1.7212175	-1.0690075	-2.6157131	-1.4942896	-1.4926912	-0.23787446	-2.2942052	-1.8857907	-0.8311284	-0.8516355	-1.309197	-0.8752606	-0.32008836	-1.6394159	-1.2837647	-0.47707662	-1.6376859	-2.0070298	-0.8646818	-1.7888728	0.3118972	-0.23995413	-2.1598864	-0.9419375	-0.94322944	-0.8792299	-0.65906304	0.93263817	-0.5364486	0.3294996	-2.097652	-1.8366075	1.0194528	-2.242821	-0.38923433	-2.1440864	-2.3481047	0.70570266	-1.6339296	-1.4477466	-1.5962893	-1.7207831	-2.3626957	-0.28491232	-1.3861512	-1.0615836	0.3250197	-1.2763501	-1.4462454	-1.2500442	-0.7526694	-2.7085032	0.067475185	-1.5087994	0.3978292	0.023958107	-2.695296	-0.40833092	-1.2312891	-1.9545006	-1.8208663	-3.0339017	-3.0157385	-3.299295	-2.5798576	-2.4200037	-0.8119543	-2.2980206	-1.8291365	-1.6817081	-2.88115	-2.5331616	0.92291886	0.11348003	-1.5909505	-1.5650218	-0.73022443	0.15068875	-1.81905	-0.5705049	-1.5412885	-2.9775455	-1.8271228	-3.472442	-1.2239181	-2.0713308	-2.3628297	-2.871922	-2.3480034	-1.910113	-2.1800501	-0.71225214	-1.2394474	-1.1544323	-2.3122528	-1.551191	-3.6428537	-2.7104542	-1.8886186	-1.8616955	-1.0068345	-1.0760425	-0.82341903	-0.113554426	-1.1166661	-2.126661	-1.0245532	-0.8957478	-1.6777114	9.038811	2.9613664	-1.5989242	-1.459471	-2.3643627	0.48128167	-1.4267784	-2.0661607	-1.14186	-0.9851755	-3.1613593	-2.8552082	-1.9205406	-1.8346988	-1.0265235	-0.79424113	-2.5030785	-2.5296795	-2.380494	-1.6978804	-2.3170114	-1.5747782	-1.4497348	-1.1936438	-2.2418242	-2.217389	-0.7359597	-2.6254835	-1.0387933	-1.231499	-1.7435133	-1.425518	-1.9601223	-2.9518604	-2.224613	-0.14191401	-2.5374022	0.9898971	-1.296142	-2.341196	-2.0184236	-0.4960042	-1.533403	-1.6567073	-1.6246012	-1.8352317	-0.6255369	-2.0143282	-0.86926335	-1.0386871	-1.9081088	-3.0798283	-1.8404759	-0.9800881	-1.7999411	-1.6614931	-2.4717712	-1.4366219	-1.4240831	-1.8061019	-2.6843934	-1.0294636	-2.2468524	1.3754337	-0.8341604
cysteine branched	-2.0680501	-0.422809	-1.3746942	-0.6735449	-0.7895031	-0.36808962	-1.4507782	-1.4313724	0.40344828	-2.0560362	-3.019111	-0.38987908	-2.594735	-0.8497716	-2.375148	-1.0872387	-0.3442249	-1.3824748	-0.5634641	-1.4208734	-1.6119483	-0.76034415	-0.79919744	-2.551232	-1.3006384	-2.9622366	-0.59577745	-0.97143966	1.9310447	-2.753793	0.23924768	-1.6349096	-1.3061765	-1.0754788	-0.2928206	-0.91818994	-2.6996744	1.7470882	0.18329754	-1.6504052	1.4362904	-0.7770794	-1.0357257	0.5981558	-2.429419	-1.3058106	-1.5050433	-1.4605049	-2.247529	-0.5351561	-1.7091454	2.0795288	-1.2367121	-0.5273124	-2.672312	-2.0541735	-1.2004902	-0.8686543	-1.1022297	-2.6799867	-0.8756629	-2.1917593	-0.5862449	-1.1767788	-1.9236295	2.2951872	-2.4969327	-2.136763	-2.833099	-1.1490169	-0.79966676	-1.9276909	0.08956224	-1.1164492	-0.35871604	-2.0985377	-1.9790689	-1.2886612	-0.8250667	-0.9177034	-0.15188149	-4.1014123	-1.0554336	0.1039455	-0.6814728	-1.4763838	-0.68800664	-0.17154326	-1.766153	-0.74368316	-0.5328139	-1.3472208	-1.660025	-0.2220891	-1.028551	0.5558123	1.0352046	-2.054489	-0.39697573	0.40249014	-1.2461337	0.033921678	2.3758056	0.4822038	1.7413865	-1.3790302	-0.6779818	2.692758	-2.023138	-0.37015346	-2.261189	-2.2925742	0.28971028	-2.8039055	-1.7675871	-3.4739022	-2.0896494	-2.527681	-1.86094	-1.7052633	-0.12198238	-0.015273025	-0.94761693	-1.0252113	-0.9844245	-0.36971503	-2.521916	0.31595084	-0.7626528	1.6043841	-2.6330864	-2.8316324	-1.0701234	-1.029265	-1.7273016	-1.6837368	-3.1387894	-2.9250388	-4.090615	-2.5962684	-2.6238205	-2.2822032	-1.8578367	-1.474905	-1.3623662	-2.295287	-2.7450106	1.4525499	1.5065193	-1.365485	-1.5338297	-0.18607427	-0.27844828	-1.1892357	0.2804146	-1.3463975	-2.4068608	-1.5833303	-3.7094712	-0.8002416	-1.44217	-1.9456052	-2.2102728	-1.7259862	-2.084524	-3.3740776	-0.41269854	-0.9650269	-0.7897007	-1.8148797	-1.4348482	-3.4817777	-3.009157	-1.6540916	-1.9387548	-1.1815569	-0.41911286	-0.06325214	-0.2687503	-1.0552763	-1.9075447	-1.5688244	-0.9055783	-1.6448238	2.9613664	2.9613674	-1.9923079	-1.1467065	-2.6512282	1.2852701	-1.470925	-1.8704151	-0.62144023	-0.5016378	-2.906992	-2.2969818	-1.7763535	-1.8459624	-0.8742578	-0.43962055	-1.7050788	-2.3517232	-1.8531789	-1.3300084	-1.8504999	-1.0739952	-1.2924637	-1.2812749	-1.9324328	-2.7726648	-0.70367414	-2.3247542	-2.12105	-1.0859002	-1.1665772	-0.7420196	-1.546924	-2.688243	-1.6001301	-0.42267922	-0.8611484	1.2427852	-1.0473924	-1.5399123	-1.8850485	-0.11194737	-0.77859986	-0.97693235	-0.81306577	-1.5456233	0.1659795	-1.4990803	-0.580262	-1.0250223	-1.5423032	-3.7147276	-1.0371896	-1.7500081	-2.5223362	-0.6164825	-2.7678194	-0.836778	-1.6197306	-1.4065081	-2.5161886	-0.47810125	-2.2159445	2.7477348	-1.2603246
dehydrophenylalanine	-0.15529399	-0.79982346	1.2891483	-0.04568733	0.7964435	0.20636085	0.5132365	-0.21339393	-0.58959293	-1.5086327	-1.3994936	0.018694751	-0.56407905	0.5855937	-0.8406091	0.2717156	0.867276	-0.636067	-0.66198486	0.14099596	0.098160334	0.9682707	0.78370035	0.13112351	1.0019386	0.7767084	-0.020512741	-0.45663786	-1.6679976	-0.54036665	1.4984453	-0.15597919	-1.6504209	0.19448858	0.48449978	-0.12943776	1.2955942	-0.3172757	0.09137245	1.5040544	-0.20664679	0.5517912	-0.68819296	-0.0372184	0.0029167274	0.021471314	0.046048295	0.028053407	1.4502243	0.11312687	0.568054	0.3841543	-0.471422	0.28791168	-1.3315254	-0.6083526	-0.23407887	0.38283825	0.12917219	0.15144598	0.452711	-0.10483258	0.9712247	1.8331625	-0.9104722	-0.37582985	1.1693912	0.6927839	-0.40342268	-0.9963765	-0.2894914	0.12723954	0.51035035	0.8156161	0.845165	-0.95506203	0.4998896	-0.8742564	0.73576194	0.17127186	-1.0607187	-2.4401157	2.1770077	0.15336856	0.42233086	0.9350638	-0.27916053	1.1579416	1.1058758	0.47864035	-0.020105744	0.29177082	0.34376323	0.11611006	0.6730011	-1.2636381	-0.46723628	2.0859714	-0.04439891	-0.24774586	-0.17798682	0.95483446	-0.8856668	-1.1752301	-0.86832315	0.14115807	-0.31922126	0.738423	-0.74585956	0.5687446	0.53453124	0.23534931	-0.1156326	-1.141645	-0.40109727	-0.3872544	-1.0447627	0.116637014	0.011782223	0.38093492	0.7580535	-0.085200794	-0.051694307	1.2486527	-0.48645297	0.69257516	1.0751946	0.44550332	1.4637384	-0.47825846	0.38456947	0.9218157	1.0297508	2.9310393	-0.530375	-0.8281136	-0.37903234	-0.90066713	-0.8833177	-0.26690865	-1.1559733	0.2570169	1.1122521	-0.5028971	-0.21704184	0.43251032	0.11003651	-0.14235167	-0.17941628	1.387582	0.36256287	0.40342623	0.76357114	-1.4631546	-0.05877981	0.15271482	0.007748192	1.7241243	-0.27000514	-0.333501	-0.21391343	0.21015908	-1.3939937	-0.8152431	-1.4942824	-2.059271	0.35864896	0.57281864	0.21486141	0.021347161	-0.30539647	0.32595918	1.202665	0.8922175	0.74040926	-1.4250958	-0.09587607	0.45268512	-0.60369503	0.44509086	-0.39398113	0.24674438	0.35050663	-0.12178241	-1.5989242	-1.9923079	5.722939	0.17848754	1.1628562	-1.118794	1.0977372	-0.05245885	0.27527425	-0.026048405	-1.3270082	-0.23233248	-0.93457156	-0.92273307	-0.20860863	-0.060449716	0.06436243	-0.2748165	-0.24097806	0.37613332	1.1240625	0.7387966	0.7225777	1.3507316	0.6131596	0.58849674	-0.48435846	-0.8146012	0.9517513	1.9253036	0.5364045	0.69672453	-0.10749746	-0.5489001	2.3662593	-0.09600905	-1.2869964	0.0034284168	0.27185142	0.38261735	0.6525188	0.17310712	0.30026698	-0.24012181	0.104312345	-1.116996	-0.36078873	0.017298887	-0.8159283	0.14496125	0.04118444	-0.284238	-1.8411334	-0.826954	-1.2391915	-0.6516348	0.6233738	1.7296699	0.25914553	0.3488656	0.49613923	-0.04422994	0.860991	-0.6944945	0.97781056
dehydrotryptophan	-0.46732482	0.09424239	0.74705315	0.23565648	0.20380774	-0.08714856	0.9329496	0.57379025	0.42937028	-1.7000765	-1.9123069	0.05083219	-3.1572893	-0.37596664	-1.1545568	0.3616447	1.0273197	0.2687501	0.498819	0.19020031	-0.052973248	1.7630509	0.21377294	0.284405	-0.27172875	0.055894222	1.3233074	1.7465162	-0.43676606	0.5970821	0.9190535	1.8777038	-1.6631302	-0.07898177	0.5207513	1.0274255	0.23244928	0.81754	1.1084864	0.36998928	2.0760946	0.041110992	1.3671968	0.01120937	0.028473381	0.025985377	0.230855	0.6762169	1.2337385	0.6876811	0.033509865	0.020404434	0.15186667	-0.3652321	-0.3028782	-0.02694408	-0.60069406	0.57051694	0.9398451	-1.0880821	0.54368657	0.20686531	-0.51368535	-0.44320816	-0.07026543	0.5472055	0.25364485	0.4847973	-0.69623417	-0.8931446	-0.6254705	-0.16308264	-0.061325166	-0.7765378	0.033771865	0.7212975	-0.005013076	-0.71544486	0.5010093	-0.89285845	-0.64242536	1.6286966	1.1875695	0.92782575	-0.49733165	0.19543351	0.16025507	1.0268571	1.3395532	-0.19953096	0.5184265	0.59592444	0.109023646	0.5017594	0.3413828	0.50759447	1.0057203	-0.13006969	1.7504975	-0.5864824	0.5395834	0.2517372	0.0791996	1.518531	-0.20139408	-0.26175717	-0.39181522	0.63147587	1.6225244	0.5580905	2.6853883	0.3066679	0.03243268	-1.5406971	0.9732978	-0.8424655	-0.866942	1.4936234	-0.044522543	-0.6852614	0.14269008	2.066541	0.3307006	-0.9450084	-0.46633577	-0.03571986	0.060894083	1.2528682	-0.22372307	0.17249894	-0.57080716	-1.5797101	0.16600394	0.8013471	-0.96982944	0.44963142	0.331807	-0.59760964	0.766048	0.2484626	-0.39217582	0.43240154	1.3780428	0.44581762	0.87011427	0.20139803	0.3227878	0.31064096	1.0126302	0.5991756	0.37793827	0.48016715	0.023015043	-0.6058967	0.5128928	0.33244362	-0.33017254	0.4452294	-1.1713465	-0.22513938	0.4040534	1.1389284	-0.1582186	-0.7573244	0.06807495	-1.9581648	0.40779316	0.2885537	0.44515142	0.69445443	0.6712091	0.18353778	-0.42508322	-0.19137423	0.63243204	-0.48655593	1.4993207	0.4615512	0.8483995	0.9515619	0.2513338	0.45676833	0.35599673	0.50705785	-1.459471	-1.1467065	0.17848754	5.3642526	0.52329314	0.09147276	1.1335121	-0.3015698	0.29828683	-0.25649142	-0.9957543	-0.4200581	-0.11203871	-1.3644837	0.35271394	-0.019304581	-0.5292266	-0.5748977	0.004261698	0.6627246	0.23315464	0.13479985	0.45670477	0.9827102	0.19204594	-0.6365404	0.62831855	-0.43452275	0.26365277	0.80960256	1.9886774	0.43492496	0.15563329	-1.3863459	1.4137552	0.2846873	0.802517	-0.27371293	0.97035885	0.9668366	-0.9809042	0.64645344	0.27701342	-0.1764249	0.006802496	-1.5135295	1.3347602	-0.6926272	0.64590585	0.8449309	-0.0086830035	-2.3387196	-1.9188688	0.5720789	-0.5965977	-2.6301155	0.22653146	0.9733541	1.8826195	1.0112951	0.049356714	0.35895297	0.58988005	-0.10095778	0.5711075
dehydrovaline	0.20739152	-0.44858426	0.6732878	-0.17470834	-0.27525896	0.9935052	0.30646512	0.05526601	-0.38906923	-2.8214734	-2.8604615	0.12638842	-2.9318666	-0.10067535	-1.6465693	0.2115289	1.046737	-0.7833846	-0.7938376	0.123505525	-0.4066977	0.9338482	0.32248458	-1.5571809	0.8850903	-0.75819904	0.09480929	-0.7440044	-2.449295	-0.4951671	0.1633411	-0.4749519	-3.0868812	0.14793542	0.0742362	-0.6892578	0.31511593	0.2777656	-0.50168085	0.90183604	-1.3157756	0.17350477	-0.41683018	-0.5645287	0.23133203	0.28882533	-0.19626106	-0.15317746	-0.05825515	-0.48831323	0.37843654	-0.97123224	-1.2073948	0.29639563	-1.483983	-1.1789892	-0.97108203	1.2552617	0.07304169	0.47764343	0.37633076	-0.92802495	1.6817604	0.65081984	-1.0349616	-0.75636965	-0.1621821	-1.2278107	-0.6071638	-0.5097378	-1.1648409	0.3791339	1.1149049	1.0468817	0.52232563	-0.5932034	-0.011552588	-0.3903451	0.73424476	-1.2643995	-0.31551513	-3.0811722	1.6750404	0.62004393	-1.7062589	0.90944487	-0.02404147	0.63474584	0.33583817	-0.57728136	-0.28305042	-0.3362506	0.6249874	-0.3721277	0.08079667	-1.0531764	-1.2467152	0.22276124	0.033500757	-1.5295419	-0.785503	0.6914332	-1.2511549	-0.98761153	-1.6558753	-0.9375717	-0.9567982	0.4641912	-1.1524718	0.8454068	-0.6727168	-0.5360507	-1.1286976	-2.1665528	-0.7499979	-1.2933174	-0.7979581	-0.75387716	-1.211012	0.09179005	-0.43992385	-0.30741712	-0.52709043	-0.72133696	-0.5542369	0.14821607	-0.43048176	-0.022499312	-1.0696454	-0.41792977	-0.79534966	-0.95265543	0.6919611	2.390361	-0.1452589	-0.7699654	-1.0613525	-0.9016095	-2.949521	-0.9414443	-0.59664494	-0.5175792	0.34854385	-1.2135854	-1.0253432	0.20423342	0.29448834	-0.41845652	0.06088567	-0.61390936	-0.6189258	-0.73297656	0.20520483	-1.227986	-0.587894	0.03325852	0.13994704	1.7709812	-0.8590803	-0.39149114	-0.40519807	-0.266997	-0.9774108	-0.77064604	-1.9724092	-2.6748724	0.4219388	0.37202233	0.63896024	-1.5450904	0.37576458	-0.45511758	-0.5395913	0.5546721	-0.27787545	-1.2260352	-0.8732767	0.25678685	-1.042512	0.08101733	-0.5871399	-0.6754636	0.82674223	-0.26379248	-2.3643627	-2.6512282	1.1628562	0.52329314	6.3800535	-0.7944976	0.6012804	-0.02009273	0.030191887	-0.7604048	-0.99136883	-0.9625141	-1.8473716	-1.2107255	-0.18490556	-0.8881496	-1.3698508	-1.0029155	0.28195873	-0.88397527	1.2327906	0.75567585	0.41126534	0.469231	0.13232511	-0.41952598	-0.6931523	0.05241658	0.22209778	1.2403433	0.36422533	0.49539766	-0.9598011	-2.3371835	1.2052324	0.02287908	-1.7896391	0.46477467	1.13961	-0.11653952	-0.037374992	0.627654	-0.32343122	-0.6265257	-0.7201528	-2.4680321	-0.27493843	-0.7216513	-0.78267074	-0.017549243	-0.67052656	-1.1673747	-1.995699	-1.5955126	-2.5240262	-1.5156618	-0.366169	1.1799957	0.6931287	0.19955564	-0.48536482	-0.6404432	1.9101573	-1.5883293	0.13560346
dihydrolysergic acid	0.011521351	-0.35525456	0.3369476	2.2862854	0.53419805	1.1701114	0.32217437	-0.563645	1.8818501	0.78537065	0.5352534	1.3474995	-1.3233435	0.7549425	-0.6829121	2.3381615	3.2537537	0.8241208	1.4708011	-0.32017496	0.6634199	0.3597653	1.8679899	-0.32139632	2.5543375	1.144584	1.220813	1.0930091	1.4102135	0.24992509	0.61492354	0.8734786	1.9000387	0.67046523	0.8664972	-0.037108537	-0.5927864	0.754238	1.2736268	1.8583299	3.61804	1.6339316	0.7964787	1.706715	-0.34501302	0.8738879	-0.1479864	0.6297997	-0.23111734	-0.55234534	0.27809036	1.5559865	-0.038139373	1.6596849	-1.2370243	-0.9393878	0.93805206	1.9126163	0.43497133	-0.05624218	1.386944	-0.17256384	1.0359633	1.0170768	-0.28771672	2.716738	0.64123464	1.88519	-1.3323634	-0.23526429	0.8165963	-0.24915442	1.5832716	-0.17785451	-0.16585355	1.5671808	-0.1299991	0.63623935	4.3342586	0.6508711	0.62187105	1.6067544	1.7184352	0.7403998	-0.24453719	0.7365364	1.414098	1.505135	2.6138117	1.3164389	0.78818893	0.596264	0.26084325	0.99230033	-0.05621954	0.674785	-0.93004364	-1.5320503	0.73475975	-0.6002036	-0.17750095	1.7394468	0.51849717	1.0256897	-0.9226591	1.28062	-0.042699896	1.0416236	-0.31378466	0.88032013	-0.67273855	-0.22473148	0.8407927	0.13069995	1.0625036	0.36022532	0.4657084	-0.27299774	-0.10472298	0.37153482	2.5587654	1.5910004	-0.28041893	0.5218086	0.9003619	2.7521892	-0.56489176	2.2705953	0.27538958	-0.23142576	-0.0541841	-1.1940995	1.0272263	1.8243665	-1.2881606	0.06591963	0.011469027	-1.551807	-2.3016596	-0.12151241	-1.4671743	-0.11180792	0.005230908	-0.19481601	0.6499816	-0.08266724	-0.7110139	2.151397	1.9901702	0.33572057	0.19106638	1.8013389	-0.7360423	1.0344772	1.5976852	-0.096254796	-0.6409478	1.470299	-1.4085084	0.43933797	-0.07239426	0.58203024	-1.1409128	-0.9375689	-0.34311807	-0.54001915	1.3198974	1.4842716	0.6028013	0.9574293	1.3337343	-1.3309426	0.6674678	0.742336	0.6482946	2.1610162	0.3845031	2.950116	0.87685114	0.638636	-0.33168784	0.83031005	2.505915	-1.1116947	0.48128167	1.2852701	-1.118794	0.09147276	-0.7944976	4.3342595	2.7574296	-0.50750905	1.5335594	1.3040074	0.19797851	0.087156296	-0.8204312	-0.100541614	0.5004159	1.3957622	-0.36787543	0.11574646	0.13223833	0.43279445	-0.08354195	2.7817245	-0.23570956	0.5186288	-0.83670676	-0.8588057	1.073155	-0.55993897	-0.072472885	1.6775571	1.3895942	0.5235978	-0.94913137	-0.61112314	1.5978649	2.4506052	0.022409657	1.9369872	1.5456308	-0.58443874	-0.35999328	1.9318824	2.006884	0.4216037	-0.27222678	-0.97857547	2.8387325	-0.6489377	0.9689874	1.2605076	1.6071159	-0.8683951	-0.7057193	0.2993906	0.8478079	-1.0111566	0.10200141	1.4851509	1.8511094	-0.03887577	-1.1551481	1.0660335	-0.41120338	1.5377463	-0.4216429
dimethylsulfoniopropionic acid	-0.27325818	0.7188619	1.2302887	2.7954514	0.67270684	0.56145924	1.390283	0.2723429	1.787107	0.8434745	0.8133609	1.6863087	-0.44336852	1.4416342	-0.36594847	1.6416401	1.4345523	2.0072408	2.3245933	1.2697345	2.0414448	0.7103951	1.2943512	1.4249344	1.5356103	3.2551906	2.2302246	2.107504	-0.3343083	1.6203028	2.4769158	1.7189393	1.4581087	0.17977671	0.27934486	0.8182396	0.8454814	0.59520346	1.2482074	2.309802	2.9426003	0.6356384	2.8557613	2.1448915	-0.824685	2.2574744	0.93829596	1.586461	1.3968022	-0.016983507	0.4351291	0.9339301	2.3910563	1.4851537	-0.06306098	0.5506424	-0.13265276	0.9926182	0.719785	0.9566421	0.93678564	0.23383194	-0.49087226	0.871598	0.9791607	0.12059876	0.42596528	2.0043395	0.24697758	0.21947452	0.080094464	0.49600828	2.5187354	0.1336712	1.1392549	1.6094238	1.43827	1.1354709	1.4292063	0.103282265	0.008239799	2.6720052	1.6126608	1.3230604	0.08498547	1.3815646	1.9690294	2.463109	2.4270687	1.4344661	2.1618295	1.7747967	-0.20362118	1.5654008	1.0801374	1.6547966	0.47808	-1.4239763	0.95351475	0.34041536	0.77080023	1.2560295	1.128072	2.3961465	0.9887057	0.8558305	0.29314876	0.5831567	1.0663646	1.0510739	1.5547493	1.0027936	0.83459395	-0.099431925	2.2858157	1.4007367	1.6826038	0.82140404	0.23008637	0.30428234	1.0229459	2.2659073	0.63553226	0.70633215	1.7570311	0.68837714	-0.10425072	1.251396	0.52529407	0.50808537	1.6522322	-1.1314092	0.354602	2.1791935	0.6418582	0.037318166	-0.024414463	-0.32445136	-1.0298791	0.5209532	-1.3825935	0.077778764	0.9933252	1.8504821	2.1966429	-0.56814486	-0.07749556	1.1855016	1.2319425	0.8336993	3.9502547	1.7144297	1.0073199	2.0859537	1.4237278	-0.2638547	-1.0919963	0.56641227	-1.8246342	0.5479697	0.037353996	0.79859	-0.8345945	0.35082388	0.22994041	-0.69380903	1.7787054	2.0368724	1.6899405	0.34651297	1.7693738	-0.6548469	0.022250647	1.2838743	1.0630727	4.620034	1.1730604	1.4231439	0.15216446	1.2314646	-0.2800597	1.4792395	2.1609714	0.2359662	-1.4267784	-1.470925	1.0977372	1.1335121	0.6012804	2.7574296	4.620035	-0.17934376	1.0438528	0.99463886	-1.0798075	-0.3893566	-0.3931096	-1.3649496	1.5941964	1.2417463	-0.33259347	0.26765904	0.35531962	1.538267	-0.5252718	0.98653495	0.92948043	1.8448352	-0.5582793	2.9179316	1.3935198	-0.7033457	1.2170725	2.8226447	1.479232	0.53395736	0.5327509	-0.2859648	1.2199004	1.1667881	0.57148314	0.32328817	1.0541682	-0.17842987	2.703725	1.0205323	2.0510192	1.0023576	0.5590762	2.4111896	2.0335724	-0.35862124	1.2168819	1.7075801	1.0707966	-0.54929066	-1.1867433	1.9727881	2.9789636	-1.9042794	0.009676221	3.022554	2.0561786	0.377428	-0.1874707	1.5704699	-0.61383533	2.1061373	0.48865265
enduracididine	-0.00062157155	-0.114119746	-0.6539928	0.5389497	-0.19171466	1.2307961	-0.08310097	0.10588817	-0.28916606	-1.5364363	-1.0479957	0.36020985	-2.8925235	-1.2350048	-0.5087872	-0.22753261	0.16102621	0.014948612	-0.27730852	0.86557347	0.75054735	0.3258597	-0.07615704	-1.1842225	-0.48478228	0.07245033	-0.13036911	-0.6552221	-1.57531	-0.20553711	-0.1577528	-0.67294705	-1.2903631	0.46818322	0.086427815	0.47516245	-0.2867218	0.3749121	-0.3706013	0.39703897	-0.23928992	0.3355839	0.12934798	-0.27739835	0.388765	0.05064239	0.37358218	0.14122422	-0.41483036	0.9522757	1.0579529	-0.32517567	-0.45718813	0.28014773	-0.23729257	-0.008225141	0.087536335	2.4903038	0.50562847	-0.4369403	-0.08674512	0.20009731	-1.6064734	-0.0642421	-0.16500716	-1.0397227	0.75677985	0.4461213	1.2321209	-0.052075062	0.34699503	1.6435182	0.33219865	0.11251614	0.5035076	-0.26282656	0.49994117	-0.44310334	-0.15893991	1.4118165	-0.04946931	-2.1746204	0.02806407	-0.08179154	0.4324369	-0.23782682	-0.07551532	0.26415023	0.33359617	-0.20416282	-0.19072211	0.7065193	0.18854459	-0.53976727	0.74933016	-0.18894888	-0.77233106	-1.6387917	0.6076778	-0.3003804	0.11566714	0.93838775	-0.18073797	1.0683059	-0.066819765	0.026140893	0.13393462	0.07429685	-0.34549043	-0.32471094	0.22976449	1.5486773	-0.009386286	0.56701744	-0.2421041	-0.6327683	-0.54864794	0.14558865	0.44151852	0.22972329	-0.09392716	-0.6705965	0.11071854	0.6178732	0.94883186	0.22803697	0.38915145	-0.039511636	1.7572752	0.38549247	-0.4965839	1.7470702	0.7292507	0.8961504	1.5925521	0.3169306	-0.0064393333	-0.61289406	-0.26228994	0.8248334	1.3820196	0.45165217	0.48938367	0.6195372	0.2899949	0.7921947	0.65492296	0.40310666	-0.24756123	0.56627053	0.51910025	0.5910065	0.35086578	0.06209859	0.52456474	-0.24624899	-0.18366602	-0.3903503	-1.9625379	-0.58518106	1.156861	0.2855834	-0.71445286	-0.24686877	-0.6022726	0.62570745	0.31475732	0.6018602	0.12826087	-0.27317828	-1.0394608	-0.31541455	0.5035726	0.8560422	0.34172854	-0.8444432	-1.5572307	0.73883045	-0.095881715	-0.23178785	3.0352902	0.2225227	0.030950934	-0.61309946	-2.0661607	-1.8704151	-0.05245885	-0.3015698	-0.02009273	-0.50750905	-0.17934376	8.419217	-0.124932475	-0.17865612	-0.80480784	-0.033140432	-0.98380643	-0.70072824	0.34521165	0.28354105	0.23471725	-0.37391424	1.239569	1.5403286	-0.5335229	0.19253202	0.48659053	-0.009558979	-0.23122317	-0.46505404	-0.5901891	1.957156	-0.2571014	-0.33878762	0.0017985611	0.13419305	1.2096148	-2.045462	0.67622596	-0.24426761	1.0420159	-1.0426289	-0.054447785	0.26614645	-0.59889495	-0.15620445	-0.005132233	-0.35410795	0.25443563	-0.6792421	-0.66494334	-0.22648527	-0.038100734	0.16588336	-0.0019963032	-0.39183503	-1.9582222	-1.0895008	-1.7652926	-2.8243005	-0.009014344	-0.2249479	1.1823927	0.41728687	0.43820044	-0.07456276	-0.56382453	-0.23070864	0.5233984
fatty acid	2.107774	-0.16904427	2.3397217	1.3970958	1.4494313	-0.30670252	1.0685692	0.4235419	2.5338557	0.5549727	-1.3374082	0.85505223	0.19626264	2.9744446	-1.0157453	2.0746596	0.6565382	0.8559877	2.1716928	2.1441042	0.7551265	0.17077273	0.611032	1.5654413	1.1289985	1.8966994	1.9187052	1.7130318	1.5238277	2.2549722	1.1961738	0.8019154	-0.57509166	0.74180675	0.7449567	0.12713225	0.85120255	1.5706487	1.8191022	1.9077508	2.3103178	1.0213904	0.6409683	1.0679545	1.1005085	0.6842711	-0.11802613	2.2257707	2.1814618	0.14271478	1.0095601	0.5508276	2.6094258	1.1826062	0.6627643	-0.08879406	-0.092767626	1.3216991	0.88155115	1.052086	2.3373272	0.14941652	-0.4033722	0.5136792	0.88379365	0.96517247	0.14414604	0.37152988	-0.010636189	-0.06298505	0.44766334	1.558491	0.4113265	0.295336	0.41864884	1.8696982	0.25990596	0.34230766	0.8076207	-0.19832353	0.50534606	2.118849	-0.070575476	1.7721388	1.0628247	1.8799038	1.3256739	1.2395172	1.5302542	2.1616888	2.3357446	1.0271245	0.19131954	1.7738556	0.34021586	0.30398753	1.2434617	-0.571588	0.5284516	-0.61800116	0.20655227	1.0770836	1.2487631	0.5412556	1.2589401	0.020030132	-0.090611726	1.0671123	3.0336068	2.0416906	-0.19328293	0.41435623	1.7807312	-0.5251306	1.7110314	0.7908212	1.3515289	0.14680205	-0.08367383	1.5011352	1.3085433	2.017987	0.57983357	0.50929046	0.9660703	0.9424555	1.004011	1.3562682	0.20865706	0.9597832	-0.4166545	-0.6322321	1.2953613	1.3905711	0.6128319	1.005072	1.757953	-0.5504046	-0.7300305	1.4949957	-0.83241725	0.9867646	0.34179208	0.90565884	1.1379017	-0.37538293	-0.47439933	0.91404545	0.98568815	0.8087198	1.211577	1.9992317	0.41833514	-0.032086235	1.6726375	0.2504927	-0.7524704	-0.051360194	-0.88755083	0.97374845	0.46061105	0.2654766	-0.23993942	0.11342214	2.0083082	-1.0875429	1.5985577	0.3984385	0.24316053	0.18646625	1.8494949	-0.52300173	-0.04402387	0.49244565	0.9028435	0.4167199	2.3432953	1.875783	1.5555767	1.7326497	0.12432278	1.2589735	2.066194	0.5079175	-1.14186	-0.62144023	0.27527425	0.29828683	0.030191887	1.5335594	1.0438528	-0.124932475	4.117656	2.552493	-0.8484887	-0.23920278	-0.75710005	-0.048742473	1.7362645	1.3814747	0.2551166	-0.48711497	1.4431084	1.5234718	-0.2810455	1.048973	0.1565233	1.5751634	-0.1487301	0.8582474	2.0992298	-0.88710415	1.1349187	1.2197502	0.7909034	0.82867837	0.016017336	0.22517805	-0.1398502	2.0993607	-0.45468885	1.3541898	2.8030658	-0.08536853	0.620462	1.6208683	1.0833355	0.9293506	0.31647184	0.5957248	1.7944106	-0.73189414	4.1176553	2.461444	1.7986203	1.2695256	-1.6890529	2.2241967	1.8147286	-1.5429888	0.7240395	1.2235372	2.1247633	0.5997409	0.2428046	1.5083773	-0.591375	1.8091488	1.1762681
fumaric acid	1.0952518	-0.09528445	1.590605	1.981545	0.93325025	-0.28583318	1.1997954	1.1054986	2.8167202	0.703767	0.5853933	1.8314768	-0.47604382	2.3890882	-1.1032215	1.7227665	0.22620663	0.820668	1.5082119	1.6060259	2.1220386	0.4188576	0.5369887	1.7261474	0.79189485	2.0282195	1.0379338	0.4732461	-0.030981684	2.041052	1.1890633	1.6025127	0.68651456	-0.33101007	0.2503109	1.5966291	3.541266	1.975854	1.8597379	0.82258725	2.296147	1.2850487	-0.6252523	0.44029224	-0.5412667	0.3348999	-0.22696202	1.6813945	0.88819695	0.4269393	-0.11396162	0.68928444	1.271285	1.0852747	-0.6206748	-0.3823757	0.9082124	-0.31199545	0.316001	0.012263138	0.6955195	-0.2663448	-1.8632123	0.5084328	0.1927792	1.4719578	-0.5356445	0.32556716	0.48602054	-0.64654803	0.21691194	0.6556924	-0.086885415	-0.06672852	-0.35558087	2.1168842	0.75214046	0.10940743	-0.19496782	2.2745452	-0.0939248	2.342827	0.556478	3.0545785	-0.40367576	3.0191429	1.5023342	2.4546618	1.0962181	2.413754	1.6504667	3.096113	0.44792965	0.76870847	0.25405124	2.4265275	1.1250278	-1.2842898	0.81683636	0.15067203	0.77160126	0.22116692	1.3108923	-0.3186656	0.6824644	0.7045831	0.5592569	1.6614742	0.42787227	1.662634	0.08769043	1.0435839	1.8407068	0.9351045	1.6318673	0.6650187	0.40086833	0.047622778	0.04181458	0.9433467	1.3643701	2.5016625	0.5523662	2.2907884	1.3177747	0.03764656	-0.12140722	0.79110813	2.4956887	0.965245	0.1313508	-1.1836771	1.4234458	1.0075334	1.041714	1.6139191	2.422118	-0.24165308	-0.3110845	1.6698911	-0.10383814	2.7317324	0.41418135	0.78442323	1.8117716	-0.47076485	0.6368049	0.7676193	1.2665777	1.1996201	0.31135258	0.9157622	-0.4511093	-0.62474144	0.82131535	-0.30911085	-1.5766114	-0.9470873	-1.213338	0.6427766	0.0486558	0.47237036	-0.48187312	0.30010197	1.9368759	1.075355	1.5532947	1.4913177	-0.0487528	-0.19032815	2.4207158	-0.681684	0.10267626	0.16596173	0.6053673	0.8357505	1.2736169	2.3382158	0.76356447	1.3260174	-0.8868225	1.1931493	1.6338669	0.17632051	-0.9851755	-0.5016378	-0.026048405	-0.25649142	-0.7604048	1.3040074	0.99463886	-0.17865612	2.552493	4.8694324	-1.1330712	-0.6885368	-1.1753877	0.12402786	1.0231096	1.7106771	-0.63236976	0.4469212	-0.5567719	1.4018086	-1.0455954	0.6665274	0.21675771	1.9484433	-0.64934826	0.39210066	1.98715	-1.4460777	0.82628405	1.69321	0.92466855	-0.12953159	-0.07110958	0.51840967	0.8896228	1.9974942	-0.31457397	1.7757194	2.5290096	-0.3241431	1.1632733	1.6119622	1.213029	0.35634863	0.23761666	-0.08748855	1.401971	-0.20753029	2.1576915	1.669289	0.47171983	-0.32369888	-1.5116023	1.9109668	2.6766763	-1.5947902	-0.5676829	2.0424287	1.0917283	0.2340129	0.8403797	1.2460064	-0.66918886	1.7377414	1.7264048
glutamic acid	-1.5736618	-0.23077673	-0.61590314	-0.6803024	-0.65660137	-1.1724012	-0.91784495	0.6150748	-0.7454162	-0.96774757	-1.0263544	-0.07963682	-3.7098892	-1.4721558	-1.2660555	-1.2253642	-0.06660046	-1.6123518	-2.1954477	-1.1558914	-0.58923745	-0.98055434	-0.6144489	-1.2704784	-1.2191137	-1.2240146	-0.8900005	-1.4815617	-2.013267	-1.1454006	-1.0154419	-1.3246225	-1.4217328	-0.7870152	-1.0989994	-0.7421211	-0.7280281	-1.2879747	-1.3943467	-0.8904605	-1.5278195	-0.19610426	-0.4622267	-0.42825222	-0.71281826	-0.8966485	-1.1151236	-0.501239	-1.0717751	-0.64644253	-0.5760846	-1.1708447	-0.6368482	-0.7584629	-0.40190426	0.026996894	0.54808056	-0.76918215	-0.9325041	-1.5460263	-1.5301586	-0.774615	-2.0527263	-1.5746021	0.04059236	-1.4120103	-0.95194304	-1.2490036	-0.823473	-0.30612	0.65354645	-0.048138864	-0.9075439	1.7253156	-1.3610729	-0.9434009	-0.83264434	-0.72160256	-1.1608312	-0.9877279	0.49319154	-2.7130358	-1.3024168	-1.1206225	0.11358953	-1.0401849	-0.80103827	-0.9686999	-0.90481174	-1.096187	-1.1064161	-0.34355792	-0.46278828	-1.4791905	-0.42087483	-1.5828747	-1.5840611	-2.1790652	-0.31134954	-1.6779176	-0.8249806	0.020538162	-1.8587875	-0.36588573	-0.6719595	-1.0714955	-1.2309592	-1.298058	-0.86565584	-1.1919663	-0.14847934	-1.5634772	0.09844352	-1.9362769	-1.2771426	-1.7277747	-1.2236023	-1.0895969	-1.0938469	-1.6007552	-0.9446219	-0.13276105	-0.49086845	-1.0122867	-0.057989832	-0.17692938	-1.1366833	-0.9985932	-1.9984387	-0.7223281	-1.8868628	-2.0424185	-1.00036	-1.2950089	-1.0874038	-0.6773911	-1.3053302	-1.0369492	-2.1958456	-0.7491173	-1.062645	-1.0381889	-0.38788593	-1.1537511	-1.3340012	-0.86430705	-0.97256804	-1.1577276	-1.4401807	-0.6888481	-0.7942871	-1.2489462	-1.1428344	-1.395737	-0.93679845	-1.210284	-1.728606	-1.6124103	-2.6906848	-1.7962654	-0.056045786	0.922846	-1.0351155	-0.33172554	-1.0634463	-2.185845	-1.2687011	-1.2426728	-0.8573065	-0.879294	-1.1036699	-1.6451417	0.6900989	-1.5983081	-0.36415413	-2.2025523	-1.8161622	-0.47162035	0.028410697	-0.99303	-0.25716066	0.418887	-0.7909037	-0.076176725	-3.1613593	-2.906992	-1.3270082	-0.9957543	-0.99136883	0.19797851	-1.0798075	-0.80480784	-0.8484887	-1.1330712	8.747604	0.8419314	-1.8951495	0.100617595	-0.25532582	-1.308178	-0.76123667	-0.43670192	-0.5684102	-1.2593874	-1.51724	-0.41430843	-0.22558972	-1.2138702	-1.289844	-1.1185937	-1.4287509	-0.86461496	-1.1614357	-1.0850241	-0.18004829	-0.29013944	0.16810192	-3.112857	-0.9830174	-1.1186799	-0.68862796	-1.5120578	-0.6581085	-1.2670088	-0.88952	-1.1938707	-1.5712022	-1.6147885	-1.0253284	-2.181618	-0.9173144	-1.508804	-1.6666129	-0.94111824	-1.7957044	-2.24388	-2.3338237	-1.1433076	-0.9921529	-3.2395449	0.19239385	1.2456093	-0.98437756	-0.5770122	-1.0373025	0.9909485	-1.717937	-1.1570616	-0.94801384
glutamine	-0.2863664	0.053062975	-0.6864876	-0.49489897	-0.9224519	-0.6840202	-0.8580462	0.40339014	-0.29822928	-0.89897114	-0.5540371	-0.18182303	-3.7341552	-1.8971218	-1.1649235	-0.8899678	-0.7810277	-1.4054465	-1.7361465	-0.6868652	-0.14084606	-0.07980065	-0.48565376	-0.7854003	-1.0264201	-0.8828666	0.10886553	-1.0741405	-2.0396674	-1.370325	-0.9122116	-0.88368374	-0.8813791	-0.4724565	-0.5671225	-0.50635964	-0.56351185	-1.0161536	-1.0622777	-0.12598044	-1.3323841	0.0321103	0.46874586	-1.3368468	-0.67384154	-0.68403333	-0.6727596	-0.37574703	-0.77218413	-0.08275218	0.24288987	-0.71938646	0.60540015	-0.45823812	-0.28467205	0.36127388	1.3356243	-0.7133434	-0.47019476	-2.1320112	-1.8662266	-0.24188522	-1.3109345	-1.7862468	-0.03434119	-1.1926166	-0.26476285	-0.8122196	-0.5007765	-0.63858616	1.5752811	-0.6414792	-0.9544667	-0.58081067	-1.0934952	-0.87429106	-0.52071613	-0.3214159	-0.98389006	-1.2092742	-0.097649164	-3.016344	-0.13818066	-0.36804405	-0.033682648	-0.90954834	-0.7971207	-0.23410395	-0.9197921	-0.96752995	-0.76211566	-0.27636653	-0.5844953	-0.78015405	-0.07295287	-1.2890837	-1.0800673	-1.8416566	-0.012981628	-1.0372325	-0.78894764	1.335484	-1.5181053	0.6861193	-0.7912387	-0.9617207	-1.3891851	-0.8192782	-0.9306824	-0.92382586	0.6531902	-1.2622349	-0.6669294	-2.0179548	-1.0273551	-1.3319627	-0.9564638	-0.18206133	-0.63505715	-1.6481577	-0.46279994	-0.026863195	-0.14941941	-1.0569304	-0.35741535	-1.1733268	-0.8186726	-0.4926587	-1.7632148	0.1828163	-1.8406668	-1.8818945	-0.6320278	-0.8037742	-0.2458282	-0.25022718	-1.143001	-1.0561609	-1.3692318	-0.31049562	-0.6805219	-0.062272426	0.11117571	-1.4623091	-1.1733466	0.1624756	-0.6655479	-0.6880911	-0.54552466	-0.06458379	-0.72970694	-1.2301905	-1.1034749	-1.3558371	-0.7752494	-0.58615535	-1.5971897	-0.65605664	-2.3343194	-1.3693124	0.40892398	1.1311805	-0.32909146	-0.6125721	-0.7984939	-2.1815414	-0.89430493	-0.92847383	-0.18634978	-0.91952527	-0.90798986	-1.2069073	1.3639995	-1.3613527	0.40064198	-1.3079175	-1.4438837	0.45967525	0.21078329	-0.7418875	0.20610158	-1.0165122	-0.6311799	-0.9556373	-2.8552082	-2.2969818	-0.23233248	-0.4200581	-0.9625141	0.087156296	-0.3893566	-0.033140432	-0.23920278	-0.6885368	0.8419314	7.124537	-0.9280024	-0.67522824	-0.9023765	-1.0545125	-0.22658798	0.39930874	-0.0036922228	-1.1003054	-0.92900324	-0.45950952	0.69950557	-1.2074159	-0.58205724	-0.8925687	-1.159622	-0.56137073	-1.3710953	-1.1462785	-0.7644541	0.11633229	1.0053174	-2.7411523	-0.29053062	-1.1039754	-0.27410853	-1.4405951	-0.63848424	-0.5307133	-0.89560395	0.198121	-1.5134008	-1.1892331	-0.51139987	-2.0491667	-0.2769043	-1.1425225	-1.0377963	-0.74379313	-1.9938077	-2.975434	-1.7122251	-0.9047903	-1.8672189	-2.5386329	0.29495272	-1.0927086	-0.9802405	-0.05243793	-0.6337341	-0.59413683	-1.1870656	-1.2638211	-0.48626637
glycine	-1.6395067	-1.0793705	-1.247512	-1.1480322	-0.5488213	-1.8842132	-0.21786393	-1.0584648	-1.124642	-1.4068975	-1.5007243	-1.3851626	-3.994795	-1.5991428	-2.1237233	-1.6551017	-0.1881997	-1.2697684	-1.5156513	-0.30535206	-0.7299421	-0.58471227	-0.46487534	-1.2222625	-1.2771151	-1.6671863	-1.2147343	-1.4508456	-1.2593645	-2.061691	-0.46640134	-1.01603	-1.2506754	-1.4468279	-0.95782197	-0.06776696	-0.77802795	0.050007697	-1.2539445	-1.0311912	-0.23866038	0.3340408	-1.2017884	-0.9666908	-1.268909	-1.1727542	-0.9110086	-1.5680044	-0.3419835	-0.38596457	-0.20904894	-0.5648637	-1.1831765	-1.1807116	-2.0023873	-1.5867659	-0.53631926	-1.2757083	-0.012930424	-2.451779	-1.8968954	-0.7000982	-0.7401549	-1.5710839	-0.82297266	-1.0932431	-1.1254871	0.26104867	-1.8309461	-1.7832998	-0.5520891	-0.835019	-1.7515788	-1.2914114	-0.70006627	-1.9466068	-1.1337701	-2.2901688	-0.90612197	-1.1570771	-1.2623322	-2.429869	0.3805669	-0.47099116	0.07960271	-1.5165018	-1.2192185	-0.42755264	-1.1191945	-1.2193303	-0.73337555	-1.0644358	-0.91458243	-1.4234678	-0.497542	0.1856734	-0.59810567	-2.4878955	-0.61170834	-1.7201477	-0.7566599	-0.88354933	-1.7004815	-0.9272396	-1.117368	-1.34779	-1.235766	-0.3627235	-1.7401196	-0.7906628	-0.7172395	-1.3202035	-0.9089771	-1.0573467	-1.4656008	-1.8094901	-1.4927673	-1.1515925	-0.23958406	-1.9099296	-0.14076316	-0.9163384	0.37488246	-1.2320908	-1.0983776	-0.46097904	-0.15850122	-0.69607526	-1.5160928	-0.20737311	0.7325614	-1.4880959	-0.685414	-1.2765801	0.25339073	-0.8432712	-1.7952029	-2.0401804	-2.462868	-0.7996266	-1.1373433	-0.55257416	-0.41331238	-1.5486643	-1.4150305	-0.94917405	-0.8467569	-0.88428944	-0.946289	0.014158748	-0.2124944	-1.5010163	-0.702496	-1.7109808	-1.1860029	-0.45911023	-1.6109074	-0.8446088	-2.6984477	-1.3478265	-1.0416529	-0.6485707	-2.0926921	-1.734426	-1.6480131	-1.4771379	-1.0800662	-0.47920683	0.43303865	-1.130434	-1.7800531	-1.1356851	-1.1799874	-1.5155793	-0.5720156	-1.3001293	-1.7500337	-0.9292087	-0.86122113	-1.2810118	-0.9478397	-0.57555795	-1.7443384	-1.6322563	-1.9205406	-1.7763535	-0.93457156	-0.11203871	-1.8473716	-0.8204312	-0.3931096	-0.98380643	-0.75710005	-1.1753877	-1.8951495	-0.9280024	8.763852	-1.1296946	-0.5725652	-1.1813843	-1.1596551	-0.9557973	-0.54892373	-1.1933243	-1.2855488	-0.53965664	-0.027355587	-0.74442625	-1.256307	0.15376085	-1.4985334	-1.4718268	-1.5661886	-1.0561249	-0.6683461	-0.5531419	0.28190938	-2.7111442	-0.049719416	-0.8340324	-1.7468015	-0.69522524	-1.6706892	-0.85036755	-0.19188666	-0.4497112	-1.6581837	-1.425645	-0.94873226	-2.4295797	-0.30845323	-1.3926165	-1.0954345	-1.4341412	-1.7924241	-2.9612243	-2.6654856	-2.0098157	-2.1053195	-2.97097	-0.5470755	-1.1683186	-1.0587215	-0.5846592	-1.2983935	-0.54167557	-1.5064609	-1.3010966	0.076341555
graminine	-1.8173347	-0.46109235	-0.85687685	-1.307967	-0.25519928	-0.7567615	2.3582692	0.40420547	-0.9794739	-0.27605698	-1.8365091	-0.5394966	-4.6628737	0.4764295	-2.140348	-0.767173	-0.47353876	-1.5320339	-0.29965764	-0.6436864	-0.20004286	0.25736246	-1.223099	-0.3982013	-1.2354771	-1.3843083	-0.9669615	-0.9972199	-2.284051	-1.7094858	-0.8279882	-0.16754045	-2.228922	-1.3357921	-0.91341263	3.0160773	0.3662796	0.9671056	-0.94233006	0.16559702	-1.8284194	0.17868277	-0.8681311	-0.48127228	-0.6967168	-0.7833015	0.2065447	-0.84784573	-0.7993747	0.4310053	0.70246017	0.20563185	-1.0945667	-1.0406338	-0.3849141	-0.0816409	0.97070616	1.5380645	-0.493832	-1.7081134	-1.6971378	0.02010012	-0.6939135	-2.1227608	-0.4718487	-1.4713452	-1.1261883	-1.320784	-1.3567728	0.42944843	1.2104317	-0.9679176	-0.04284547	1.4371592	-1.3682582	-1.7910928	-0.6918822	-0.9853794	-0.7533244	-0.7763509	0.12887819	-2.4299572	-0.92167675	-1.1586559	-0.8959367	-0.7464909	-1.0186942	-0.04582441	0.9258142	-1.4847996	-0.74831706	-0.44822717	-0.48315054	-0.44832152	-0.71644515	-1.0773994	-1.82742	-3.1438768	0.13348992	0.06413203	-0.06437762	-0.102109365	-1.4739776	-1.0423076	-0.582101	0.41371036	-0.09151667	-1.1389245	-0.37824187	-0.5996998	-0.33444434	-1.1955336	-0.8517733	1.3329271	0.03265446	-1.0061065	-0.36405993	-1.0536516	2.015027	-1.2445679	-1.2454747	-1.0642043	1.0156261	-0.15527602	0.30018398	-1.5154806	-1.2438171	-1.2374367	-2.271108	-0.5077433	1.0929244	-2.445173	-0.8276296	-0.8772234	-0.2582379	-0.13708134	-1.9407411	-1.9095982	-2.1280189	-0.419894	-0.13154727	-0.72016376	-0.64708775	-0.5404967	-0.6503548	-1.1497852	0.04519957	0.78766793	-1.5051953	-0.65898436	-0.36781603	-1.0518469	0.32112643	-1.0473499	-0.986367	-0.2647615	-1.3393979	-0.9388495	-2.6311226	-1.1382277	-0.09248292	-1.0105345	-0.5742681	-0.19751704	-0.66806924	0.9600533	-0.9058576	-0.16599618	-0.17503627	-0.89080304	-1.0238073	-1.144427	0.5988694	-0.9459815	-0.5764988	-2.1428103	-0.98406595	-0.843329	1.3256156	-0.37527275	0.001755008	-0.6974792	-0.57594204	-0.6309241	-1.8346988	-1.8459624	-0.92273307	-1.3644837	-1.2107255	-0.100541614	-1.3649496	-0.70072824	-0.048742473	0.12402786	0.100617595	-0.67522824	-1.1296946	7.9790654	-0.53396785	-1.0125061	-1.7119166	-0.5760421	0.52022505	0.09076223	-0.8062215	-1.355934	-0.32623252	2.2430668	-0.9737998	-1.2880638	-0.45431072	-1.2442398	-1.2009441	-0.8687085	-0.1050425	-0.15591629	-1.1204054	-2.9073324	-0.95336914	0.19182064	-1.1946576	-1.3841909	-1.2625986	-0.8946854	-1.6556996	0.5285482	-1.6792119	-1.6769981	-0.030944735	-1.3885183	-0.6365874	-0.09053368	-1.1868917	0.06370585	-1.6292896	-2.9592795	-0.94971186	-1.977084	-2.5350802	-2.7838748	0.6028584	-0.40731126	0.47319818	-0.25145718	-1.1425918	-0.6257946	-1.1848147	-0.8005301	-1.352514
grifolic acid	0.26243347	-0.281952	1.6900609	1.6469425	1.3566034	0.49107423	1.0969591	0.3768228	1.5257858	1.0657067	0.97808665	1.384492	-0.22983204	2.2073958	-1.1952006	1.6640928	0.06254807	1.0278262	2.9001374	0.91131467	1.1238211	0.29375467	0.5752757	1.3840314	1.6528089	1.9023912	1.49726	1.1620743	-0.5198314	2.3266277	1.1147321	0.5909495	1.3377495	1.3088661	0.82025695	0.64238626	0.345851	1.0361762	1.5139533	1.3998038	1.7694323	1.0072017	1.2509168	1.1629542	-0.3395327	1.0974668	0.18786542	1.8923725	2.1576998	0.47107774	0.47688416	0.5065863	0.29584083	0.65003335	-0.08003947	0.17677642	-0.03661404	0.9906383	1.0229077	2.4900093	2.4340837	0.13051406	-1.3579134	0.7505158	0.54569334	0.15586478	0.78556865	0.9555223	0.6984292	0.144605	0.23285764	0.8736905	1.3234239	0.50513214	0.587908	2.1575258	1.0120094	0.34311408	-0.24989997	1.1987067	1.0128862	1.3821007	0.53824	1.357947	0.3835007	1.9095066	0.79109514	1.3238344	1.8396165	1.4735093	2.2834222	1.1227323	-0.4525399	1.5741453	0.35110763	0.9942767	0.90770036	-1.5080665	0.8999388	0.6503451	0.8132997	0.89985555	1.5997822	0.5167947	1.2127143	0.56369036	0.832802	0.791496	3.5505543	2.32614	0.71512127	0.45598745	2.7713661	-0.4050909	1.5294648	2.114944	2.0716858	0.2667965	-0.2573703	1.8081636	1.1234207	1.2674997	0.2780984	1.343489	1.4941756	0.949217	0.35927105	1.0410448	0.75850207	0.7863244	-0.47359827	0.19058995	1.0396775	1.1497443	1.1167364	-0.21717158	1.108608	-1.7088255	0.21912615	1.2783298	1.0681546	0.96029246	0.24466102	0.92165637	1.7484812	-0.41141266	-0.54470533	1.0095459	0.75917274	0.5311604	1.4703829	1.2717454	0.41970477	0.71399117	1.8800821	-0.3950351	-0.90523624	0.037507985	-1.1682676	1.1805028	0.34414303	0.6101253	-0.3523307	0.6155876	1.4567909	-0.982898	1.6994072	1.723081	0.86674225	0.27501142	1.7322054	-0.9017793	-0.32582185	0.24063195	1.3475313	2.6612089	2.9152458	2.1243396	0.15057328	1.5490326	0.41304842	3.3003144	2.1605518	0.61635935	-1.0265235	-0.8742578	-0.20860863	0.35271394	-0.18490556	0.5004159	1.5941964	0.34521165	1.7362645	1.0231096	-0.25532582	-0.9023765	-0.5725652	-0.53396785	3.5505552	1.0152173	-0.31305435	-0.28421426	0.44074628	1.4353817	-0.19668342	0.6638889	1.0030067	1.1893927	-0.43105754	0.75756615	2.102961	0.368818	1.0817747	1.319297	0.6170593	0.74116915	0.7525411	0.12707262	0.3906826	2.2097604	0.504658	0.9042861	2.4385822	-0.072203316	0.7740226	0.36072302	1.9131979	1.3178838	1.3253118	0.006539256	1.8727494	-0.14204584	1.8302777	1.8835312	2.2901726	1.6170601	-1.6859918	2.0723054	1.4883745	-1.2348355	-0.03274446	1.5286589	2.4092443	0.20444207	-0.21730772	2.881045	-0.75402945	1.4179069	0.42920905
guanidinoacetic acid	-0.06125153	1.0962777	0.4638329	0.6254651	0.5679931	1.3499734	0.46789134	1.4609613	1.4454464	2.3819242	1.8264554	2.737281	-1.0346202	1.1803075	0.26743928	1.4236596	0.6211602	1.0181054	1.4706914	0.18824324	1.2684842	-0.122000635	0.3446179	0.3840295	0.8610037	0.44106016	1.0665724	-0.0019071396	0.11068418	0.9087272	0.67241436	0.010625809	2.6548538	0.60195583	0.3939376	0.34715435	-0.15571582	0.04799814	0.8724403	0.9643715	1.7095811	1.154976	0.35488468	0.9614341	-0.45941138	0.9960944	2.287672	1.1173292	0.12236204	0.60193765	-0.1784261	0.39158344	0.18379037	1.5510043	0.9145667	-0.79370207	-0.087242216	0.28364745	0.5744367	1.3312913	1.9226495	0.58203906	-0.94637233	1.4461836	0.61463124	2.6127083	0.7394705	1.9506274	0.69387054	-0.3747766	0.14609063	0.6236955	1.6242318	0.25492668	1.4651371	0.89054704	1.2957258	0.98396885	0.086412184	1.8346561	1.6128291	1.213133	-0.28926864	2.299085	1.3337761	0.69063306	1.497342	1.5350887	1.563806	0.58351773	1.2350434	1.5058283	-0.06953258	0.4558262	0.9291863	0.17041883	0.63323814	-1.5721962	0.88152415	0.370319	0.25108147	0.39279348	0.80884385	0.72845644	0.046521436	1.547316	1.3563555	0.9357465	0.5833584	0.4496689	0.031740468	0.60390127	1.1545359	-0.40842247	0.74940985	1.5020567	1.6493392	-0.385182	1.5767955	1.0941505	1.456897	0.4535073	0.34391537	1.5825912	0.7401412	0.686141	-0.4402813	2.2899725	1.631463	0.4749213	0.030636169	0.15653175	0.7342129	0.27818936	0.26887628	0.8065722	-0.73477185	-1.3706644	-0.5581671	0.01645084	-0.7331802	1.213161	-0.10458737	0.07784714	0.666611	-0.5323141	0.08330822	2.0801234	1.9937047	0.8641252	1.0471811	0.80574685	1.398836	2.0040748	0.59137464	-0.5059071	-0.942681	-0.2304367	-1.1723565	0.5815374	0.85949844	0.44049352	0.604162	-0.09547008	0.57751745	-0.4899372	1.5995727	1.1390302	0.70760924	0.33822152	0.90874684	-0.6454653	-0.26984492	0.8019085	0.023490122	2.1832619	-0.07836621	0.8572871	-0.16198093	0.8338004	1.4667474	0.7792738	1.0984216	0.20477267	-0.79424113	-0.43962055	-0.060449716	-0.019304581	-0.8881496	1.3957622	1.2417463	0.28354105	1.3814747	1.7106771	-1.308178	-1.0545125	-1.1813843	-1.0125061	1.0152173	5.620231	0.7741766	1.6992443	0.107773356	0.6317586	-0.71865153	0.46510416	0.13406545	0.6907125	-0.34992746	0.5487861	1.2914513	0.065502584	0.8961406	0.888671	0.58243	0.57470965	0.23780896	-0.64492786	0.19265582	1.3181784	-0.031247867	2.1770308	1.3652627	-0.33285952	0.57400954	0.010162043	1.4593202	0.18146142	0.72236365	-0.028840594	1.4896564	-0.17046045	0.6713462	1.0049354	1.8933313	0.67075974	-1.2257531	0.9268704	-0.5650712	-1.9311028	0.38000822	0.8200221	1.0504273	0.38890722	-0.47053963	1.6086863	-0.73770803	1.5035831	0.04297045
histidine	-1.2286621	-0.48936403	-0.40960962	-0.58380353	-0.5662077	-1.34755	-0.4285265	1.989481	-1.1065748	-1.6635491	-1.0553616	-0.71817166	-2.8135104	-1.9777911	-0.9015105	-0.5078394	1.2728871	-0.19586535	-0.82961106	0.11285078	0.6023909	-0.14656772	-0.39081505	-1.0921175	-0.15233645	-1.1346799	-0.5549232	-1.0096902	-1.6080948	-0.29370812	-0.45922825	-1.028622	-1.4645044	0.4919653	0.28241578	0.20913996	-0.24003406	-0.7065367	-0.8399212	-0.5659128	-0.2836073	0.28002745	-0.9762014	0.13511452	-0.43651056	0.12557359	1.1718844	-0.6009001	-0.16622955	-0.35073313	0.03993602	0.3764675	1.2436867	-1.205111	0.74307853	-0.26629034	0.48287663	-0.19622378	0.14271747	-0.85116947	-0.3320808	0.8866311	-1.7709656	-1.539705	-0.513434	0.06607396	1.3068355	-0.028107623	1.0599102	-0.5687361	0.80769587	1.1087247	-0.067242086	0.09287928	1.1607506	-0.14813541	0.8977965	-0.0025251773	0.102945484	-0.31693906	-0.5623787	-2.5188606	0.58932996	-0.27494678	3.2707372	1.3010706	-1.0547882	0.3075855	0.1257992	-0.89556247	-1.0302025	0.13448706	-0.7266201	-0.7315957	0.57920665	-0.8438886	0.112050205	-1.8104367	0.35163054	-1.4016974	0.48326844	0.16960318	-1.6017128	-0.77506876	-0.4715045	-0.30463958	-1.218821	-0.4308795	-0.35699323	-0.73275656	0.30162773	-0.07934976	-0.2029124	-1.5598779	-1.1808316	-1.0319543	-0.53511083	-0.049272433	-0.920705	-0.45487022	0.5614065	-0.59813297	0.41524875	-0.258989	0.025638605	-0.33552113	-0.027826218	-0.40625334	0.05099748	0.31321406	-1.0611038	-0.020573156	-0.08816853	-0.6571223	-0.024838371	-0.7367478	0.5743508	-1.7408285	-2.000849	0.58020014	-0.6176759	0.28818917	0.7712349	-1.5547479	-1.0058264	0.6005417	0.65017265	-0.3656093	-0.0764693	0.5530357	0.13024703	0.9603517	0.98868424	-0.39402515	0.16757993	-0.46701586	-0.69257766	-0.18931349	-1.6906879	-0.5481946	-0.2427922	0.76967436	-0.17604627	-0.57948107	-1.1594892	-2.607554	-0.22537524	-0.19413638	-0.023420062	2.8097377	-1.3477484	-0.4467612	2.5316398	-0.7505147	-0.10051776	-1.3152593	-2.0672357	0.23444732	-0.06636495	-0.4921852	0.24882033	-0.09937307	-0.5744499	-0.4982511	-2.5030785	-1.7050788	0.06436243	-0.5292266	-1.3698508	-0.36787543	-0.33259347	0.23471725	0.2551166	-0.63236976	-0.76123667	-0.22658798	-1.1596551	-1.7119166	-0.31305435	0.7741766	6.5728517	-0.62609476	0.027283225	-0.5810492	-0.86227673	0.32487693	0.7709994	-0.41903675	-0.25773874	-0.0025425663	-1.3404437	-0.20113203	-0.48501354	-0.35142246	2.2138195	-0.28192663	1.7755845	-1.9267391	0.09336737	-0.52141297	-0.58854383	-0.9333229	-0.24932145	0.36227056	0.70245063	-0.027809547	-0.64621663	-0.5280603	-0.2111993	-1.9675533	-0.8483541	-0.7642168	-0.2639577	0.016049715	-0.20959322	-1.7860447	-2.1024268	-0.9984745	-0.4978935	-2.8999043	1.5541131	0.53662115	-0.57197315	1.2641684	0.35589033	0.022398466	-0.8938653	0.22124852	0.41587147
homoserine	-0.7749926	0.059850164	-0.10939463	-0.31604627	-0.11071716	-0.1755605	-0.3641614	0.33484828	-0.1938543	1.5238736	1.1911936	2.4488652	-3.5881827	-0.94385505	0.3551515	1.2574611	0.24324307	-0.28410655	0.76707333	0.09401865	0.71319836	0.17983697	-0.15984805	-0.76496965	-0.14911167	-0.25306022	0.12130056	-1.1699717	-1.4872239	0.3853461	-0.59957355	-0.7539655	1.8695629	0.20111875	0.2987761	0.06450024	-0.013643952	-0.4477419	0.013854761	0.96558994	-0.42494774	0.8242666	-0.68698806	-0.8957502	-0.6768503	-0.5797804	0.43570966	-0.08635087	-0.98447853	-0.04213505	0.56469834	-0.48825893	0.36375928	0.75696397	-0.57098347	-0.17784104	1.0948354	-0.031240057	-0.19376047	-1.2259308	-1.2401757	-0.2770298	-0.7835861	-0.44806948	-0.07284913	-1.025987	0.46211815	1.9782736	-1.1331887	-0.43102434	1.3456882	0.550445	0.025404917	-0.47673804	-0.4944466	-0.51921546	-0.25219825	-0.9673432	-0.89712477	-0.79561466	0.051673096	-0.9475983	0.54028237	-0.49147883	-0.62182736	-0.441867	1.244124	-0.30769908	0.023663139	-0.34599477	0.0014605579	0.50603795	-0.9223943	-0.8512982	0.07465647	-0.6617349	-0.87786984	-2.028681	0.2813227	-0.18435906	-0.29369843	0.8481137	-0.48110273	-0.15225878	-0.40583584	-0.630799	0.16458878	-0.6481719	-0.26706076	-0.451826	-0.07045491	-0.37646565	-0.5009835	-1.0136086	-0.72479934	-0.33758825	-0.2003693	-0.6541693	-0.39464134	-1.0577432	0.12971818	-0.21427196	0.07627473	0.4434753	0.43406758	0.29153562	-0.97393316	0.69790757	-1.5665982	0.5655766	-1.0668974	-1.8653319	-0.46776283	-0.5990681	-0.99753535	-0.7473541	-0.41789195	-0.96734005	-1.2492689	-0.20038547	-0.92968726	-0.18456364	0.0012000748	0.7841527	-0.7562596	-0.5557486	-0.6831283	-0.4149577	-0.7904561	0.27955985	0.14941652	-0.9572823	0.36827278	-0.61585015	-0.5545229	-0.5193424	-0.95815504	-0.83650416	-1.456111	-0.9826738	0.030056436	0.02951896	-1.084722	-0.2761434	-0.528331	-0.5448973	-0.32735068	0.46260324	-0.09348949	-0.8801954	-0.6206623	-1.5776938	0.22380614	-0.5434027	0.33865026	0.93106514	-0.297206	1.2249135	-0.52951807	-0.40943	0.3060716	-0.7958011	0.5972251	-0.6965254	-2.5296795	-2.3517232	-0.2748165	-0.5748977	-1.0029155	0.11574646	0.26765904	-0.37391424	-0.48711497	0.4469212	-0.43670192	0.39930874	-0.9557973	-0.5760421	-0.28421426	1.6992443	-0.62609476	7.490382	-0.035426114	-0.4410661	-0.8044209	-0.4166773	0.50303984	-0.4983442	-0.22873044	-0.92312145	-0.34321165	-0.7463641	0.100620724	-0.14896147	0.039820097	0.18501379	2.4827662	-2.5002036	0.37567762	0.48294368	-0.70970726	-0.9937716	0.3904436	-0.53418523	-0.8943605	-0.26193523	-0.6821377	-1.1692172	-0.20999485	-0.89070517	0.023018537	-0.8033546	-0.68255156	-0.03123895	-1.3281177	-2.821409	-1.6070908	-0.4221475	-0.5043827	-2.2600172	-0.34705117	-0.14268662	-0.2701346	-0.22374542	-0.64265925	-0.5866514	-1.024295	-0.40988466	-0.5232793
homotyrosine	-0.35565206	0.6213636	0.05429546	0.11611367	-0.33645752	0.5629584	0.047688812	0.120514125	-0.3929911	-0.41702753	-1.2292337	-0.34276658	-2.9310927	-0.8868855	-1.0740025	-0.069120474	0.25713822	1.4491462	0.32749578	0.7946969	0.31053576	0.41539142	0.59591687	-0.7095739	0.004070213	-1.1071634	-0.29380742	-0.80634445	-0.8276481	-0.5336246	-0.07772069	-0.013827051	-1.038033	0.7139873	0.6583989	1.430036	-0.19874299	-0.22073819	-0.08190475	1.0716447	-0.40530846	0.38628927	0.34516624	-0.40971744	0.29396516	0.5059976	-0.12857553	0.45904714	0.8121645	0.5864646	0.11617066	0.25068706	-0.51462114	0.06662004	0.031726148	0.16192217	-0.07293627	0.64118767	0.83099234	-0.43734768	-0.07335271	0.24590863	-0.7019995	-0.10502138	-0.22144105	-0.49201408	0.8275843	-0.639897	-0.36107442	-0.07663461	-0.16881414	1.0377988	-0.9205304	0.6653936	0.5225668	-0.39962414	0.24979872	0.27979776	0.42444062	-0.13201858	0.44098368	-2.1720886	-0.64179724	-0.19121805	0.030881008	-0.38047624	0.6606419	0.20398936	-0.2858612	-0.29435697	-0.41241905	0.08662002	0.07708227	-0.46488637	0.4315746	-0.65960264	-0.731878	-0.7061814	0.50896126	-0.055697232	-0.20763688	0.21244003	0.045160826	1.3240017	-0.44099456	-0.13562438	-0.2715516	-0.3544895	-1.2841827	1.3539116	1.3635349	0.17663726	-0.37834182	-0.79249465	-0.2114819	-1.142222	-0.34363103	-0.001197578	-0.4457147	-0.75012624	0.3201513	-0.93847704	0.52687746	-0.17122085	0.1255779	1.0090096	0.006049655	0.19675685	-1.0806315	0.5090512	-0.34630644	-0.9169365	0.2394664	-0.28196535	0.33496624	0.098240405	-0.015936626	-1.0609258	-1.0050355	1.2622263	0.91656965	0.20382448	0.5241152	0.60798544	0.9238216	0.19926901	1.1620437	0.3774118	1.2445639	0.10306765	0.37757355	0.60541743	0.6916147	1.7726562	0.26470652	0.015371661	1.1397829	0.37609765	-1.4980001	-0.17502093	0.8101741	0.48708218	-0.1800996	-0.33202899	-1.0091429	-1.4490867	0.26611748	-0.2143371	0.015203543	0.8974193	-1.1611729	-0.862753	0.15342921	-0.46923202	0.15284486	0.68724644	-1.4926977	-0.34043694	-0.16188337	-0.03850119	0.60902053	0.48387623	-0.51565635	0.24330223	-2.380494	-1.8531789	-0.24097806	0.004261698	0.28195873	0.13223833	0.35531962	1.239569	1.4431084	-0.5567719	-0.5684102	-0.0036922228	-0.54892373	0.52022505	0.44074628	0.107773356	0.027283225	-0.035426114	7.3169055	-0.538012	0.6261439	0.5877709	0.8235098	-0.10121108	0.34977505	0.0704492	-0.46640778	0.5415339	-0.10161354	-0.5345804	0.41327515	1.0272969	0.55953956	-2.11241	-0.5104716	-0.2569317	0.09669067	-0.41306603	0.033884916	0.23464589	-0.2698253	0.14582463	0.03879097	-0.7074941	-0.07176961	-0.9948002	-0.6484854	-0.22920556	0.32583714	-0.37680545	-0.057078168	-2.03445	-2.0207124	-1.2230184	-2.0598612	-2.5454323	0.78291136	-0.035012633	-0.47446302	0.8165549	0.24620904	-0.3731283	0.16183741	-0.46879816	0.515726
indole pyruvic acid	0.4190826	-0.38908648	1.6284791	1.1636636	1.6002527	0.5606137	0.74962676	0.49143934	1.1851138	1.244444	1.1261244	0.66317993	-0.026756665	3.6569273	-0.71170235	1.8376362	0.13864757	1.1379354	1.5194293	3.7684178	0.3470653	1.8435959	0.27215666	-0.63919556	1.0773221	0.7332742	2.243116	2.4102793	-0.47193667	2.126025	1.0520916	0.8575485	1.5383726	0.68271327	0.7561909	1.4932328	-0.1244925	2.600387	2.0947864	1.24707	1.4749401	1.3445094	-0.12773639	1.8303282	-0.6089643	0.73531896	-0.041580524	2.267873	0.3917204	0.8241907	0.9146996	0.8545409	0.15394954	0.8511783	-0.014760112	-0.83256155	-0.26124707	2.7532442	0.07368863	2.341399	1.1320617	0.8448888	-1.6256623	0.788024	1.0247499	0.122238725	1.6753758	1.0954515	-0.5186106	-0.4148125	-0.060529754	0.89359885	0.6213156	-0.053513564	-0.1685082	1.4815003	0.4998905	0.1748252	-0.4927552	-0.22858247	-0.91597044	2.7068048	1.0199943	0.70580095	-0.1632664	1.6996862	1.4821665	1.3856195	1.9430482	1.5019326	2.1583154	1.1962935	-0.31209528	3.6724558	-0.5364875	0.07323437	-0.058202777	-0.91948086	0.384538	-0.07844428	-0.08764332	1.4982814	0.48302996	0.9624299	0.33299208	0.118743874	0.06386757	0.82422376	1.5232017	2.2144434	0.6626139	0.5566218	1.143377	0.39257863	2.1127746	3.0264246	3.2265444	1.4031917	0.98223406	1.0974038	1.270229	0.89035594	0.11381754	0.58165336	1.2293212	0.40243316	0.15373449	1.0515459	-0.2802252	1.1091158	0.53786504	-1.3342053	0.63202405	1.5296497	-0.2678127	0.633124	0.07087273	-0.38691503	0.7336601	0.4254402	-0.13564676	0.7630433	-0.1254842	1.0861698	1.3122809	-1.5006613	-0.7140377	0.48120654	-0.22813609	0.45780492	0.86723244	1.6750705	-0.28782266	0.42825198	1.9084607	-0.57168204	-0.8458888	-0.32132736	-2.045571	0.6927075	-0.29285336	0.7916578	-0.61078554	-0.73917	-0.056412246	0.050576095	2.1163797	1.4198055	0.46253103	0.15855742	2.1356518	-0.93131816	-0.6347718	0.60217893	0.82497966	0.026430255	2.6529505	2.1857402	0.55398035	2.2723067	1.6410421	1.3540288	2.1500049	0.087269045	-1.6978804	-1.3300084	0.37613332	0.6627246	-0.88397527	0.43279445	1.538267	1.5403286	1.5234718	1.4018086	-1.2593874	-1.1003054	-1.1933243	0.09076223	1.4353817	0.6317586	-0.5810492	-0.4410661	-0.538012	6.4361687	-0.27293956	0.85822535	0.015602307	2.1653886	-0.93578744	0.14134905	1.7655216	-1.2239707	1.341767	1.6975578	0.5263058	0.68612486	0.85699975	0.72265667	0.28521663	1.4815288	-0.5662353	1.6001225	1.0761262	-0.56179506	0.24718541	2.2256708	1.1966957	3.3103313	0.40963185	-0.8164022	1.695368	-0.47641268	1.6603031	3.0215902	1.3290212	0.49895224	-1.6745507	0.7609163	3.305982	-2.6031096	-0.19193137	2.1285203	2.3571577	1.3176244	-0.6793351	1.5401844	-1.1593189	1.5018958	0.12762132
isoleucine	0.43508616	-0.63143957	-0.62975645	-0.7313824	-0.17458342	-0.38820705	-0.3203831	-0.780242	-0.87379825	-2.1461885	-2.2562304	-0.30147454	-3.3741605	-0.33065325	-1.6834104	0.20667744	1.0575432	-0.80572903	-0.8196232	0.5070553	-0.27831995	0.6836768	-0.3645787	-1.2996879	-0.6505829	-1.02299	-0.6814334	-1.035701	-1.5970013	-0.97676563	0.47112933	-0.7347887	-2.2961175	0.6655237	0.34998795	-0.1791262	0.013746591	0.18214485	-0.40837306	-0.021877702	-0.7310846	-0.5992375	-1.1452655	-0.45013818	-0.24165644	-0.17660305	-0.5183304	-0.62948966	-0.20110644	-0.120217815	0.5587045	-0.26003233	-0.7791813	0.38188756	-1.7046056	-1.6091344	-0.14382592	-0.1608228	0.64054	-1.400601	-1.0112499	-0.8475691	0.7832981	-0.24009605	-1.4793918	-1.3181007	0.15040746	-1.0306225	-1.4083161	-1.5631418	-0.3571197	0.3166764	1.2254301	-0.60099757	0.48588994	-0.88659346	0.36116773	-1.5068336	0.22351198	-0.59606534	-1.2892963	-1.5687407	0.6336357	-0.0027059535	-0.80077094	-0.4994943	-0.8611613	-0.08943452	-0.42024592	-0.6532114	-0.6007771	-0.48035306	-0.17743304	-0.53419566	-0.5415498	-0.6895835	-1.0930899	-0.7172763	-0.21862337	-0.929638	-0.29746312	-0.37414506	-0.6544496	-0.9639184	-1.0819502	-0.9896548	-1.0213445	-0.43546912	-0.3557711	0.098650604	0.103583366	-0.3093134	-1.1488729	-1.532376	-0.4635013	-0.3327865	-0.14062005	0.012290575	-0.75327086	-1.0481734	0.09102794	-0.6378461	-0.25092962	-0.15339841	-0.82508713	-0.08045443	0.12045737	0.5097559	-0.48001847	-0.80187947	-1.0600708	-0.41424033	0.2930986	0.40635377	-0.13643922	-0.7274161	-0.8251044	-1.6985451	-2.2574308	-0.15175349	-1.0097026	0.11047477	0.24466336	-0.8746354	-0.84733254	-0.1362931	0.44452676	-0.1057238	-0.19360073	-0.015764765	-0.32738185	-0.35303473	0.5020673	-1.5334448	-0.21355641	-0.54469854	-0.30457914	1.4893148	-1.3273857	-0.77676636	-0.7331408	0.10667859	-1.7469366	-1.5035294	-1.3772082	-2.4454699	-0.12222065	-0.113847196	0.4070615	-0.17931588	-0.5759125	-1.0310845	-0.048865642	-0.6904097	0.08616318	-0.99497116	-0.77389586	-0.7241237	-0.5199335	-0.09208915	-0.7760328	-1.098938	-0.28738075	-0.9504507	-2.3170114	-1.8504999	1.1240625	0.23315464	1.2327906	-0.08354195	-0.5252718	-0.5335229	-0.2810455	-1.0455954	-1.51724	-0.92900324	-1.2855488	-0.8062215	-0.19668342	-0.71865153	-0.86227673	-0.8044209	0.6261439	-0.27293956	7.1490645	-0.032132704	0.16342616	0.20593607	0.5417778	-0.22100528	-0.5583074	-1.0583899	-0.50151813	-0.3126387	0.34895954	0.47661418	-0.48296	-2.1998062	0.74418783	-0.21928109	-1.4668758	-0.018998366	-0.5702525	-0.28218687	-0.37251866	0.86957014	-0.6300208	-0.82121176	-0.61213446	-1.5438087	-0.76681656	-0.8882589	-0.46402797	-0.8453544	-1.3420922	-2.72984	-2.6261568	-1.012677	-0.96188	-2.0869646	-0.25510103	-0.39710322	-0.09508227	-0.14302972	-0.7169376	-0.91864383	0.8745413	-0.9214169	0.26141158
isovaline	0.89820945	0.13820218	1.188789	0.4999216	0.5023761	-0.1896095	0.92760366	-0.11235631	0.4745187	-0.001139515	-0.37224066	0.45658758	-0.26396468	1.2346153	-1.3673801	0.77040935	0.7493925	0.20511472	0.7173863	0.66687185	0.1450358	0.69496953	3.6137187	-0.28832266	0.8240836	-0.17109877	2.1071765	2.8819754	1.2782199	0.6799454	1.0200843	1.7306314	0.44836044	0.72426814	0.78106344	0.79711795	0.1724551	0.414761	1.9029636	1.1505532	0.47276443	1.9165533	-0.12292515	0.7030471	-0.72363585	0.28470266	0.15870573	0.798805	1.1344081	0.3036892	0.1472458	-0.09963004	-0.19163005	0.15996183	-0.9228038	-1.1886463	0.21717244	0.009547643	0.9277241	0.64933026	0.2897698	0.2523327	0.15217285	1.3208665	-0.00178353	0.757334	0.6315523	-0.15083146	-0.5086228	-0.8169062	0.09101803	0.055091947	1.3350623	-0.1490728	0.31594712	1.145708	0.57306874	-0.3524947	1.0450898	-0.6786002	-0.33187115	1.1905739	0.92308503	0.8077204	-0.029044783	0.9138352	0.43126285	0.74604225	1.0219933	0.8446455	0.8619602	1.0430303	-0.5579202	1.280523	0.29870057	0.45937535	0.07304368	-0.8771672	0.47686142	-0.31370407	0.74563897	0.18620197	0.5798016	0.96549624	0.24015023	1.1839637	0.041227568	0.43848267	1.1555123	0.676045	0.13562709	0.43427896	0.8032044	-0.037197243	0.6388916	-0.32399297	-0.23829624	0.16829154	-0.69155246	1.1840179	2.6292033	0.49959671	0.16736013	0.30147237	0.06954077	3.2959652	2.2419486	0.77890134	0.22928037	0.3677441	-0.7732686	-0.799687	0.6326851	1.6472191	0.091070056	-0.010355862	-0.2021516	0.56100976	-1.1241928	0.36222294	-0.69765174	0.8820197	0.35162306	0.30920738	0.38188806	0.3459006	0.32960147	0.8456023	0.6027271	1.530929	0.53375894	1.3453662	0.42346805	-0.909419	0.8350466	0.3287766	-0.33312163	0.8981363	0.18380515	0.18236223	0.1494504	1.0748245	-1.1733098	-0.7018037	-0.2349329	-1.4832983	0.7273926	0.10912904	0.6609318	-0.063344024	1.1225051	-0.5029369	1.0027254	0.7012489	-0.066498145	-0.33080867	0.06489245	0.97281003	-0.10120567	1.1384226	-0.08605162	0.414978	1.0328448	-0.36745334	-1.5747782	-1.0739952	0.7387966	0.13479985	0.75567585	2.7817245	0.98653495	0.19253202	1.048973	0.6665274	-0.41430843	-0.45950952	-0.53965664	-1.355934	0.6638889	0.46510416	0.32487693	-0.4166773	0.5877709	0.85822535	-0.032132704	3.6137197	0.55022633	1.1386758	0.12572855	1.4870633	0.6439118	-0.62717855	0.18257011	0.86486393	0.1609632	1.3184282	0.16598223	-0.36518797	0.5145385	1.2075529	-1.0894151	-0.02789866	2.1055975	0.5214914	1.5494887	0.16141824	0.9696423	1.1911786	0.2831721	-0.85380936	0.8951908	0.3281465	1.1660348	1.9484955	-0.12213734	1.5123109	-1.493981	0.21261314	-0.3303028	-1.0325861	0.3731529	1.3250589	0.29395306	0.442984	0.5118788	0.35919636	0.18212052	0.2524669	1.6280994
kynurenine	0.23373003	0.1982092	0.32596183	0.55196214	0.8519424	-0.21657445	0.5038054	0.83427846	0.28229713	-0.6758482	-0.54230803	0.5764018	-2.4530907	-0.15453856	-0.7022218	0.6012954	0.49605656	0.32222593	0.11092074	0.9685784	0.61958575	0.6885079	0.6446392	0.61410177	-0.020438518	0.3126085	0.0062683644	-0.3727936	-0.52550834	0.00274995	0.6801316	-0.43665877	-0.73283696	-0.07616379	0.54631674	0.763198	0.81500113	0.07942799	0.2560631	0.40592983	0.103834406	0.94120765	0.08125377	-0.11167508	0.34175792	0.24974243	1.0528519	0.41952875	-0.125794	0.36092427	0.9018709	0.17426415	0.30422175	0.10484115	-0.5756903	0.045654204	1.2999693	0.61615777	1.3783181	0.6418387	0.33220643	0.39189234	0.08856202	0.32657674	-0.19301027	-0.3476242	0.67644125	0.6539117	-0.31742913	-0.68912196	1.1933768	0.2201297	-0.18685253	-0.123675935	1.0741365	-0.06817168	0.7616657	-0.5568223	0.8711267	0.1529133	-0.32137686	-0.54197794	0.15958752	0.43130553	0.3612601	0.25012636	-0.03266988	0.6072057	0.2359695	0.123301215	0.43652943	0.5948226	0.06807262	-0.059093334	0.6352893	1.1322086	0.77904105	-1.020967	0.7542548	-0.4419175	0.28317058	1.3530853	0.15454498	0.13452125	-0.25639144	0.40064317	-0.17584713	0.54336774	0.2904803	0.13700376	1.1666552	0.45755917	1.1384041	-0.60469	0.20461325	1.4721558	1.3562418	1.8830907	0.03644487	-0.34448278	0.24136424	0.62147856	0.7198435	0.6085489	0.09446617	0.6929319	-0.013141053	0.33430487	-0.29462975	0.5214964	0.6183694	-0.5580415	0.57555246	0.5815408	0.92886883	0.67821944	-0.53424895	-0.88512367	-1.1507558	0.7356277	0.66436756	0.581713	0.67275006	0.6513829	0.3754974	1.021048	0.6810669	1.2205014	1.1135693	1.3489488	1.89765	-0.13506341	1.080799	-0.30456433	-0.15398957	0.33232135	-0.25230396	0.55617267	-1.1433342	-0.18508893	0.3435874	0.6425765	-0.68634504	-0.44836193	0.630664	-1.047279	0.43259254	0.4676243	0.4993407	0.3312288	0.026995385	0.16876976	0.57292247	-0.59575355	0.4210725	0.12540987	0.6388762	1.1037004	-0.2093268	0.6056351	0.27556026	1.6398518	0.03401582	-0.0034457736	-1.4497348	-1.2924637	0.7225777	0.45670477	0.41126534	-0.23570956	0.92948043	0.48659053	0.1565233	0.21675771	-0.22558972	0.69950557	-0.027355587	-0.32623252	1.0030067	0.13406545	0.7709994	0.50303984	0.8235098	0.015602307	0.16342616	0.55022633	5.042746	0.69559777	0.39995375	1.1931831	0.14492248	-0.034492027	-0.3981111	0.51031053	0.35669258	0.67422134	1.7350883	-1.714225	0.35232782	0.15566187	-0.03580301	-0.50501555	-0.36092854	0.8684924	0.9567283	0.107675314	0.4752324	-0.03153245	0.25707766	-0.4111675	0.7498615	0.047942124	0.19511206	0.17357953	-0.3462177	-0.14171976	-1.3686285	-0.123578474	-1.1758895	-1.8530201	1.1707201	-0.11849749	0.31187904	1.2506866	0.44640368	1.2818276	0.19398932	-0.19026218	0.9473065
lactic acid	0.21330759	-0.73899716	1.8760384	1.2821214	1.1866419	-0.13802415	1.7288215	-0.020548332	1.4293133	-0.9646138	-1.1089708	1.0954711	-0.5599323	3.6845088	-1.527714	2.6753147	0.7460444	3.0261	2.296347	0.8013015	1.4033346	0.97037286	0.88798565	-0.49953136	2.2378466	0.89738107	1.4776561	1.0309095	-0.91657054	1.4427078	4.1452804	2.994378	-0.47114345	-0.32490057	0.18719994	0.4484547	2.3093514	2.8189673	2.0239365	3.5895238	0.79837257	0.87646705	-0.005273394	1.2779453	-0.3761841	0.3761987	0.28609002	2.3372579	1.651925	-0.32292128	0.58437103	0.8587941	0.056106355	1.548426	-0.44805363	-1.570349	-0.26598614	0.41094917	0.6397326	0.69849914	0.8484234	0.1359546	-0.8880405	1.2728688	1.1617945	0.2551889	0.53786176	0.45666352	-1.0792576	-1.004819	0.31454498	0.16340946	0.9418344	0.10115644	1.4371946	0.9274663	1.3796345	-0.85552496	-0.08719864	-0.2601189	-0.6375353	2.0297964	0.78474844	0.68459034	-0.5362054	2.1392658	2.6198194	1.4161099	1.5209209	2.0627801	2.1738615	1.8057003	0.29022554	1.3359393	0.5128066	0.66725236	0.35423243	-1.5169021	0.22982295	0.055748116	0.109521545	0.43262184	1.1944386	0.20074753	1.4343265	0.6232591	0.46517417	0.99178815	1.5567528	2.1802554	0.083680294	0.7240716	1.019756	1.7854018	2.587051	0.27697852	0.4169946	-0.30560923	1.4686896	0.6792259	1.0450566	2.0832741	0.7432371	0.810087	1.0980177	0.41108993	0.72794884	0.82401043	1.4895219	1.3318443	1.0139232	-0.6281086	0.8247928	1.2910761	-0.27501714	0.28801322	-0.053472	-0.16491964	-2.2414358	0.21034078	0.5481243	1.062851	0.47477219	1.9563044	0.5980414	0.14401703	-0.3979371	0.6345855	0.22839412	0.9084035	0.8024051	0.9226587	1.5881321	0.9287988	1.0041463	-0.13183074	-1.1720513	0.045652837	-1.2721256	0.99416804	-0.2647229	0.2888538	-1.1524723	-0.8817635	-0.3330109	1.9807861	1.8283241	1.545431	1.0793087	-0.08497443	2.149627	-0.804747	-0.2350738	1.2480164	0.5937063	-0.069002956	1.5794443	1.1479952	0.4657783	2.4607124	-0.04653452	1.1903985	1.9237192	0.02073773	-1.1936438	-1.2812749	1.3507316	0.9827102	0.469231	0.5186288	1.8448352	-0.009558979	1.5751634	1.9484433	-1.2138702	-1.2074159	-0.74442625	2.2430668	1.1893927	0.6907125	-0.41903675	-0.4983442	-0.10121108	2.1653886	0.20593607	1.1386758	0.69559777	4.1452813	-0.11726938	1.1668715	0.48231077	-1.169379	1.7124485	1.007772	0.41113892	0.7947276	0.04298975	-0.5517653	1.3726572	1.3759604	-1.2909056	1.7186551	2.4857912	0.097813495	1.1275098	2.8975117	2.1248841	0.36549795	0.591087	3.4746146	1.5734668	0.005754689	1.2504987	2.473752	0.28756452	1.4514354	-1.4028324	0.25777397	0.52672225	-2.0445774	-0.08792698	1.627093	1.3978016	0.24494669	-0.07658352	1.1017731	-0.083786465	1.2277052	1.7029611
leucine	-0.66566527	-0.30906564	-0.7745612	-0.77437836	0.39670694	-0.19077449	-0.47749728	-0.38269007	-0.8836595	-1.6446095	-1.5314097	-0.6074817	-3.4225202	-1.4257414	-1.5488374	0.1168166	0.43065453	-0.44615024	-1.2782683	0.21814814	-0.21798022	0.36450315	-0.31717387	-1.2287459	-0.3991687	-1.0634543	-0.8675953	-1.1477826	-1.449346	-1.1480025	0.17698829	-0.99378216	-1.3445697	-0.09117604	0.041152637	-0.09298398	0.4879117	-0.43394893	-0.54053307	-0.33635965	-0.5115287	-0.24913049	-0.47361943	-0.33704925	0.3105861	-0.32277656	0.4828402	-0.8503248	-0.71302706	-0.25242376	-0.1460768	-0.352862	-0.36408362	-0.6640546	-1.3547025	-1.2750188	-0.29090855	0.22962627	1.0050449	-1.5649159	-1.2443807	-0.3592058	-0.38596448	-0.8517153	-0.8408141	-1.1600066	0.24200514	-0.16027713	-0.9810342	-1.3515394	-0.040684316	-0.0023479587	-1.0830902	-0.9453052	0.63643986	-0.98373854	0.26085436	-1.397123	1.3768212	-0.17991221	-1.0826837	-1.7758032	-0.084462054	-0.7222854	-0.7870398	-0.9434179	-0.6729711	-0.5265503	-0.9408209	-0.39696756	-1.0232421	-0.7815305	-0.043180484	-0.99309534	-0.036751058	-0.72457194	-0.6519918	-1.2415048	0.048295107	-0.8410268	0.055356245	-0.6866945	-1.1971326	-0.638786	-0.66586393	-0.30580902	-0.77249604	-0.5436541	-0.8307944	-0.25238916	0.671034	0.31138408	-1.1044028	-1.1051129	-0.52331454	-1.4114685	-0.83514094	-0.21344882	-0.4833966	-0.7133092	0.20162714	-0.94409895	-0.0014028251	-0.3144404	-0.6611192	-0.23997216	1.3987321	0.00016425691	-0.057947513	0.033424783	-0.8823375	-0.2863071	0.059804685	-0.025709478	0.016474761	-0.22525518	-0.9342991	-1.408823	-2.0353272	0.24797413	-0.5462079	0.017979031	0.50114584	-1.1230389	-1.1060411	0.68617594	0.2888941	-0.004813136	-0.048958465	0.07262894	0.09656122	-0.8525872	0.61145765	-0.5973061	-0.63846225	-0.5683445	-0.73045164	0.8078065	-1.1139734	-0.8116308	-0.41228816	-0.14098708	-1.4625535	-1.2056948	-1.3635625	-1.5124004	-0.3942717	-0.541476	-0.25074005	-0.4377258	-1.0110611	-0.21893768	0.7424879	-0.8628877	-0.17479658	-0.98127156	-1.4302609	-0.83547723	-0.25639784	-0.27061802	0.12978488	-0.7769605	-0.94293237	-0.53225785	-2.2418242	-1.9324328	0.6131596	0.19204594	0.13232511	-0.83670676	-0.5582793	-0.23122317	-0.1487301	-0.64934826	-1.289844	-0.58205724	-1.256307	-0.9737998	-0.43105754	-0.34992746	-0.25773874	-0.22873044	0.34977505	-0.93578744	0.5417778	0.12572855	0.39995375	-0.11726938	7.1186233	0.25568634	-0.94959784	-0.47036666	-0.95911515	-0.24859719	-0.03683516	0.2873285	0.21899468	-2.1056228	0.32639483	-0.61409163	-1.065784	-0.3469395	-0.95513546	0.21639745	-0.13428378	0.21075867	-0.22891282	-1.2314807	-0.38192263	-1.5697082	-0.45189223	-0.61870944	-0.2795975	-1.0841067	-1.4838777	-2.2143757	-2.4281673	-1.377951	-1.8632233	-2.4946792	0.48135903	-0.6293785	-0.6964093	0.34855244	-0.21903636	-0.5787367	0.050018016	-0.7331185	0.3605317
leucinol	0.36227173	-0.22209065	1.588013	1.5114211	0.8430853	0.8538575	1.6816351	0.568805	-0.5980038	-1.5487111	-1.5751952	-0.23955755	1.1270418	0.26425704	-1.4037318	0.32527286	0.18132441	1.3691001	0.50127596	-0.36327142	0.9703599	0.267932	1.1643548	-0.78156376	-0.289049	-0.45072362	0.3860015	0.64557785	-2.0167694	0.35883757	0.8642794	0.6229097	-1.7991846	-0.0154704675	0.12528715	0.06304212	1.5060129	-0.093808	0.17284681	0.68290234	1.8761069	0.9354406	-0.8603407	0.49210224	-0.93997186	0.4588178	0.38211578	1.0043019	2.8292108	-0.4913353	0.6815475	-0.45304006	-0.32046464	-0.2680526	0.1821213	-0.62549204	0.8096624	0.2136191	0.32025093	0.36302698	-0.2775677	-0.5226047	-0.35136476	0.80690247	1.1909504	-1.0317686	0.47647375	0.50313514	-0.3261193	0.48650238	0.8668085	0.60672015	-0.9338593	1.4172404	1.8788136	0.8815892	1.0750716	-0.18745604	-0.58644104	-1.5446024	0.56151575	-2.1834571	0.19199134	-0.487358	0.4570868	0.5020616	0.55301803	1.1051757	1.660516	2.6349854	1.8190498	0.72858685	-0.46326238	0.48263606	-0.1359992	2.5903437	0.8831677	-1.3016437	1.1331639	-1.1547383	0.33745998	-0.6849599	-0.11792305	-0.692866	-0.33969083	0.46703115	-1.1844758	-0.028800227	2.5428765	0.9997364	-0.4140886	0.55106324	0.52795935	-1.4156376	0.912469	-0.52658916	-0.34941614	0.32626915	-0.6087751	1.4651504	1.953337	1.0036594	1.1426011	-0.29842412	0.9714513	0.19042332	1.1869597	0.034497563	1.2640024	-0.2959505	0.33750626	0.9911742	1.1399049	0.850554	0.7121235	-0.15417376	-0.70197433	-1.3271508	-0.565731	0.088057935	-0.8366412	0.5947615	0.13171305	0.71912384	0.72573173	0.021686094	0.03093533	-0.255845	0.2882142	1.3232659	4.0397177	0.26175937	1.7910842	-0.74456686	0.4185679	-0.12918088	-0.7890267	0.4581352	-1.6057081	0.23553725	0.09430075	0.82661355	-0.43413183	0.079929724	-0.27569404	-2.4190056	1.0278733	0.6040174	0.22271097	-0.70610404	0.1496091	-0.81207013	0.05619674	0.26782084	0.36913806	0.35182634	-0.2682394	0.5746936	0.11197454	0.6772038	-0.45475	0.6681443	0.5774987	1.9710417	-2.217389	-2.7726648	0.58849674	-0.6365404	-0.41952598	-0.8588057	2.9179316	-0.46505404	0.8582474	0.39210066	-1.1185937	-0.8925687	0.15376085	-1.2880638	0.75756615	0.5487861	-0.0025425663	-0.92312145	0.0704492	0.14134905	-0.22100528	1.4870633	1.1931831	1.1668715	0.25568634	4.999469	1.0621969	-0.3738821	0.8135239	-0.28901652	0.21795557	0.2856584	-0.8613805	-1.2445548	0.45721874	0.5644674	-0.89402676	1.1231081	0.84235734	0.18183212	4.999468	0.48663098	1.2185829	0.11564919	0.6318038	2.203125	0.061485026	-0.29485178	1.1488867	0.45959952	0.13072778	0.41164178	-1.7871562	1.5357952	-1.1124301	-2.0242953	0.45007896	0.47368625	0.48388025	0.28906462	0.6576306	0.4051866	-0.11589727	1.0216298	3.7301927
linoleic acid	1.3047712	0.3305644	2.192273	2.5525265	1.2938223	0.7346949	1.0997516	-0.340984	2.9246123	0.84357834	0.9196553	1.6796455	0.5833131	2.2533247	-1.1501948	2.0421636	-0.28907478	0.5368418	2.1768017	1.2936715	0.85712945	0.4177277	0.8937755	2.7887726	0.97304326	2.4862673	1.8741931	1.5958126	0.68689233	3.0657704	0.92471707	0.57900643	1.0411189	1.8072988	1.5221043	-0.40166882	0.39164147	1.3923748	1.8948172	1.6579959	2.5976124	0.70612496	0.29781714	1.2745391	-0.7323068	1.3374789	-0.43414414	2.1471825	1.0542331	-0.25220844	1.2130338	1.0868344	1.0612615	1.1980699	-0.85661095	-0.15181328	1.7180878	1.8940564	1.0531086	3.3187208	3.0251133	-0.18119398	0.19052029	1.3323005	0.19449614	-0.016499469	-0.7854424	0.17083453	0.23022482	0.058554802	1.7309701	0.022439148	0.3920718	0.757898	-0.055300105	3.5700495	1.235998	0.12635133	0.083143905	-0.5046473	-0.24244669	2.4834673	0.43592817	0.98937607	-0.5043509	2.4852002	1.7104198	1.5532029	1.8336968	2.504915	2.4674795	2.1256752	-0.40573388	1.508539	1.0254622	0.8069633	1.7634708	-0.7263035	1.3195866	-0.11768875	0.48895615	0.52411	1.8498935	0.19206317	1.4734124	-0.012968162	0.56842756	1.6883242	3.1183727	2.1410377	-0.26827815	-0.07437256	2.7949982	-1.021838	1.5455678	2.5353947	2.250108	0.0042711943	-0.21773268	1.6055506	0.956398	2.1249633	-0.6141806	0.72462523	0.5733279	1.1061019	-0.32783005	0.72551566	0.4861669	0.9053082	-0.6158059	-0.10979328	1.4494858	1.1374134	-1.2110679	1.2824663	0.4219547	-0.5644808	-2.5308385	-0.10813142	-1.7312984	1.0662515	0.26721764	0.77099276	1.5234094	-1.4481307	-0.7984629	1.004833	0.27976066	0.73163766	1.0782825	2.3395674	-0.446999	0.965496	1.8516802	-0.4388994	0.48594546	-0.58864486	-0.61423707	1.2531213	0.21307372	-0.18490908	-1.2067864	0.73192865	2.831591	-1.2420168	1.9153175	2.2420318	0.33431605	-0.9499746	3.4538238	-1.5069917	-1.4313726	0.1639915	-0.19401358	-0.017600624	3.0781198	2.5496898	0.29206595	1.689286	-0.7368689	2.1894658	2.5080266	0.61416507	-0.7359597	-0.70367414	-0.48435846	0.62831855	-0.6931523	1.073155	1.3935198	-0.5901891	2.0992298	1.98715	-1.4287509	-1.159622	-1.4985334	-0.45431072	2.102961	1.2914513	-1.3404437	-0.34321165	-0.46640778	1.7655216	-0.5583074	0.6439118	0.14492248	0.48231077	-0.94959784	1.0621969	3.7924228	-1.617089	2.0819714	1.8116654	0.44890445	1.3123888	-0.5455501	-0.5048108	0.41027966	2.1599977	-0.22258438	1.7628897	2.7952003	-0.32680136	0.88428456	0.7350839	1.6561207	1.0018564	1.7223006	-0.4818684	2.2133307	-1.1031063	2.7430842	2.2802982	3.0399094	1.0667858	-1.8196963	3.7924218	2.1929736	-0.8607636	-0.4621646	2.1971936	3.542148	0.07145604	-1.0292164	1.9344735	-0.86382884	2.1691976	0.7354231
lysine	-1.140957	0.30518335	-0.2097559	0.3672254	-1.0428941	2.2497118	-1.0436915	-0.9115514	-0.6550382	-1.7552984	-1.5407099	-0.5271495	-3.493791	-1.1830957	-0.48959517	-0.92472386	-0.6093046	-0.44980755	-1.818491	-0.05388784	0.51595134	-0.065076984	-0.6704252	-0.8465527	-1.3655763	0.5928924	-0.2757937	-1.3507905	-2.0901911	-1.3688565	-0.6741552	-1.1273711	-1.5977027	0.025651153	0.34033412	-0.0099273315	-0.29961744	-1.1268249	-0.85771817	-0.22557329	-1.2806082	-0.70301425	0.252817	-0.99060357	0.68143165	-0.98057705	-0.7560209	-0.5697056	-0.13375042	0.44292352	-0.40455022	-0.55148077	-0.64630204	-0.7830265	-1.2601283	-0.72464734	-0.49627596	1.188447	-0.66340566	-1.5509967	-1.767787	0.25832763	-2.1625664	-1.6344093	-1.2392471	-2.3694267	0.43845677	0.5304792	1.7995375	-1.049852	-0.31112462	1.8580706	-1.6174629	-0.083932765	0.8399093	-1.1086657	0.3915425	-1.5014269	-0.09371655	1.8074179	-0.47252882	-2.1407712	-1.1853795	-0.4118081	-0.63223517	0.45338556	-0.7246006	-0.16869573	-0.8475556	0.19213173	-1.1869813	0.749775	-0.18421522	-1.3332537	0.66436905	-1.1039699	-0.7741208	-1.6205218	0.60450387	-1.2826495	-0.86837333	0.47048512	-1.0028697	0.4262145	-0.71688634	-0.9932812	-1.3833711	-0.21135797	-1.2139463	-0.4044644	0.006813626	1.595796	-0.8833259	-0.242617	-0.954373	-1.0133005	-0.9490949	0.06761001	0.6734162	-0.2716418	-1.4044175	-1.1385449	-0.1209766	-0.047721844	1.0442749	-0.90188235	0.35412994	-0.7046469	2.3772168	0.8910731	-1.5566125	2.3629358	0.77609646	-0.41204098	2.237878	-0.30172065	-0.1634999	-1.4013193	-0.40968665	0.507199	1.2032906	-0.7105055	0.7118897	-0.4319025	-0.4227627	-1.0063871	-0.04169449	0.28539872	-0.17883414	0.62161565	0.8161175	0.716377	0.51964045	-0.45121965	0.4331989	-0.7874828	-1.4723712	-1.0059036	-2.4463174	-0.72680795	1.2791069	0.55922717	-1.6103944	-0.8843102	-0.5388926	-2.2249064	-0.018488275	0.3338868	-0.42953277	-0.7067731	-1.4684727	-0.9812247	-0.15087791	0.7126709	0.8845398	-1.6747895	-1.8305223	-0.9256279	-0.11882816	-0.9158596	1.4051951	0.117888995	-1.2161278	-1.2486959	-2.6254835	-2.3247542	-0.8146012	-0.43452275	0.05241658	-0.55993897	-0.7033457	1.957156	-0.88710415	-1.4460777	-0.86461496	-0.56137073	-1.4718268	-1.2442398	0.368818	0.065502584	-0.20113203	-0.7463641	0.5415339	-1.2239707	-1.0583899	-0.62717855	-0.034492027	-1.169379	-0.47036666	-0.3738821	-1.617089	5.750112	0.08832633	-1.50738	-0.4547083	-0.1945577	0.80262494	-2.4129982	0.9296512	-1.2429549	0.9791073	-1.6366293	-0.7752489	-0.3887399	-0.16754566	-0.9717881	-1.1566359	-0.19057865	-0.3679965	-1.6185604	-1.0095295	-0.67789453	0.09015359	-0.8901115	-1.2379843	-1.7132092	-2.5411124	-1.8906075	-1.9967543	-2.7612936	-0.89696753	-1.0055034	0.20946766	0.38102484	0.041904096	-0.057337124	-0.9792099	-0.90375656	-0.3575247
malic acid	-0.0365205	-0.06553255	3.9053836	1.1693687	1.4737747	0.9169876	0.7317066	0.45946625	1.4988307	-0.68122137	-0.17155711	0.68501	-1.6223294	3.277247	0.96734834	1.8624482	-0.20490694	1.2902566	1.5426655	0.521705	0.3697858	-0.00442948	0.6815475	0.61078686	0.892888	1.024026	1.10043	0.69458157	-1.4063213	2.091861	1.774419	0.76473963	-0.49519733	1.2771899	1.2607718	0.45884177	1.7709771	1.2666407	1.2140139	0.9737514	2.3416197	0.2827985	-0.044518616	1.4106864	-1.0832634	0.23588362	1.3926917	1.573889	4.3640122	0.21316108	-0.24937284	0.6849222	0.11143893	1.117611	-0.31168997	-1.1533602	-0.6750288	1.4073111	-0.52071697	0.708308	0.98338324	-0.13917416	-0.92551553	0.8504614	1.132818	-0.88392043	-0.36531517	0.1393808	-0.49969086	-0.7033408	-0.24887994	0.101280764	1.9178425	1.3621866	-0.2785879	2.2047188	1.4056805	-0.67902076	-1.3521713	-0.68019295	0.41705838	1.4204414	-0.1198	1.3706256	0.34516335	1.9413854	1.2303922	1.2738245	2.0155592	1.4327472	1.996534	2.2565277	0.4669902	0.90929925	-0.40155092	-0.3826941	0.8763538	-1.123634	0.3724358	-0.39542252	0.55310273	2.3351996	0.19385548	0.13949268	0.5965622	-0.49336115	-0.50516087	0.9575739	1.8786051	1.7492045	-0.7824817	0.68969584	1.718242	-1.089849	1.0823703	0.37146878	0.7877106	-0.28363216	-0.06028086	1.1487901	0.12616819	1.9462347	-0.020067248	0.23883064	0.8395774	-0.2431738	-0.8650108	0.65362066	0.26709616	4.1466227	-0.8780204	-0.28945965	0.4128808	0.5540122	-1.0506845	-0.72313774	-0.22680728	-1.4589902	-1.5106418	-0.37763917	-1.7351443	0.3626259	0.35209447	0.72697055	-0.1527617	-0.784171	0.0066035623	0.26720706	-0.13701263	0.40753347	1.3065327	0.94098127	-0.18746108	-0.2631339	1.4783459	-0.28201994	-1.1346723	-0.64762646	-1.2626722	0.5250149	-0.25451243	0.5183477	-0.8217882	0.1957574	0.7243587	-2.039818	1.3293567	1.2719933	1.1944069	-0.032985426	2.1939163	-1.7693621	-0.89110667	-0.029246313	0.27979767	-0.5373236	1.3319846	1.0441493	0.7958839	1.659003	0.44638652	0.914522	1.8653139	0.8636834	-1.0387933	-2.12105	0.9517513	0.26365277	0.22209778	-0.072472885	1.2170725	-0.2571014	1.1349187	0.82628405	-1.1614357	-1.3710953	-1.5661886	-1.2009441	1.0817747	0.8961406	-0.48501354	0.100620724	-0.10161354	1.341767	-0.50151813	0.18257011	-0.3981111	1.7124485	-0.95911515	0.8135239	2.0819714	0.08832633	7.8379273	0.5282093	-0.14028786	0.35258734	-0.115617745	-0.5789281	0.25753	1.0523	-0.848033	3.4460154	0.8479675	-0.84091896	0.37082908	1.1486923	1.6908596	0.501716	0.040497806	0.5966368	1.6057184	-1.0302138	1.3595328	2.4222956	0.0760328	-0.3270104	-1.9698362	1.5070801	1.6595469	-1.7853868	-0.62647676	1.1294506	3.0021799	-0.24804525	-0.026138954	1.7014201	-1.0376742	1.3465147	0.20271166
malonamate	0.22036947	0.18889727	0.59061176	2.1411579	2.168829	-0.287439	1.1324797	1.1049379	1.5786898	2.051276	1.9876589	1.6388392	0.6715532	1.6045412	-1.3530232	1.1075495	0.71558994	1.457455	1.8668389	0.594075	0.8073885	0.77687484	0.8174345	1.0979608	1.2294906	1.3129665	1.2526565	0.5575911	-0.5080139	1.5679508	1.1484514	0.71355385	2.2261822	0.5752505	0.3549133	1.1776052	0.25291568	0.6163689	0.8566509	1.7135834	1.0474675	0.66433686	-0.24228027	3.1239	-0.55163264	1.2547555	0.8170525	1.4994355	0.48004258	0.10758304	0.53424126	1.2402946	0.5329416	0.9690029	-0.0291553	-0.74368536	-0.7023295	0.26885352	0.24142258	0.2828154	1.3445431	0.8096574	0.32592088	1.1282984	0.16703336	0.4109207	0.67893195	0.40608925	0.6583021	-0.389439	-0.5138837	0.04345155	0.6830829	0.6445131	-0.08389361	1.7843176	0.9808057	0.862267	0.9138662	0.5713901	-0.6182279	3.405548	2.0327868	1.3540872	0.39789817	1.4172428	0.69919646	1.8160514	3.1530504	1.2923872	1.3712704	1.3817317	-0.8202221	1.3981652	1.284509	-0.16359152	0.62564874	-0.71722496	1.0297481	0.8831007	3.2659009	0.60015494	1.0291387	0.050572693	1.1786205	2.0957925	1.3069897	1.095014	1.2754395	1.440238	1.314754	-0.076306276	1.8872075	0.7936465	2.392311	0.814543	1.065879	1.8527277	0.058380187	0.91178304	0.62548006	1.824436	0.2658625	1.2959583	0.47021917	0.462213	0.32964683	1.0600278	0.06742192	0.7448096	0.040303063	-0.654852	0.56261635	2.806168	0.15381227	-0.544539	1.2167394	-1.4312736	-0.7226802	0.41547516	-1.3264949	1.1490346	0.010942335	0.96347314	1.1600761	-0.24635217	0.11580231	0.6952704	-0.14781736	0.90627503	-0.18847702	0.6788686	0.076154105	-0.07582141	1.5780567	-0.7137625	-1.055936	1.3009813	-1.1547484	0.8283029	-0.43646646	0.87288594	-0.34205726	-0.18764536	1.031808	-0.1781279	1.4098549	0.12175714	0.6794127	2.430606	2.1668851	-0.46257338	-0.9494294	1.428503	0.19370905	1.3843131	1.1407886	1.8857591	0.5996223	1.1439701	-0.32804757	2.0555031	2.049402	0.23546019	-1.231499	-1.0859002	1.9253036	0.80960256	1.2403433	1.6775571	2.8226447	-0.33878762	1.2197502	1.69321	-1.0850241	-1.1462785	-1.0561249	-0.8687085	1.319297	0.888671	-0.35142246	-0.14896147	-0.5345804	1.6975578	-0.3126387	0.86486393	0.51031053	1.007772	-0.24859719	-0.28901652	1.8116654	-1.50738	0.5282093	4.1512055	0.9161827	0.103551656	-0.08422911	0.34207788	0.8182179	1.0318493	-1.2176697	0.42655	0.48697767	-0.16183585	0.86074424	-0.22234389	0.8510734	0.8084714	1.4378656	0.15121901	2.3324375	1.4310747	1.4342816	1.7192045	0.6102367	0.31699458	-1.9691935	2.8717723	2.2674859	-1.9393578	0.3170143	4.1512046	1.4753513	0.58825517	-0.27085203	2.0598323	-0.317703	2.3733056	0.77221507
meta-tyrosine	0.10487958	0.1418577	0.5739658	0.4035714	-0.054557245	-0.38430065	0.85886836	1.4970893	0.74243253	-0.5551558	-0.88794893	0.17400265	-0.69597155	0.3439589	-0.7506986	0.84364724	2.1616042	0.50438815	0.70192623	0.4766756	0.7259914	0.9409661	0.60818774	0.3606818	0.03346871	0.35736752	0.7299531	0.75113034	-0.10381433	0.53770554	0.34021407	0.36853075	-0.6791624	1.0244893	0.96041083	0.31657958	0.5339607	0.47366872	0.8111206	1.085182	1.7877455	0.06785098	0.3959515	1.05071	0.37115097	1.5170777	0.16103119	0.083685115	0.12876919	0.52185214	0.34332502	0.05439448	2.5517788	0.3807124	1.022534	0.8161567	0.11358496	0.42234483	0.6970939	-0.8132779	0.020638127	1.8520323	-0.6204669	-0.6067275	0.12048411	0.17706977	0.6111852	0.70808184	0.6428879	0.5647955	0.22363353	0.77684426	0.4494768	0.11449382	0.17597106	0.47194383	0.18001193	0.20241854	0.93998545	-0.38314322	-0.15122105	-0.57491994	1.3973911	0.3791779	3.026063	0.74655443	0.57258844	0.85528034	1.8895957	0.44177866	0.51037663	0.96847194	0.5350686	0.61838347	0.49742416	0.522982	-0.28633386	-0.75400555	0.7106046	-0.19328699	0.39925933	1.1542712	0.25464562	0.26694757	0.17141789	-0.39097947	0.3371223	0.40894988	1.0207183	0.37755686	0.24461734	0.5154334	0.33888566	-1.08317	0.47005498	-0.8879842	-0.64177936	0.68194807	0.5777893	-0.34687972	-0.123819284	1.613743	0.43512163	0.16314508	0.7932214	-0.08667927	-0.21155879	0.47578087	-0.41236448	0.4211081	0.97118926	-1.1128167	0.33471712	1.5450181	-0.29014677	0.18684459	0.8852862	-1.1521528	-0.6521219	1.0305808	0.5458391	0.5903317	1.23398	0.25395367	1.071272	-0.41384363	0.419525	0.46189713	0.49889478	0.33509883	0.6248983	1.022542	0.024008501	2.9107885	1.1594102	-0.22590129	-0.34198424	1.0018742	-1.529649	0.64961505	0.84801966	0.5869678	-0.15149865	0.44386443	0.12816282	-1.6197839	0.6457934	2.0430322	0.39914745	4.4651713	0.30051056	-0.86269796	-0.3560111	1.1972866	0.21476638	2.04951	-0.284915	0.3569537	0.5439753	0.55717206	0.40700546	0.2411509	0.5627939	0.3143425	-1.7435133	-1.1665772	0.5364045	1.9886774	0.36422533	1.3895942	1.479232	0.0017985611	0.7909034	0.92466855	-0.18004829	-0.7644541	-0.6683461	-0.1050425	0.6170593	0.58243	2.2138195	0.039820097	0.41327515	0.5263058	0.34895954	0.1609632	0.35669258	0.41113892	-0.03683516	0.21795557	0.44890445	-0.4547083	-0.14028786	0.9161827	5.5173254	0.5940519	0.48336115	-1.5111779	0.79472417	0.7404861	-0.57337815	0.5896189	-0.14865464	0.20701651	0.32393903	1.6313148	0.58183837	0.79815394	-0.09812587	-1.6823909	0.7346942	-0.53930426	1.0545262	0.7147043	0.1399118	-1.9033158	-1.3034382	0.90242535	0.20158991	-1.9409095	-0.09625486	1.0792288	0.6728643	1.0457205	0.8010464	0.44812652	0.104082696	0.8865927	0.7476624
methionine	1.2310824	3.677073	0.16054021	0.30925533	0.6720255	-0.51441175	0.2253285	0.10454699	0.8010781	-1.1557239	-1.237949	1.2017028	-3.0644658	2.3875265	-0.7972098	0.41810083	0.37814632	1.0694352	0.7437004	0.10512182	0.031241335	0.9836488	1.0635772	-0.059660316	0.29708168	0.20021011	0.72397596	-0.08856727	0.96408933	1.6763763	0.6731472	-0.44286415	-0.927525	1.1741861	0.38724768	0.41215456	0.0044443645	0.7198196	0.13876629	0.6303383	0.18976142	0.92461115	1.7889141	0.3466588	0.26701885	0.97213405	0.48172316	1.1522845	0.004759056	0.0798736	1.824471	0.32080957	0.06463569	4.1369705	-1.1497004	-0.1029303	1.6192597	1.4948689	0.86516047	0.67483175	0.005375218	0.2723035	0.7131435	-0.593241	0.3011809	-0.6788025	0.15506147	0.44447973	-0.25528875	-0.18015206	1.748953	0.31742713	0.05925432	-0.21449323	0.69886345	0.53142166	-0.12608814	-1.1041068	0.5297179	-0.1709958	-0.66241646	-1.3132558	0.72955906	0.5008232	-0.6157254	0.8867918	4.236224	0.71918845	0.36616755	0.08529366	1.154573	0.16675098	0.008807502	0.48053873	0.52950025	-0.04137761	-0.21153294	-0.8744924	0.27576503	0.15754469	0.8868464	-0.2933781	0.0048817256	0.40224668	-0.25996986	-0.045874458	0.07458212	0.089355886	1.0283343	1.6377087	0.49041188	0.6846933	0.22035025	-1.044856	0.5933742	1.057904	0.7825149	0.6193681	-0.21993637	-1.1933353	0.21889172	0.36197054	0.30222824	0.6239999	0.15015697	1.2466469	1.866323	0.58056813	0.25573212	1.0093126	0.5372602	0.31769884	0.72823435	0.63206226	-0.16289413	1.324984	-0.23972252	-0.22193928	-1.1121289	0.7174354	-0.7226888	0.69123685	0.37955144	-0.51181513	0.32541957	0.4947613	0.3818892	0.58918715	0.5934893	1.1271687	0.37423393	0.30367205	0.3064345	0.29684356	0.9484705	0.3215787	1.4040216	0.6536062	-0.68377197	0.22273749	0.4035491	0.6337812	-1.2614244	-0.3634834	-0.8965302	-2.0185802	0.7773775	1.7514874	0.66201556	-0.3477512	0.64757186	-0.22211283	1.0081651	-0.24391086	0.82727927	-0.8571987	3.4789922	0.110699974	1.1379119	0.5054779	0.075701855	0.16263802	0.8150829	0.44984263	-1.425518	-0.7420196	0.69672453	0.43492496	0.49539766	0.5235978	0.53395736	0.13419305	0.82867837	-0.12953159	-0.29013944	0.11633229	-0.5531419	-0.15591629	0.74116915	0.57470965	-0.28192663	0.18501379	1.0272969	0.68612486	0.47661418	1.3184282	0.67422134	0.7947276	0.2873285	0.2856584	1.3123888	-0.1945577	0.35258734	0.103551656	0.5940519	4.236225	0.08588141	-1.850925	0.92698395	0.1684917	-0.082599975	0.24737616	-0.14229752	1.0365471	0.47373396	0.7617586	0.4171004	-0.42434552	0.26133704	-1.6446725	0.6999869	-0.13729116	0.55534893	0.83598	-0.31224278	-1.3180621	-1.5436693	-0.71032226	0.52823436	-1.0934732	0.45136347	0.37381452	1.6688457	0.676698	-0.050117277	0.16192532	0.24671447	2.7140148	0.91167665
methylglutaconyl hydroxyornithine	-0.22447562	-0.110138126	0.14341456	1.2544973	0.3871592	-0.5276047	0.28658456	0.692462	0.2515994	-0.07958519	-0.5306994	1.4640639	-2.3311574	-0.7131809	-0.43698674	0.19961734	0.37916532	0.3009907	-0.010673901	1.9629948	0.9971464	0.6878378	-0.2765134	1.2291092	-0.16563216	1.097777	0.14540026	-0.23363432	-0.5812192	0.22160763	0.110179804	-0.24625616	0.5519365	-0.13060911	0.40668648	0.09801487	0.7708564	0.07624403	-0.083238676	0.8813753	-0.5272797	0.6004974	0.6504902	0.3634478	0.6168029	-0.3399234	0.2875654	0.50968105	-0.5189191	0.8780258	0.18978123	-0.40159625	0.001751676	-0.0009418391	-0.18922777	0.40690738	0.29441676	-0.19733551	0.67335373	-0.24712707	-1.9708451	-0.22856382	-1.9989296	-1.2276901	-0.23504071	-0.17420271	0.9127715	0.74197906	0.11664752	-0.67989147	0.25530195	-0.08560946	0.14014207	-0.4605728	0.38931704	0.51044077	0.15533921	-0.3298452	0.12801357	0.5780322	-0.3284773	-0.6613382	0.12561354	-0.5889757	0.8867123	0.43418908	-0.32201588	0.2401643	-0.11381033	0.50944334	0.039169323	1.1665549	-0.5309609	-0.46429798	0.72193336	0.11261073	1.2788935	-1.9316177	0.85366017	0.07093026	0.1127985	2.5413077	0.18645091	0.5836577	0.40883717	0.3634253	0.24221596	0.9143041	-0.38741297	-0.30193803	1.4706007	-0.19428006	0.05957357	-0.66318524	0.2262903	0.7315793	1.0694592	0.4363862	-0.3604244	-0.55969054	0.30404407	0.38022244	0.029423121	1.1216171	0.19040766	-0.8260126	0.26416743	0.8282269	-0.52300966	0.46719754	-0.44301108	-1.4074702	0.32987073	0.12461455	0.013537038	1.3337214	1.8344369	-1.4104561	-1.3964068	2.452956	0.14306034	0.63968295	0.991369	0.4349775	0.56363803	0.22605336	1.07795	0.07004749	0.1916925	0.81501365	-0.29552045	-0.047208827	0.35378388	-0.6464205	0.022180226	-0.2062388	-1.2998978	-0.12941849	-1.8743546	-0.49744907	0.6061365	0.5005538	-0.21770772	-0.20015943	1.5674342	-1.2969477	0.21274015	-1.1343098	0.40892217	0.8805113	0.18683311	-0.058702692	0.04703063	0.3396499	0.24478497	-0.664437	0.58458406	2.451751	-0.09653677	0.15790543	0.52527696	0.48951337	-0.016903847	-1.166439	-1.9601223	-1.546924	-0.10749746	0.15563329	-0.9598011	-0.94913137	0.5327509	1.2096148	0.016017336	-0.07110958	0.16810192	1.0053174	0.28190938	-1.1204054	0.7525411	0.23780896	1.7755845	2.4827662	0.55953956	0.85699975	-0.48296	0.16598223	1.7350883	0.04298975	0.21899468	-0.8613805	-0.5455501	0.80262494	-0.115617745	-0.08422911	0.48336115	0.08588141	6.1430235	-0.8999567	0.282711	0.34294397	-0.2691598	-0.7372225	-0.5947489	0.758175	-0.84156305	-0.4815134	-0.22229297	-0.24442013	-0.31254983	-0.58581156	0.9671234	-0.3446845	0.095607854	0.4112897	-1.4939855	-2.3714027	-1.0220668	0.6618653	1.0676597	-1.6234516	0.1843236	0.21767351	-0.88534	0.75317955	0.24743107	0.4438236	-0.85116625	-0.6348744	0.278463
nicotinic acid	0.43690345	-2.591383	-0.438353	-0.9523033	1.2944205	-2.0368922	-1.807142	-1.6616174	-0.37315342	-2.8886738	-2.8519013	-1.9513143	2.6279955	-0.23558863	-3.0765872	0.52555263	-0.9167968	-2.2279356	-1.336144	0.61118954	-1.6150739	-1.3215288	-0.71686715	-1.5478313	-1.3051307	0.0764203	-0.5329322	-0.8982759	-2.3704696	0.0806392	-0.8592394	-1.6728668	-2.4163244	-0.94999886	-1.9332707	-0.8917692	-1.5003198	-1.2199152	-1.0902413	-0.4330322	0.17684895	0.08059796	-2.6387465	1.3825241	-2.52455	-0.64875555	-1.6655085	0.3078386	0.17314652	-1.4929734	-0.7527686	-1.127307	-0.087445416	-1.9371445	-1.6399506	-2.397213	-2.8550553	-1.0108443	-1.8562808	0.8533784	-0.014163729	-0.70622426	-2.0600853	-0.5627062	-1.3335973	-1.664157	-2.0785284	-0.44193903	0.1756649	-1.2958937	-2.8081453	-1.3101158	-0.44765225	-1.5952861	-0.14462073	-0.69340193	0.21533863	-1.2960894	-1.4794309	-1.239689	-0.2870133	-1.8715873	-0.56477547	-0.9307876	-2.2717462	-0.08517178	-0.17119221	-0.4059877	-0.3276618	-1.4299647	0.12589811	-0.7193964	-2.3157575	0.33096245	-1.4867802	-2.231875	-1.3525728	-3.578809	-0.98624885	-2.7942953	-0.76324964	-0.34236434	-1.266719	-1.7822077	-1.7864145	-1.6567345	-2.4700317	-1.1348847	-0.6209925	-0.7487193	-0.5854342	-1.7520198	-0.21348977	-2.3119783	-0.61687744	0.6117868	0.922446	-1.9671112	-1.2104114	1.7328373	-0.64213973	-0.6544492	-1.5469131	-0.7389029	-1.3899772	-0.30087298	-1.6136034	-0.8227033	-1.0074987	-1.4860897	-3.2438247	-2.9051878	0.51485986	-0.20553125	-2.735483	-1.9985696	-0.30347717	-2.5184388	-2.0325718	-0.712594	-2.6783717	-1.7199959	-1.2654603	-0.795597	-0.5608954	-2.0635676	-2.5778658	-1.1830282	-1.5916184	-1.7979723	-1.7426194	0.4778919	-0.5801104	-1.2781519	0.5478998	-2.3838077	-3.5943606	-1.5612128	-3.4630713	-1.0015708	-1.8484517	-1.797334	-2.47135	-2.332252	-1.6143873	-2.9956644	0.6776017	-1.4031593	-1.1666737	-0.99845695	-0.5065263	-2.3056939	-2.4344041	-0.6594263	-0.6262485	-2.1381183	-0.17188749	0.23033626	-1.2718226	-0.09330174	-2.0096543	0.6113456	0.4826817	-1.9779135	-2.9518604	-2.688243	-0.5489001	-1.3863459	-2.3371835	-0.61112314	-0.2859648	-2.045462	0.22517805	0.51840967	-3.112857	-2.7411523	-2.7111442	-2.9073324	0.12707262	-0.64492786	-1.9267391	-2.5002036	-2.11241	0.72265667	-2.1998062	-0.36518797	-1.714225	-0.5517653	-2.1056228	-1.2445548	-0.5048108	-2.4129982	-0.5789281	0.34207788	-1.5111779	-1.850925	-0.8999567	5.3186345	-1.4752859	-0.28596717	-2.6857185	0.8310174	-0.5338478	-1.8931899	1.2914965	-1.5784912	-0.19711444	-0.25056958	-0.6099061	-2.8347585	-0.49815714	-2.205853	-1.1937594	-0.69191784	0.33681414	2.4181614	-3.715866	-1.1408983	1.0818595	-3.3121495	-2.451695	-0.01717777	0.19786252	-1.6408156	-2.2517867	-0.0015946222	-2.5984569	-1.2086768	-1.1696364
norcoronamic acid	-0.6758455	-0.66410714	0.30131814	0.79976076	0.1659059	-0.007789893	0.0019259967	0.21107204	0.43395954	-1.7545314	-1.9547695	0.28991932	-2.976997	-0.271016	-1.1341742	0.61386025	1.7366824	-0.37258157	0.106817976	-0.53086436	1.5323095	2.0035982	0.17679411	0.48380244	-0.2033113	1.3038496	0.078421764	-0.3792525	-1.6488558	0.30251098	0.95725244	-0.040108506	-1.4462113	0.5659753	0.826749	-0.31524184	-0.046875395	0.8917352	0.07830603	0.846464	1.43904	0.2191678	-0.27782264	-0.016317394	0.2217146	1.0226338	1.4376807	-0.21012501	0.35143384	-0.14688626	0.6280512	0.41827926	-0.07859811	0.59363765	-0.76232845	0.9646941	-0.46873423	0.56101084	1.0945637	-1.3214873	-0.041267846	-0.067091964	0.549251	-0.07915446	0.112643	-1.2306178	0.86696076	0.8533794	1.0491893	0.4819305	-0.24382636	0.9777375	0.7626324	-0.3627995	0.82098514	0.57611	0.85118026	-0.9100296	1.5530967	1.494043	-0.6321698	-1.9760199	3.8972285	-0.021170516	-0.5627164	0.20638567	0.24689098	0.592355	1.2732693	-0.09342411	0.15056929	0.924295	1.2471306	-0.31512517	0.7396667	-0.0011404101	0.3542961	-0.13017519	0.58650464	-0.033234086	0.084943205	1.0610565	-0.45974585	-0.8000373	-0.84231335	0.14203148	0.5291895	1.2292279	-0.56187457	0.13535205	0.08080854	1.1198093	0.36011198	-0.3642951	-0.5031528	-0.06860485	-0.1823793	0.22551928	0.5856076	0.40003407	-0.12682657	0.4250801	0.37846535	1.6075648	0.98718154	0.25008115	0.5202894	0.032254938	1.7520865	0.0029511969	0.15441453	1.638218	1.0460889	1.1951495	1.5762762	-0.3743372	-0.4870007	-1.2118926	-1.0922961	0.05205317	-0.3677114	0.94215304	1.702375	-0.24385351	-0.1507991	-0.022840567	0.4423988	0.30565536	1.1893294	0.57920426	1.119959	0.5022196	0.48153162	-0.07276772	0.30539593	0.056599993	-1.2489316	1.9987705	-1.8451723	-0.22164775	-0.1755622	0.71752316	-0.882919	0.7755496	0.24154197	-1.5366087	0.5937537	2.693036	0.5187678	-0.10624885	0.52781576	-0.2162577	-0.1563811	0.27543917	0.31141937	1.8948866	0.092810296	0.36592102	-0.17788057	0.6760298	0.90380234	0.145654	0.41296735	0.031492375	-2.224613	-1.6001301	2.3662593	1.4137552	1.2052324	1.5978649	1.2199004	0.67622596	-0.1398502	0.8896228	-0.9830174	-0.29053062	-0.049719416	-0.95336914	0.3906826	0.19265582	0.09336737	0.37567762	-0.5104716	0.28521663	0.74418783	0.5145385	0.35232782	1.3726572	0.32639483	0.45721874	0.41027966	0.9296512	0.25753	0.8182179	0.79472417	0.92698395	0.282711	-1.4752859	3.8972294	0.29495707	-0.47873148	0.15580203	0.18069138	0.6969368	0.20162939	2.0582786	0.79815394	-0.12684686	0.2741989	-1.408449	0.83365536	-0.30236346	0.58565927	-0.08964312	-0.13813631	-1.7821453	-2.2329738	0.71021324	1.8428444	-2.2988534	-0.020934938	1.442166	0.793955	0.35482785	-0.3097996	0.21768099	0.7725352	0.25679386	0.5370742
ochratoxin beta	0.1513512	-0.5252727	2.117891	1.9148331	0.73972815	0.93563217	2.556892	0.44113132	1.8801018	-0.14980803	-1.2122725	1.4716946	-0.38750035	1.6514227	-0.81287503	1.9603517	1.1183351	1.2994094	2.7848468	0.5747403	1.0307841	0.48612127	0.8812274	1.2446991	1.8764577	1.2944396	1.4816104	1.3477732	0.9993686	2.2212574	1.3984776	0.8205702	-0.26790136	0.4109075	0.7395528	0.80405223	0.3015453	1.5808666	1.8087605	1.673409	1.5524421	0.96599764	0.46283942	1.2529868	-0.20676178	0.9022946	0.520641	1.8094578	2.3346436	-0.21243034	0.36139017	0.18712956	0.09237465	1.0512943	-0.8189216	-0.53294796	-0.7040263	1.3035189	1.1804365	0.7960932	1.6494223	0.13852522	-0.6148761	2.0995064	-0.29549018	0.7649764	-0.0108092185	0.14048013	-0.2667684	-0.25074258	-0.46060607	-0.19576378	2.1662297	1.2332566	-0.18965164	2.1819365	0.6670323	-0.33912274	1.1685275	-0.28228977	-0.08452166	1.6555564	0.01914218	0.92073876	0.5769658	1.8198191	1.0510842	1.5872912	2.2645187	2.2075016	2.121066	1.1675396	0.68256515	2.35315	0.58495146	1.1219717	0.8727314	-0.73064864	0.36279652	0.82950234	0.54441726	0.6216803	1.557889	0.8996273	1.9153202	0.25353414	2.08384	1.514201	4.0601993	2.2912755	0.108494475	0.057638984	2.217294	0.67948526	3.1312892	2.2419245	2.108756	0.4366512	0.49078616	1.0306795	1.8066303	1.4521632	0.14660254	0.3817144	0.99079543	1.2970951	-0.17061207	1.5859063	0.18181612	0.4100501	0.6895231	-0.30956233	0.99497384	1.2115039	-0.5514188	2.0277717	1.5464249	0.30248067	-1.4140543	1.5130719	-0.7804046	0.8269815	-0.064058304	0.50914204	2.3547869	-0.25110537	-0.09834813	1.6979842	0.90002596	1.4611021	0.9785014	1.9606391	-0.19289085	0.0059688413	2.3642526	-0.15840581	-0.2279859	0.09072108	-1.5300065	1.260305	-0.12320011	0.46994567	-1.3715644	-0.21128066	1.5620302	1.0825775	1.7916682	0.88770926	1.7113631	-0.18504727	1.8712271	-0.90047973	-0.83250284	0.10224553	0.043962315	0.027895521	1.1397978	2.210012	1.5188609	1.5932056	-0.32949197	1.8285509	2.403949	0.5192847	-0.14191401	-0.42267922	-0.09600905	0.2846873	0.02287908	2.4506052	1.1667881	-0.24426761	2.0993607	1.9974942	-1.1186799	-1.1039754	-0.8340324	0.19182064	2.2097604	1.3181784	-0.52141297	0.48294368	-0.2569317	1.4815288	-0.21928109	1.2075529	0.15566187	1.3759604	-0.61409163	0.5644674	2.1599977	-1.2429549	1.0523	1.0318493	0.7404861	0.1684917	0.34294397	-0.28596717	0.29495707	8.528426	-0.34189573	2.1062322	3.0995958	-0.391014	0.5301018	2.531646	1.9869868	1.4236206	0.45361614	0.84022474	1.6607105	-0.615276	1.7217784	1.9958477	1.72162	0.8264437	-1.0107723	2.7927043	0.5567229	-1.6740042	-0.22968234	1.7876154	2.4253004	0.7083802	-0.6337649	1.6692166	-0.54652774	1.5388306	0.64683133
ornithine	-0.271744	-0.007324393	-1.2855532	-0.30272168	-1.2670175	-0.3892266	-0.12957005	0.15171602	0.39169344	-1.0353214	-1.0641036	0.15502645	-3.3225186	-0.79597783	-0.5459852	-0.4170978	-0.91469043	0.87968814	-0.6466947	-0.15292996	-0.25253925	-0.2750355	-0.5463832	-0.5085624	-0.21511662	-0.9542139	0.11409889	-0.5991129	-2.2323995	-0.8557111	0.4372562	-0.6314074	-0.96058154	-0.9624476	-0.61279374	0.5794539	-0.09640825	-0.66603506	-0.3979392	-0.37319756	-0.3079034	-0.370686	1.727375	-1.3543414	-0.72614384	-0.9183724	0.41137564	-0.773352	-1.0376225	0.8584792	-0.29961053	-0.4563949	0.3282022	-0.58358073	-1.0180967	0.070262864	2.1483848	-0.20446603	-0.5434329	-1.4004806	-1.4029318	-0.8617436	-0.2756489	0.25504798	-0.27294934	-1.6801093	-0.08555167	-0.9495943	-0.5574039	-1.173139	1.6577308	0.6339768	-1.1349047	-0.81205815	-0.5916536	-0.5893734	-0.2227404	-1.7188755	-1.2025722	-0.47547692	-0.2430629	-3.1738796	-0.23789427	0.23055401	0.24991041	-1.005535	-0.4427486	0.79373467	-0.79712015	-0.28030202	-0.5191419	0.27497756	-0.8373393	-1.0919523	0.99878013	-0.056266326	-0.26793915	-2.4372106	0.30733088	-1.1489768	-0.24042036	-0.34974867	-1.793705	1.8554019	-1.1356488	-0.044118427	-1.5225508	-0.030721165	-0.14826944	0.09787522	0.79596144	-0.093052536	-0.34135488	-1.32816	-0.35693803	-1.4675497	-1.3593761	-0.05592589	0.25521275	-1.4758816	-0.38214192	-0.51092327	-0.35173538	-1.012353	0.20164195	-0.16283864	0.58766794	0.14954947	-0.2707023	-0.16593264	-1.4964072	-0.18877754	0.60597765	0.3147246	0.36605883	-0.100560725	-0.48534778	-1.4750745	0.26156852	0.67802984	0.24149103	-0.53909004	-0.59110874	-0.2922707	-0.22512884	-1.0244926	-0.4350502	-0.31818116	0.71872514	-0.25744185	-0.24638397	0.91804	-0.59460354	0.9262952	-0.2516022	-1.1479098	-1.4336915	-1.2589757	-2.559274	-0.9954609	1.4279474	1.7470249	-1.6069456	-0.7826296	-0.9939426	-1.4579394	-0.34387925	-1.1816348	-0.51707554	-0.27030337	-1.1087104	0.24374431	0.8491629	-0.46013767	1.8775352	-1.0053917	-1.1409016	-0.80734766	0.18842286	-0.7990936	1.5447544	0.64767724	-0.9817001	-0.53090996	-2.5374022	-0.8611484	-1.2869964	0.802517	-1.7896391	0.022409657	0.57148314	1.0420159	-0.45468885	-0.31457397	-0.68862796	-0.27410853	-1.7468015	-1.1946576	0.504658	-0.031247867	-0.58854383	-0.70970726	0.09669067	-0.5662353	-1.4668758	-1.0894151	-0.03580301	-1.2909056	-1.065784	-0.89402676	-0.22258438	0.9791073	-0.848033	-1.2176697	-0.57337815	-0.082599975	-0.2691598	-2.6857185	-0.47873148	-0.34189573	6.9232016	-1.5300112	-1.1863611	-0.7436326	0.4988842	-0.9214611	-0.6141907	-1.3387817	-0.75633603	-2.196709	0.33116236	-1.062101	-0.14735961	-1.1662077	-0.5720915	-2.7131405	-2.4504125	-1.3833339	-0.8675015	-3.1020606	-0.33328953	0.448551	-0.6941749	-0.026010415	-0.77616006	0.41306034	-1.4618405	0.46681157	-0.5809775
p-hydroxymandelate	0.4620212	-0.9396492	1.2817919	0.58086234	0.122394636	1.3239528	1.272061	0.37116846	1.0387666	0.6051795	0.2551842	0.8455107	-0.46340817	1.6572455	-1.5649017	2.1418014	0.58041364	1.5046177	1.3199456	0.601846	0.36450928	0.21808852	0.024803303	-0.20156454	2.3310885	0.013352497	0.9071016	0.40176836	1.7749488	1.8406773	1.4945372	0.3331761	1.1742574	0.18861566	1.861991	-0.2400352	0.5330157	2.3201885	2.009165	0.7914765	1.3080411	0.8186768	0.30848643	1.1943679	1.1173543	0.09902814	-0.089746654	0.7583217	2.0269716	-1.2446637	-0.23548226	-0.5337845	-0.119617395	0.07817561	-0.7174338	-2.4063342	-0.5213917	-0.007572461	0.2506497	0.48440272	0.16357982	-0.919597	-0.34930414	1.6535908	0.43935794	2.0261662	-1.1066645	-0.0139283445	-1.0085825	-1.3239931	-0.23192224	0.3496129	1.1639564	-0.046553005	0.6321113	1.5698432	0.58836955	-0.4678892	0.1256945	0.4586445	1.2750986	-0.26804435	-0.44528133	1.0508657	-0.5175265	1.7360016	0.13841458	1.5799712	1.2726756	1.3671535	1.4039654	1.1329346	3.0754979	1.6119337	-0.24716133	1.5176789	-0.3140815	0.28464732	0.43285152	-1.1368631	-0.07751514	-0.65434164	-0.03863295	1.2158976	0.5206068	-0.75296503	-0.91003025	1.7464764	1.4231313	1.8579004	-1.1816647	-0.70698464	2.1887596	-1.2292686	0.5669226	1.0718509	1.4550273	-0.8082271	-0.16401581	0.70066917	1.1023842	2.2506363	-0.20684673	0.66121614	0.5975492	0.8245034	-1.0733774	2.730319	0.92419124	0.66209435	-0.046777766	-1.1217241	0.51130706	0.63310105	0.5192189	1.3566986	-0.94583416	-0.9873453	-3.1291533	-0.77762234	-0.2076415	0.15114072	-0.50791526	-0.62633246	-0.13074815	-0.7294354	-0.8449564	2.836091	2.3275652	0.84643495	-0.34173816	0.1357574	0.66249394	0.82999825	1.9520959	-0.30240354	-2.0221124	0.7796968	-1.6128819	1.7417959	-0.59282476	-0.30266052	-0.8710167	-0.82104945	0.1279046	-1.819651	2.047128	0.82585573	0.33565828	-1.0781707	1.4464005	-1.1702181	-0.733254	-0.024400353	-0.58372605	0.55407757	0.6499742	0.67184114	0.7651227	1.4680977	-0.74611205	1.1116542	1.1261208	0.3661091	0.9898971	1.2427852	0.0034284168	-0.27371293	0.46477467	1.9369872	0.32328817	-1.0426289	1.3541898	1.7757194	-1.5120578	-1.4405951	-0.69522524	-1.3841909	0.9042861	2.1770308	-0.9333229	-0.9937716	-0.41306603	1.6001225	-0.018998366	-0.02789866	-0.50501555	1.7186551	-0.3469395	1.1231081	1.7628897	-1.6366293	3.4460154	0.42655	0.5896189	0.24737616	-0.7372225	0.8310174	0.15580203	2.1062322	-1.5300112	4.4717307	0.79367024	-0.9919769	0.6719405	2.950268	2.6646738	0.7903522	-0.40300736	-1.1042435	1.6965265	-0.9188651	1.000793	0.9763626	0.09643469	-0.43104514	-1.413636	1.5538795	2.722337	-1.9494216	0.22558208	1.3370469	1.2153593	-0.13608696	-1.166557	1.6076926	-0.4651285	2.3280025	0.5956541
para-aminobenzoic acid	0.10041577	-0.8667496	2.0095978	2.4468174	0.33118075	0.024274746	1.0259717	0.07389226	2.084794	-0.43292782	-0.7485624	2.9723303	-0.0890011	1.8266138	-1.4279104	1.312555	-0.6499365	1.5809275	2.2917604	0.82333916	1.4534388	0.22482233	1.4092301	1.4461046	1.8343579	1.4012119	2.0540721	1.8202965	-0.13771826	3.0601754	1.5822467	1.7184453	-0.17234804	1.2393488	0.06947216	0.17415449	1.2339458	0.2651244	2.3852634	1.880522	1.6584361	1.8148906	-0.50223935	2.0144606	-1.1221422	0.3286083	0.6851025	3.0102017	1.178614	-0.39556283	0.80402654	0.45856404	0.98379916	3.5921862	-0.09903238	-1.2514073	0.07445488	0.45543405	1.6272843	1.2798254	1.404388	-0.53181565	-1.900208	3.7511587	1.9226779	0.060951848	-0.6229333	0.39405817	0.5089336	-0.7391098	1.3379799	-0.30784097	2.5471573	0.2917976	0.55363834	2.502922	1.2761618	0.594935	-0.6036633	-0.104622245	-0.41291723	1.2851013	-0.4303023	0.47177026	-0.7060662	3.695759	3.6805043	0.9565756	2.8298428	2.4105046	3.233827	1.2430507	-0.5159477	1.7479647	0.08324822	0.13690543	0.5075313	-1.3276697	0.9236995	0.12110457	0.05087728	0.27583542	1.2138363	-0.5683023	1.5005379	0.744347	1.5399996	1.0020642	1.9736363	1.6595739	-0.7510404	0.021977214	2.7604322	0.33038342	0.96666884	2.175808	1.9184388	-0.6651534	-0.4401705	1.2897681	3.2393281	1.8062124	-0.4162292	1.3348391	0.92773867	2.2403634	-0.6866174	0.9309985	-0.2818896	0.4753718	-1.292365	-0.86189246	0.9249952	0.80448717	-0.5153096	0.2258605	-0.06360099	-1.3998737	-1.0521959	-0.35663366	-1.3277469	0.27049017	0.09078281	1.8308439	0.955415	-1.1729368	-0.88456935	0.565386	0.34943688	0.41085488	1.316966	1.3977951	-0.104283534	0.18050946	1.717627	-0.3584245	-0.94182736	-0.6092804	-1.1861304	1.2658331	-0.31667396	0.8320258	-0.64387184	-0.19518855	1.4327018	0.7577082	2.5509367	1.2255052	1.4058031	-0.708543	2.7532964	-1.4683596	0.6561466	0.8828897	-0.23359066	0.7066995	1.8260424	2.921733	0.42478904	1.4722602	-0.31454638	1.6753407	3.1511085	0.33859938	-1.296142	-1.0473924	0.27185142	0.97035885	1.13961	1.5456308	1.0541682	-0.054447785	2.8030658	2.5290096	-0.6581085	-0.63848424	-1.6706892	-1.2625986	2.4385822	1.3652627	-0.24932145	0.3904436	0.033884916	1.0761262	-0.5702525	2.1055975	-0.36092854	2.4857912	-0.95513546	0.84235734	2.7952003	-0.7752489	0.8479675	0.48697767	-0.14865464	-0.14229752	-0.5947489	-0.5338478	0.18069138	3.0995958	-1.1863611	0.79367024	5.2977915	-0.5959083	1.4122326	0.21471609	2.4075387	1.357311	0.54642135	0.8514484	2.3906877	-0.83043766	1.2026027	2.718941	1.3157313	0.48940244	-1.4957217	2.1274867	-0.43970641	-1.7308944	0.5921441	0.72967684	1.9369082	-0.12978259	-1.0750209	1.9221683	-0.92767036	1.6624542	-0.09515359
phenylalanine	0.2729431	-0.15120463	-0.47402897	-0.21304788	0.3651591	-0.5063746	0.084136836	-0.15582769	-0.3062407	-1.445823	-1.4652421	-0.67267525	-3.0764003	-0.7231397	-1.6519419	-0.4407778	0.03272392	0.10600923	-0.90673405	0.2668049	-0.18622777	0.20724782	0.0067657907	-0.21339695	0.40585127	-0.62005764	-0.46551248	-0.7441115	-1.3486321	-0.5826247	-0.07364459	-0.51560855	-1.3340905	0.023642763	0.1606192	0.42210218	0.46929386	-0.43996346	-0.63072544	-0.081564784	-0.23531526	0.085590474	-0.3131291	-0.54608184	-0.113320686	-0.05113772	1.3333961	-0.6733055	-0.67387134	-0.16971122	0.57390875	-0.26727822	-0.43752065	-0.1493866	-1.1692472	-0.6032031	-0.29368693	0.2541476	0.49972734	-1.0422602	-0.43516064	0.47324735	-0.6553103	-0.690709	-0.40240124	-1.162116	0.8385154	-0.5360576	-0.6159616	-0.9971838	-0.088444516	0.06602375	-0.6443231	-0.95062745	0.34913626	-0.32259145	0.0756298	-1.3046312	0.3176976	-0.098875836	-1.0027546	-1.723004	0.83063316	0.039296098	-0.15971279	-0.31493592	-0.12269958	0.4524043	-0.46420014	-0.3560048	-0.13903415	0.2977127	-0.29415554	-0.6805753	0.6748088	-0.14486536	1.1389301	-1.0814503	0.4710339	-0.7089268	0.18893605	-0.38821304	-0.6430667	-0.16589837	-0.22823285	0.016534211	-0.5147518	0.6860564	-0.5106444	-0.5715585	0.5335908	0.79799813	-0.5247395	-0.47384152	-0.043723755	-1.0402104	-0.8458733	0.5835676	0.15014908	-0.8529146	0.25481573	-0.49666306	0.30135924	0.044898376	-0.36993244	0.532636	0.094502285	0.12750307	-0.022662882	-0.074141376	0.13192642	0.12522383	0.769026	0.110590585	0.13320887	0.047358356	-0.5317084	-0.8236411	-1.0489081	0.32087678	-0.6010951	0.6952525	1.1136699	-0.31468254	-0.5020328	2.2281692	1.0155917	0.47936723	0.9793306	0.43481082	0.6980409	-0.17965859	0.23733792	-0.07830291	-0.36564323	-0.025163373	1.4161102	0.20579071	-0.89168566	-0.58633596	-0.23044938	0.1630905	-1.3157297	-0.93253124	-0.7962357	-0.6955971	0.009939226	-0.23270762	0.1546222	-0.10980678	-0.86881864	2.6658924	0.85559005	-0.66792405	0.3775629	-0.777514	-0.033942092	-0.45272303	-0.3889403	-0.318956	0.3750161	-0.48207676	-0.6258435	-0.57143056	-2.341196	-1.5399123	0.38261735	0.9668366	-0.11653952	-0.58443874	-0.17842987	0.26614645	-0.08536853	-0.3241431	-1.2670088	-0.5307133	-0.85036755	-0.8946854	-0.072203316	-0.33285952	0.36227056	-0.53418523	0.23464589	-0.56179506	-0.28218687	0.5214914	0.8684924	0.097813495	0.21639745	0.18183212	-0.32680136	-0.3887399	-0.84091896	-0.16183585	0.20701651	1.0365471	0.758175	-1.8931899	0.6969368	-0.391014	-0.7436326	-0.9919769	-0.5959083	6.6229224	0.14816436	-0.281288	0.70234644	-0.7794987	-0.10636174	-0.7811264	0.450153	-0.30355525	0.0882926	-0.75645596	-0.75397116	-1.7984984	-2.062701	-0.95748585	-1.4490457	-2.066503	1.2598932	-0.54381496	-0.44739807	0.7750457	0.68190026	-0.35568637	-0.28970018	-0.27223337	0.9163596
phenylalaninol	0.4024056	1.1674713	1.0530145	1.4895732	0.7750973	1.1306998	1.2976779	0.93457603	0.1761633	-1.4299865	-1.3110293	0.17412443	1.4417478	0.2822353	-1.3992525	0.43887898	0.36123383	0.47164285	-0.27695072	-0.20810582	0.4421864	0.2036442	0.9668171	-0.14692478	-0.57644343	-0.011050498	0.52884495	0.55369693	-1.5972652	0.5317935	0.78601855	0.5486772	-0.9603612	0.18762158	0.040440682	-0.32354334	1.2538527	-0.00055268774	0.09520291	0.7139377	1.4341271	0.80182236	-0.27299508	0.71438324	-0.9759004	0.65937424	0.11375084	0.9541427	2.1290512	-0.35477307	0.21597289	0.14474611	-0.32126778	1.083945	0.07348982	-0.93892145	0.20784289	0.45186546	-0.027634164	1.0310873	0.34972674	-0.43195748	-0.53772396	0.8680886	1.2105867	-0.5011473	0.3320358	0.8613692	-0.20762998	0.8765427	0.33141375	0.156666	-0.30317712	1.1545928	1.6720413	0.46372548	0.8331173	-0.28161883	-0.34236827	-1.4386598	0.5560541	-2.4440215	0.57827896	-0.5837825	0.1719937	0.76620215	1.6551241	1.0063081	1.9423391	2.5109663	1.7455889	0.43348655	-0.5030126	0.7813967	-0.12697577	2.0533223	0.63212085	-1.3887564	0.7981976	-0.6688218	0.9394193	-0.61727613	-0.1691676	0.111410774	0.091935225	0.057335325	-0.87998295	-0.07968756	1.3253325	0.03345545	-0.6245974	0.47756052	0.17490828	-0.7500503	0.727946	-0.5917038	-0.3596834	0.106381	-0.6166739	2.0225234	1.5096164	0.7866613	1.105572	-0.17446086	0.81380236	0.37321717	1.0943049	0.07010473	0.98747474	0.033802636	0.31575683	1.0870026	1.1529529	1.4773222	-0.10921764	-0.43131503	-0.20002568	1.1885567	-1.6881702	-0.029524744	-1.1136913	0.45630005	-0.045938857	0.066732444	0.8277622	0.040116865	0.6408892	-0.11868916	0.18492948	0.9639119	3.800953	0.57277626	1.519544	-0.22987479	0.52765423	-0.2679743	-0.36519435	0.53911567	-1.0249283	0.10392401	0.281379	0.44709754	-0.6111961	0.02361587	0.24489135	-1.0619841	1.1072146	0.9185486	0.15850635	-0.35667983	0.123262115	-1.0471438	0.0048419842	0.18294239	0.12806319	1.8793045	-0.49558166	0.8905571	0.6612183	0.67564744	-0.27649495	0.6744477	0.77038604	2.421081	-2.0184236	-1.8850485	0.6525188	-0.9809042	-0.037374992	-0.35999328	2.703725	-0.59889495	0.620462	1.1632733	-0.88952	-0.89560395	-0.19188666	-1.6556996	0.7740226	0.57400954	0.70245063	-0.8943605	-0.2698253	0.24718541	-0.37251866	1.5494887	0.9567283	1.1275098	-0.13428378	4.999468	0.88428456	-0.16754566	0.37082908	0.86074424	0.32393903	0.47373396	-0.84156305	1.2914965	0.20162939	0.5301018	0.4988842	0.6719405	1.4122326	0.14816436	8.345426	0.18514228	1.3093785	0.28593454	0.65073067	1.1355948	0.13540608	-0.26475725	0.6030015	0.40704203	0.59798	1.0717944	-2.066997	1.357886	-0.70268613	-1.698696	-0.075546496	1.0810857	0.28769955	0.15017821	0.06867892	0.3851333	-0.36119562	0.70270663	3.1574826
phenylglycine	0.06560095	-0.01419039	0.31849074	1.3889941	0.34695256	-0.1570068	1.0605452	-0.36962703	1.0537218	-1.3585601	-1.6384531	0.17721777	-2.1839724	2.030964	-0.5997043	2.493055	3.0793474	-0.37076658	0.3462984	-0.21259142	0.48037496	1.9141855	0.31648523	0.17158219	0.3558303	0.17149071	0.8380618	0.21671875	-0.06450966	-0.21092665	0.8592951	-0.45342863	-0.9455356	0.33084533	1.2502098	-0.06419615	-0.23351169	3.5089304	1.5809976	0.043449156	1.1628002	0.6957157	-0.121456616	0.0961271	1.1167839	-0.106814824	1.8287687	0.79699093	-0.03865476	-0.5097382	0.4305723	0.47118586	1.5324467	1.9547145	-1.1089209	-1.9712343	-0.27829507	0.20850241	2.3865438	-0.8704759	0.14522953	-0.29883832	-0.24425445	-0.42739627	0.22695535	0.24372226	0.5257124	-0.48298442	-1.5621353	-1.1398097	0.18718927	-0.22524771	0.104863696	-0.09820188	0.40840834	0.3040331	-0.18107481	-0.85578364	1.4990636	-0.3128007	-0.5544767	-1.2108353	1.570836	0.5299919	-0.17357333	0.6829986	1.3358464	0.29910523	0.65808827	1.3201045	0.92603844	0.036040533	2.2842324	1.5086557	-0.3060519	0.8434386	-0.7068776	-0.17661306	0.308074	-0.65154415	0.84204286	0.05049234	-0.026112339	0.9137611	0.09124776	-0.09207307	-0.469666	1.0561191	0.50037545	0.63587284	-0.5094283	0.6300854	0.7147577	-0.7228305	0.4999582	-0.8307559	-0.630214	0.23928146	0.9837982	0.51857555	-0.27604505	0.94419456	0.1323743	0.80908126	-0.15302089	0.19961773	-0.7045539	0.88681716	-0.11235865	1.1342812	0.4047154	-0.58229524	0.9781614	0.27717325	-0.612039	1.0668851	0.8750895	0.47400078	-2.0515118	1.31822	0.7756374	-0.14554298	0.74332577	-0.50692827	-0.30630773	-0.3985031	-0.34765163	1.4217241	-0.16694954	0.7687102	1.4388996	0.46138743	-0.3006546	-1.1752725	0.19585611	-0.088155895	-0.30810624	1.4023405	-1.4665	-0.05207682	-0.48912925	0.68549544	-1.4482507	-1.1720686	-0.1770257	-0.59970826	0.5457815	0.118997596	0.5231459	0.19657639	0.8693026	-1.157168	-0.70958596	-0.046141077	0.3277761	1.6043409	0.06703015	0.5375944	2.1048121	1.8188406	0.5699582	0.29751804	0.49876606	0.34768572	-0.4960042	-0.11194737	0.17310712	0.64645344	0.627654	1.9318824	1.0205323	-0.15620445	1.6208683	1.6119622	-1.1938707	0.198121	-0.4497112	0.5285482	0.36072302	0.010162043	-0.027809547	-0.26193523	0.14582463	2.2256708	0.86957014	0.16141824	0.107675314	2.8975117	0.21075867	0.48663098	0.7350839	-0.9717881	1.1486923	-0.22234389	1.6313148	0.7617586	-0.4815134	-1.5784912	2.0582786	2.531646	-0.9214611	2.950268	0.21471609	-0.281288	0.18514228	4.0798798	0.4489314	0.0200202	0.056165185	-1.0920888	0.7015689	-0.5012395	0.71336645	0.8473012	0.07057018	-1.2794793	-1.328833	0.096356094	-0.64042836	-1.7368772	-0.28888196	0.032300066	0.64361596	0.42812878	-0.6838187	0.31356835	0.5938736	1.339756	-0.2712692
phenyllactic acid	0.23148753	0.1977426	1.9069862	1.3122903	0.2217145	1.2671024	0.90067315	-0.6229182	1.2528372	0.46941182	-0.50444	1.2587469	1.1781533	0.554485	-1.6960182	3.3127196	0.6936376	2.9034405	2.7053487	0.7784954	1.4229469	0.3476853	0.9440393	0.46798062	2.9894204	2.1272027	1.9150591	1.8999571	-0.82370734	2.0251532	2.22693	1.6572945	0.70202285	0.67469716	0.42029604	0.7226391	1.3927033	0.011299545	2.4805737	2.0177867	1.8621694	0.90692264	0.65451014	1.3788344	-0.8611409	1.3015829	1.0223616	1.3645589	2.922731	-0.6248218	1.2433401	0.37782	-0.380535	1.336093	-0.81529266	-1.7173276	-0.5743622	2.1764066	0.1481954	1.9612176	1.9196163	-0.099644795	-0.9828603	2.6140203	0.51354665	0.4284012	0.87674975	1.1224946	-0.36891806	-0.88038284	-0.4350152	-0.048961595	2.8970425	0.5429112	0.3163273	1.7775483	1.2160476	0.034819633	1.1065495	0.90090656	0.21152985	-0.7489547	0.84527004	0.94705534	-0.26298967	2.4505317	1.2300653	1.5768206	1.9403019	1.4428693	2.152872	1.8235763	0.058873713	1.3364608	0.6945336	0.29777315	0.49419644	-1.6080941	0.6081254	-0.25758296	0.8509674	0.8595212	1.0457807	1.1755222	1.4360765	0.34661934	0.29674646	0.8430712	2.6543586	1.8635195	0.17999272	1.0326297	1.7448303	-1.0223478	2.0718343	1.4372569	2.1665707	0.8527287	-0.24234916	1.9435214	1.030922	2.0571501	-0.1849805	0.83086616	1.695157	0.8745588	-0.4488439	1.3673358	2.2674727	0.40912703	-0.82039165	-0.30917883	0.77072066	1.2343796	-0.32942003	0.04639899	-0.52922064	-1.9170393	-2.297181	0.17833795	-1.3635552	1.0391734	0.30985993	1.2503318	0.8022558	1.4602997	0.6046049	1.4308692	1.4691705	0.23963124	0.62390614	3.35937	0.1768918	3.1836147	1.8019727	-0.5771832	-0.72975475	-0.11573458	-1.0845062	1.6797622	-0.31138703	1.1316589	-1.6156672	-0.9241846	-0.6238741	-1.5559057	2.246902	3.6830142	2.4107673	-0.36446396	1.5487726	0.6042956	0.15252098	2.1464665	0.2809422	3.0153327	1.3630854	1.8244973	0.4663728	1.7992972	0.90100574	1.9580934	2.0357444	1.215752	-1.533403	-0.77859986	0.30026698	0.27701342	-0.32343122	2.006884	2.0510192	-0.005132233	1.0833355	1.213029	-1.5712022	-1.5134008	-1.6581837	-1.6792119	1.9131979	1.4593202	-0.64621663	-0.6821377	0.03879097	1.1966957	-0.6300208	0.9696423	0.4752324	2.1248841	-0.22891282	1.2185829	1.6561207	-1.1566359	1.6908596	0.8510734	0.58183837	0.4171004	-0.22229297	-0.19711444	0.79815394	1.9869868	-0.6141907	2.6646738	2.4075387	0.70234644	1.3093785	0.4489314	3.683015	1.7248447	0.7718008	1.6517433	1.7478055	-0.6150096	1.0227392	1.3183304	1.9654404	1.9903834	-2.1536803	1.8311509	0.16370513	-2.1491477	0.31943813	1.594227	2.7769063	0.4434069	0.017958073	1.9698199	-1.0096437	1.5587149	1.0502023
phenylpyruvic acid	-0.61154795	-0.4013037	2.327943	0.99376494	1.0514787	-0.82197577	0.625939	-0.4758641	1.0659468	-0.43447176	-0.5672672	0.43236876	-0.57529557	1.6504754	-1.2274547	1.216652	-0.5805962	1.5967102	1.0658919	1.4130154	0.30377614	-0.1435371	0.4201175	0.6541632	0.7995094	1.087705	2.4325147	2.6882813	-1.0946145	1.4377259	1.186189	1.2367594	-0.079386674	0.81109506	-0.020566707	-0.54492825	-0.062235065	0.8603022	2.4807496	0.8548207	0.5748412	1.8105531	-0.45832643	1.3785067	-0.81313205	1.315223	-0.35491103	1.1011187	0.8413593	-0.18139982	-0.5475419	-0.056688126	-0.31146616	0.38591152	-0.9499668	-0.26730883	-0.05644548	-0.041306794	0.56237185	-0.008534868	-0.14854614	1.1316268	-1.5367361	1.4386097	-0.34949604	-0.27291763	2.4277575	0.09531529	0.07022842	0.111513786	-0.030034846	1.2595538	1.199602	-0.1399383	-0.43830585	1.4537251	0.11728785	-0.6817086	-0.45399222	0.21343605	-0.25439095	-0.10211524	-0.26025963	-0.08108627	-0.9155343	1.2175959	0.65578353	0.3873787	1.2524502	1.5691048	1.6543622	0.89839065	-1.0746231	4.7885723	-0.38726985	-0.09615144	0.66628623	-1.7101704	-0.04318366	-0.3619237	-0.18403523	0.0141394725	0.36912587	-0.3069203	0.07961625	-0.50104076	-0.0023254352	0.28120032	1.1563785	1.1905929	-0.9426162	0.6358552	1.648933	-0.4259456	1.4014925	0.2906453	0.24989064	-0.34312412	-0.34276858	0.15950774	1.4745514	0.8697112	-0.5230983	-0.18618102	1.8408461	0.8693086	-0.485655	0.486058	0.4663897	0.06187136	-1.1376458	0.20464231	-0.08831123	1.1724818	0.66237915	-0.51378495	-0.39351466	-2.0517595	-2.0380805	-0.27789062	-1.1227916	0.105326444	-0.4777855	-0.076584354	1.2528981	-0.40980724	-0.6966697	0.59745306	-0.40829462	-0.037275072	0.6840481	1.3773986	0.4899558	0.70424914	0.8855395	-1.0345727	-1.4059967	-0.7079422	-1.4616122	0.5621623	-0.56840235	1.0782185	-1.1817205	-0.23015776	0.8371654	-0.6320012	1.4631463	0.8013047	0.526514	-1.248189	2.1327949	-1.2787187	-1.1447699	0.6505118	0.19506596	0.9223901	1.4407276	1.3913509	-0.03644681	2.4338496	-0.6282119	1.87036	2.3812065	-0.26794156	-1.6567073	-0.97693235	-0.24012181	-0.1764249	-0.6265257	0.4216037	1.0023576	-0.35410795	0.9293506	0.35634863	-1.6147885	-1.1892331	-1.425645	-1.6769981	1.3178838	0.18146142	-0.5280603	-1.1692172	-0.7074941	3.3103313	-0.82121176	1.1911786	-0.03153245	0.36549795	-1.2314807	0.11564919	1.0018564	-0.19057865	0.501716	0.8084714	0.79815394	-0.42434552	-0.24442013	-0.25056958	-0.12684686	1.4236206	-1.3387817	0.7903522	1.357311	-0.7794987	0.28593454	0.0200202	1.7248447	7.3402667	-0.090907976	-0.47572255	1.2965075	-0.7992747	1.4190942	1.7311012	-0.33067334	-0.26013568	-2.5850966	1.5270597	-0.06352674	-1.9416499	-0.28018868	0.20777984	1.7011878	-0.218507	-1.014622	1.0134106	-1.1763064	0.973072	0.5585831
pipecolic acid	0.19859181	-0.061292022	0.4897716	0.6636656	1.1925315	-0.48274544	0.59494585	0.4907615	0.8907236	-0.0032966773	0.03384009	0.62767094	-0.50460684	-0.16429186	-1.24561	0.33648202	-0.0482183	0.28275412	0.7250323	0.45915675	0.40875092	-0.07885574	0.043055635	1.2744263	-0.5237028	0.99945456	0.32601425	0.077821	-1.604247	0.8212824	0.5163835	-0.12538189	0.1953839	1.013975	0.3512272	-0.06642501	0.6452586	0.12689109	0.258759	0.55239165	0.67260414	0.57135373	-0.40107003	0.73756045	-0.58590364	0.15743908	0.41036016	0.84410393	0.07856514	-0.204697	1.2236569	2.3912516	0.23028494	-0.31156528	-0.5804454	-0.711814	0.3406334	0.25202549	0.13281083	3.1861575	1.7305954	-0.17143732	-0.82410944	0.12040337	-0.37006655	-1.3106289	-0.13919123	-0.517385	-0.3907852	-0.5685499	0.2623788	0.19481543	-0.3923688	-0.19238426	0.35255635	1.225808	0.6292954	-0.5564264	-0.38059804	0.10292333	-0.704043	1.2106773	-0.109945625	0.8012281	-0.43750405	0.96036494	0.38015372	0.4539915	0.30138603	0.23512912	1.2215414	0.7050626	-0.44162863	-0.060936566	0.32420868	1.4044696	0.7449811	-1.9122422	1.264985	3.5027986	1.7752652	-0.39822754	1.9622465	-0.5029103	2.2484493	2.1558328	3.0768085	0.5471782	0.65476716	-0.10273721	0.20119578	0.23110415	0.6770096	2.007566	0.7566679	0.08524571	0.24346167	-0.1907361	1.1050243	1.4372594	1.271477	0.7499774	0.5078588	0.27688363	0.21775548	0.12613678	0.31462407	0.22721763	0.024947606	0.7266204	1.0831144	0.19147153	0.6254532	0.22878736	0.32936704	-0.44317046	-0.6034033	-1.297236	-1.3861262	-0.13507454	-0.5052293	0.7335841	0.16791408	1.3789145	1.0345938	0.16996332	-0.06940601	-0.13939074	-0.31799927	0.77049553	0.07256852	-0.29304424	0.11149385	-0.40651062	0.63917154	-0.041285116	-0.64307743	-0.2912052	-1.2629502	-0.09242734	-0.41514584	-0.14804631	-1.2108196	-0.3099383	0.6875682	2.0769765	0.8570554	1.2773325	-0.00623365	-0.61853343	1.1050297	-0.62652683	-0.34349212	-0.34796762	0.9460006	0.6478552	-0.24028414	1.2341757	0.7351453	0.4530851	0.20434694	1.0378077	0.59956586	0.12805553	-1.6246012	-0.81306577	0.104312345	0.006802496	-0.7201528	-0.27222678	0.5590762	0.25443563	0.31647184	0.23761666	-1.0253284	-0.51139987	-0.94873226	-0.030944735	1.3253118	0.72236365	-0.2111993	-0.20999485	-0.07176961	0.40963185	-0.61213446	0.2831721	0.25707766	0.591087	-0.38192263	0.6318038	1.7223006	-0.3679965	0.040497806	1.4378656	-0.09812587	0.26133704	-0.31254983	-0.6099061	0.2741989	0.45361614	-0.75633603	-0.40300736	0.54642135	-0.10636174	0.65073067	0.056165185	0.7718008	-0.090907976	6.3912673	0.8050809	0.26944062	1.815075	0.8649298	0.7078903	1.6379211	1.7864594	-1.7520316	0.6627462	-1.1734594	-2.0100148	-0.1591989	1.1000597	0.5133313	0.14893009	-0.4732092	0.7836384	-0.80396116	0.68194175	0.6155079
piperazic acid	-0.33657977	-1.6841545	1.6142547	1.2489804	-0.48819083	-0.39062968	-0.96941197	-0.8271749	1.509531	-1.7067413	-2.7301712	0.19404174	-3.10886	-0.027230628	-2.5472329	1.0265198	-1.4304496	3.9396515	0.60186064	-0.22063391	0.35527667	-0.12920733	0.40176588	0.2024644	0.38464803	1.3408796	-0.2942292	-1.4037386	-1.0587701	-0.30401576	2.916551	1.5950845	-1.726042	-1.7842088	-1.1477704	-0.52486956	3.0416234	0.055129062	0.9522492	2.1521633	-0.94894856	0.48072112	-1.2260808	-1.137825	-2.0699625	-1.3685519	-0.39185497	2.3499494	0.5629634	-1.6788096	-0.10459352	-0.057607703	-0.96816003	-0.18408875	-0.49654612	-2.8852	-0.20511077	-1.0682461	-0.5224071	-2.0278869	-0.20999345	-1.9996371	-2.031271	-0.7512473	-1.6127089	-1.4546471	-0.43341342	-1.6027446	-2.709513	-1.4296904	-0.5578692	-0.76508594	-0.18378556	-1.240683	0.724256	-0.2933439	0.45736262	-1.6353106	-1.4041498	-0.51596045	-0.7579569	1.0641888	-1.9328781	0.79036325	-1.1146812	0.16596031	0.934709	1.8126323	-0.19300644	3.4080746	0.77701086	1.3724508	-1.510333	-1.0684566	-0.5414954	-0.8745107	0.11620919	-2.7741098	-0.64753646	0.7921264	-0.013958505	0.8714605	2.6656911	0.058705673	1.8313459	0.47664216	0.9632793	1.2135161	1.1769242	-0.98521304	-1.5188056	-0.93522716	0.33615354	-0.7684092	2.9997494	-0.2148446	0.55758566	-0.5712917	-1.3719249	-1.5827925	-0.43116724	2.6730628	-0.9989463	-0.10402966	0.9105131	-1.3115604	-1.7554315	0.49800202	1.0060741	-0.16369268	-2.1957338	-0.057245474	-0.005207604	-0.48291343	-0.49423796	-1.3062636	0.21542235	-2.986548	-2.8651435	-0.08022714	-1.9818745	-0.5778754	-1.3603302	3.7328267	0.29289255	-1.4762024	-1.4869041	-0.1843762	-0.7052048	-0.48531795	-0.8860272	-0.89283895	-0.009892357	0.0723267	0.12106549	-0.9903608	-1.3126438	-1.8123974	-0.4743629	-1.1039147	-0.9917765	-1.5585428	-2.2317758	-1.4342824	0.50002027	-1.4954677	1.8300664	-0.37398225	0.36074904	-2.098294	1.8194612	-1.1220318	-0.97465605	1.5705087	-1.5360465	-1.6453241	-1.4625764	-0.11462616	-0.7716641	1.4522476	-1.0879436	1.1340915	-0.06567856	-1.0512888	-1.8352317	-1.5456233	-1.116996	-1.5135295	-2.4680321	-0.97857547	2.4111896	-0.6792421	0.5957248	-0.08748855	-2.181618	-2.0491667	-2.4295797	-1.3885183	0.006539256	-0.028840594	-1.9675533	-0.89070517	-0.9948002	-0.8164022	-1.5438087	-0.85380936	-0.4111675	3.4746146	-1.5697082	2.203125	-0.4818684	-1.6185604	0.5966368	0.15121901	-1.6823909	-1.6446725	-0.58581156	-2.8347585	-1.408449	0.84022474	-2.196709	-1.1042435	0.8514484	-0.7811264	1.1355948	-1.0920888	1.6517433	-0.47572255	0.8050809	7.7094116	-0.029903842	-0.15857406	-0.03098236	1.4124547	-0.6939317	-2.364034	-3.1231174	0.10315712	-1.9350768	-2.4593792	-0.021550417	1.1133852	-0.7370358	-0.7412071	-1.1561629	0.96481264	-1.9330448	-0.47743446	1.431027
piperonylic acid	0.48612547	-0.19129455	2.6476994	3.0940526	1.0511348	0.48205647	1.1343843	0.51782364	2.764234	0.765066	-0.46241218	1.9116901	-0.7827063	3.2883768	-1.2860445	2.039921	0.2638504	0.1874676	2.4182453	0.90548974	1.0379303	0.4124415	0.93007046	2.9036417	2.2699044	3.0523973	1.7791096	1.7002517	1.3341025	1.8251072	0.91605407	0.8173708	0.9000829	0.21733485	0.21023616	0.8419614	0.2947934	1.6132267	2.1197717	2.3792017	1.9038546	0.60198855	0.8755385	1.5688578	-0.60817933	0.4082918	1.1766584	2.2353673	1.3938842	0.2669116	0.93657476	1.1403257	0.4267098	1.5590153	-0.6142054	-0.9318068	0.35173988	1.1505185	1.3016996	0.9717259	1.6317165	-0.45943847	-0.72941107	1.83284	1.533857	1.5392375	0.65497667	0.8113248	0.13277617	-1.1365044	-0.4203057	0.25662372	1.4325829	-0.13069136	-0.32196784	2.4691916	0.7999373	-0.030588226	0.45110875	0.35818246	0.05007029	0.63192225	0.94838274	1.2797043	-0.1987701	2.3579788	1.346223	1.4556255	1.7359016	2.068684	2.650362	1.9517305	-0.3229798	1.9411243	0.9895648	1.649469	2.0837772	-1.4020629	1.5164968	0.4240828	1.1491044	1.2245193	2.123006	-0.22307625	1.0231849	0.38164636	1.8900633	1.5620946	1.8566141	2.1084151	0.17263167	0.9486058	3.1784477	-0.036095567	1.5878011	0.65128845	0.75991845	0.17470159	2.0204196	0.898225	1.4030017	2.2344532	0.02635978	1.0670229	0.84701157	1.003389	-0.59340376	1.284814	0.58050126	0.8239646	-0.47835532	-1.1867273	1.4939625	1.467307	1.3826448	0.10644101	-0.14354907	-1.2707952	0.3020459	0.69614404	-1.1035249	0.9622261	0.49331158	1.6663544	1.8484638	-0.34524056	-0.9541079	1.1498538	1.2186514	0.8154531	1.2034831	1.2639536	-0.2848093	0.30817965	1.3932127	-0.15225461	-1.7256873	0.24134111	-0.5853004	1.0923197	-0.17012936	0.5664468	-0.697068	-0.2518547	3.0695343	-0.7059509	1.7795112	2.2859776	0.68258363	0.1520978	3.3406544	-0.11851359	0.11419918	0.03500624	0.7124212	3.3886154	1.5357854	3.3922915	0.26564187	1.9646584	2.7725072	1.5500078	2.0323002	-0.023038594	-0.6255369	0.1659795	-0.36078873	1.3347602	-0.27493843	2.8387325	2.0335724	-0.66494334	1.7944106	1.401971	-0.9173144	-0.2769043	-0.30845323	-0.6365874	1.8727494	1.4896564	-0.8483541	0.023018537	-0.6484854	1.695368	-0.76681656	0.8951908	0.7498615	1.5734668	-0.45189223	0.061485026	2.2133307	-1.0095295	1.6057184	2.3324375	0.7346942	0.6999869	0.9671234	-0.49815714	0.83365536	1.6607105	0.33116236	1.6965265	2.3906877	0.450153	0.13540608	0.7015689	1.7478055	1.2965075	0.26944062	-0.029903842	3.3922925	-0.6303379	2.4145656	2.037807	1.36738	0.23991375	-1.4951234	2.581325	0.44955468	-0.71758777	0.15807734	3.2994156	2.3124163	0.16070914	-0.548556	3.1268682	-0.3304457	2.5090241	0.6632962
proline	-0.63012284	-0.501831	-0.32372162	-0.41390693	0.21675119	-0.83523566	0.40794697	0.58333373	-0.5058141	-1.2715459	-1.2955401	0.60195506	-3.376148	-1.0725591	-1.9835048	-0.5294873	-0.6321427	-0.4151806	-0.5175634	-0.20303917	-0.18152831	-0.19242045	-0.118209794	0.67721426	-0.30483845	-0.04800853	-0.947936	-1.0290253	-1.577329	-1.1344655	-0.24099724	-0.48534632	-1.2490867	-0.15675125	0.2074232	0.063062154	0.5166575	0.04465102	-0.6781315	-0.28248772	-0.8916108	0.35340378	-1.0753934	0.017119257	-0.8182164	-0.56999934	0.5673227	-0.81053513	-0.8960612	-0.5169322	0.05001121	1.9865874	-0.6453821	-0.50839555	-1.2246282	-1.3265128	0.37561932	-0.59592074	-0.21039878	-1.4248124	0.14597814	-0.36457974	-0.9601986	-0.056785904	-0.8866681	-0.8702057	-0.11076917	-0.686301	-0.8165979	-0.9289713	0.16471821	-0.19306862	-1.1866473	-0.87717456	-0.4527712	-0.96824014	-0.16669376	-1.5372053	-0.5162308	-0.16223453	-0.9323117	-0.5907132	-0.6485518	-0.110016555	-1.1789764	-0.48371693	-0.4811522	-0.10224972	-0.48255914	-0.73091614	-0.58268124	0.022107469	-0.94297016	-0.75667894	0.5014057	1.8840455	0.16568835	-2.0246425	0.8703786	2.5676732	2.0169272	-1.0059811	0.74849844	-0.50361544	1.5236996	2.6036143	2.1864934	0.43128577	-1.4507614	-0.45187134	-0.19369976	-0.32546023	-0.3266921	2.165371	-0.346056	-1.0436454	-0.7041526	-0.5523143	0.5645161	-1.4821843	0.17344603	-0.045548894	0.024215639	-0.0149998665	-0.31783995	0.47184157	-0.13701202	-0.014962535	-0.3264711	0.06479961	0.52119696	-0.38698632	-0.14957486	-0.10522929	0.10501407	-0.7370105	-0.6333808	-1.3353869	-1.9850644	-0.44867912	-0.87000793	0.2180476	-0.19982833	0.306124	1.4240987	-0.124044694	-0.34867668	-0.3008989	-0.33764097	0.2503479	-0.6208137	-0.89220935	-0.537253	-0.6504154	-0.33848798	-0.4717989	-0.95099485	-0.44703403	-0.98621464	-0.72722995	-0.682483	-0.7522432	-1.600938	-1.1494375	-0.6154461	2.1216228	-0.080334544	0.5380133	-0.38747162	-0.9626519	-0.7569352	-0.38835365	-0.252828	-0.68508047	-0.20862375	0.053028267	-1.1701027	-0.28954387	0.14552806	-0.2653237	-0.39505032	-0.29743478	-0.84593135	-0.61644804	-2.0143282	-1.4990803	0.017298887	-0.6926272	-0.7216513	-0.6489377	-0.35862124	-0.22648527	-0.73189414	-0.20753029	-1.508804	-1.1425225	-1.3926165	-0.09053368	-0.14204584	-0.17046045	-0.7642168	-0.8033546	-0.22920556	-0.47641268	-0.8882589	0.3281465	0.047942124	0.005754689	-0.61870944	-0.29485178	-1.1031063	-0.67789453	-1.0302138	1.4310747	-0.53930426	-0.13729116	-0.3446845	-2.205853	-0.30236346	-0.615276	-1.062101	-0.9188651	-0.83043766	-0.30355525	-0.26475725	-0.5012395	-0.6150096	-0.7992747	1.815075	-0.15857406	-0.6303379	7.8966675	-0.61736125	-0.3623374	-0.4053048	-2.2025168	-2.1891108	-1.3966411	-0.55827075	-2.7659647	-0.0059061074	0.106543146	-0.9176333	-0.09072418	-0.63516843	-0.45516005	-0.86271703	-0.37093318	0.15580611
pyrrole-2-carboxylic acid	0.8942793	-0.32207608	2.727652	2.469229	1.5016521	-0.29898083	0.7176447	0.60970104	3.1028101	1.2100123	0.8286205	1.3892225	-1.5949591	3.0567524	-1.430423	2.1152623	0.5343335	0.66666365	2.4872503	1.7657268	1.0533602	0.32024685	0.58723634	2.8115788	1.3450618	2.596216	2.9784188	3.3981123	0.2574935	2.2164416	1.0031883	1.6945024	1.1309035	0.43571243	0.7392474	0.41706505	0.7420767	1.8164954	2.4122474	1.5414503	1.6476713	0.67651397	0.7401887	0.8775998	-0.14738129	0.5109875	-0.23836863	2.3318214	1.1881589	0.24006368	0.3283866	1.1892259	1.2513716	0.81843746	-0.4455177	-0.77071387	0.31613857	0.44659078	1.1336211	1.1050961	0.7350746	-0.04490768	-1.7012211	0.55435437	0.650135	-0.33013812	0.028669633	0.41135746	0.44475693	-0.7617695	-0.5542173	1.6730313	-0.2107409	-0.011154163	0.3288219	2.7309215	0.9774518	-0.17536607	0.5238243	0.28187475	-0.39109007	2.5052512	-0.32288933	0.55956143	0.28260973	2.203499	1.353209	1.2952943	1.7922337	2.305148	2.4505422	2.0046422	-0.38323915	1.7284318	0.83811265	0.9340607	2.6269255	-0.94101256	1.1871341	0.3418394	0.5387305	0.882999	2.1683042	0.90584236	1.5507379	0.2649889	0.7174317	1.5668789	2.6214192	2.045357	-0.014011394	0.83925915	2.4357364	-0.25845677	1.4759035	0.5579316	0.29688653	0.44162145	-0.008063433	1.9136149	0.9651154	1.9758852	0.26874554	0.92390066	0.9562396	0.53790826	1.0145657	1.1406014	0.82998127	1.8170108	-0.3747545	0.664873	2.0372114	1.8830616	1.7301271	1.8532153	-0.5052102	-0.27940735	-1.3150539	-0.03344158	-0.80418164	1.6808333	0.4846576	1.36471	1.5261273	-0.9020285	-0.44191676	0.9067248	0.76644623	1.0452399	1.244372	1.4231794	0.4271175	-0.17658377	1.3904026	0.044623774	-1.9444845	-0.22309585	-1.1411737	1.1705589	0.10371082	0.003799483	-0.8592023	0.4818995	2.9921591	-0.9370155	1.7599534	0.17380549	0.056904666	0.05690962	3.0155153	-0.59881854	-0.6059977	0.3880181	0.8517557	2.1678836	1.2006147	2.1052735	0.65359247	2.0591533	0.41970867	1.5389727	2.0043385	0.04078648	-0.86926335	-0.580262	-0.8159283	0.64590585	-0.78267074	0.9689874	1.2168819	-0.038100734	4.1176553	2.1576915	-1.6666129	-1.0377963	-1.0954345	-1.1868917	1.8302777	0.6713462	-0.2639577	-0.68255156	0.32583714	1.6603031	-0.46402797	1.1660348	0.19511206	1.2504987	-0.2795975	1.1488867	2.7430842	0.09015359	1.3595328	1.4342816	1.0545262	0.55534893	0.095607854	-1.1937594	0.58565927	1.7217784	-0.14735961	1.000793	1.2026027	0.0882926	0.6030015	0.71336645	1.0227392	1.4190942	0.8649298	-0.03098236	2.4145656	-0.61736125	4.117656	2.9148035	0.6605893	0.2935459	-1.8322078	2.8329785	0.25046355	-0.80563337	-0.35900635	1.4923908	1.7998172	0.489625	-0.558628	1.9570098	-0.7522214	1.9714673	1.4447876
pyruvic acid	0.108271345	0.34366983	3.5554957	1.5731294	1.6281776	-0.028839612	0.9330913	1.2930211	2.3343332	-0.86012876	-1.2080336	1.8111414	-1.171051	4.090636	-1.3721563	2.0466208	0.24847563	1.7801454	2.90502	0.9262956	1.3549104	0.5745947	1.1450388	1.6936117	1.8780496	1.7356551	3.5097673	4.159543	-0.5008084	2.6329942	1.7302526	2.5533402	-0.4723509	0.49094647	0.82412523	0.367279	0.9764068	2.662636	3.4263809	1.624634	0.96573615	1.2511486	1.3932886	1.8935951	-0.9731908	1.0524782	-0.49016935	2.7532125	2.6758873	0.047771666	0.16248107	1.4193547	0.35502863	1.5247707	0.619865	-0.6409463	0.2783417	0.026767004	1.0051392	0.90538156	1.0161679	1.1870654	-0.87686276	1.2786999	1.2947279	0.4603578	0.57120585	0.75635594	0.8867344	-0.25500035	0.61930674	0.5958366	1.0102834	0.38041997	-0.2862586	2.5030563	0.9301004	0.56357783	-0.3693236	-0.2596858	-0.16002248	3.571875	-0.110138856	0.66375136	0.8980937	2.0096955	1.8894862	1.5429635	2.3629124	1.7406505	2.5777445	1.2349664	-0.45349917	2.2331655	-0.14552967	0.56702054	1.9983273	-1.083411	0.5962562	0.6686272	0.9359515	3.9757767	2.240296	0.8837915	2.010911	0.6183555	1.3433292	0.87449414	2.2456799	2.5658443	-0.0062563214	0.79061234	2.165365	0.7966812	2.2345757	2.1345835	1.818437	0.43583494	0.77843034	0.7584032	1.9399157	1.6180964	0.4776948	0.5624231	0.87674785	1.2709607	0.037197344	1.7198286	0.06800557	2.0074098	0.4960328	-1.2337677	0.90550566	1.2190073	-0.08072882	-0.15511091	-0.1824743	-1.600798	-0.96955115	-0.27317655	-1.1421498	1.1236914	0.016026018	1.7391667	1.0336016	-0.8923477	-0.24053855	0.78228885	0.19329095	1.1750541	1.2868131	1.3392171	-0.36302012	0.18409386	2.3844197	-0.4054573	-1.7546248	-0.5414452	-1.2379627	0.9431517	-0.2685075	0.7300631	0.21810137	0.82836837	2.2027771	1.1540827	1.773735	0.3833617	0.65825784	0.39627025	2.8855824	-1.6616011	-0.78762376	0.4371268	0.3897542	1.8242675	2.3598747	2.176647	0.655612	2.647406	-0.913187	1.7778494	2.3258972	0.42869717	-1.0386871	-1.0250223	0.14496125	0.8449309	-0.017549243	1.2605076	1.7075801	0.16588336	2.461444	1.669289	-0.94111824	-0.74379313	-1.4341412	0.06370585	1.8835312	1.0049354	0.016049715	-0.03123895	-0.37680545	3.0215902	-0.8453544	1.9484955	0.17357953	2.473752	-1.0841067	0.45959952	2.2802982	-0.8901115	2.4222956	1.7192045	0.7147043	0.83598	0.4112897	-0.69191784	-0.08964312	1.9958477	-1.1662077	0.9763626	2.718941	-0.75645596	0.40704203	0.8473012	1.3183304	1.7311012	0.7078903	1.4124547	2.037807	-0.3623374	2.9148035	7.2568784	0.7269534	-0.4116431	-1.5956401	1.8242446	1.8056722	-1.9481181	0.19202578	1.779176	1.9223231	0.23271152	-0.3818022	1.8060762	-1.0491108	1.8753499	0.5073804
quinoxaline-2-carboxylic acid	1.3609287	-0.2755608	0.798502	1.1749896	0.67928416	0.2713347	-0.24703626	-0.4477822	1.6839322	-2.2545257	-2.5531917	-0.10978849	-0.0450739	1.0113833	-0.76890486	0.82623374	-0.5571005	0.42718786	1.445732	0.47550222	-0.13249542	-0.508708	0.46408957	1.4884197	0.12159723	0.94620115	1.4325594	-0.19409521	-0.4240808	1.2927626	0.6412031	-0.1588929	-1.9821094	3.6124494	2.850418	-0.48108673	-1.0910859	0.008929203	0.9260874	1.7322581	4.635848	0.9734356	-0.124934226	1.2873857	-1.4007161	0.6288124	-0.5333796	2.6609423	1.6322842	-0.80489266	0.7930068	0.012009223	-0.35377592	0.5833105	-0.47180378	0.17458917	-0.8238232	0.40129793	-0.7590121	3.0508087	5.5656424	1.1560354	-2.0034845	0.27244857	-0.13967958	0.25879627	-0.80438316	0.85922056	0.029687002	1.0671651	-0.51860183	-0.7763922	-0.06737017	0.027667694	0.39556915	1.3487813	0.18694742	0.3063114	-0.16634117	0.7505719	-0.26219007	2.230238	0.5950081	1.2732387	-0.64672905	0.8582236	1.2941874	0.9328126	1.2714205	1.1422081	1.868034	1.1361343	-0.8304262	0.5809008	0.11005541	-0.6274355	-0.38058278	-1.8840595	0.4462604	-0.7884054	0.034930613	0.8728641	1.4513712	0.47729045	0.07193029	-0.69944024	-0.99819034	0.016380595	1.0990989	1.225947	-0.91467553	-0.09670464	1.6554992	-1.6966273	1.0508072	1.1636941	0.9222753	-0.9945454	-0.7657973	2.1572635	0.36412737	0.15354648	-0.32741237	0.3424601	0.16290192	-0.33308434	-0.44097364	2.0434003	-0.048305746	-0.36559322	-0.98401284	-1.1235472	1.606302	1.5292372	-1.2101934	-0.48670894	-1.0553981	-1.8131089	-2.065281	-0.6949305	-1.7803413	-0.5836732	-0.4395714	1.605015	0.12159997	-1.4768649	-0.59781885	0.40888873	0.70563805	-0.5425263	-1.1167163	1.9005109	0.022039603	1.9340097	1.2367382	-0.9770932	-1.200574	-0.2903804	-0.6474546	0.35336745	-0.18907237	-0.6170788	-1.0571972	0.23284358	0.5940134	-1.8945339	1.7229263	1.0002254	-0.5960645	-0.5578896	0.77639246	-1.2970573	-1.5860069	0.11163662	0.28881952	0.5383906	0.1684908	2.27669	0.6930787	0.6932874	-0.11331	2.0378563	1.699814	1.0012455	-1.9081088	-1.5423032	0.04118444	-0.0086830035	-0.67052656	1.6071159	1.0707966	-0.0019963032	1.7986203	0.47171983	-1.7957044	-1.9938077	-1.7924241	-1.6292896	2.2901726	1.8933313	-0.20959322	-1.3281177	-0.057078168	1.3290212	-1.3420922	-0.12213734	-0.3462177	0.28756452	-1.4838777	0.13072778	3.0399094	-1.2379843	0.0760328	0.6102367	0.1399118	-0.31224278	-1.4939855	0.33681414	-0.13813631	1.72162	-0.5720915	0.09643469	1.3157313	-0.75397116	0.59798	0.07057018	1.9654404	-0.33067334	1.6379211	-0.6939317	1.36738	-0.4053048	0.6605893	0.7269534	5.5656433	2.3278162	-2.1994696	1.176424	1.3778025	-1.0765053	-0.57473797	1.3401047	1.3345826	-0.6814979	-1.1257328	1.2534916	-1.3562562	2.1901915	0.24924363
salicylic acid	0.21443513	-1.2514049	0.2623989	-0.13483845	0.7764091	-1.7021347	-1.300807	-1.8417985	-0.32812685	-3.533826	-3.7898936	-1.8542051	1.2158335	-0.7502586	-3.0780103	0.34644467	-2.1604116	-2.1878543	-0.53854173	0.40686318	-1.5281265	-1.9168266	0.2019354	-1.1752508	-1.5696012	-0.017049894	-0.43899423	-0.78949606	-1.7521133	1.906855	0.32349825	-1.5833315	-3.9630675	1.0133018	-0.7978751	-2.186766	-1.2292247	-2.294966	-0.87486374	0.73658067	1.3848965	0.7865085	-2.5482259	0.7428936	-2.5048738	-0.6684855	-0.79446644	1.3542536	0.4080581	-2.9310186	0.48862147	-1.4828227	0.15174715	-1.804541	-1.0756388	-2.5589197	-2.2639472	0.9384553	-2.4837694	3.3206887	2.789795	-0.51550555	-0.68716663	0.15517242	-1.7654841	-1.5998032	-2.2591012	-1.9894149	-1.3654083	-1.3354214	-2.126166	-1.6686634	-0.013070879	0.28874868	0.87243634	0.25292373	0.5494577	0.13128996	-2.4143891	-1.0865166	-0.8915679	-2.0298824	-1.3260101	1.1312387	-1.9204739	0.61609864	-0.013865246	-0.7148596	-0.1026987	-0.57302076	1.2114693	0.61500734	-1.6001115	-0.08069438	-1.2575758	-2.588133	-2.326634	-4.1044965	0.28578737	-3.3601198	-0.011300276	-1.0652182	0.0008915264	-1.3328307	-0.59581256	-2.008815	-2.485006	1.4209255	0.7468278	-0.77471554	-3.0821211	-0.60850745	1.1396432	-3.1030798	0.621725	0.4899408	0.67163694	-2.2027528	-1.3509214	3.2047708	0.16218494	0.64788085	-0.9091967	-1.0904016	-1.0367069	0.4666643	0.44712347	-1.1086354	-0.8175849	-2.148742	-3.1756887	-1.1291472	0.5284373	-9.7458345e-05	-1.433423	-2.1865125	-1.0309094	-2.6926224	-2.889529	-1.3253955	-3.0898771	-1.1960906	-0.14961688	0.040567063	-0.9530715	-2.3887806	-1.265088	-1.0859662	-0.6375984	-0.21449775	-2.5224047	-0.20528832	0.36376905	-1.585549	0.9229209	-2.1210265	-3.790885	-1.8373517	-2.6860626	0.19777215	-1.8525462	-1.9461105	-2.3171382	-2.1429589	-0.7648386	-3.77826	1.3278319	-0.9899372	-1.3289604	-1.4901642	-0.14241615	-3.2123933	-2.7390501	-1.6690485	-0.037432846	-2.4141724	-0.91371995	1.9028602	-0.2904279	0.6580911	-0.586301	1.9158708	0.9879802	0.063492075	-3.0798283	-3.7147276	-0.284238	-2.3387196	-1.1673747	-0.8683951	-0.54929066	-0.39183503	1.2695256	-0.32369888	-2.24388	-2.975434	-2.9612243	-2.9592795	1.6170601	0.67075974	-1.7860447	-2.821409	-2.03445	0.49895224	-2.72984	1.5123109	-0.14171976	1.4514354	-2.2143757	0.41164178	1.0667858	-1.7132092	-0.3270104	0.31699458	-1.9033158	-1.3180621	-2.3714027	2.4181614	-1.7821453	0.8264437	-2.7131405	-0.43104514	0.48940244	-1.7984984	1.0717944	-1.2794793	1.9903834	-0.26013568	1.7864594	-2.364034	0.23991375	-2.2025168	0.2935459	-0.4116431	2.3278162	7.388772	-3.2239776	0.031736657	-1.3180536	-3.3546124	-2.1494465	0.7766835	0.738481	-1.2971255	-1.8062606	1.3744131	-2.607889	0.0057670157	-0.28790295
serine	-0.50003135	-1.8490983	-2.0916283	-1.26539	-1.275709	-1.3400023	-0.9177828	-1.0399262	-1.8859098	-1.4407231	-0.54101723	-1.2375515	-4.81441	-2.1800175	-2.0393755	-1.8667763	-1.6486223	-2.1785374	-2.2154226	-1.3143309	-1.4900798	-1.4557897	-1.6193445	-2.1759336	-1.907826	-1.8732471	-1.5487405	-2.2211826	-0.4816424	-1.9918506	-1.3535147	-2.598054	-1.0873337	-1.896236	-1.7462747	-1.4323841	-1.1948078	-0.529394	-2.1207368	-1.2186698	-0.6247944	-0.642286	-1.5380309	-1.1190159	-2.511545	-2.3852434	-1.8401412	-2.3328702	-1.5643809	-1.8834958	-1.6280876	-1.0897251	0.30958548	-1.2974855	-2.108433	-2.9237492	-0.98183954	-1.683582	-1.949027	-2.2335434	-2.1374242	-1.1864187	-2.7727056	-2.0183985	-1.7517934	-0.5851961	-1.8416742	-1.0977386	-3.0491571	-2.5354798	-1.4187932	-2.2320654	-1.3309854	-2.1191425	-1.8601309	-1.9467381	-2.0331953	-2.6229243	-2.1609118	-1.967277	-2.0320475	-3.188743	-2.4860282	-1.4232736	-2.259613	-1.6333426	-1.3685607	-1.5566653	-2.181993	-1.62899	-2.0244873	-1.6924502	-1.8418211	-1.9794573	-1.1082534	-1.059548	-2.126107	-2.2405622	-1.2556999	-2.1043437	-1.1459976	-0.59054804	-1.4124062	-1.5674777	-0.79517835	-1.8208345	-1.5523418	-0.5234032	-2.169593	-2.3211503	-1.8739747	-2.284193	-1.3895336	-1.0187486	-1.4575956	-2.0358078	-2.1039627	-2.3135417	-0.42327288	-2.1128244	-0.5615632	-1.0729861	-1.1673564	-1.5944957	-1.59827	-1.0779474	-2.2314315	-1.2830586	-1.651928	-1.0346812	-0.8984987	-2.137463	-1.6552579	-1.725273	-2.2157123	-1.9318835	-2.0133245	-2.737487	-3.5937314	-1.6384671	-2.4476755	-1.8298402	-1.5949222	-1.7330972	-1.9899282	-2.2357774	-2.1406808	-0.96415967	-1.312431	-0.94617975	-1.4142301	-2.3065023	-1.8883007	-2.284154	-1.5320367	-1.1657338	-0.8403572	-2.550682	-1.7177407	-2.4833837	-1.7305937	-0.7581476	-3.2006571	-2.5953643	-2.1810532	-0.9598659	-1.4913745	-2.1383078	-1.4752737	-1.7300835	-2.0412896	-2.7525895	-0.8865987	-2.4864879	-1.872568	-1.6197288	-2.5838473	-1.2876835	-1.1287273	-1.7053623	-1.4001606	-1.6551073	-1.8472396	-1.7652346	-1.8404759	-1.0371896	-1.8411334	-1.9188688	-1.995699	-0.7057193	-1.1867433	-1.9582222	-1.6890529	-1.5116023	-2.3338237	-1.7122251	-2.6654856	-0.94971186	-1.6859918	-1.2257531	-2.1024268	-1.6070908	-2.0207124	-1.6745507	-2.6261568	-1.493981	-1.3686285	-1.4028324	-2.4281673	-1.7871562	-1.8196963	-2.5411124	-1.9698362	-1.9691935	-1.3034382	-1.5436693	-1.0220668	-3.715866	-2.2329738	-1.0107723	-2.4504125	-1.413636	-1.4957217	-2.062701	-2.066997	-1.328833	-2.1536803	-2.5850966	-1.7520316	-3.1231174	-1.4951234	-2.1891108	-1.8322078	-1.5956401	-2.1994696	-3.2239776	9.416058	-1.9119172	-2.7878332	-1.7181493	-1.5432416	-2.1463146	-2.104718	-1.7401989	-2.530995	-1.9235567	-2.7093143	-1.4283987	-1.8492873
succinic semialdehyde	2.358625	-0.081642196	2.654589	3.0593975	1.029181	-0.734443	1.1600376	0.81309366	3.0703616	-0.9043451	-1.1808335	1.6280663	0.42641172	2.1027482	-1.5797741	2.8794332	-1.5286961	-1.0585637	0.69572985	0.2732568	0.969116	0.7505642	0.8806651	3.4179764	0.79272395	3.1428118	1.5233046	1.1410896	0.2069732	2.4615498	0.7636685	-0.1521993	-0.29674855	-0.54174095	-0.076218665	-0.1392968	1.740558	0.85282105	1.6251768	1.9473108	1.5033464	-0.1682973	0.5953166	1.3811386	-0.7702495	3.3641503	0.24664164	1.5343173	2.0712774	-0.54125243	0.18861991	1.0588877	1.2982883	0.3968037	0.10249239	-0.40298906	0.892082	0.008911953	2.089638	0.7708271	0.26094207	-0.24932206	-2.4905035	1.9754308	-0.28742144	-0.9078561	-0.451922	0.88833547	-0.8097238	0.6335726	-1.2855599	-0.31140357	0.012454826	2.1089506	-1.4316132	3.360738	1.3886178	0.29809928	-0.5714515	-0.35642022	0.31239405	1.0093346	0.4940264	-0.2573356	0.0821502	2.6397767	1.2256582	2.333582	1.8943449	3.7222636	2.4361515	2.7690141	-1.5072453	0.66527796	2.2968607	-0.006085517	2.0506306	-1.8279344	1.7436446	-1.4602591	-0.08205083	0.5555176	1.7476544	-0.33341715	0.57576674	0.863108	0.8124339	1.7257262	2.6995554	1.9600717	-1.2622758	0.73246473	3.195023	-0.5046058	1.7786283	1.1774659	1.1334018	0.045404527	-1.2463415	1.3011242	0.34999964	2.9844642	-0.14361878	1.096904	0.6835852	1.3695304	-1.7563151	0.8121071	1.1551894	0.550384	-1.612579	1.2017308	1.8283241	2.5629196	-0.98970574	0.11377222	0.6726301	-1.7704339	-1.8177694	0.12870672	-1.705566	1.9483157	0.101351	1.0070896	3.0766075	-1.8588461	-0.6083283	0.9254821	0.1670366	1.2423158	0.0928242	2.381663	-0.97466636	0.6297441	1.7166219	-0.8686116	-2.813607	-0.75173825	-0.26726094	2.1022725	-0.3733529	-0.00530665	-0.53906727	0.4592234	3.639949	-1.255872	1.8542411	1.3785203	0.052748423	-0.45707816	3.4704652	-0.7540564	-1.5046151	0.94093895	0.010491928	0.3970847	0.8995675	3.1516702	0.5429106	1.6230943	-1.393164	2.7748258	2.539405	0.31508628	-0.9800881	-1.7500081	-0.826954	0.5720789	-1.5955126	0.2993906	1.9727881	-1.0895008	2.2241967	1.9109668	-1.1433076	-0.9047903	-2.0098157	-1.977084	2.0723054	0.9268704	-0.9984745	-0.4221475	-1.2230184	0.7609163	-1.012677	0.21261314	-0.123578474	0.25777397	-1.377951	1.5357952	3.7924218	-1.8906075	1.5070801	2.8717723	0.90242535	-0.71032226	0.6618653	-1.1408983	0.71021324	2.7927043	-1.3833339	1.5538795	2.1274867	-0.95748585	1.357886	0.096356094	1.8311509	1.5270597	0.6627462	0.10315712	2.581325	-1.3966411	2.8329785	1.8242446	1.176424	0.031736657	-1.9119172	3.7924228	-0.071549855	-1.2522035	-0.75617296	1.5429438	1.611062	0.5156562	-1.2442282	2.4732003	-1.5278908	2.37525	2.2076771
succinyl-hydrazinoacetic acid	-1.3614271	0.24988832	1.654176	1.1762909	1.5557084	0.576949	0.056694955	-0.36749136	3.285371	-1.1135232	-2.6256022	0.31070808	-1.74152	1.7740829	-1.6361191	0.1637626	1.4713581	-0.49128288	1.0273508	3.0972779	-0.36201033	1.0083891	-0.7959852	0.047539685	0.00036042393	1.7444097	0.81629694	1.279738	-2.164042	4.605035	1.1593409	-0.19433697	-1.4782829	0.11681915	-0.44860435	-0.14238913	-0.05537381	-0.24174842	0.0698802	1.5851127	3.8487608	-0.9614538	-0.27511194	2.7771285	-2.5421095	-0.70393753	-1.2013166	2.846669	1.1954437	-1.0941526	-0.5869509	-0.79578775	-1.1404345	-0.36136073	-1.6857417	-2.0471702	-1.5227371	0.23146105	0.6087251	1.5598079	1.9308387	-0.71140206	-2.1878483	0.7827548	-0.6837016	-1.5333092	-1.080318	-0.4958485	0.08033089	-0.08002165	-1.62173	-1.0972222	2.0906944	1.3779318	-1.3284048	3.19866	2.6093712	-0.080573946	-0.112534	-0.97103345	-0.18212147	1.021719	2.232421	-0.6944004	-0.2856425	1.8430527	-0.6008758	0.28184515	3.560868	0.23323129	2.9694078	3.8272789	-0.43148506	0.96630657	-0.8426834	-0.016626	-0.22494209	-3.2842305	-0.06992671	-1.3991406	1.1352361	1.44402	-0.5099534	-1.5598722	-0.7082182	-1.0399868	-0.9958024	-0.5457948	3.4766698	2.5458198	-1.3323624	0.31416705	0.5990914	-1.4559872	0.14009751	4.0531406	4.0692215	-1.0972381	-1.5748541	0.17307644	-0.39397284	0.54014105	-0.9835269	-0.3503137	0.9713621	-0.80543095	1.0666915	-0.59359425	-0.564239	-0.5890039	-2.1550596	-2.0481167	-0.5917174	1.5576286	0.3610691	-1.0017402	-1.7088059	-1.626669	-1.1574618	-1.291025	-2.8304822	-0.27257955	-1.2124811	-0.47298124	1.415277	-2.3611295	-2.014378	-0.27988985	-1.4204401	-0.7770204	-0.80686	0.16856796	-1.3440024	2.3205912	1.2985277	-1.8994331	-2.9489777	-1.6519215	-2.963059	0.22593677	-1.0011507	1.695953	-1.3469834	-1.3473322	0.32209748	-1.9841363	1.8929393	2.3414054	0.67848706	-0.7193577	0.7901051	-1.9944096	-2.1831012	-0.7774923	-0.35208234	2.4514215	4.461417	2.0696971	-1.3858981	1.6333753	-1.989679	1.3808827	2.690981	-1.492426	-1.7999411	-2.5223362	-1.2391915	-0.5965977	-2.5240262	0.8478079	2.9789636	-1.7652926	1.8147286	2.6766763	-0.9921529	-1.8672189	-2.1053195	-2.5350802	1.4883745	-0.5650712	-0.4978935	-0.5043827	-2.0598612	3.305982	-0.96188	-0.3303028	-1.1758895	0.52672225	-1.8632233	-1.1124301	2.1929736	-1.9967543	1.6595469	2.2674859	0.20158991	0.52823436	1.0676597	1.0818595	1.8428444	0.5567229	-0.8675015	2.722337	-0.43970641	-1.4490457	-0.70268613	-0.64042836	0.16370513	-0.06352674	-1.1734594	-1.9350768	0.44955468	-0.55827075	0.25046355	1.8056722	1.3778025	-1.3180536	-2.7878332	-0.071549855	5.844657	-2.4002593	-1.9024265	5.329969	3.0030155	-0.6187314	-1.3332376	1.3608485	-2.3154438	0.5349334	1.8410101
threonine	0.70124406	-1.7667499	-1.5735123	0.05535963	-0.8034945	-1.8685242	-1.0114155	-2.4079623	-1.0396518	-3.2329023	-3.271287	-1.6280075	-4.013304	-2.093657	-3.6639595	-1.7890211	-2.7415063	-2.0000973	-1.624577	-1.3896574	-2.1956103	-2.3123634	-1.7369814	-2.1078868	-2.0179434	-2.0962112	-1.1620415	-2.244169	-0.25605953	-1.7422664	-1.0373487	-2.829831	-2.586249	-1.7815394	-1.7537924	-2.223064	-2.0837839	-1.236377	-2.127292	-1.1581511	-1.1824918	-0.95977485	-1.9136449	-1.9663254	-2.6983209	-2.6787882	-1.5148134	-2.1878908	-2.2679641	-1.379604	-1.878811	-1.3604144	-1.8190451	-2.4189565	-3.1661835	-3.2762737	-1.7511882	-2.1495652	-2.5708563	-1.3398329	-1.4775581	-1.9072539	-3.225708	-1.9431604	-2.1654203	-0.41953295	-1.9550779	-1.8742292	-3.1101418	-3.052381	-1.581457	-1.8916442	-2.2386081	-1.5404133	-1.6904873	-1.2298176	-2.4639328	-2.9114826	-2.0938833	-2.2404423	-2.0478306	-2.2049472	-2.9804578	-1.3948898	-2.283466	-2.095767	-1.8924407	-1.593003	-2.3259273	-0.617063	-1.1380014	-1.5074397	-2.7489824	-1.630988	-0.5601846	-1.8806595	-1.8389306	1.5693842	-1.3470434	-0.73503965	-2.0966132	-0.8280892	0.28959662	-1.9698774	-0.30492482	-2.7186477	-0.24167351	-1.0592397	-1.9379758	-1.2458452	-2.2994158	-2.1034539	-1.5531988	-3.3763397	-1.736979	-2.7817595	-2.6802137	-2.6708553	-2.271341	-2.5715444	-1.6845132	-1.4668249	-1.9781566	-1.3273603	-2.037344	0.37376267	-2.7893438	-1.5951892	-1.251785	-1.6383221	-2.3122804	0.4494601	-2.0415242	-1.6201358	-2.6551948	-2.193192	-2.7333093	-2.925982	-4.242679	-2.7219186	-3.4808571	-2.0163603	-2.4151027	-2.0169613	-2.4747913	-2.6941156	-2.485775	-1.1541649	-1.6858797	-2.3640645	-1.3630645	-2.206538	-0.9262041	-2.9104168	-1.960614	-2.1006658	-0.59746134	-2.804232	1.7534323	-2.096886	-2.3290353	-2.4977994	-3.3681026	-2.6443808	-1.7752651	-3.940092	-1.4262419	-1.7753649	-1.9077314	-3.2882257	-1.3889935	-3.411189	-2.5414996	-2.5042746	-2.7413526	-2.6446943	-2.097392	-0.92470634	-2.1869514	-1.3370907	-2.9231372	-1.6274971	-1.5374167	-2.153639	-1.6614931	-0.6164825	-0.6516348	-2.6301155	-1.5156618	-1.0111566	-1.9042794	-2.8243005	-1.5429888	-1.5947902	-3.2395449	-2.5386329	-2.97097	-2.7838748	-1.2348355	-1.9311028	-2.8999043	-2.2600172	-2.5454323	-2.6031096	-2.0869646	-1.0325861	-1.8530201	-2.0445774	-2.4946792	-2.0242953	-0.8607636	-2.7612936	-1.7853868	-1.9393578	-1.9409095	-1.0934732	-1.6234516	-3.3121495	-2.2988534	-1.6740042	-3.1020606	-1.9494216	-1.7308944	-2.066503	-1.698696	-1.7368772	-2.1491477	-1.9416499	-2.0100148	-2.4593792	-0.71758777	-2.7659647	-0.80563337	-1.9481181	-1.0765053	-3.3546124	-1.7181493	-1.2522035	-2.4002593	9.225214	-2.3090491	-2.0486586	-1.8626277	-2.1000125	-2.805461	-1.6267083	-2.170741	-0.8231501	-1.1681694
trans-2-crotylglycine	0.24502777	-0.18413883	-0.61651033	-0.4494294	0.52518374	-0.0311603	-0.02778534	1.1340333	-0.18507136	-0.81267846	-0.787508	-0.360754	-3.5241163	-1.6135076	-0.9883181	-0.28008953	0.044299714	0.5312017	-0.29432538	0.1989055	0.61596084	0.13113375	0.28230503	-0.022111004	0.67722917	-0.6654449	0.093065575	-0.25520903	-0.70057136	-0.85993373	0.13809586	-0.28553513	-0.5306499	-0.51620495	-0.3167997	1.2770685	0.19866717	-0.7464397	-0.32945433	0.2953171	-1.032935	0.90330404	0.8131826	-0.07415691	0.04855735	0.93105793	1.9558591	-0.43391812	-1.0313534	0.09231106	0.50898534	-0.07738994	0.05423336	-0.9961511	0.38691562	0.80994207	0.32439598	-0.14079933	0.12458529	-1.0186106	-0.119606785	2.3807974	0.35882908	-0.7129258	0.22187674	-0.012428608	2.9268515	0.40327147	0.08640267	0.93643826	0.71043634	-0.19282681	-0.5351301	0.22449829	0.42914912	-0.3756769	1.0768021	0.14953314	0.4645277	-0.123942	0.18236828	-1.0505481	-0.1361571	0.7059576	0.664236	-0.5839911	-0.780115	0.43700835	-0.45482355	-0.59664613	-0.5005613	-0.3969181	-0.35366148	-0.02277593	0.5835827	-0.71587986	2.7983437	-0.93403304	0.51391774	-0.5014214	0.15660779	-0.05494564	-0.53416216	-0.16499001	0.19597125	0.43590719	-0.5049817	-0.63050497	-0.7816277	-0.23933187	0.40293872	0.042642657	-0.30236682	-0.99199855	-0.1386295	-0.08401671	0.77879786	0.27611884	0.41353986	-0.70059437	0.5114712	0.054017555	1.066479	0.11021237	0.08572583	0.4872469	-0.119121276	0.2963735	-0.19208793	0.13833568	0.35777712	0.22039452	0.31488156	0.3776055	-0.43079662	1.1264027	0.58595496	-1.0281042	-1.4278436	0.7584176	-1.013926	1.0632529	0.73461175	-0.30431947	-0.948425	1.1823448	0.90864986	0.6134209	1.2692624	0.6664841	0.8398785	-0.7088752	0.3795276	-0.87324756	-0.36996627	0.42940748	1.7035428	0.16023892	-1.2046033	-0.5901019	0.15184712	0.4841468	0.42029148	0.48635834	-0.4481528	-1.3934284	0.11849179	-1.2540144	0.2826293	-0.18696757	-0.79753155	0.8727602	1.9438229	-0.66681606	0.26806915	-1.1779062	-1.9401944	-0.33395487	-0.33938876	0.48447114	0.42628694	-0.3869018	-0.3906199	0.24720663	-2.4717712	-2.7678194	0.6233738	0.22653146	-0.366169	0.10200141	0.009676221	-0.009014344	0.7240395	-0.5676829	0.19239385	0.29495272	-0.5470755	0.6028584	-0.03274446	0.38000822	1.5541131	-0.34705117	0.78291136	-0.19193137	-0.25510103	0.3731529	1.1707201	-0.08792698	0.48135903	0.45007896	-0.4621646	-0.89696753	-0.62647676	0.3170143	-0.09625486	0.45136347	0.1843236	-2.451695	-0.020934938	-0.22968234	-0.33328953	0.22558208	0.5921441	1.2598932	-0.075546496	-0.28888196	0.31943813	-0.28018868	-0.1591989	-0.021550417	0.15807734	-0.0059061074	-0.35900635	0.19202578	-0.57473797	-2.1494465	-1.5432416	-0.75617296	-1.9024265	-2.3090491	6.2417855	-0.2981675	-0.5434352	1.15546	0.6013883	-0.46960506	-0.22431485	-0.109923005	0.19741543
trans-2-hexenoic acid	-0.27353442	0.036543828	1.6632855	3.6285448	0.7896351	0.5141989	1.7059174	0.85128456	2.246182	-1.2732359	-1.8692702	0.94842577	-1.00648	1.1416603	-1.5304898	1.5265448	0.77205014	2.2732542	1.4415692	1.696385	0.7618877	0.9058112	1.1080884	1.293138	1.9954321	1.5891842	1.0015907	0.43945935	-0.26870826	3.2735589	1.9717401	0.9475493	-1.2984132	0.73606884	0.6717305	0.79380506	0.7646494	0.6601256	0.8953133	2.1284597	2.5922563	0.29550776	0.0331018	2.113318	-1.3019879	0.59015036	1.0989838	2.0903728	1.9213753	-0.026342407	0.4061948	0.95438224	-0.040927883	0.88302445	0.6474916	-0.32181776	-0.22044678	1.1575748	0.108792506	2.2443016	1.5276165	0.43979266	0.34755132	1.0552531	0.6212995	0.5830229	-0.23794116	0.3935965	1.0253917	0.0067345314	-0.33602503	0.12777147	0.899454	0.6669941	-0.5600769	2.6084013	1.4836282	0.8437678	0.34160367	-0.76941454	-0.26689792	1.0359731	2.233102	1.4440944	0.93519884	1.712216	1.1410944	1.4393624	2.978962	0.98436785	2.3245766	2.5625818	0.82944	0.77773124	0.79906785	0.49000862	0.9561006	-0.75277627	0.9585077	0.45953485	1.2770342	0.9209609	1.1517017	1.2809101	0.68989885	1.6071215	1.2752031	0.82411057	3.4144251	1.7241944	-0.31669548	0.505816	1.4630003	0.24722543	3.3289318	2.505218	2.4804099	-0.6051608	1.5623349	1.3837652	-0.08260651	1.5817239	0.2634076	0.051841192	0.9701896	0.58295596	1.2191657	0.68110365	-0.22769493	0.5469893	0.61037517	-1.3953912	0.64512587	2.8844297	0.2595141	-0.22658835	-0.42273378	-1.507919	-0.223987	-0.26734674	-1.4038815	-0.06349105	0.20413001	1.9005051	2.1735141	-0.93629473	-0.21324593	0.38393986	-0.15650009	0.41609797	0.2509224	0.98872554	-0.8400271	1.833081	1.4952297	-0.5970141	-1.1056908	1.05273	-1.218539	0.44975132	0.018681413	1.2660419	-0.342108	0.102726385	1.2141728	-0.71223724	1.749145	2.919053	0.4554178	2.130731	2.216664	-0.48272294	-1.060431	1.8701512	0.38842887	2.3138907	2.6748934	1.624782	0.86093265	1.4627637	1.6009004	1.685716	2.379072	0.6081154	-1.4366219	-0.836778	1.7296699	0.9733541	1.1799957	1.4851509	3.022554	-0.2249479	1.2235372	2.0424287	1.2456093	-1.0927086	-1.1683186	-0.40731126	1.5286589	0.8200221	0.53662115	-0.14268662	-0.035012633	2.1285203	-0.39710322	1.3250589	-0.11849749	1.627093	-0.6293785	0.47368625	2.1971936	-1.0055034	1.1294506	4.1512046	1.0792288	0.37381452	0.21767351	-0.01717777	1.442166	1.7876154	0.448551	1.3370469	0.72967684	-0.54381496	1.0810857	0.032300066	1.594227	0.20777984	1.1000597	1.1133852	3.2994156	0.106543146	1.4923908	1.779176	1.3401047	0.7766835	-2.1463146	1.5429438	5.329969	-2.0486586	-0.2981675	5.32997	2.750811	0.089424565	-0.5489666	1.2667179	-0.4032184	3.9377036	1.0823555
tricarballylic acid	0.5646377	0.7625131	1.8330135	1.3960822	1.4525363	3.1840827	2.1612403	-0.14827885	2.6581721	-1.3079106	-1.7136817	1.2606202	0.025357964	3.2637367	-0.8042308	2.1793704	-0.0412312	0.4522948	1.9970342	0.71843994	0.9620453	0.99967015	0.71242255	0.06047191	1.633692	1.430493	1.8644029	1.5839854	-1.2698874	3.2190394	1.1075002	1.7315568	-1.5297202	2.0978355	0.99742967	0.8771368	0.25599712	1.3534659	2.002047	1.1883928	1.6115363	0.03931432	0.48805037	2.2961612	-0.87567306	1.4310834	0.42859265	2.201096	2.6938176	-0.39133582	2.1778257	0.55419576	0.0679383	1.9000053	-0.32551965	0.1499373	1.3142979	4.608219	0.24854554	2.0305731	2.0974686	-0.7206352	0.15244453	1.2864981	0.76254106	-0.41048193	0.0978803	0.49100405	1.1186283	0.0335471	1.7298826	0.13009903	2.5166748	0.71918786	-0.52667874	3.031589	1.3404062	0.13775897	0.60263735	-0.030598613	-0.11394212	0.2960282	1.1475939	1.0851911	0.9878467	2.6425457	1.708289	1.4416817	3.2127578	1.3060827	2.4468853	1.6893746	-0.017119681	2.5120795	-1.0713785	0.57155824	0.43240556	-0.89835817	0.22612278	-0.89830494	0.817075	0.104380436	0.7980409	0.6117054	0.45461255	0.101203956	0.24893624	0.6288616	4.2784996	2.4586549	-0.32597405	0.43779865	2.2511585	-0.7709355	1.2993371	2.4847093	2.233576	0.39110586	-0.57980776	2.5762782	1.1955388	2.038874	-0.24847056	0.2674941	1.270122	0.7343921	-0.45065093	0.6506011	0.7499461	0.82734483	-0.8655035	-1.216506	0.35767582	1.5394322	-1.519918	-0.7246728	-0.6581647	-1.0465056	-0.86600643	-0.48490685	-1.4109995	1.0009198	1.1601477	1.5213001	1.5259057	-1.0996499	0.19933414	0.7201002	0.24463293	0.39035088	0.7042754	1.5056864	-0.27977008	0.9341944	2.2557907	-0.522604	-0.63570267	-0.73096853	-1.9798986	1.3064123	0.22345306	0.48417816	-0.89826274	-0.0812848	0.25829983	-1.2402335	2.1277654	4.648234	1.4393528	-0.15083721	2.7701256	-2.3552742	-1.1661676	-0.05548356	0.25871876	1.4820868	3.970222	2.4365916	-0.05364506	2.2550418	0.9432078	2.3046691	3.4172988	0.36484382	-1.4240831	-1.6197306	0.25914553	1.8826195	0.6931287	1.8511094	2.0561786	1.1823927	2.1247633	1.0917283	-0.98437756	-0.9802405	-1.0587215	0.47319818	2.4092443	1.0504273	-0.57197315	-0.2701346	-0.47446302	2.3571577	-0.09508227	0.29395306	0.31187904	1.3978016	-0.6964093	0.48388025	3.542148	0.20946766	3.0021799	1.4753513	0.6728643	1.6688457	-0.88534	0.19786252	0.793955	2.4253004	-0.6941749	1.2153593	1.9369082	-0.44739807	0.28769955	0.64361596	2.7769063	1.7011878	0.5133313	-0.7370358	2.3124163	-0.9176333	1.7998172	1.9223231	1.3345826	0.738481	-2.104718	1.611062	3.0030155	-1.8626277	-0.5434352	2.750811	4.648235	0.09647171	-0.49102527	2.010355	-0.7400329	2.2884314	0.53547704
tryptophan	0.05784557	0.48726946	0.16310549	0.3347381	0.9471681	0.6771551	0.29185745	0.88843423	0.32645324	-0.24500602	-0.21223827	0.014487082	-2.6045969	-0.17223799	-0.73410445	0.44312292	0.8104125	0.30593643	-0.12222725	0.43091497	0.48079932	0.49906442	0.240464	0.23039573	0.13274203	0.11125582	0.10648442	-0.1991402	-0.83106285	0.08195703	0.4889519	-0.38075748	-0.04059002	0.21648596	0.37738752	0.7824514	0.7629885	0.34859896	0.24449272	0.32681578	-0.01898415	0.5692422	0.69448465	0.25810528	0.2683337	0.39046165	1.1444597	0.10438816	-0.077852055	0.44688058	0.25586864	0.103658274	0.68529445	0.043298364	-0.090251505	-0.22613098	0.02425997	0.62330574	0.67355156	-0.68500787	-0.14625134	0.9410504	-0.93238306	-0.41944692	-0.16332641	-0.22463968	0.8639923	-0.05296872	0.54645485	-0.34053203	0.13136104	0.6874826	-0.08341703	-0.0037174693	0.77800804	0.29020405	0.66103363	-0.28179216	0.6175569	0.26283792	-0.33023837	-0.7091692	0.1416898	0.566379	1.4544818	0.39590338	0.19313058	0.47520787	0.24466307	0.43882388	0.024027238	0.66278243	0.031572886	0.17545266	0.8487754	0.22873501	1.1100218	-1.0291189	0.59685534	-0.37148032	0.45102122	0.23454133	-0.27729625	0.7203543	-0.018729107	0.23781647	-0.05145582	0.4842575	0.23523597	0.07320213	1.5826415	0.88335496	0.084557466	-0.44738248	0.7611589	-0.6795069	-0.36922	0.9537633	0.103944644	-0.36696833	0.19372074	0.33075798	0.5131513	0.30646196	0.15423657	0.43973538	0.38311923	0.38758552	0.33219677	0.53621113	0.010266943	0.13095212	0.7663469	0.30943915	0.3755585	0.67377585	0.80084443	-0.38881642	-0.62590605	0.92543083	0.11122669	0.86531	0.8143958	-0.058504492	0.0842061	0.89043176	0.7877922	0.59593076	1.4235339	0.88901347	1.0672225	0.15131196	0.7886948	0.43308425	0.08104569	-0.058532868	-0.36318722	0.2839123	-1.0965055	-0.1959601	0.53840315	0.64744365	-0.32693574	-0.4548256	0.22635303	-0.6788119	0.26288074	0.03396846	0.29380992	1.3730451	0.17225875	1.0902115	0.52012175	-0.27568698	0.44994998	0.022026775	-0.27750617	0.22756396	0.3489786	0.32313415	0.60904723	0.12651847	0.026881782	-0.16688545	-1.8061019	-1.4065081	0.3488656	1.0112951	0.19955564	-0.03887577	0.377428	0.41728687	0.5997409	0.2340129	-0.5770122	-0.05243793	-0.5846592	-0.25145718	0.20444207	0.38890722	1.2641684	-0.22374542	0.8165549	1.3176244	-0.14302972	0.442984	1.2506866	0.24494669	0.34855244	0.28906462	0.07145604	0.38102484	-0.24804525	0.58825517	1.0457205	0.676698	0.75317955	-1.6408156	0.35482785	0.7083802	-0.026010415	-0.13608696	-0.12978259	0.7750457	0.15017821	0.42812878	0.4434069	-0.218507	0.14893009	-0.7412071	0.16070914	-0.09072418	0.489625	0.23271152	-0.6814979	-1.2971255	-1.7401989	0.5156562	-0.6187314	-2.1000125	1.15546	0.089424565	0.09647171	6.83091	0.4396675	0.15104674	-0.24417904	0.035388328	0.6127697
tyrosine	0.34880924	-0.4871332	-0.47993207	-0.67778224	0.20147668	-0.13635075	-0.07137258	0.14934774	-0.76147175	-0.7944593	-0.62722814	-0.7724244	-2.6480103	-0.453547	-1.5475029	-0.4808368	-0.090772405	0.13087766	-0.5237246	0.7441655	-0.24963002	0.07873176	-0.2741406	-1.0050154	-0.122952916	-0.8163861	-0.54236084	-0.665807	-1.9028531	-0.67682475	-0.26506105	-0.7110127	-0.5381179	0.027787354	0.10777207	0.1812724	0.16116107	-0.9187833	-0.16724098	-0.086770475	-0.84790987	-0.21738505	-0.45819193	-0.23892964	-0.36307523	-0.23035714	0.6354733	-0.57280785	-0.5642928	0.1277959	-0.37961766	-0.49841937	0.14480965	-0.9363744	-0.7558953	-0.8261225	-0.26323688	0.37343112	0.06874703	-1.3510804	-0.81869143	0.81302005	-1.4235842	-0.98462725	-0.29992142	-1.4000535	1.1544961	-0.79328	0.0062472774	-1.0951132	-0.21842143	0.110390335	-1.0415736	-0.045491688	0.18798852	-0.6745691	0.13602807	-1.1401507	-0.07391115	0.05040008	-0.9005134	-1.1396022	-0.62721986	-0.50683135	0.074250475	-0.40783495	-1.0241334	-0.07699228	-0.5248214	-0.5824165	-0.41844267	-0.016802678	-0.6552169	-0.75617033	0.0638839	-0.2797804	0.16225538	-1.8324697	0.17163068	-1.0600741	-0.04588631	-0.14267184	-1.1227474	-0.13044748	-0.7729022	-0.19108751	-0.9100743	-0.29159915	-0.60444	0.43482587	0.48674712	0.93149024	-0.82769877	-1.2690732	-0.17141059	-1.7234728	-1.370567	0.16727452	-0.16255705	-0.8393853	-0.3700184	-0.40875995	-0.01930604	0.8433584	-0.47734597	-0.21962205	0.25099403	-0.40343705	0.08630666	-0.050329994	0.17069001	-0.02746604	0.37195706	-0.0084170485	0.16712959	-0.26112345	-0.40138268	-1.2063628	-0.5087946	0.59973747	-0.38422045	0.24450037	1.0701522	-0.18028104	-0.6846211	1.4514136	0.9435157	-0.09493722	0.24140516	0.13910626	0.4767929	-0.57160777	0.11188458	-0.6781146	-0.37965173	-0.60481954	-0.73363733	-0.25624463	-1.8224272	-0.85133165	0.059162863	0.12898077	-1.0370643	-0.99176615	-1.1456237	-1.7876185	-0.19605488	-0.68672603	-0.39088854	0.16482477	-0.8970425	1.2436398	0.6384607	-0.6996016	-0.17873436	-1.093189	-1.036168	-0.29048893	-0.38752493	-0.3664014	0.016933266	-0.48616284	-0.6459913	-0.68992645	-2.6843934	-2.5161886	0.49613923	0.049356714	-0.48536482	-1.1551481	-0.1874707	0.43820044	0.2428046	0.8403797	-1.0373025	-0.6337341	-1.2983935	-1.1425918	-0.21730772	-0.47053963	0.35589033	-0.64265925	0.24620904	-0.6793351	-0.7169376	0.5118788	0.44640368	-0.07658352	-0.21903636	0.6576306	-1.0292164	0.041904096	-0.026138954	-0.27085203	0.8010464	-0.050117277	0.24743107	-2.2517867	-0.3097996	-0.6337649	-0.77616006	-1.166557	-1.0750209	0.68190026	0.06867892	-0.6838187	0.017958073	-1.014622	-0.4732092	-1.1561629	-0.548556	-0.63516843	-0.558628	-0.3818022	-1.1257328	-1.8062606	-2.530995	-1.2442282	-1.3332376	-2.805461	0.6013883	-0.5489666	-0.49102527	0.4396675	8.029821	-0.5753811	-0.8132814	-0.5978057	0.3955116
ustethylinic acid	0.5989055	-0.32387453	2.4966664	2.4818244	1.0769826	0.48823476	0.713287	0.7920011	2.4752367	0.2500001	-0.51260746	1.4987334	-1.1254892	2.1885474	-1.2863052	1.9558148	0.36247334	1.2349595	2.3214955	0.5192307	1.0764608	0.26513585	0.44689354	2.530832	1.5911328	2.3823123	1.399437	1.0868121	-0.012200209	1.9793545	1.0886755	0.65799344	0.6327205	1.3404299	1.1449373	0.6034959	0.7963543	1.137988	1.7480873	1.4391248	1.994724	0.7528116	0.7005803	1.3847735	-0.70431006	1.2770312	0.35693705	1.9377134	2.3179383	0.50983983	-0.11838892	0.6297447	0.41719663	0.5088026	0.27520356	0.28964373	0.32146585	0.8008945	1.1220739	1.6092699	1.6602284	-0.2625479	-1.9526722	1.200424	0.9568642	0.85747564	0.4185478	0.98723793	0.702679	0.52564543	0.21525751	0.8322116	1.3994713	0.2332432	0.2880746	2.2572286	0.98258376	0.5471569	0.14892434	1.5860904	0.710493	2.1455922	0.37276703	0.8678716	0.3637723	2.0416493	0.79956925	1.4559245	1.6609299	1.982523	2.2140536	1.6050037	-0.4516128	0.96319705	0.9285787	1.0090528	1.8189238	-1.9537212	0.9723107	0.379587	0.8079923	1.5684636	1.8197465	0.077286646	0.5849144	0.662314	0.88946664	1.315556	2.7389	2.7134867	0.34836355	-0.17414965	3.9507244	-0.4537035	1.614087	1.8273089	2.0532923	0.0626942	0.29757676	1.8471603	1.0127409	1.997263	0.449916	1.2007829	1.5789032	0.657159	0.9127068	1.2774999	0.25692323	0.69311714	-0.017337987	-0.8813535	1.3253989	1.3051567	0.7133488	-0.40787122	0.319911	-1.8124638	0.07963584	0.630134	1.3100282	0.6329858	0.16224767	1.5472702	2.0342069	-0.90166444	-0.8258682	1.345982	1.4680805	0.59262806	0.62624943	1.2076488	0.08421837	1.7195568	1.3210698	-0.6765886	-0.6462666	0.2911432	-1.4302785	0.93079185	0.43473434	0.739995	-0.16006172	0.6398416	2.7604167	-0.8947711	1.6921148	1.6303594	0.8529786	0.18080978	3.1546583	-0.4767723	-0.5207861	0.32504544	1.4926314	3.1452093	1.9400878	1.9471413	0.12711273	1.5165645	-0.13018443	3.7478893	1.8140717	0.80231094	-1.0294636	-0.47810125	-0.04422994	0.35895297	-0.6404432	1.0660335	1.5704699	-0.07456276	1.5083773	1.2460064	0.9909485	-0.59413683	-0.54167557	-0.6257946	2.881045	1.6086863	0.022398466	-0.5866514	-0.3731283	1.5401844	-0.91864383	0.35919636	1.2818276	1.1017731	-0.5787367	0.4051866	1.9344735	-0.057337124	1.7014201	2.0598323	0.44812652	0.16192532	0.4438236	-0.0015946222	0.21768099	1.6692166	0.41306034	1.6076926	1.9221683	-0.35568637	0.3851333	0.31356835	1.9698199	1.0134106	0.7836384	0.96481264	3.1268682	-0.45516005	1.9570098	1.8060762	1.2534916	1.3744131	-1.9235567	2.4732003	1.3608485	-1.6267083	-0.46960506	1.2667179	2.010355	0.15104674	-0.5753811	3.9507253	-0.2782198	1.5047934	0.54379505
valine	-0.37211016	-0.4602304	-0.4288828	-0.7949066	-0.09268411	-0.8866123	-0.5159961	-0.64703584	-1.018735	-2.3313842	-2.1378014	-0.8958329	-3.6435726	-1.2357006	-1.6602918	-0.14408892	1.1576066	-1.1703517	-1.0447894	0.04269246	-0.5201771	0.8789072	-0.2806952	-1.5505557	-0.16543543	-1.3507222	-1.1502249	-1.4415568	-1.9634379	-1.2517147	0.24898614	-0.53279704	-2.219443	0.043195274	0.18250814	-0.24275444	0.38651058	-0.45048922	-0.72935754	0.10906833	-0.53975827	-0.46949783	-1.3684654	-0.8181911	-0.45574224	-0.3548818	-0.7746018	-1.2838818	-0.57720035	-0.5928767	0.51710546	-0.6912545	-1.0140862	-1.2071159	-1.9873611	-1.8236908	-0.17841442	-0.73451984	0.4098697	-1.8084013	-0.9099748	-0.6615153	2.3167367	-0.3235843	-1.69063	-1.380634	0.15619613	-0.88232607	-1.1114726	-1.7200458	-0.43999714	-0.17524284	-1.3705084	-0.9985827	0.6106363	-1.2442278	0.32554013	-1.5969439	0.41296625	-0.54855376	-1.4231446	-1.874597	0.7723805	-0.19650297	-0.87530786	-1.0835693	-1.1777774	-0.22334994	-0.62728626	-0.48118654	-1.1671723	-1.1565124	-0.47596312	-0.99703485	-0.67549473	-0.92315483	-1.1214257	-0.7324112	-0.278104	-1.2403396	-0.76556456	-0.7610121	-0.9411714	-0.943346	-1.24104	-1.0990181	-1.2104492	-0.6398798	-1.2783948	-0.40277013	-0.28561893	-0.8658449	-0.60058385	-1.634801	-0.7299471	-1.5734676	-1.2915863	-0.69224614	-0.70713514	-1.5729424	-0.6748936	-0.8772552	-0.39579257	-0.08720638	-1.1554925	-0.23115993	-0.14639382	-0.07723816	-0.16587001	-0.62658983	-1.0036403	-0.109435126	0.08701261	0.6499852	0.06790622	-0.93378204	-1.1856419	-1.6113074	-2.3829699	-0.46037462	-1.1626809	-0.11676531	-0.009597794	-0.9981046	-1.3641498	-0.23288576	-0.050254405	-0.50850016	-0.18022415	-0.27232006	-0.9223949	-0.8323314	0.43485883	-1.7732463	-0.69494	-0.21138676	-0.20915546	1.4459355	-1.4901216	-0.9931339	-0.80393136	-0.7650653	-1.8525631	-1.5886418	-1.6060836	-2.6427305	-0.4500019	-0.7724207	-0.65060884	-0.52852106	-0.46434027	-1.1031327	-0.33639234	-0.8502063	-0.30883336	-1.1987053	-1.0094988	-1.0500695	-0.78412247	-0.31339017	-0.8274675	-1.230374	-1.106802	-1.1933159	-2.2468524	-2.2159445	0.860991	0.58988005	1.9101573	-0.41120338	-0.61383533	-0.56382453	-0.591375	-0.66918886	-1.717937	-1.1870656	-1.5064609	-1.1848147	-0.75402945	-0.73770803	-0.8938653	-1.024295	0.16183741	-1.1593189	0.8745413	0.18212052	0.19398932	-0.083786465	0.050018016	-0.11589727	-0.86382884	-0.9792099	-1.0376742	-0.317703	0.104082696	0.24671447	-0.85116625	-2.5984569	0.7725352	-0.54652774	-1.4618405	-0.4651285	-0.92767036	-0.28970018	-0.36119562	0.5938736	-1.0096437	-1.1763064	-0.80396116	-1.9330448	-0.3304457	-0.86271703	-0.7522214	-1.0491108	-1.3562562	-2.607889	-2.7093143	-1.5278908	-2.3154438	-2.170741	-0.22431485	-0.4032184	-0.7400329	-0.24417904	-0.8132814	-0.2782198	7.762018	-1.19114	0.35732573
valine isocyanide	-0.552674	3.4287462	1.5290736	2.0535607	0.7828026	0.07368951	1.4289486	0.42719254	1.9320649	-0.26344156	-0.1489244	1.5211025	-1.5516669	3.1212137	1.8449281	1.9058679	0.37046748	1.053551	3.06791	0.7598125	0.9482574	0.069454245	0.5680214	0.7614486	1.5457613	1.8684003	1.6891586	1.6855979	-0.3145828	1.4072297	0.9371565	0.53367674	-0.10528279	0.9851095	0.7827905	-0.30359152	0.24796428	1.5843992	1.9432578	1.1319851	1.7962856	0.6746017	0.34607476	1.0115247	-0.21714722	1.2791048	0.80359006	1.7708659	1.5986768	0.2504164	0.27576286	2.2814794	0.34305564	3.719492	-0.30834588	-0.70560443	-0.5432937	1.1335946	0.4219285	0.86647105	1.8060993	0.8094569	-1.8375264	0.4473689	1.1634159	0.29802254	-0.0894147	0.71708643	-0.07621146	0.0027588662	-0.0032975145	0.2323409	0.3586316	0.19955885	-0.55942374	1.7944036	0.030569227	1.1427176	0.18344699	-0.7229749	-0.41188952	2.290797	0.17187405	0.10665416	0.09334414	1.390586	3.6634533	1.3142633	1.9097774	1.5974641	2.0570626	0.9533387	0.5393655	1.5607859	0.59564894	1.0101311	1.4519459	-1.327865	0.8299605	1.2342573	0.90534526	0.41292372	2.5853872	0.48620427	2.2727745	0.23269613	1.001676	0.5224097	1.67319	1.8324765	0.12623975	0.9032757	1.7636987	-0.2793737	1.8895124	0.41943073	0.38052282	-0.29871875	1.6292835	1.3614721	0.445907	1.7021626	0.2592653	-0.11403931	0.6129227	0.3269816	0.16667067	1.026345	-0.21104236	2.0456638	1.3522153	-0.8113316	1.102324	1.1438749	-0.03643853	0.1265963	1.2463839	-1.6461519	-1.0164458	0.30997047	-1.3124601	-0.01367078	0.1457388	-0.25421485	1.1391532	-0.637826	-0.4216965	0.7003617	0.17034051	0.38917214	1.077407	1.089095	-0.5760964	2.1804488	1.7964252	0.1900631	-2.2295115	-0.5094079	-2.2533724	0.90700454	0.2610245	0.8310551	-1.1874161	-0.3798323	0.7040343	-0.90094954	1.3523762	1.3970572	-0.00753997	0.22600791	2.0073566	-0.3159243	0.09669857	-0.013754775	0.7833272	2.7195275	1.3167003	1.566798	1.213668	1.3078506	1.8047618	1.4374923	1.9068387	0.7758636	1.3754337	2.7477348	-0.6944945	-0.10095778	-1.5883293	1.5377463	2.1061373	-0.23070864	1.8091488	1.7377414	-1.1570616	-1.2638211	-1.3010966	-0.8005301	1.4179069	1.5035831	0.22124852	-0.40988466	-0.46879816	1.5018958	-0.9214169	0.2524669	-0.19026218	1.2277052	-0.7331185	1.0216298	2.1691976	-0.90375656	1.3465147	2.3733056	0.8865927	2.7140148	-0.6348744	-1.2086768	0.25679386	1.5388306	0.46681157	2.3280025	1.6624542	-0.27223337	0.70270663	1.339756	1.5587149	0.973072	0.68194175	-0.47743446	2.5090241	-0.37093318	1.9714673	1.8753499	2.1901915	0.0057670157	-1.4283987	2.37525	0.5349334	-0.8231501	-0.109923005	3.9377036	2.2884314	0.035388328	-0.5978057	1.5047934	-1.19114	3.9377046	0.27153674
valinol	0.5783638	0.38644442	1.43064	0.3251375	0.9872352	0.6359141	0.86333346	0.99936056	0.34104678	-0.9370627	-0.95268106	0.20611215	0.20256175	-0.7320209	-1.3481598	0.59453434	0.26875794	0.9186857	-0.44507983	2.116927	0.85461736	0.7171457	0.9605427	0.5519481	1.8396316	0.7608082	0.674633	0.5406445	-0.4452925	0.63727295	1.2188543	1.0259305	-0.51099735	0.28914696	0.53732127	0.6661912	1.5318753	0.40177155	0.06928864	1.1610333	0.44106114	1.0031725	-0.5980456	0.2559051	-0.2692016	0.9894585	0.029095488	0.3084933	1.7093658	-0.1174031	0.43519878	0.53484815	0.017735464	-0.0566786	-0.35754046	-1.1204476	0.24545828	0.5631228	1.3755242	-0.04231082	-0.4467788	0.34450844	-0.17596163	1.1150074	0.19542195	0.7019574	0.7412938	0.8941382	-1.0617621	0.32469293	-0.21933855	0.25444165	-0.18697461	1.0889558	0.44026384	0.50833774	0.6707375	-0.839275	0.541556	-0.6886675	0.14544642	-1.7789216	0.71172774	0.14050406	0.18007317	0.6148458	0.044327423	1.0657662	1.5690415	2.560594	0.7314554	1.1950698	-0.19600035	0.79134977	0.35093677	2.0708747	1.3730706	-1.179799	0.8246066	-0.32166144	1.4055362	-0.5011402	0.049915276	-0.599981	0.5848784	1.0068837	-0.07951374	0.5397481	1.517531	0.3960972	0.14605859	-0.040007874	0.4397324	-0.20992926	0.3358483	-0.15213947	0.009550596	0.13630135	-0.23015732	1.2590945	0.75533754	1.0129473	1.3157914	-0.09095374	0.080691434	0.56165844	1.8823727	0.36498713	1.5124477	0.73113686	0.32147896	1.2629213	1.4483898	1.5542414	0.30146056	-0.28914267	-0.0318437	-1.6468984	-1.7389437	0.19081327	-0.5046022	1.6311754	0.5248127	0.23017785	1.2165209	0.72852045	0.36867225	0.26149637	0.95640725	1.535173	0.5741162	0.7245054	0.123399846	-0.46779317	0.37898695	0.31592095	-0.080765136	0.69473344	-1.0734489	0.63341427	0.194962	0.7862249	-1.1254703	-0.48361436	0.15137272	-1.1693386	1.0475898	1.0040838	0.6973791	-0.08667934	0.48314923	-0.54876584	0.18130055	0.7618696	0.46556392	-0.45620537	0.77998614	0.6794171	0.77412075	0.7269845	0.16747831	0.7142071	0.47733468	0.7242444	-0.8341604	-1.2603246	0.97781056	0.5711075	0.13560346	-0.4216429	0.48865265	0.5233984	1.1762681	1.7264048	-0.94801384	-0.48626637	0.076341555	-1.352514	0.42920905	0.04297045	0.41587147	-0.5232793	0.515726	0.12762132	0.26141158	1.6280994	0.9473065	1.7029611	0.3605317	3.7301927	0.7354231	-0.3575247	0.20271166	0.77221507	0.7476624	0.91167665	0.278463	-1.1696364	0.5370742	0.64683133	-0.5809775	0.5956541	-0.09515359	0.9163596	3.1574826	-0.2712692	1.0502023	0.5585831	0.6155079	1.431027	0.6632962	0.15580611	1.4447876	0.5073804	0.24924363	-0.28790295	-1.8492873	2.2076771	1.8410101	-1.1681694	0.19741543	1.0823555	0.53547704	0.6127697	0.3955116	0.54379505	0.35732573	0.27153674	8.483693
